species,property,aac_spearman,dc_c0_spearman,c1_spearman,dc_minus_aac,dc_minus_c1
e_coli,charge_density,0.9982703915656542,0.9572956652106804,0.8809374816308106,-0.04097472635497379,0.07635818357986979
e_coli,charge_density,0.9982703915656542,0.9572956652106804,0.9031769157383585,-0.04097472635497379,0.05411874947232198
e_coli,charge_density,0.9982703915656542,0.9572956652106804,0.910106565248195,-0.04097472635497379,0.04718909996248544
e_coli,charge_density,0.9982703915656542,0.9572956652106804,0.8644888308305216,-0.04097472635497379,0.0928068343801588
e_coli,charge_density,0.9982703915656542,0.9572956652106804,0.8917511310528523,-0.04097472635497379,0.06554453415782813
e_coli,charge_density,0.9982703915656542,0.9572956652106804,0.9127590033433748,-0.04097472635497379,0.04453666186730565
e_coli,charge_density,0.9982703915656542,0.9572956652106804,0.8640469675471992,-0.04097472635497379,0.0932486976634812
e_coli,charge_density,0.9982703915656542,0.9572956652106804,0.9003847772651662,-0.04097472635497379,0.056910887945514244
e_coli,charge_density,0.9982703915656542,0.9572956652106804,0.8517325337489426,-0.04097472635497379,0.10556313146173779
e_coli,charge_density,0.9982703915656542,0.9572956652106804,0.863886133531395,-0.04097472635497379,0.09340953167928545
e_coli,charge_density,0.9982703915656542,0.9626716592381978,0.8809374816308106,-0.03559873232745647,0.0817341776073871
e_coli,charge_density,0.9982703915656542,0.9626716592381978,0.9031769157383585,-0.03559873232745647,0.0594947434998393
e_coli,charge_density,0.9982703915656542,0.9626716592381978,0.910106565248195,-0.03559873232745647,0.052565093990002754
e_coli,charge_density,0.9982703915656542,0.9626716592381978,0.8644888308305216,-0.03559873232745647,0.09818282840767611
e_coli,charge_density,0.9982703915656542,0.9626716592381978,0.8917511310528523,-0.03559873232745647,0.07092052818534544
e_coli,charge_density,0.9982703915656542,0.9626716592381978,0.9127590033433748,-0.03559873232745647,0.049912655894822966
e_coli,charge_density,0.9982703915656542,0.9626716592381978,0.8640469675471992,-0.03559873232745647,0.09862469169099852
e_coli,charge_density,0.9982703915656542,0.9626716592381978,0.9003847772651662,-0.03559873232745647,0.06228688197303156
e_coli,charge_density,0.9982703915656542,0.9626716592381978,0.8517325337489426,-0.03559873232745647,0.11093912548925511
e_coli,charge_density,0.9982703915656542,0.9626716592381978,0.863886133531395,-0.03559873232745647,0.09878552570680277
e_coli,charge_density,0.9982703915656542,0.9704598859155908,0.8809374816308106,-0.027810505650063377,0.0895224042847802
e_coli,charge_density,0.9982703915656542,0.9704598859155908,0.9031769157383585,-0.027810505650063377,0.06728297017723239
e_coli,charge_density,0.9982703915656542,0.9704598859155908,0.910106565248195,-0.027810505650063377,0.06035332066739585
e_coli,charge_density,0.9982703915656542,0.9704598859155908,0.8644888308305216,-0.027810505650063377,0.10597105508506921
e_coli,charge_density,0.9982703915656542,0.9704598859155908,0.8917511310528523,-0.027810505650063377,0.07870875486273854
e_coli,charge_density,0.9982703915656542,0.9704598859155908,0.9127590033433748,-0.027810505650063377,0.05770088257221606
e_coli,charge_density,0.9982703915656542,0.9704598859155908,0.8640469675471992,-0.027810505650063377,0.10641291836839162
e_coli,charge_density,0.9982703915656542,0.9704598859155908,0.9003847772651662,-0.027810505650063377,0.07007510865042466
e_coli,charge_density,0.9982703915656542,0.9704598859155908,0.8517325337489426,-0.027810505650063377,0.1187273521666482
e_coli,charge_density,0.9982703915656542,0.9704598859155908,0.863886133531395,-0.027810505650063377,0.10657375238419586
e_coli,charge_density,0.9982703915656542,0.970736011142816,0.8809374816308106,-0.02753438042283818,0.0897985295120054
e_coli,charge_density,0.9982703915656542,0.970736011142816,0.9031769157383585,-0.02753438042283818,0.06755909540445759
e_coli,charge_density,0.9982703915656542,0.970736011142816,0.910106565248195,-0.02753438042283818,0.06062944589462105
e_coli,charge_density,0.9982703915656542,0.970736011142816,0.8644888308305216,-0.02753438042283818,0.10624718031229441
e_coli,charge_density,0.9982703915656542,0.970736011142816,0.8917511310528523,-0.02753438042283818,0.07898488008996374
e_coli,charge_density,0.9982703915656542,0.970736011142816,0.9127590033433748,-0.02753438042283818,0.05797700779944126
e_coli,charge_density,0.9982703915656542,0.970736011142816,0.8640469675471992,-0.02753438042283818,0.10668904359561682
e_coli,charge_density,0.9982703915656542,0.970736011142816,0.9003847772651662,-0.02753438042283818,0.07035123387764985
e_coli,charge_density,0.9982703915656542,0.970736011142816,0.8517325337489426,-0.02753438042283818,0.1190034773938734
e_coli,charge_density,0.9982703915656542,0.970736011142816,0.863886133531395,-0.02753438042283818,0.10684987761142106
e_coli,charge_density,0.9982703915656542,0.957217478153176,0.8809374816308106,-0.04105291341247819,0.07627999652236539
e_coli,charge_density,0.9982703915656542,0.957217478153176,0.9031769157383585,-0.04105291341247819,0.05404056241481758
e_coli,charge_density,0.9982703915656542,0.957217478153176,0.910106565248195,-0.04105291341247819,0.04711091290498104
e_coli,charge_density,0.9982703915656542,0.957217478153176,0.8644888308305216,-0.04105291341247819,0.0927286473226544
e_coli,charge_density,0.9982703915656542,0.957217478153176,0.8917511310528523,-0.04105291341247819,0.06546634710032373
e_coli,charge_density,0.9982703915656542,0.957217478153176,0.9127590033433748,-0.04105291341247819,0.04445847480980125
e_coli,charge_density,0.9982703915656542,0.957217478153176,0.8640469675471992,-0.04105291341247819,0.09317051060597681
e_coli,charge_density,0.9982703915656542,0.957217478153176,0.9003847772651662,-0.04105291341247819,0.056832700888009846
e_coli,charge_density,0.9982703915656542,0.957217478153176,0.8517325337489426,-0.04105291341247819,0.1054849444042334
e_coli,charge_density,0.9982703915656542,0.957217478153176,0.863886133531395,-0.04105291341247819,0.09333134462178105
e_coli,charge_density,0.9982703915656542,0.9740021204838916,0.8809374816308106,-0.02426827108176266,0.09306463885308092
e_coli,charge_density,0.9982703915656542,0.9740021204838916,0.9031769157383585,-0.02426827108176266,0.07082520474553311
e_coli,charge_density,0.9982703915656542,0.9740021204838916,0.910106565248195,-0.02426827108176266,0.06389555523569657
e_coli,charge_density,0.9982703915656542,0.9740021204838916,0.8644888308305216,-0.02426827108176266,0.10951328965336993
e_coli,charge_density,0.9982703915656542,0.9740021204838916,0.8917511310528523,-0.02426827108176266,0.08225098943103926
e_coli,charge_density,0.9982703915656542,0.9740021204838916,0.9127590033433748,-0.02426827108176266,0.06124311714051678
e_coli,charge_density,0.9982703915656542,0.9740021204838916,0.8640469675471992,-0.02426827108176266,0.10995515293669234
e_coli,charge_density,0.9982703915656542,0.9740021204838916,0.9003847772651662,-0.02426827108176266,0.07361734321872537
e_coli,charge_density,0.9982703915656542,0.9740021204838916,0.8517325337489426,-0.02426827108176266,0.12226958673494892
e_coli,charge_density,0.9982703915656542,0.9740021204838916,0.863886133531395,-0.02426827108176266,0.11011598695249658
e_coli,charge_density,0.9982703915656542,0.9619061107897124,0.8809374816308106,-0.03636428077594178,0.0809686291589018
e_coli,charge_density,0.9982703915656542,0.9619061107897124,0.9031769157383585,-0.03636428077594178,0.05872919505135399
e_coli,charge_density,0.9982703915656542,0.9619061107897124,0.910106565248195,-0.03636428077594178,0.051799545541517444
e_coli,charge_density,0.9982703915656542,0.9619061107897124,0.8644888308305216,-0.03636428077594178,0.0974172799591908
e_coli,charge_density,0.9982703915656542,0.9619061107897124,0.8917511310528523,-0.03636428077594178,0.07015497973686013
e_coli,charge_density,0.9982703915656542,0.9619061107897124,0.9127590033433748,-0.03636428077594178,0.04914710744633766
e_coli,charge_density,0.9982703915656542,0.9619061107897124,0.8640469675471992,-0.03636428077594178,0.09785914324251321
e_coli,charge_density,0.9982703915656542,0.9619061107897124,0.9003847772651662,-0.03636428077594178,0.06152133352454625
e_coli,charge_density,0.9982703915656542,0.9619061107897124,0.8517325337489426,-0.03636428077594178,0.1101735770407698
e_coli,charge_density,0.9982703915656542,0.9619061107897124,0.863886133531395,-0.03636428077594178,0.09801997725831746
e_coli,charge_density,0.9982703915656542,0.973258649469632,0.8809374816308106,-0.025011742096022194,0.09232116783882138
e_coli,charge_density,0.9982703915656542,0.973258649469632,0.9031769157383585,-0.025011742096022194,0.07008173373127358
e_coli,charge_density,0.9982703915656542,0.973258649469632,0.910106565248195,-0.025011742096022194,0.06315208422143703
e_coli,charge_density,0.9982703915656542,0.973258649469632,0.8644888308305216,-0.025011742096022194,0.1087698186391104
e_coli,charge_density,0.9982703915656542,0.973258649469632,0.8917511310528523,-0.025011742096022194,0.08150751841677972
e_coli,charge_density,0.9982703915656542,0.973258649469632,0.9127590033433748,-0.025011742096022194,0.060499646126257245
e_coli,charge_density,0.9982703915656542,0.973258649469632,0.8640469675471992,-0.025011742096022194,0.1092116819224328
e_coli,charge_density,0.9982703915656542,0.973258649469632,0.9003847772651662,-0.025011742096022194,0.07287387220446584
e_coli,charge_density,0.9982703915656542,0.973258649469632,0.8517325337489426,-0.025011742096022194,0.12152611572068939
e_coli,charge_density,0.9982703915656542,0.973258649469632,0.863886133531395,-0.025011742096022194,0.10937251593823705
e_coli,charge_density,0.9982703915656542,0.962315959017536,0.8809374816308106,-0.035954432548118254,0.08137847738672532
e_coli,charge_density,0.9982703915656542,0.962315959017536,0.9031769157383585,-0.035954432548118254,0.05913904327917752
e_coli,charge_density,0.9982703915656542,0.962315959017536,0.910106565248195,-0.035954432548118254,0.05220939376934097
e_coli,charge_density,0.9982703915656542,0.962315959017536,0.8644888308305216,-0.035954432548118254,0.09782712818701433
e_coli,charge_density,0.9982703915656542,0.962315959017536,0.8917511310528523,-0.035954432548118254,0.07056482796468366
e_coli,charge_density,0.9982703915656542,0.962315959017536,0.9127590033433748,-0.035954432548118254,0.049556955674161185
e_coli,charge_density,0.9982703915656542,0.962315959017536,0.8640469675471992,-0.035954432548118254,0.09826899147033674
e_coli,charge_density,0.9982703915656542,0.962315959017536,0.9003847772651662,-0.035954432548118254,0.06193118175236978
e_coli,charge_density,0.9982703915656542,0.962315959017536,0.8517325337489426,-0.035954432548118254,0.11058342526859333
e_coli,charge_density,0.9982703915656542,0.962315959017536,0.863886133531395,-0.035954432548118254,0.09842982548614099
e_coli,charge_density,0.9982703915656542,0.9619570757971369,0.8809374816308106,-0.036313315768517374,0.0810195941663262
e_coli,charge_density,0.9982703915656542,0.9619570757971369,0.9031769157383585,-0.036313315768517374,0.0587801600587784
e_coli,charge_density,0.9982703915656542,0.9619570757971369,0.910106565248195,-0.036313315768517374,0.05185051054894185
e_coli,charge_density,0.9982703915656542,0.9619570757971369,0.8644888308305216,-0.036313315768517374,0.09746824496661521
e_coli,charge_density,0.9982703915656542,0.9619570757971369,0.8917511310528523,-0.036313315768517374,0.07020594474428454
e_coli,charge_density,0.9982703915656542,0.9619570757971369,0.9127590033433748,-0.036313315768517374,0.049198072453762065
e_coli,charge_density,0.9982703915656542,0.9619570757971369,0.8640469675471992,-0.036313315768517374,0.09791010824993762
e_coli,charge_density,0.9982703915656542,0.9619570757971369,0.9003847772651662,-0.036313315768517374,0.06157229853197066
e_coli,charge_density,0.9982703915656542,0.9619570757971369,0.8517325337489426,-0.036313315768517374,0.11022454204819421
e_coli,charge_density,0.9982703915656542,0.9619570757971369,0.863886133531395,-0.036313315768517374,0.09807094226574187
e_coli,helix_propensity,0.99960617883461,0.9186350584284964,0.7634989762332793,-0.08097112040611365,0.15513608219521702
e_coli,helix_propensity,0.99960617883461,0.9186350584284964,0.7967609912791428,-0.08097112040611365,0.12187406714935356
e_coli,helix_propensity,0.99960617883461,0.9186350584284964,0.7563674122439736,-0.08097112040611365,0.16226764618452272
e_coli,helix_propensity,0.99960617883461,0.9186350584284964,0.7500859934749071,-0.08097112040611365,0.16854906495358923
e_coli,helix_propensity,0.99960617883461,0.9186350584284964,0.7571849578271419,-0.08097112040611365,0.16145010060135445
e_coli,helix_propensity,0.99960617883461,0.9186350584284964,0.8164258846739915,-0.08097112040611365,0.10220917375450489
e_coli,helix_propensity,0.99960617883461,0.9186350584284964,0.7873911595336776,-0.08097112040611365,0.1312438988948188
e_coli,helix_propensity,0.99960617883461,0.9186350584284964,0.80089183364969,-0.08097112040611365,0.11774322477880639
e_coli,helix_propensity,0.99960617883461,0.9186350584284964,0.7613549715957821,-0.08097112040611365,0.15728008683271422
e_coli,helix_propensity,0.99960617883461,0.9186350584284964,0.79549178984972,-0.08097112040611365,0.12314326857877633
e_coli,helix_propensity,0.99960617883461,0.943124142749742,0.7634989762332793,-0.056482036084868015,0.17962516651646265
e_coli,helix_propensity,0.99960617883461,0.943124142749742,0.7967609912791428,-0.056482036084868015,0.1463631514705992
e_coli,helix_propensity,0.99960617883461,0.943124142749742,0.7563674122439736,-0.056482036084868015,0.18675673050576835
e_coli,helix_propensity,0.99960617883461,0.943124142749742,0.7500859934749071,-0.056482036084868015,0.19303814927483487
e_coli,helix_propensity,0.99960617883461,0.943124142749742,0.7571849578271419,-0.056482036084868015,0.1859391849226001
e_coli,helix_propensity,0.99960617883461,0.943124142749742,0.8164258846739915,-0.056482036084868015,0.12669825807575053
e_coli,helix_propensity,0.99960617883461,0.943124142749742,0.7873911595336776,-0.056482036084868015,0.15573298321606444
e_coli,helix_propensity,0.99960617883461,0.943124142749742,0.80089183364969,-0.056482036084868015,0.14223230910005202
e_coli,helix_propensity,0.99960617883461,0.943124142749742,0.7613549715957821,-0.056482036084868015,0.18176917115395985
e_coli,helix_propensity,0.99960617883461,0.943124142749742,0.79549178984972,-0.056482036084868015,0.14763235290002197
e_coli,helix_propensity,0.99960617883461,0.9443657057588654,0.7634989762332793,-0.055240473075744645,0.18086672952558602
e_coli,helix_propensity,0.99960617883461,0.9443657057588654,0.7967609912791428,-0.055240473075744645,0.14760471447972257
e_coli,helix_propensity,0.99960617883461,0.9443657057588654,0.7563674122439736,-0.055240473075744645,0.18799829351489172
e_coli,helix_propensity,0.99960617883461,0.9443657057588654,0.7500859934749071,-0.055240473075744645,0.19427971228395824
e_coli,helix_propensity,0.99960617883461,0.9443657057588654,0.7571849578271419,-0.055240473075744645,0.18718074793172346
e_coli,helix_propensity,0.99960617883461,0.9443657057588654,0.8164258846739915,-0.055240473075744645,0.1279398210848739
e_coli,helix_propensity,0.99960617883461,0.9443657057588654,0.7873911595336776,-0.055240473075744645,0.1569745462251878
e_coli,helix_propensity,0.99960617883461,0.9443657057588654,0.80089183364969,-0.055240473075744645,0.1434738721091754
e_coli,helix_propensity,0.99960617883461,0.9443657057588654,0.7613549715957821,-0.055240473075744645,0.18301073416308322
e_coli,helix_propensity,0.99960617883461,0.9443657057588654,0.79549178984972,-0.055240473075744645,0.14887391590914534
e_coli,helix_propensity,0.99960617883461,0.9475804631549166,0.7634989762332793,-0.052025715679693385,0.18408148692163728
e_coli,helix_propensity,0.99960617883461,0.9475804631549166,0.7967609912791428,-0.052025715679693385,0.15081947187577383
e_coli,helix_propensity,0.99960617883461,0.9475804631549166,0.7563674122439736,-0.052025715679693385,0.19121305091094298
e_coli,helix_propensity,0.99960617883461,0.9475804631549166,0.7500859934749071,-0.052025715679693385,0.1974944696800095
e_coli,helix_propensity,0.99960617883461,0.9475804631549166,0.7571849578271419,-0.052025715679693385,0.19039550532777472
e_coli,helix_propensity,0.99960617883461,0.9475804631549166,0.8164258846739915,-0.052025715679693385,0.13115457848092515
e_coli,helix_propensity,0.99960617883461,0.9475804631549166,0.7873911595336776,-0.052025715679693385,0.16018930362123907
e_coli,helix_propensity,0.99960617883461,0.9475804631549166,0.80089183364969,-0.052025715679693385,0.14668862950522665
e_coli,helix_propensity,0.99960617883461,0.9475804631549166,0.7613549715957821,-0.052025715679693385,0.18622549155913448
e_coli,helix_propensity,0.99960617883461,0.9475804631549166,0.79549178984972,-0.052025715679693385,0.1520886733051966
e_coli,helix_propensity,0.99960617883461,0.9352750165048204,0.7634989762332793,-0.06433116232978964,0.17177604027154103
e_coli,helix_propensity,0.99960617883461,0.9352750165048204,0.7967609912791428,-0.06433116232978964,0.13851402522567757
e_coli,helix_propensity,0.99960617883461,0.9352750165048204,0.7563674122439736,-0.06433116232978964,0.17890760426084673
e_coli,helix_propensity,0.99960617883461,0.9352750165048204,0.7500859934749071,-0.06433116232978964,0.18518902302991325
e_coli,helix_propensity,0.99960617883461,0.9352750165048204,0.7571849578271419,-0.06433116232978964,0.17809005867767846
e_coli,helix_propensity,0.99960617883461,0.9352750165048204,0.8164258846739915,-0.06433116232978964,0.1188491318308289
e_coli,helix_propensity,0.99960617883461,0.9352750165048204,0.7873911595336776,-0.06433116232978964,0.1478838569711428
e_coli,helix_propensity,0.99960617883461,0.9352750165048204,0.80089183364969,-0.06433116232978964,0.1343831828551304
e_coli,helix_propensity,0.99960617883461,0.9352750165048204,0.7613549715957821,-0.06433116232978964,0.17392004490903823
e_coli,helix_propensity,0.99960617883461,0.9352750165048204,0.79549178984972,-0.06433116232978964,0.13978322665510035
e_coli,helix_propensity,0.99960617883461,0.950940447213558,0.7634989762332793,-0.04866573162105203,0.18744147098027863
e_coli,helix_propensity,0.99960617883461,0.950940447213558,0.7967609912791428,-0.04866573162105203,0.15417945593441518
e_coli,helix_propensity,0.99960617883461,0.950940447213558,0.7563674122439736,-0.04866573162105203,0.19457303496958434
e_coli,helix_propensity,0.99960617883461,0.950940447213558,0.7500859934749071,-0.04866573162105203,0.20085445373865085
e_coli,helix_propensity,0.99960617883461,0.950940447213558,0.7571849578271419,-0.04866573162105203,0.19375548938641607
e_coli,helix_propensity,0.99960617883461,0.950940447213558,0.8164258846739915,-0.04866573162105203,0.1345145625395665
e_coli,helix_propensity,0.99960617883461,0.950940447213558,0.7873911595336776,-0.04866573162105203,0.16354928767988042
e_coli,helix_propensity,0.99960617883461,0.950940447213558,0.80089183364969,-0.04866573162105203,0.150048613563868
e_coli,helix_propensity,0.99960617883461,0.950940447213558,0.7613549715957821,-0.04866573162105203,0.18958547561777583
e_coli,helix_propensity,0.99960617883461,0.950940447213558,0.79549178984972,-0.04866573162105203,0.15544865736383795
e_coli,helix_propensity,0.99960617883461,0.9436416828142448,0.7634989762332793,-0.05596449602036524,0.18014270658096543
e_coli,helix_propensity,0.99960617883461,0.9436416828142448,0.7967609912791428,-0.05596449602036524,0.14688069153510197
e_coli,helix_propensity,0.99960617883461,0.9436416828142448,0.7563674122439736,-0.05596449602036524,0.18727427057027113
e_coli,helix_propensity,0.99960617883461,0.9436416828142448,0.7500859934749071,-0.05596449602036524,0.19355568933933764
e_coli,helix_propensity,0.99960617883461,0.9436416828142448,0.7571849578271419,-0.05596449602036524,0.18645672498710286
e_coli,helix_propensity,0.99960617883461,0.9436416828142448,0.8164258846739915,-0.05596449602036524,0.1272157981402533
e_coli,helix_propensity,0.99960617883461,0.9436416828142448,0.7873911595336776,-0.05596449602036524,0.1562505232805672
e_coli,helix_propensity,0.99960617883461,0.9436416828142448,0.80089183364969,-0.05596449602036524,0.1427498491645548
e_coli,helix_propensity,0.99960617883461,0.9436416828142448,0.7613549715957821,-0.05596449602036524,0.18228671121846263
e_coli,helix_propensity,0.99960617883461,0.9436416828142448,0.79549178984972,-0.05596449602036524,0.14814989296452474
e_coli,helix_propensity,0.99960617883461,0.9448234520540671,0.7634989762332793,-0.054782726780542856,0.1813244758207878
e_coli,helix_propensity,0.99960617883461,0.9448234520540671,0.7967609912791428,-0.054782726780542856,0.14806246077492435
e_coli,helix_propensity,0.99960617883461,0.9448234520540671,0.7563674122439736,-0.054782726780542856,0.1884560398100935
e_coli,helix_propensity,0.99960617883461,0.9448234520540671,0.7500859934749071,-0.054782726780542856,0.19473745857916003
e_coli,helix_propensity,0.99960617883461,0.9448234520540671,0.7571849578271419,-0.054782726780542856,0.18763849422692525
e_coli,helix_propensity,0.99960617883461,0.9448234520540671,0.8164258846739915,-0.054782726780542856,0.12839756738007568
e_coli,helix_propensity,0.99960617883461,0.9448234520540671,0.7873911595336776,-0.054782726780542856,0.1574322925203896
e_coli,helix_propensity,0.99960617883461,0.9448234520540671,0.80089183364969,-0.054782726780542856,0.14393161840437718
e_coli,helix_propensity,0.99960617883461,0.9448234520540671,0.7613549715957821,-0.054782726780542856,0.183468480458285
e_coli,helix_propensity,0.99960617883461,0.9448234520540671,0.79549178984972,-0.054782726780542856,0.14933166220434713
e_coli,helix_propensity,0.99960617883461,0.9470256769406205,0.7634989762332793,-0.05258050189398955,0.18352670070734112
e_coli,helix_propensity,0.99960617883461,0.9470256769406205,0.7967609912791428,-0.05258050189398955,0.15026468566147766
e_coli,helix_propensity,0.99960617883461,0.9470256769406205,0.7563674122439736,-0.05258050189398955,0.19065826469664682
e_coli,helix_propensity,0.99960617883461,0.9470256769406205,0.7500859934749071,-0.05258050189398955,0.19693968346571333
e_coli,helix_propensity,0.99960617883461,0.9470256769406205,0.7571849578271419,-0.05258050189398955,0.18984071911347855
e_coli,helix_propensity,0.99960617883461,0.9470256769406205,0.8164258846739915,-0.05258050189398955,0.130599792266629
e_coli,helix_propensity,0.99960617883461,0.9470256769406205,0.7873911595336776,-0.05258050189398955,0.1596345174069429
e_coli,helix_propensity,0.99960617883461,0.9470256769406205,0.80089183364969,-0.05258050189398955,0.1461338432909305
e_coli,helix_propensity,0.99960617883461,0.9470256769406205,0.7613549715957821,-0.05258050189398955,0.18567070534483832
e_coli,helix_propensity,0.99960617883461,0.9470256769406205,0.79549178984972,-0.05258050189398955,0.15153388709090043
e_coli,helix_propensity,0.99960617883461,0.947962532382347,0.7634989762332793,-0.05164364645226305,0.18446355614906762
e_coli,helix_propensity,0.99960617883461,0.947962532382347,0.7967609912791428,-0.05164364645226305,0.15120154110320416
e_coli,helix_propensity,0.99960617883461,0.947962532382347,0.7563674122439736,-0.05164364645226305,0.19159512013837332
e_coli,helix_propensity,0.99960617883461,0.947962532382347,0.7500859934749071,-0.05164364645226305,0.19787653890743984
e_coli,helix_propensity,0.99960617883461,0.947962532382347,0.7571849578271419,-0.05164364645226305,0.19077757455520505
e_coli,helix_propensity,0.99960617883461,0.947962532382347,0.8164258846739915,-0.05164364645226305,0.1315366477083555
e_coli,helix_propensity,0.99960617883461,0.947962532382347,0.7873911595336776,-0.05164364645226305,0.1605713728486694
e_coli,helix_propensity,0.99960617883461,0.947962532382347,0.80089183364969,-0.05164364645226305,0.147070698732657
e_coli,helix_propensity,0.99960617883461,0.947962532382347,0.7613549715957821,-0.05164364645226305,0.18660756078656482
e_coli,helix_propensity,0.99960617883461,0.947962532382347,0.79549178984972,-0.05164364645226305,0.15247074253262693
e_coli,hydrophilic_fraction,0.9994607193167362,0.9407594936236816,0.8332103399495582,-0.05870122569305458,0.10754915367412343
e_coli,hydrophilic_fraction,0.9994607193167362,0.9407594936236816,0.891880600760417,-0.05870122569305458,0.048878892863264634
e_coli,hydrophilic_fraction,0.9994607193167362,0.9407594936236816,0.8479905485693044,-0.05870122569305458,0.09276894505437716
e_coli,hydrophilic_fraction,0.9994607193167362,0.9407594936236816,0.8748048844526679,-0.05870122569305458,0.0659546091710137
e_coli,hydrophilic_fraction,0.9994607193167362,0.9407594936236816,0.8172996794702315,-0.05870122569305458,0.12345981415345009
e_coli,hydrophilic_fraction,0.9994607193167362,0.9407594936236816,0.8440361425376788,-0.05870122569305458,0.09672335108600283
e_coli,hydrophilic_fraction,0.9994607193167362,0.9407594936236816,0.8402730488709753,-0.05870122569305458,0.1004864447527063
e_coli,hydrophilic_fraction,0.9994607193167362,0.9407594936236816,0.8816808160102164,-0.05870122569305458,0.05907867761346519
e_coli,hydrophilic_fraction,0.9994607193167362,0.9407594936236816,0.8718550303404825,-0.05870122569305458,0.0689044632831991
e_coli,hydrophilic_fraction,0.9994607193167362,0.9407594936236816,0.8333858222484776,-0.05870122569305458,0.10737367137520404
e_coli,hydrophilic_fraction,0.9994607193167362,0.9420507826567917,0.8332103399495582,-0.05740993665994454,0.10884044270723348
e_coli,hydrophilic_fraction,0.9994607193167362,0.9420507826567917,0.891880600760417,-0.05740993665994454,0.05017018189637468
e_coli,hydrophilic_fraction,0.9994607193167362,0.9420507826567917,0.8479905485693044,-0.05740993665994454,0.0940602340874872
e_coli,hydrophilic_fraction,0.9994607193167362,0.9420507826567917,0.8748048844526679,-0.05740993665994454,0.06724589820412374
e_coli,hydrophilic_fraction,0.9994607193167362,0.9420507826567917,0.8172996794702315,-0.05740993665994454,0.12475110318656013
e_coli,hydrophilic_fraction,0.9994607193167362,0.9420507826567917,0.8440361425376788,-0.05740993665994454,0.09801464011911287
e_coli,hydrophilic_fraction,0.9994607193167362,0.9420507826567917,0.8402730488709753,-0.05740993665994454,0.10177773378581634
e_coli,hydrophilic_fraction,0.9994607193167362,0.9420507826567917,0.8816808160102164,-0.05740993665994454,0.060369966646575235
e_coli,hydrophilic_fraction,0.9994607193167362,0.9420507826567917,0.8718550303404825,-0.05740993665994454,0.07019575231630915
e_coli,hydrophilic_fraction,0.9994607193167362,0.9420507826567917,0.8333858222484776,-0.05740993665994454,0.10866496040831408
e_coli,hydrophilic_fraction,0.9994607193167362,0.9372104668846106,0.8332103399495582,-0.062250252432125563,0.10400012693505245
e_coli,hydrophilic_fraction,0.9994607193167362,0.9372104668846106,0.891880600760417,-0.062250252432125563,0.04532986612419365
e_coli,hydrophilic_fraction,0.9994607193167362,0.9372104668846106,0.8479905485693044,-0.062250252432125563,0.08921991831530618
e_coli,hydrophilic_fraction,0.9994607193167362,0.9372104668846106,0.8748048844526679,-0.062250252432125563,0.06240558243194272
e_coli,hydrophilic_fraction,0.9994607193167362,0.9372104668846106,0.8172996794702315,-0.062250252432125563,0.1199107874143791
e_coli,hydrophilic_fraction,0.9994607193167362,0.9372104668846106,0.8440361425376788,-0.062250252432125563,0.09317432434693185
e_coli,hydrophilic_fraction,0.9994607193167362,0.9372104668846106,0.8402730488709753,-0.062250252432125563,0.09693741801363531
e_coli,hydrophilic_fraction,0.9994607193167362,0.9372104668846106,0.8816808160102164,-0.062250252432125563,0.05552965087439421
e_coli,hydrophilic_fraction,0.9994607193167362,0.9372104668846106,0.8718550303404825,-0.062250252432125563,0.06535543654412812
e_coli,hydrophilic_fraction,0.9994607193167362,0.9372104668846106,0.8333858222484776,-0.062250252432125563,0.10382464463613306
e_coli,hydrophilic_fraction,0.9994607193167362,0.9580842881512406,0.8332103399495582,-0.04137643116549561,0.1248739482016824
e_coli,hydrophilic_fraction,0.9994607193167362,0.9580842881512406,0.891880600760417,-0.04137643116549561,0.0662036873908236
e_coli,hydrophilic_fraction,0.9994607193167362,0.9580842881512406,0.8479905485693044,-0.04137643116549561,0.11009373958193613
e_coli,hydrophilic_fraction,0.9994607193167362,0.9580842881512406,0.8748048844526679,-0.04137643116549561,0.08327940369857267
e_coli,hydrophilic_fraction,0.9994607193167362,0.9580842881512406,0.8172996794702315,-0.04137643116549561,0.14078460868100906
e_coli,hydrophilic_fraction,0.9994607193167362,0.9580842881512406,0.8440361425376788,-0.04137643116549561,0.1140481456135618
e_coli,hydrophilic_fraction,0.9994607193167362,0.9580842881512406,0.8402730488709753,-0.04137643116549561,0.11781123928026527
e_coli,hydrophilic_fraction,0.9994607193167362,0.9580842881512406,0.8816808160102164,-0.04137643116549561,0.07640347214102416
e_coli,hydrophilic_fraction,0.9994607193167362,0.9580842881512406,0.8718550303404825,-0.04137643116549561,0.08622925781075808
e_coli,hydrophilic_fraction,0.9994607193167362,0.9580842881512406,0.8333858222484776,-0.04137643116549561,0.12469846590276301
e_coli,hydrophilic_fraction,0.9994607193167362,0.9339859842706456,0.8332103399495582,-0.06547473504609058,0.10077564432108743
e_coli,hydrophilic_fraction,0.9994607193167362,0.9339859842706456,0.891880600760417,-0.06547473504609058,0.04210538351022863
e_coli,hydrophilic_fraction,0.9994607193167362,0.9339859842706456,0.8479905485693044,-0.06547473504609058,0.08599543570134116
e_coli,hydrophilic_fraction,0.9994607193167362,0.9339859842706456,0.8748048844526679,-0.06547473504609058,0.0591810998179777
e_coli,hydrophilic_fraction,0.9994607193167362,0.9339859842706456,0.8172996794702315,-0.06547473504609058,0.11668630480041409
e_coli,hydrophilic_fraction,0.9994607193167362,0.9339859842706456,0.8440361425376788,-0.06547473504609058,0.08994984173296683
e_coli,hydrophilic_fraction,0.9994607193167362,0.9339859842706456,0.8402730488709753,-0.06547473504609058,0.0937129353996703
e_coli,hydrophilic_fraction,0.9994607193167362,0.9339859842706456,0.8816808160102164,-0.06547473504609058,0.05230516826042919
e_coli,hydrophilic_fraction,0.9994607193167362,0.9339859842706456,0.8718550303404825,-0.06547473504609058,0.0621309539301631
e_coli,hydrophilic_fraction,0.9994607193167362,0.9339859842706456,0.8333858222484776,-0.06547473504609058,0.10060016202216804
e_coli,hydrophilic_fraction,0.9994607193167362,0.9500700348881216,0.8332103399495582,-0.049390684428614606,0.11685969493856341
e_coli,hydrophilic_fraction,0.9994607193167362,0.9500700348881216,0.891880600760417,-0.049390684428614606,0.05818943412770461
e_coli,hydrophilic_fraction,0.9994607193167362,0.9500700348881216,0.8479905485693044,-0.049390684428614606,0.10207948631881714
e_coli,hydrophilic_fraction,0.9994607193167362,0.9500700348881216,0.8748048844526679,-0.049390684428614606,0.07526515043545368
e_coli,hydrophilic_fraction,0.9994607193167362,0.9500700348881216,0.8172996794702315,-0.049390684428614606,0.13277035541789006
e_coli,hydrophilic_fraction,0.9994607193167362,0.9500700348881216,0.8440361425376788,-0.049390684428614606,0.1060338923504428
e_coli,hydrophilic_fraction,0.9994607193167362,0.9500700348881216,0.8402730488709753,-0.049390684428614606,0.10979698601714627
e_coli,hydrophilic_fraction,0.9994607193167362,0.9500700348881216,0.8816808160102164,-0.049390684428614606,0.06838921887790517
e_coli,hydrophilic_fraction,0.9994607193167362,0.9500700348881216,0.8718550303404825,-0.049390684428614606,0.07821500454763908
e_coli,hydrophilic_fraction,0.9994607193167362,0.9500700348881216,0.8333858222484776,-0.049390684428614606,0.11668421263964401
e_coli,hydrophilic_fraction,0.9994607193167362,0.9501846964071348,0.8332103399495582,-0.049276022909601425,0.11697435645757659
e_coli,hydrophilic_fraction,0.9994607193167362,0.9501846964071348,0.891880600760417,-0.049276022909601425,0.05830409564671779
e_coli,hydrophilic_fraction,0.9994607193167362,0.9501846964071348,0.8479905485693044,-0.049276022909601425,0.10219414783783032
e_coli,hydrophilic_fraction,0.9994607193167362,0.9501846964071348,0.8748048844526679,-0.049276022909601425,0.07537981195446686
e_coli,hydrophilic_fraction,0.9994607193167362,0.9501846964071348,0.8172996794702315,-0.049276022909601425,0.13288501693690324
e_coli,hydrophilic_fraction,0.9994607193167362,0.9501846964071348,0.8440361425376788,-0.049276022909601425,0.10614855386945599
e_coli,hydrophilic_fraction,0.9994607193167362,0.9501846964071348,0.8402730488709753,-0.049276022909601425,0.10991164753615945
e_coli,hydrophilic_fraction,0.9994607193167362,0.9501846964071348,0.8816808160102164,-0.049276022909601425,0.06850388039691835
e_coli,hydrophilic_fraction,0.9994607193167362,0.9501846964071348,0.8718550303404825,-0.049276022909601425,0.07832966606665226
e_coli,hydrophilic_fraction,0.9994607193167362,0.9501846964071348,0.8333858222484776,-0.049276022909601425,0.1167988741586572
e_coli,hydrophilic_fraction,0.9994607193167362,0.945360877230052,0.8332103399495582,-0.05409984208668417,0.11215053728049384
e_coli,hydrophilic_fraction,0.9994607193167362,0.945360877230052,0.891880600760417,-0.05409984208668417,0.053480276469635046
e_coli,hydrophilic_fraction,0.9994607193167362,0.945360877230052,0.8479905485693044,-0.05409984208668417,0.09737032866074757
e_coli,hydrophilic_fraction,0.9994607193167362,0.945360877230052,0.8748048844526679,-0.05409984208668417,0.07055599277738411
e_coli,hydrophilic_fraction,0.9994607193167362,0.945360877230052,0.8172996794702315,-0.05409984208668417,0.1280611977598205
e_coli,hydrophilic_fraction,0.9994607193167362,0.945360877230052,0.8440361425376788,-0.05409984208668417,0.10132473469237324
e_coli,hydrophilic_fraction,0.9994607193167362,0.945360877230052,0.8402730488709753,-0.05409984208668417,0.10508782835907671
e_coli,hydrophilic_fraction,0.9994607193167362,0.945360877230052,0.8816808160102164,-0.05409984208668417,0.0636800612198356
e_coli,hydrophilic_fraction,0.9994607193167362,0.945360877230052,0.8718550303404825,-0.05409984208668417,0.07350584688956951
e_coli,hydrophilic_fraction,0.9994607193167362,0.945360877230052,0.8333858222484776,-0.05409984208668417,0.11197505498157445
e_coli,hydrophilic_fraction,0.9994607193167362,0.9592813188615188,0.8332103399495582,-0.040179400455217396,0.12607097891196062
e_coli,hydrophilic_fraction,0.9994607193167362,0.9592813188615188,0.891880600760417,-0.040179400455217396,0.06740071810110182
e_coli,hydrophilic_fraction,0.9994607193167362,0.9592813188615188,0.8479905485693044,-0.040179400455217396,0.11129077029221435
e_coli,hydrophilic_fraction,0.9994607193167362,0.9592813188615188,0.8748048844526679,-0.040179400455217396,0.08447643440885089
e_coli,hydrophilic_fraction,0.9994607193167362,0.9592813188615188,0.8172996794702315,-0.040179400455217396,0.14198163939128727
e_coli,hydrophilic_fraction,0.9994607193167362,0.9592813188615188,0.8440361425376788,-0.040179400455217396,0.11524517632384002
e_coli,hydrophilic_fraction,0.9994607193167362,0.9592813188615188,0.8402730488709753,-0.040179400455217396,0.11900826999054348
e_coli,hydrophilic_fraction,0.9994607193167362,0.9592813188615188,0.8816808160102164,-0.040179400455217396,0.07760050285130238
e_coli,hydrophilic_fraction,0.9994607193167362,0.9592813188615188,0.8718550303404825,-0.040179400455217396,0.08742628852103629
e_coli,hydrophilic_fraction,0.9994607193167362,0.9592813188615188,0.8333858222484776,-0.040179400455217396,0.12589549661304122
e_coli,hydrophilic_fraction,0.9994607193167362,0.9416589190931046,0.8332103399495582,-0.05780180022363157,0.10844857914354644
e_coli,hydrophilic_fraction,0.9994607193167362,0.9416589190931046,0.891880600760417,-0.05780180022363157,0.04977831833268764
e_coli,hydrophilic_fraction,0.9994607193167362,0.9416589190931046,0.8479905485693044,-0.05780180022363157,0.09366837052380017
e_coli,hydrophilic_fraction,0.9994607193167362,0.9416589190931046,0.8748048844526679,-0.05780180022363157,0.06685403464043671
e_coli,hydrophilic_fraction,0.9994607193167362,0.9416589190931046,0.8172996794702315,-0.05780180022363157,0.1243592396228731
e_coli,hydrophilic_fraction,0.9994607193167362,0.9416589190931046,0.8440361425376788,-0.05780180022363157,0.09762277655542584
e_coli,hydrophilic_fraction,0.9994607193167362,0.9416589190931046,0.8402730488709753,-0.05780180022363157,0.1013858702221293
e_coli,hydrophilic_fraction,0.9994607193167362,0.9416589190931046,0.8816808160102164,-0.05780180022363157,0.0599781030828882
e_coli,hydrophilic_fraction,0.9994607193167362,0.9416589190931046,0.8718550303404825,-0.05780180022363157,0.06980388875262211
e_coli,hydrophilic_fraction,0.9994607193167362,0.9416589190931046,0.8333858222484776,-0.05780180022363157,0.10827309684462705
e_coli,hydrophobic_moment,0.5047600320851114,0.7904980711351292,0.7112824970934222,0.2857380390500177,0.07921557404170698
e_coli,hydrophobic_moment,0.5047600320851114,0.7904980711351292,0.7822505460874948,0.2857380390500177,0.008247525047634374
e_coli,hydrophobic_moment,0.5047600320851114,0.7904980711351292,0.7401482703668769,0.2857380390500177,0.05034980076825224
e_coli,hydrophobic_moment,0.5047600320851114,0.7904980711351292,0.7680996155223556,0.2857380390500177,0.022398455612773538
e_coli,hydrophobic_moment,0.5047600320851114,0.7904980711351292,0.6058336835193086,0.2857380390500177,0.1846643876158206
e_coli,hydrophobic_moment,0.5047600320851114,0.7904980711351292,0.7034310095757563,0.2857380390500177,0.08706706155937283
e_coli,hydrophobic_moment,0.5047600320851114,0.7904980711351292,0.7355495385270862,0.2857380390500177,0.054948532608043
e_coli,hydrophobic_moment,0.5047600320851114,0.7904980711351292,0.6796336173576143,0.2857380390500177,0.11086445377751486
e_coli,hydrophobic_moment,0.5047600320851114,0.7904980711351292,0.7167080558145351,0.2857380390500177,0.07379001532059404
e_coli,hydrophobic_moment,0.5047600320851114,0.7904980711351292,0.7891631977915471,0.2857380390500177,0.0013348733435820659
e_coli,hydrophobic_moment,0.5047600320851114,0.8685720904051437,0.7112824970934222,0.36381205832003227,0.15728959331172154
e_coli,hydrophobic_moment,0.5047600320851114,0.8685720904051437,0.7822505460874948,0.36381205832003227,0.08632154431764893
e_coli,hydrophobic_moment,0.5047600320851114,0.8685720904051437,0.7401482703668769,0.36381205832003227,0.1284238200382668
e_coli,hydrophobic_moment,0.5047600320851114,0.8685720904051437,0.7680996155223556,0.36381205832003227,0.1004724748827881
e_coli,hydrophobic_moment,0.5047600320851114,0.8685720904051437,0.6058336835193086,0.36381205832003227,0.26273840688583516
e_coli,hydrophobic_moment,0.5047600320851114,0.8685720904051437,0.7034310095757563,0.36381205832003227,0.1651410808293874
e_coli,hydrophobic_moment,0.5047600320851114,0.8685720904051437,0.7355495385270862,0.36381205832003227,0.13302255187805756
e_coli,hydrophobic_moment,0.5047600320851114,0.8685720904051437,0.6796336173576143,0.36381205832003227,0.18893847304752942
e_coli,hydrophobic_moment,0.5047600320851114,0.8685720904051437,0.7167080558145351,0.36381205832003227,0.1518640345906086
e_coli,hydrophobic_moment,0.5047600320851114,0.8685720904051437,0.7891631977915471,0.36381205832003227,0.07940889261359663
e_coli,hydrophobic_moment,0.5047600320851114,0.8489229701822908,0.7112824970934222,0.34416293809717935,0.13764047308886862
e_coli,hydrophobic_moment,0.5047600320851114,0.8489229701822908,0.7822505460874948,0.34416293809717935,0.06667242409479601
e_coli,hydrophobic_moment,0.5047600320851114,0.8489229701822908,0.7401482703668769,0.34416293809717935,0.10877469981541388
e_coli,hydrophobic_moment,0.5047600320851114,0.8489229701822908,0.7680996155223556,0.34416293809717935,0.08082335465993518
e_coli,hydrophobic_moment,0.5047600320851114,0.8489229701822908,0.6058336835193086,0.34416293809717935,0.24308928666298224
e_coli,hydrophobic_moment,0.5047600320851114,0.8489229701822908,0.7034310095757563,0.34416293809717935,0.14549196060653447
e_coli,hydrophobic_moment,0.5047600320851114,0.8489229701822908,0.7355495385270862,0.34416293809717935,0.11337343165520464
e_coli,hydrophobic_moment,0.5047600320851114,0.8489229701822908,0.6796336173576143,0.34416293809717935,0.1692893528246765
e_coli,hydrophobic_moment,0.5047600320851114,0.8489229701822908,0.7167080558145351,0.34416293809717935,0.13221491436775568
e_coli,hydrophobic_moment,0.5047600320851114,0.8489229701822908,0.7891631977915471,0.34416293809717935,0.059759772390743704
e_coli,hydrophobic_moment,0.5047600320851114,0.8388523623642378,0.7112824970934222,0.3340923302791263,0.1275698652708156
e_coli,hydrophobic_moment,0.5047600320851114,0.8388523623642378,0.7822505460874948,0.3340923302791263,0.05660181627674299
e_coli,hydrophobic_moment,0.5047600320851114,0.8388523623642378,0.7401482703668769,0.3340923302791263,0.09870409199736085
e_coli,hydrophobic_moment,0.5047600320851114,0.8388523623642378,0.7680996155223556,0.3340923302791263,0.07075274684188215
e_coli,hydrophobic_moment,0.5047600320851114,0.8388523623642378,0.6058336835193086,0.3340923302791263,0.23301867884492922
e_coli,hydrophobic_moment,0.5047600320851114,0.8388523623642378,0.7034310095757563,0.3340923302791263,0.13542135278848144
e_coli,hydrophobic_moment,0.5047600320851114,0.8388523623642378,0.7355495385270862,0.3340923302791263,0.10330282383715161
e_coli,hydrophobic_moment,0.5047600320851114,0.8388523623642378,0.6796336173576143,0.3340923302791263,0.15921874500662347
e_coli,hydrophobic_moment,0.5047600320851114,0.8388523623642378,0.7167080558145351,0.3340923302791263,0.12214430654970265
e_coli,hydrophobic_moment,0.5047600320851114,0.8388523623642378,0.7891631977915471,0.3340923302791263,0.04968916457269068
e_coli,hydrophobic_moment,0.5047600320851114,0.7507639525463334,0.7112824970934222,0.246003920461222,0.03948145545291126
e_coli,hydrophobic_moment,0.5047600320851114,0.7507639525463334,0.7822505460874948,0.246003920461222,-0.031486593541161345
e_coli,hydrophobic_moment,0.5047600320851114,0.7507639525463334,0.7401482703668769,0.246003920461222,0.01061568217945652
e_coli,hydrophobic_moment,0.5047600320851114,0.7507639525463334,0.7680996155223556,0.246003920461222,-0.01733566297602218
e_coli,hydrophobic_moment,0.5047600320851114,0.7507639525463334,0.6058336835193086,0.246003920461222,0.14493026902702488
e_coli,hydrophobic_moment,0.5047600320851114,0.7507639525463334,0.7034310095757563,0.246003920461222,0.04733294297057711
e_coli,hydrophobic_moment,0.5047600320851114,0.7507639525463334,0.7355495385270862,0.246003920461222,0.01521441401924728
e_coli,hydrophobic_moment,0.5047600320851114,0.7507639525463334,0.6796336173576143,0.246003920461222,0.07113033518871914
e_coli,hydrophobic_moment,0.5047600320851114,0.7507639525463334,0.7167080558145351,0.246003920461222,0.03405589673179832
e_coli,hydrophobic_moment,0.5047600320851114,0.7507639525463334,0.7891631977915471,0.246003920461222,-0.03839924524521365
e_coli,hydrophobic_moment,0.5047600320851114,0.8732667691000362,0.7112824970934222,0.36850673701492476,0.16198427200661403
e_coli,hydrophobic_moment,0.5047600320851114,0.8732667691000362,0.7822505460874948,0.36850673701492476,0.09101622301254142
e_coli,hydrophobic_moment,0.5047600320851114,0.8732667691000362,0.7401482703668769,0.36850673701492476,0.13311849873315929
e_coli,hydrophobic_moment,0.5047600320851114,0.8732667691000362,0.7680996155223556,0.36850673701492476,0.10516715357768058
e_coli,hydrophobic_moment,0.5047600320851114,0.8732667691000362,0.6058336835193086,0.36850673701492476,0.26743308558072765
e_coli,hydrophobic_moment,0.5047600320851114,0.8732667691000362,0.7034310095757563,0.36850673701492476,0.16983575952427987
e_coli,hydrophobic_moment,0.5047600320851114,0.8732667691000362,0.7355495385270862,0.36850673701492476,0.13771723057295004
e_coli,hydrophobic_moment,0.5047600320851114,0.8732667691000362,0.6796336173576143,0.36850673701492476,0.1936331517424219
e_coli,hydrophobic_moment,0.5047600320851114,0.8732667691000362,0.7167080558145351,0.36850673701492476,0.15655871328550108
e_coli,hydrophobic_moment,0.5047600320851114,0.8732667691000362,0.7891631977915471,0.36850673701492476,0.08410357130848911
e_coli,hydrophobic_moment,0.5047600320851114,0.8546063178404187,0.7112824970934222,0.3498462857553073,0.14332382074699657
e_coli,hydrophobic_moment,0.5047600320851114,0.8546063178404187,0.7822505460874948,0.3498462857553073,0.07235577175292396
e_coli,hydrophobic_moment,0.5047600320851114,0.8546063178404187,0.7401482703668769,0.3498462857553073,0.11445804747354182
e_coli,hydrophobic_moment,0.5047600320851114,0.8546063178404187,0.7680996155223556,0.3498462857553073,0.08650670231806312
e_coli,hydrophobic_moment,0.5047600320851114,0.8546063178404187,0.6058336835193086,0.3498462857553073,0.2487726343211102
e_coli,hydrophobic_moment,0.5047600320851114,0.8546063178404187,0.7034310095757563,0.3498462857553073,0.1511753082646624
e_coli,hydrophobic_moment,0.5047600320851114,0.8546063178404187,0.7355495385270862,0.3498462857553073,0.11905677931333258
e_coli,hydrophobic_moment,0.5047600320851114,0.8546063178404187,0.6796336173576143,0.3498462857553073,0.17497270048280444
e_coli,hydrophobic_moment,0.5047600320851114,0.8546063178404187,0.7167080558145351,0.3498462857553073,0.13789826202588362
e_coli,hydrophobic_moment,0.5047600320851114,0.8546063178404187,0.7891631977915471,0.3498462857553073,0.06544312004887165
e_coli,hydrophobic_moment,0.5047600320851114,0.7803769454936569,0.7112824970934222,0.27561691340854544,0.06909444840023471
e_coli,hydrophobic_moment,0.5047600320851114,0.7803769454936569,0.7822505460874948,0.27561691340854544,-0.0018736005938378986
e_coli,hydrophobic_moment,0.5047600320851114,0.7803769454936569,0.7401482703668769,0.27561691340854544,0.04022867512677997
e_coli,hydrophobic_moment,0.5047600320851114,0.7803769454936569,0.7680996155223556,0.27561691340854544,0.012277329971301265
e_coli,hydrophobic_moment,0.5047600320851114,0.7803769454936569,0.6058336835193086,0.27561691340854544,0.17454326197434833
e_coli,hydrophobic_moment,0.5047600320851114,0.7803769454936569,0.7034310095757563,0.27561691340854544,0.07694593591790055
e_coli,hydrophobic_moment,0.5047600320851114,0.7803769454936569,0.7355495385270862,0.27561691340854544,0.044827406966570726
e_coli,hydrophobic_moment,0.5047600320851114,0.7803769454936569,0.6796336173576143,0.27561691340854544,0.10074332813604259
e_coli,hydrophobic_moment,0.5047600320851114,0.7803769454936569,0.7167080558145351,0.27561691340854544,0.06366888967912177
e_coli,hydrophobic_moment,0.5047600320851114,0.7803769454936569,0.7891631977915471,0.27561691340854544,-0.008786252297890207
e_coli,hydrophobic_moment,0.5047600320851114,0.7478752397769286,0.7112824970934222,0.24311520769181716,0.03659274268350643
e_coli,hydrophobic_moment,0.5047600320851114,0.7478752397769286,0.7822505460874948,0.24311520769181716,-0.03437530631056618
e_coli,hydrophobic_moment,0.5047600320851114,0.7478752397769286,0.7401482703668769,0.24311520769181716,0.007726969410051687
e_coli,hydrophobic_moment,0.5047600320851114,0.7478752397769286,0.7680996155223556,0.24311520769181716,-0.020224375745427015
e_coli,hydrophobic_moment,0.5047600320851114,0.7478752397769286,0.6058336835193086,0.24311520769181716,0.14204155625762005
e_coli,hydrophobic_moment,0.5047600320851114,0.7478752397769286,0.7034310095757563,0.24311520769181716,0.044444230201172275
e_coli,hydrophobic_moment,0.5047600320851114,0.7478752397769286,0.7355495385270862,0.24311520769181716,0.012325701249842447
e_coli,hydrophobic_moment,0.5047600320851114,0.7478752397769286,0.6796336173576143,0.24311520769181716,0.06824162241931431
e_coli,hydrophobic_moment,0.5047600320851114,0.7478752397769286,0.7167080558145351,0.24311520769181716,0.031167183962393485
e_coli,hydrophobic_moment,0.5047600320851114,0.7478752397769286,0.7891631977915471,0.24311520769181716,-0.04128795801461849
e_coli,hydrophobic_moment,0.5047600320851114,0.8474366173872406,0.7112824970934222,0.3426765853021292,0.13615412029381846
e_coli,hydrophobic_moment,0.5047600320851114,0.8474366173872406,0.7822505460874948,0.3426765853021292,0.06518607129974585
e_coli,hydrophobic_moment,0.5047600320851114,0.8474366173872406,0.7401482703668769,0.3426765853021292,0.10728834702036372
e_coli,hydrophobic_moment,0.5047600320851114,0.8474366173872406,0.7680996155223556,0.3426765853021292,0.07933700186488502
e_coli,hydrophobic_moment,0.5047600320851114,0.8474366173872406,0.6058336835193086,0.3426765853021292,0.24160293386793208
e_coli,hydrophobic_moment,0.5047600320851114,0.8474366173872406,0.7034310095757563,0.3426765853021292,0.1440056078114843
e_coli,hydrophobic_moment,0.5047600320851114,0.8474366173872406,0.7355495385270862,0.3426765853021292,0.11188707886015448
e_coli,hydrophobic_moment,0.5047600320851114,0.8474366173872406,0.6796336173576143,0.3426765853021292,0.16780300002962634
e_coli,hydrophobic_moment,0.5047600320851114,0.8474366173872406,0.7167080558145351,0.3426765853021292,0.13072856157270552
e_coli,hydrophobic_moment,0.5047600320851114,0.8474366173872406,0.7891631977915471,0.3426765853021292,0.05827341959569354
e_coli,mean_hydrophobicity,0.9999972335421732,0.963964491849376,0.8608450726125175,-0.03603274169279713,0.10311941923685852
e_coli,mean_hydrophobicity,0.9999972335421732,0.963964491849376,0.9133696645753956,-0.03603274169279713,0.05059482727398046
e_coli,mean_hydrophobicity,0.9999972335421732,0.963964491849376,0.8807721945498925,-0.03603274169279713,0.08319229729948352
e_coli,mean_hydrophobicity,0.9999972335421732,0.963964491849376,0.8971974278261844,-0.03603274169279713,0.06676706402319166
e_coli,mean_hydrophobicity,0.9999972335421732,0.963964491849376,0.8475364597341566,-0.03603274169279713,0.11642803211521946
e_coli,mean_hydrophobicity,0.9999972335421732,0.963964491849376,0.8838101143751438,-0.03603274169279713,0.08015437747423226
e_coli,mean_hydrophobicity,0.9999972335421732,0.963964491849376,0.8694016734842726,-0.03603274169279713,0.0945628183651035
e_coli,mean_hydrophobicity,0.9999972335421732,0.963964491849376,0.8836454038655224,-0.03603274169279713,0.08031908798385368
e_coli,mean_hydrophobicity,0.9999972335421732,0.963964491849376,0.8824584926423302,-0.03603274169279713,0.08150599920704582
e_coli,mean_hydrophobicity,0.9999972335421732,0.963964491849376,0.8573200530518695,-0.03603274169279713,0.10664443879750651
e_coli,mean_hydrophobicity,0.9999972335421732,0.9628294308506484,0.8608450726125175,-0.037167802691524754,0.1019843582381309
e_coli,mean_hydrophobicity,0.9999972335421732,0.9628294308506484,0.9133696645753956,-0.037167802691524754,0.04945976627525284
e_coli,mean_hydrophobicity,0.9999972335421732,0.9628294308506484,0.8807721945498925,-0.037167802691524754,0.0820572363007559
e_coli,mean_hydrophobicity,0.9999972335421732,0.9628294308506484,0.8971974278261844,-0.037167802691524754,0.06563200302446404
e_coli,mean_hydrophobicity,0.9999972335421732,0.9628294308506484,0.8475364597341566,-0.037167802691524754,0.11529297111649184
e_coli,mean_hydrophobicity,0.9999972335421732,0.9628294308506484,0.8838101143751438,-0.037167802691524754,0.07901931647550464
e_coli,mean_hydrophobicity,0.9999972335421732,0.9628294308506484,0.8694016734842726,-0.037167802691524754,0.09342775736637587
e_coli,mean_hydrophobicity,0.9999972335421732,0.9628294308506484,0.8836454038655224,-0.037167802691524754,0.07918402698512605
e_coli,mean_hydrophobicity,0.9999972335421732,0.9628294308506484,0.8824584926423302,-0.037167802691524754,0.0803709382083182
e_coli,mean_hydrophobicity,0.9999972335421732,0.9628294308506484,0.8573200530518695,-0.037167802691524754,0.10550937779877889
e_coli,mean_hydrophobicity,0.9999972335421732,0.9626230477123708,0.8608450726125175,-0.03737418582980234,0.10177797509985331
e_coli,mean_hydrophobicity,0.9999972335421732,0.9626230477123708,0.9133696645753956,-0.03737418582980234,0.04925338313697525
e_coli,mean_hydrophobicity,0.9999972335421732,0.9626230477123708,0.8807721945498925,-0.03737418582980234,0.08185085316247831
e_coli,mean_hydrophobicity,0.9999972335421732,0.9626230477123708,0.8971974278261844,-0.03737418582980234,0.06542561988618645
e_coli,mean_hydrophobicity,0.9999972335421732,0.9626230477123708,0.8475364597341566,-0.03737418582980234,0.11508658797821425
e_coli,mean_hydrophobicity,0.9999972335421732,0.9626230477123708,0.8838101143751438,-0.03737418582980234,0.07881293333722705
e_coli,mean_hydrophobicity,0.9999972335421732,0.9626230477123708,0.8694016734842726,-0.03737418582980234,0.09322137422809829
e_coli,mean_hydrophobicity,0.9999972335421732,0.9626230477123708,0.8836454038655224,-0.03737418582980234,0.07897764384684847
e_coli,mean_hydrophobicity,0.9999972335421732,0.9626230477123708,0.8824584926423302,-0.03737418582980234,0.08016455507004061
e_coli,mean_hydrophobicity,0.9999972335421732,0.9626230477123708,0.8573200530518695,-0.03737418582980234,0.1053029946605013
e_coli,mean_hydrophobicity,0.9999972335421732,0.9662023786251972,0.8608450726125175,-0.03379485491697598,0.10535730601267967
e_coli,mean_hydrophobicity,0.9999972335421732,0.9662023786251972,0.9133696645753956,-0.03379485491697598,0.05283271404980161
e_coli,mean_hydrophobicity,0.9999972335421732,0.9662023786251972,0.8807721945498925,-0.03379485491697598,0.08543018407530467
e_coli,mean_hydrophobicity,0.9999972335421732,0.9662023786251972,0.8971974278261844,-0.03379485491697598,0.06900495079901281
e_coli,mean_hydrophobicity,0.9999972335421732,0.9662023786251972,0.8475364597341566,-0.03379485491697598,0.11866591889104061
e_coli,mean_hydrophobicity,0.9999972335421732,0.9662023786251972,0.8838101143751438,-0.03379485491697598,0.08239226425005342
e_coli,mean_hydrophobicity,0.9999972335421732,0.9662023786251972,0.8694016734842726,-0.03379485491697598,0.09680070514092465
e_coli,mean_hydrophobicity,0.9999972335421732,0.9662023786251972,0.8836454038655224,-0.03379485491697598,0.08255697475967483
e_coli,mean_hydrophobicity,0.9999972335421732,0.9662023786251972,0.8824584926423302,-0.03379485491697598,0.08374388598286697
e_coli,mean_hydrophobicity,0.9999972335421732,0.9662023786251972,0.8573200530518695,-0.03379485491697598,0.10888232557332767
e_coli,mean_hydrophobicity,0.9999972335421732,0.9631561131713832,0.8608450726125175,-0.036841120370790015,0.10231104055886564
e_coli,mean_hydrophobicity,0.9999972335421732,0.9631561131713832,0.9133696645753956,-0.036841120370790015,0.049786448595987576
e_coli,mean_hydrophobicity,0.9999972335421732,0.9631561131713832,0.8807721945498925,-0.036841120370790015,0.08238391862149064
e_coli,mean_hydrophobicity,0.9999972335421732,0.9631561131713832,0.8971974278261844,-0.036841120370790015,0.06595868534519878
e_coli,mean_hydrophobicity,0.9999972335421732,0.9631561131713832,0.8475364597341566,-0.036841120370790015,0.11561965343722658
e_coli,mean_hydrophobicity,0.9999972335421732,0.9631561131713832,0.8838101143751438,-0.036841120370790015,0.07934599879623938
e_coli,mean_hydrophobicity,0.9999972335421732,0.9631561131713832,0.8694016734842726,-0.036841120370790015,0.09375443968711061
e_coli,mean_hydrophobicity,0.9999972335421732,0.9631561131713832,0.8836454038655224,-0.036841120370790015,0.0795107093058608
e_coli,mean_hydrophobicity,0.9999972335421732,0.9631561131713832,0.8824584926423302,-0.036841120370790015,0.08069762052905294
e_coli,mean_hydrophobicity,0.9999972335421732,0.9631561131713832,0.8573200530518695,-0.036841120370790015,0.10583606011951363
e_coli,mean_hydrophobicity,0.9999972335421732,0.9722009425664336,0.8608450726125175,-0.027796290975739546,0.11135586995391611
e_coli,mean_hydrophobicity,0.9999972335421732,0.9722009425664336,0.9133696645753956,-0.027796290975739546,0.058831277991038045
e_coli,mean_hydrophobicity,0.9999972335421732,0.9722009425664336,0.8807721945498925,-0.027796290975739546,0.0914287480165411
e_coli,mean_hydrophobicity,0.9999972335421732,0.9722009425664336,0.8971974278261844,-0.027796290975739546,0.07500351474024924
e_coli,mean_hydrophobicity,0.9999972335421732,0.9722009425664336,0.8475364597341566,-0.027796290975739546,0.12466448283227705
e_coli,mean_hydrophobicity,0.9999972335421732,0.9722009425664336,0.8838101143751438,-0.027796290975739546,0.08839082819128985
e_coli,mean_hydrophobicity,0.9999972335421732,0.9722009425664336,0.8694016734842726,-0.027796290975739546,0.10279926908216108
e_coli,mean_hydrophobicity,0.9999972335421732,0.9722009425664336,0.8836454038655224,-0.027796290975739546,0.08855553870091126
e_coli,mean_hydrophobicity,0.9999972335421732,0.9722009425664336,0.8824584926423302,-0.027796290975739546,0.0897424499241034
e_coli,mean_hydrophobicity,0.9999972335421732,0.9722009425664336,0.8573200530518695,-0.027796290975739546,0.1148808895145641
e_coli,mean_hydrophobicity,0.9999972335421732,0.970382650308719,0.8608450726125175,-0.029614583233454228,0.10953757769620143
e_coli,mean_hydrophobicity,0.9999972335421732,0.970382650308719,0.9133696645753956,-0.029614583233454228,0.05701298573332336
e_coli,mean_hydrophobicity,0.9999972335421732,0.970382650308719,0.8807721945498925,-0.029614583233454228,0.08961045575882642
e_coli,mean_hydrophobicity,0.9999972335421732,0.970382650308719,0.8971974278261844,-0.029614583233454228,0.07318522248253456
e_coli,mean_hydrophobicity,0.9999972335421732,0.970382650308719,0.8475364597341566,-0.029614583233454228,0.12284619057456236
e_coli,mean_hydrophobicity,0.9999972335421732,0.970382650308719,0.8838101143751438,-0.029614583233454228,0.08657253593357517
e_coli,mean_hydrophobicity,0.9999972335421732,0.970382650308719,0.8694016734842726,-0.029614583233454228,0.1009809768244464
e_coli,mean_hydrophobicity,0.9999972335421732,0.970382650308719,0.8836454038655224,-0.029614583233454228,0.08673724644319658
e_coli,mean_hydrophobicity,0.9999972335421732,0.970382650308719,0.8824584926423302,-0.029614583233454228,0.08792415766638872
e_coli,mean_hydrophobicity,0.9999972335421732,0.970382650308719,0.8573200530518695,-0.029614583233454228,0.11306259725684942
e_coli,mean_hydrophobicity,0.9999972335421732,0.9647228337654302,0.8608450726125175,-0.03527439977674296,0.1038777611529127
e_coli,mean_hydrophobicity,0.9999972335421732,0.9647228337654302,0.9133696645753956,-0.03527439977674296,0.05135316919003463
e_coli,mean_hydrophobicity,0.9999972335421732,0.9647228337654302,0.8807721945498925,-0.03527439977674296,0.08395063921553769
e_coli,mean_hydrophobicity,0.9999972335421732,0.9647228337654302,0.8971974278261844,-0.03527439977674296,0.06752540593924583
e_coli,mean_hydrophobicity,0.9999972335421732,0.9647228337654302,0.8475364597341566,-0.03527439977674296,0.11718637403127363
e_coli,mean_hydrophobicity,0.9999972335421732,0.9647228337654302,0.8838101143751438,-0.03527439977674296,0.08091271939028644
e_coli,mean_hydrophobicity,0.9999972335421732,0.9647228337654302,0.8694016734842726,-0.03527439977674296,0.09532116028115767
e_coli,mean_hydrophobicity,0.9999972335421732,0.9647228337654302,0.8836454038655224,-0.03527439977674296,0.08107742989990785
e_coli,mean_hydrophobicity,0.9999972335421732,0.9647228337654302,0.8824584926423302,-0.03527439977674296,0.0822643411231
e_coli,mean_hydrophobicity,0.9999972335421732,0.9647228337654302,0.8573200530518695,-0.03527439977674296,0.10740278071356069
e_coli,mean_hydrophobicity,0.9999972335421732,0.9750819238643172,0.8608450726125175,-0.024915309677855935,0.11423685125179972
e_coli,mean_hydrophobicity,0.9999972335421732,0.9750819238643172,0.9133696645753956,-0.024915309677855935,0.061712259288921656
e_coli,mean_hydrophobicity,0.9999972335421732,0.9750819238643172,0.8807721945498925,-0.024915309677855935,0.09430972931442472
e_coli,mean_hydrophobicity,0.9999972335421732,0.9750819238643172,0.8971974278261844,-0.024915309677855935,0.07788449603813286
e_coli,mean_hydrophobicity,0.9999972335421732,0.9750819238643172,0.8475364597341566,-0.024915309677855935,0.12754546413016066
e_coli,mean_hydrophobicity,0.9999972335421732,0.9750819238643172,0.8838101143751438,-0.024915309677855935,0.09127180948917346
e_coli,mean_hydrophobicity,0.9999972335421732,0.9750819238643172,0.8694016734842726,-0.024915309677855935,0.1056802503800447
e_coli,mean_hydrophobicity,0.9999972335421732,0.9750819238643172,0.8836454038655224,-0.024915309677855935,0.09143651999879487
e_coli,mean_hydrophobicity,0.9999972335421732,0.9750819238643172,0.8824584926423302,-0.024915309677855935,0.09262343122198702
e_coli,mean_hydrophobicity,0.9999972335421732,0.9750819238643172,0.8573200530518695,-0.024915309677855935,0.11776187081244771
e_coli,mean_hydrophobicity,0.9999972335421732,0.9658937199014038,0.8608450726125175,-0.034103513640769356,0.1050486472888863
e_coli,mean_hydrophobicity,0.9999972335421732,0.9658937199014038,0.9133696645753956,-0.034103513640769356,0.052524055326008234
e_coli,mean_hydrophobicity,0.9999972335421732,0.9658937199014038,0.8807721945498925,-0.034103513640769356,0.0851215253515113
e_coli,mean_hydrophobicity,0.9999972335421732,0.9658937199014038,0.8971974278261844,-0.034103513640769356,0.06869629207521943
e_coli,mean_hydrophobicity,0.9999972335421732,0.9658937199014038,0.8475364597341566,-0.034103513640769356,0.11835726016724724
e_coli,mean_hydrophobicity,0.9999972335421732,0.9658937199014038,0.8838101143751438,-0.034103513640769356,0.08208360552626004
e_coli,mean_hydrophobicity,0.9999972335421732,0.9658937199014038,0.8694016734842726,-0.034103513640769356,0.09649204641713127
e_coli,mean_hydrophobicity,0.9999972335421732,0.9658937199014038,0.8836454038655224,-0.034103513640769356,0.08224831603588145
e_coli,mean_hydrophobicity,0.9999972335421732,0.9658937199014038,0.8824584926423302,-0.034103513640769356,0.0834352272590736
e_coli,mean_hydrophobicity,0.9999972335421732,0.9658937199014038,0.8573200530518695,-0.034103513640769356,0.10857366684953429
e_coli,net_charge,0.856422362993332,0.9331545125428854,0.8872798147813764,0.07673214954955343,0.04587469776150899
e_coli,net_charge,0.856422362993332,0.9331545125428854,0.895310349002696,0.07673214954955343,0.03784416354018938
e_coli,net_charge,0.856422362993332,0.9331545125428854,0.9110006238672274,0.07673214954955343,0.02215388867565804
e_coli,net_charge,0.856422362993332,0.9331545125428854,0.8501643145025898,0.07673214954955343,0.08299019804029562
e_coli,net_charge,0.856422362993332,0.9331545125428854,0.8770199642516915,0.07673214954955343,0.05613454829119391
e_coli,net_charge,0.856422362993332,0.9331545125428854,0.8882084466158126,0.07673214954955343,0.04494606592707284
e_coli,net_charge,0.856422362993332,0.9331545125428854,0.8364142347179132,0.07673214954955343,0.09674027782497219
e_coli,net_charge,0.856422362993332,0.9331545125428854,0.8864066927415658,0.07673214954955343,0.04674781980131959
e_coli,net_charge,0.856422362993332,0.9331545125428854,0.8812129164004174,0.07673214954955343,0.05194159614246796
e_coli,net_charge,0.856422362993332,0.9331545125428854,0.8793615118000263,0.07673214954955343,0.05379300074285909
e_coli,net_charge,0.856422362993332,0.9464485714030032,0.8872798147813764,0.09002620840967124,0.059168756621626795
e_coli,net_charge,0.856422362993332,0.9464485714030032,0.895310349002696,0.09002620840967124,0.05113822240030719
e_coli,net_charge,0.856422362993332,0.9464485714030032,0.9110006238672274,0.09002620840967124,0.03544794753577585
e_coli,net_charge,0.856422362993332,0.9464485714030032,0.8501643145025898,0.09002620840967124,0.09628425690041342
e_coli,net_charge,0.856422362993332,0.9464485714030032,0.8770199642516915,0.09002620840967124,0.06942860715131172
e_coli,net_charge,0.856422362993332,0.9464485714030032,0.8882084466158126,0.09002620840967124,0.05824012478719065
e_coli,net_charge,0.856422362993332,0.9464485714030032,0.8364142347179132,0.09002620840967124,0.11003433668509
e_coli,net_charge,0.856422362993332,0.9464485714030032,0.8864066927415658,0.09002620840967124,0.0600418786614374
e_coli,net_charge,0.856422362993332,0.9464485714030032,0.8812129164004174,0.09002620840967124,0.06523565500258577
e_coli,net_charge,0.856422362993332,0.9464485714030032,0.8793615118000263,0.09002620840967124,0.0670870596029769
e_coli,net_charge,0.856422362993332,0.9451126702414896,0.8872798147813764,0.08869030724815763,0.057832855460113186
e_coli,net_charge,0.856422362993332,0.9451126702414896,0.895310349002696,0.08869030724815763,0.04980232123879358
e_coli,net_charge,0.856422362993332,0.9451126702414896,0.9110006238672274,0.08869030724815763,0.03411204637426224
e_coli,net_charge,0.856422362993332,0.9451126702414896,0.8501643145025898,0.08869030724815763,0.09494835573889981
e_coli,net_charge,0.856422362993332,0.9451126702414896,0.8770199642516915,0.08869030724815763,0.06809270598979811
e_coli,net_charge,0.856422362993332,0.9451126702414896,0.8882084466158126,0.08869030724815763,0.05690422362567704
e_coli,net_charge,0.856422362993332,0.9451126702414896,0.8364142347179132,0.08869030724815763,0.10869843552357639
e_coli,net_charge,0.856422362993332,0.9451126702414896,0.8864066927415658,0.08869030724815763,0.05870597749992379
e_coli,net_charge,0.856422362993332,0.9451126702414896,0.8812129164004174,0.08869030724815763,0.06389975384107216
e_coli,net_charge,0.856422362993332,0.9451126702414896,0.8793615118000263,0.08869030724815763,0.06575115844146329
e_coli,net_charge,0.856422362993332,0.955859740496248,0.8872798147813764,0.09943737750291604,0.06857992571487159
e_coli,net_charge,0.856422362993332,0.955859740496248,0.895310349002696,0.09943737750291604,0.060549391493551985
e_coli,net_charge,0.856422362993332,0.955859740496248,0.9110006238672274,0.09943737750291604,0.044859116629020646
e_coli,net_charge,0.856422362993332,0.955859740496248,0.8501643145025898,0.09943737750291604,0.10569542599365822
e_coli,net_charge,0.856422362993332,0.955859740496248,0.8770199642516915,0.09943737750291604,0.07883977624455651
e_coli,net_charge,0.856422362993332,0.955859740496248,0.8882084466158126,0.09943737750291604,0.06765129388043545
e_coli,net_charge,0.856422362993332,0.955859740496248,0.8364142347179132,0.09943737750291604,0.11944550577833479
e_coli,net_charge,0.856422362993332,0.955859740496248,0.8864066927415658,0.09943737750291604,0.0694530477546822
e_coli,net_charge,0.856422362993332,0.955859740496248,0.8812129164004174,0.09943737750291604,0.07464682409583057
e_coli,net_charge,0.856422362993332,0.955859740496248,0.8793615118000263,0.09943737750291604,0.07649822869622169
e_coli,net_charge,0.856422362993332,0.9484768267174272,0.8872798147813764,0.0920544637240952,0.06119701193605076
e_coli,net_charge,0.856422362993332,0.9484768267174272,0.895310349002696,0.0920544637240952,0.05316647771473115
e_coli,net_charge,0.856422362993332,0.9484768267174272,0.9110006238672274,0.0920544637240952,0.03747620285019981
e_coli,net_charge,0.856422362993332,0.9484768267174272,0.8501643145025898,0.0920544637240952,0.09831251221483739
e_coli,net_charge,0.856422362993332,0.9484768267174272,0.8770199642516915,0.0920544637240952,0.07145686246573568
e_coli,net_charge,0.856422362993332,0.9484768267174272,0.8882084466158126,0.0920544637240952,0.060268380101614616
e_coli,net_charge,0.856422362993332,0.9484768267174272,0.8364142347179132,0.0920544637240952,0.11206259199951396
e_coli,net_charge,0.856422362993332,0.9484768267174272,0.8864066927415658,0.0920544637240952,0.062070133975861363
e_coli,net_charge,0.856422362993332,0.9484768267174272,0.8812129164004174,0.0920544637240952,0.06726391031700973
e_coli,net_charge,0.856422362993332,0.9484768267174272,0.8793615118000263,0.0920544637240952,0.06911531491740086
e_coli,net_charge,0.856422362993332,0.9607641823109072,0.8872798147813764,0.10434181931757525,0.0734843675295308
e_coli,net_charge,0.856422362993332,0.9607641823109072,0.895310349002696,0.10434181931757525,0.0654538333082112
e_coli,net_charge,0.856422362993332,0.9607641823109072,0.9110006238672274,0.10434181931757525,0.049763558443679856
e_coli,net_charge,0.856422362993332,0.9607641823109072,0.8501643145025898,0.10434181931757525,0.11059986780831743
e_coli,net_charge,0.856422362993332,0.9607641823109072,0.8770199642516915,0.10434181931757525,0.08374421805921572
e_coli,net_charge,0.856422362993332,0.9607641823109072,0.8882084466158126,0.10434181931757525,0.07255573569509466
e_coli,net_charge,0.856422362993332,0.9607641823109072,0.8364142347179132,0.10434181931757525,0.124349947592994
e_coli,net_charge,0.856422362993332,0.9607641823109072,0.8864066927415658,0.10434181931757525,0.0743574895693414
e_coli,net_charge,0.856422362993332,0.9607641823109072,0.8812129164004174,0.10434181931757525,0.07955126591048978
e_coli,net_charge,0.856422362993332,0.9607641823109072,0.8793615118000263,0.10434181931757525,0.0814026705108809
e_coli,net_charge,0.856422362993332,0.9418559042955144,0.8872798147813764,0.08543354130218239,0.05457608951413795
e_coli,net_charge,0.856422362993332,0.9418559042955144,0.895310349002696,0.08543354130218239,0.04654555529281834
e_coli,net_charge,0.856422362993332,0.9418559042955144,0.9110006238672274,0.08543354130218239,0.030855280428287002
e_coli,net_charge,0.856422362993332,0.9418559042955144,0.8501643145025898,0.08543354130218239,0.09169158979292458
e_coli,net_charge,0.856422362993332,0.9418559042955144,0.8770199642516915,0.08543354130218239,0.06483594004382287
e_coli,net_charge,0.856422362993332,0.9418559042955144,0.8882084466158126,0.08543354130218239,0.053647457679701804
e_coli,net_charge,0.856422362993332,0.9418559042955144,0.8364142347179132,0.08543354130218239,0.10544166957760115
e_coli,net_charge,0.856422362993332,0.9418559042955144,0.8864066927415658,0.08543354130218239,0.05544921155394855
e_coli,net_charge,0.856422362993332,0.9418559042955144,0.8812129164004174,0.08543354130218239,0.06064298789509692
e_coli,net_charge,0.856422362993332,0.9418559042955144,0.8793615118000263,0.08543354130218239,0.06249439249548805
e_coli,net_charge,0.856422362993332,0.9604773110973231,0.8872798147813764,0.10405494810399118,0.07319749631594674
e_coli,net_charge,0.856422362993332,0.9604773110973231,0.895310349002696,0.10405494810399118,0.06516696209462713
e_coli,net_charge,0.856422362993332,0.9604773110973231,0.9110006238672274,0.10405494810399118,0.049476687230095795
e_coli,net_charge,0.856422362993332,0.9604773110973231,0.8501643145025898,0.10405494810399118,0.11031299659473337
e_coli,net_charge,0.856422362993332,0.9604773110973231,0.8770199642516915,0.10405494810399118,0.08345734684563166
e_coli,net_charge,0.856422362993332,0.9604773110973231,0.8882084466158126,0.10405494810399118,0.0722688644815106
e_coli,net_charge,0.856422362993332,0.9604773110973231,0.8364142347179132,0.10405494810399118,0.12406307637940994
e_coli,net_charge,0.856422362993332,0.9604773110973231,0.8864066927415658,0.10405494810399118,0.07407061835575734
e_coli,net_charge,0.856422362993332,0.9604773110973231,0.8812129164004174,0.10405494810399118,0.07926439469690572
e_coli,net_charge,0.856422362993332,0.9604773110973231,0.8793615118000263,0.10405494810399118,0.08111579929729684
e_coli,net_charge,0.856422362993332,0.9438169664662772,0.8872798147813764,0.08739460347294525,0.05653715168490081
e_coli,net_charge,0.856422362993332,0.9438169664662772,0.895310349002696,0.08739460347294525,0.0485066174635812
e_coli,net_charge,0.856422362993332,0.9438169664662772,0.9110006238672274,0.08739460347294525,0.032816342599049864
e_coli,net_charge,0.856422362993332,0.9438169664662772,0.8501643145025898,0.08739460347294525,0.09365265196368744
e_coli,net_charge,0.856422362993332,0.9438169664662772,0.8770199642516915,0.08739460347294525,0.06679700221458573
e_coli,net_charge,0.856422362993332,0.9438169664662772,0.8882084466158126,0.08739460347294525,0.055608519850464666
e_coli,net_charge,0.856422362993332,0.9438169664662772,0.8364142347179132,0.08739460347294525,0.10740273174836401
e_coli,net_charge,0.856422362993332,0.9438169664662772,0.8864066927415658,0.08739460347294525,0.057410273724711414
e_coli,net_charge,0.856422362993332,0.9438169664662772,0.8812129164004174,0.08739460347294525,0.06260405006585978
e_coli,net_charge,0.856422362993332,0.9438169664662772,0.8793615118000263,0.08739460347294525,0.06445545466625091
e_coli,net_charge,0.856422362993332,0.9383277180428636,0.8872798147813764,0.08190535504953167,0.051047903261487226
e_coli,net_charge,0.856422362993332,0.9383277180428636,0.895310349002696,0.08190535504953167,0.04301736904016762
e_coli,net_charge,0.856422362993332,0.9383277180428636,0.9110006238672274,0.08190535504953167,0.02732709417563628
e_coli,net_charge,0.856422362993332,0.9383277180428636,0.8501643145025898,0.08190535504953167,0.08816340354027385
e_coli,net_charge,0.856422362993332,0.9383277180428636,0.8770199642516915,0.08190535504953167,0.06130775379117215
e_coli,net_charge,0.856422362993332,0.9383277180428636,0.8882084466158126,0.08190535504953167,0.05011927142705108
e_coli,net_charge,0.856422362993332,0.9383277180428636,0.8364142347179132,0.08190535504953167,0.10191348332495043
e_coli,net_charge,0.856422362993332,0.9383277180428636,0.8864066927415658,0.08190535504953167,0.05192102530129783
e_coli,net_charge,0.856422362993332,0.9383277180428636,0.8812129164004174,0.08190535504953167,0.0571148016424462
e_coli,net_charge,0.856422362993332,0.9383277180428636,0.8793615118000263,0.08190535504953167,0.05896620624283733
e_coli,pI,0.8707916117479245,0.8330017173129067,0.7630919337399533,-0.03778989443501779,0.06990978357295341
e_coli,pI,0.8707916117479245,0.8330017173129067,0.7215546494392722,-0.03778989443501779,0.11144706787363456
e_coli,pI,0.8707916117479245,0.8330017173129067,0.8355665903241494,-0.03778989443501779,-0.002564873011242641
e_coli,pI,0.8707916117479245,0.8330017173129067,0.7940255657581129,-0.03778989443501779,0.038976151554793836
e_coli,pI,0.8707916117479245,0.8330017173129067,0.8231738072300637,-0.03778989443501779,0.009827910082843005
e_coli,pI,0.8707916117479245,0.8330017173129067,0.7565751633440364,-0.03778989443501779,0.07642655396887033
e_coli,pI,0.8707916117479245,0.8330017173129067,0.7773583478693782,-0.03778989443501779,0.055643369443528545
e_coli,pI,0.8707916117479245,0.8330017173129067,0.8197776835039433,-0.03778989443501779,0.01322403380896342
e_coli,pI,0.8707916117479245,0.8330017173129067,0.8457934620449004,-0.03778989443501779,-0.012791744731993626
e_coli,pI,0.8707916117479245,0.8330017173129067,0.7802899901848728,-0.03778989443501779,0.05271172712803396
e_coli,pI,0.8707916117479245,0.8550083035585962,0.7630919337399533,-0.01578330818932827,0.09191636981864293
e_coli,pI,0.8707916117479245,0.8550083035585962,0.7215546494392722,-0.01578330818932827,0.13345365411932408
e_coli,pI,0.8707916117479245,0.8550083035585962,0.8355665903241494,-0.01578330818932827,0.019441713234446878
e_coli,pI,0.8707916117479245,0.8550083035585962,0.7940255657581129,-0.01578330818932827,0.060982737800483355
e_coli,pI,0.8707916117479245,0.8550083035585962,0.8231738072300637,-0.01578330818932827,0.031834496328532524
e_coli,pI,0.8707916117479245,0.8550083035585962,0.7565751633440364,-0.01578330818932827,0.09843314021455984
e_coli,pI,0.8707916117479245,0.8550083035585962,0.7773583478693782,-0.01578330818932827,0.07764995568921806
e_coli,pI,0.8707916117479245,0.8550083035585962,0.8197776835039433,-0.01578330818932827,0.03523062005465294
e_coli,pI,0.8707916117479245,0.8550083035585962,0.8457934620449004,-0.01578330818932827,0.009214841513695893
e_coli,pI,0.8707916117479245,0.8550083035585962,0.7802899901848728,-0.01578330818932827,0.07471831337372348
e_coli,pI,0.8707916117479245,0.8635270463339128,0.7630919337399533,-0.00726456541401177,0.10043511259395943
e_coli,pI,0.8707916117479245,0.8635270463339128,0.7215546494392722,-0.00726456541401177,0.14197239689464058
e_coli,pI,0.8707916117479245,0.8635270463339128,0.8355665903241494,-0.00726456541401177,0.02796045600976338
e_coli,pI,0.8707916117479245,0.8635270463339128,0.7940255657581129,-0.00726456541401177,0.06950148057579986
e_coli,pI,0.8707916117479245,0.8635270463339128,0.8231738072300637,-0.00726456541401177,0.040353239103849026
e_coli,pI,0.8707916117479245,0.8635270463339128,0.7565751633440364,-0.00726456541401177,0.10695188298987635
e_coli,pI,0.8707916117479245,0.8635270463339128,0.7773583478693782,-0.00726456541401177,0.08616869846453457
e_coli,pI,0.8707916117479245,0.8635270463339128,0.8197776835039433,-0.00726456541401177,0.04374936282996944
e_coli,pI,0.8707916117479245,0.8635270463339128,0.8457934620449004,-0.00726456541401177,0.017733584289012394
e_coli,pI,0.8707916117479245,0.8635270463339128,0.7802899901848728,-0.00726456541401177,0.08323705614903998
e_coli,pI,0.8707916117479245,0.861219674775346,0.7630919337399533,-0.00957193697257852,0.09812774103539268
e_coli,pI,0.8707916117479245,0.861219674775346,0.7215546494392722,-0.00957193697257852,0.13966502533607383
e_coli,pI,0.8707916117479245,0.861219674775346,0.8355665903241494,-0.00957193697257852,0.02565308445119663
e_coli,pI,0.8707916117479245,0.861219674775346,0.7940255657581129,-0.00957193697257852,0.0671941090172331
e_coli,pI,0.8707916117479245,0.861219674775346,0.8231738072300637,-0.00957193697257852,0.038045867545282275
e_coli,pI,0.8707916117479245,0.861219674775346,0.7565751633440364,-0.00957193697257852,0.1046445114313096
e_coli,pI,0.8707916117479245,0.861219674775346,0.7773583478693782,-0.00957193697257852,0.08386132690596781
e_coli,pI,0.8707916117479245,0.861219674775346,0.8197776835039433,-0.00957193697257852,0.04144199127140269
e_coli,pI,0.8707916117479245,0.861219674775346,0.8457934620449004,-0.00957193697257852,0.015426212730445643
e_coli,pI,0.8707916117479245,0.861219674775346,0.7802899901848728,-0.00957193697257852,0.08092968459047323
e_coli,pI,0.8707916117479245,0.8883722789044459,0.7630919337399533,0.0175806671565214,0.1252803451644926
e_coli,pI,0.8707916117479245,0.8883722789044459,0.7215546494392722,0.0175806671565214,0.16681762946517376
e_coli,pI,0.8707916117479245,0.8883722789044459,0.8355665903241494,0.0175806671565214,0.05280568858029655
e_coli,pI,0.8707916117479245,0.8883722789044459,0.7940255657581129,0.0175806671565214,0.09434671314633303
e_coli,pI,0.8707916117479245,0.8883722789044459,0.8231738072300637,0.0175806671565214,0.0651984716743822
e_coli,pI,0.8707916117479245,0.8883722789044459,0.7565751633440364,0.0175806671565214,0.13179711556040952
e_coli,pI,0.8707916117479245,0.8883722789044459,0.7773583478693782,0.0175806671565214,0.11101393103506774
e_coli,pI,0.8707916117479245,0.8883722789044459,0.8197776835039433,0.0175806671565214,0.06859459540050261
e_coli,pI,0.8707916117479245,0.8883722789044459,0.8457934620449004,0.0175806671565214,0.042578816859545565
e_coli,pI,0.8707916117479245,0.8883722789044459,0.7802899901848728,0.0175806671565214,0.10808228871957315
e_coli,pI,0.8707916117479245,0.9004024424532198,0.7630919337399533,0.029610830705295244,0.13731050871326644
e_coli,pI,0.8707916117479245,0.9004024424532198,0.7215546494392722,0.029610830705295244,0.1788477930139476
e_coli,pI,0.8707916117479245,0.9004024424532198,0.8355665903241494,0.029610830705295244,0.06483585212907039
e_coli,pI,0.8707916117479245,0.9004024424532198,0.7940255657581129,0.029610830705295244,0.10637687669510687
e_coli,pI,0.8707916117479245,0.9004024424532198,0.8231738072300637,0.029610830705295244,0.07722863522315604
e_coli,pI,0.8707916117479245,0.9004024424532198,0.7565751633440364,0.029610830705295244,0.14382727910918336
e_coli,pI,0.8707916117479245,0.9004024424532198,0.7773583478693782,0.029610830705295244,0.12304409458384158
e_coli,pI,0.8707916117479245,0.9004024424532198,0.8197776835039433,0.029610830705295244,0.08062475894927645
e_coli,pI,0.8707916117479245,0.9004024424532198,0.8457934620449004,0.029610830705295244,0.05460898040831941
e_coli,pI,0.8707916117479245,0.9004024424532198,0.7802899901848728,0.029610830705295244,0.12011245226834699
e_coli,pI,0.8707916117479245,0.8756112854486067,0.7630919337399533,0.004819673700682148,0.11251935170865335
e_coli,pI,0.8707916117479245,0.8756112854486067,0.7215546494392722,0.004819673700682148,0.1540566360093345
e_coli,pI,0.8707916117479245,0.8756112854486067,0.8355665903241494,0.004819673700682148,0.0400446951244573
e_coli,pI,0.8707916117479245,0.8756112854486067,0.7940255657581129,0.004819673700682148,0.08158571969049377
e_coli,pI,0.8707916117479245,0.8756112854486067,0.8231738072300637,0.004819673700682148,0.05243747821854294
e_coli,pI,0.8707916117479245,0.8756112854486067,0.7565751633440364,0.004819673700682148,0.11903612210457026
e_coli,pI,0.8707916117479245,0.8756112854486067,0.7773583478693782,0.004819673700682148,0.09825293757922848
e_coli,pI,0.8707916117479245,0.8756112854486067,0.8197776835039433,0.004819673700682148,0.05583360194466336
e_coli,pI,0.8707916117479245,0.8756112854486067,0.8457934620449004,0.004819673700682148,0.02981782340370631
e_coli,pI,0.8707916117479245,0.8756112854486067,0.7802899901848728,0.004819673700682148,0.0953212952637339
e_coli,pI,0.8707916117479245,0.8773089379293895,0.7630919337399533,0.006517326181464944,0.11421700418943614
e_coli,pI,0.8707916117479245,0.8773089379293895,0.7215546494392722,0.006517326181464944,0.1557542884901173
e_coli,pI,0.8707916117479245,0.8773089379293895,0.8355665903241494,0.006517326181464944,0.04174234760524009
e_coli,pI,0.8707916117479245,0.8773089379293895,0.7940255657581129,0.006517326181464944,0.08328337217127657
e_coli,pI,0.8707916117479245,0.8773089379293895,0.8231738072300637,0.006517326181464944,0.05413513069932574
e_coli,pI,0.8707916117479245,0.8773089379293895,0.7565751633440364,0.006517326181464944,0.12073377458535306
e_coli,pI,0.8707916117479245,0.8773089379293895,0.7773583478693782,0.006517326181464944,0.09995059006001128
e_coli,pI,0.8707916117479245,0.8773089379293895,0.8197776835039433,0.006517326181464944,0.057531254425446154
e_coli,pI,0.8707916117479245,0.8773089379293895,0.8457934620449004,0.006517326181464944,0.03151547588448911
e_coli,pI,0.8707916117479245,0.8773089379293895,0.7802899901848728,0.006517326181464944,0.09701894774451669
e_coli,pI,0.8707916117479245,0.8695854760533692,0.7630919337399533,-0.0012061356945552992,0.1064935423134159
e_coli,pI,0.8707916117479245,0.8695854760533692,0.7215546494392722,-0.0012061356945552992,0.14803082661409706
e_coli,pI,0.8707916117479245,0.8695854760533692,0.8355665903241494,-0.0012061356945552992,0.03401888572921985
e_coli,pI,0.8707916117479245,0.8695854760533692,0.7940255657581129,-0.0012061356945552992,0.07555991029525633
e_coli,pI,0.8707916117479245,0.8695854760533692,0.8231738072300637,-0.0012061356945552992,0.046411668823305496
e_coli,pI,0.8707916117479245,0.8695854760533692,0.7565751633440364,-0.0012061356945552992,0.11301031270933282
e_coli,pI,0.8707916117479245,0.8695854760533692,0.7773583478693782,-0.0012061356945552992,0.09222712818399104
e_coli,pI,0.8707916117479245,0.8695854760533692,0.8197776835039433,-0.0012061356945552992,0.04980779254942591
e_coli,pI,0.8707916117479245,0.8695854760533692,0.8457934620449004,-0.0012061356945552992,0.023792014008468865
e_coli,pI,0.8707916117479245,0.8695854760533692,0.7802899901848728,-0.0012061356945552992,0.08929548586849645
e_coli,pI,0.8707916117479245,0.8617989958885321,0.7630919337399533,-0.008992615859392372,0.09870706214857883
e_coli,pI,0.8707916117479245,0.8617989958885321,0.7215546494392722,-0.008992615859392372,0.14024434644925998
e_coli,pI,0.8707916117479245,0.8617989958885321,0.8355665903241494,-0.008992615859392372,0.026232405564382777
e_coli,pI,0.8707916117479245,0.8617989958885321,0.7940255657581129,-0.008992615859392372,0.06777343013041925
e_coli,pI,0.8707916117479245,0.8617989958885321,0.8231738072300637,-0.008992615859392372,0.03862518865846842
e_coli,pI,0.8707916117479245,0.8617989958885321,0.7565751633440364,-0.008992615859392372,0.10522383254449574
e_coli,pI,0.8707916117479245,0.8617989958885321,0.7773583478693782,-0.008992615859392372,0.08444064801915396
e_coli,pI,0.8707916117479245,0.8617989958885321,0.8197776835039433,-0.008992615859392372,0.04202131238458884
e_coli,pI,0.8707916117479245,0.8617989958885321,0.8457934620449004,-0.008992615859392372,0.016005533843631792
e_coli,pI,0.8707916117479245,0.8617989958885321,0.7802899901848728,-0.008992615859392372,0.08150900570365938
s_aureus,charge_density,0.997522533696886,0.9490359934828616,0.8555470307721128,-0.04848654021402443,0.0934889627107488
s_aureus,charge_density,0.997522533696886,0.9490359934828616,0.8685641822575617,-0.04848654021402443,0.0804718112252999
s_aureus,charge_density,0.997522533696886,0.9490359934828616,0.9057539378435076,-0.04848654021402443,0.043282055639354056
s_aureus,charge_density,0.997522533696886,0.9490359934828616,0.8336852336493223,-0.04848654021402443,0.11535075983353926
s_aureus,charge_density,0.997522533696886,0.9490359934828616,0.8891389064122207,-0.04848654021402443,0.0598970870706409
s_aureus,charge_density,0.997522533696886,0.9490359934828616,0.8959419193423891,-0.04848654021402443,0.053094074140472514
s_aureus,charge_density,0.997522533696886,0.9490359934828616,0.8703594195023991,-0.04848654021402443,0.07867657398046246
s_aureus,charge_density,0.997522533696886,0.9490359934828616,0.8620382880588104,-0.04848654021402443,0.08699770542405116
s_aureus,charge_density,0.997522533696886,0.9490359934828616,0.858881993589175,-0.04848654021402443,0.09015399989368655
s_aureus,charge_density,0.997522533696886,0.9490359934828616,0.8871481979336626,-0.04848654021402443,0.06188779554919899
s_aureus,charge_density,0.997522533696886,0.9617876265558836,0.8555470307721128,-0.03573490714100247,0.10624059578377076
s_aureus,charge_density,0.997522533696886,0.9617876265558836,0.8685641822575617,-0.03573490714100247,0.09322344429832186
s_aureus,charge_density,0.997522533696886,0.9617876265558836,0.9057539378435076,-0.03573490714100247,0.05603368871237602
s_aureus,charge_density,0.997522533696886,0.9617876265558836,0.8336852336493223,-0.03573490714100247,0.12810239290656122
s_aureus,charge_density,0.997522533696886,0.9617876265558836,0.8891389064122207,-0.03573490714100247,0.07264872014366286
s_aureus,charge_density,0.997522533696886,0.9617876265558836,0.8959419193423891,-0.03573490714100247,0.06584570721349448
s_aureus,charge_density,0.997522533696886,0.9617876265558836,0.8703594195023991,-0.03573490714100247,0.09142820705348442
s_aureus,charge_density,0.997522533696886,0.9617876265558836,0.8620382880588104,-0.03573490714100247,0.09974933849707313
s_aureus,charge_density,0.997522533696886,0.9617876265558836,0.858881993589175,-0.03573490714100247,0.10290563296670852
s_aureus,charge_density,0.997522533696886,0.9617876265558836,0.8871481979336626,-0.03573490714100247,0.07463942862222095
s_aureus,charge_density,0.997522533696886,0.9660542238802398,0.8555470307721128,-0.03146830981664628,0.11050719310812696
s_aureus,charge_density,0.997522533696886,0.9660542238802398,0.8685641822575617,-0.03146830981664628,0.09749004162267805
s_aureus,charge_density,0.997522533696886,0.9660542238802398,0.9057539378435076,-0.03146830981664628,0.06030028603673221
s_aureus,charge_density,0.997522533696886,0.9660542238802398,0.8336852336493223,-0.03146830981664628,0.13236899023091742
s_aureus,charge_density,0.997522533696886,0.9660542238802398,0.8891389064122207,-0.03146830981664628,0.07691531746801905
s_aureus,charge_density,0.997522533696886,0.9660542238802398,0.8959419193423891,-0.03146830981664628,0.07011230453785067
s_aureus,charge_density,0.997522533696886,0.9660542238802398,0.8703594195023991,-0.03146830981664628,0.09569480437784061
s_aureus,charge_density,0.997522533696886,0.9660542238802398,0.8620382880588104,-0.03146830981664628,0.10401593582142932
s_aureus,charge_density,0.997522533696886,0.9660542238802398,0.858881993589175,-0.03146830981664628,0.10717223029106471
s_aureus,charge_density,0.997522533696886,0.9660542238802398,0.8871481979336626,-0.03146830981664628,0.07890602594657714
s_aureus,charge_density,0.997522533696886,0.9678093404258648,0.8555470307721128,-0.029713193271021288,0.11226230965375195
s_aureus,charge_density,0.997522533696886,0.9678093404258648,0.8685641822575617,-0.029713193271021288,0.09924515816830304
s_aureus,charge_density,0.997522533696886,0.9678093404258648,0.9057539378435076,-0.029713193271021288,0.0620554025823572
s_aureus,charge_density,0.997522533696886,0.9678093404258648,0.8336852336493223,-0.029713193271021288,0.1341241067765424
s_aureus,charge_density,0.997522533696886,0.9678093404258648,0.8891389064122207,-0.029713193271021288,0.07867043401364404
s_aureus,charge_density,0.997522533696886,0.9678093404258648,0.8959419193423891,-0.029713193271021288,0.07186742108347566
s_aureus,charge_density,0.997522533696886,0.9678093404258648,0.8703594195023991,-0.029713193271021288,0.0974499209234656
s_aureus,charge_density,0.997522533696886,0.9678093404258648,0.8620382880588104,-0.029713193271021288,0.10577105236705431
s_aureus,charge_density,0.997522533696886,0.9678093404258648,0.858881993589175,-0.029713193271021288,0.1089273468366897
s_aureus,charge_density,0.997522533696886,0.9678093404258648,0.8871481979336626,-0.029713193271021288,0.08066114249220213
s_aureus,charge_density,0.997522533696886,0.9594596651670656,0.8555470307721128,-0.03806286852982044,0.1039126343949528
s_aureus,charge_density,0.997522533696886,0.9594596651670656,0.8685641822575617,-0.03806286852982044,0.09089548290950389
s_aureus,charge_density,0.997522533696886,0.9594596651670656,0.9057539378435076,-0.03806286852982044,0.05370572732355805
s_aureus,charge_density,0.997522533696886,0.9594596651670656,0.8336852336493223,-0.03806286852982044,0.12577443151774326
s_aureus,charge_density,0.997522533696886,0.9594596651670656,0.8891389064122207,-0.03806286852982044,0.07032075875484489
s_aureus,charge_density,0.997522533696886,0.9594596651670656,0.8959419193423891,-0.03806286852982044,0.06351774582467651
s_aureus,charge_density,0.997522533696886,0.9594596651670656,0.8703594195023991,-0.03806286852982044,0.08910024566466646
s_aureus,charge_density,0.997522533696886,0.9594596651670656,0.8620382880588104,-0.03806286852982044,0.09742137710825516
s_aureus,charge_density,0.997522533696886,0.9594596651670656,0.858881993589175,-0.03806286852982044,0.10057767157789055
s_aureus,charge_density,0.997522533696886,0.9594596651670656,0.8871481979336626,-0.03806286852982044,0.07231146723340298
s_aureus,charge_density,0.997522533696886,0.9600577963621568,0.8555470307721128,-0.037464737334729215,0.10451076559004402
s_aureus,charge_density,0.997522533696886,0.9600577963621568,0.8685641822575617,-0.037464737334729215,0.09149361410459511
s_aureus,charge_density,0.997522533696886,0.9600577963621568,0.9057539378435076,-0.037464737334729215,0.05430385851864927
s_aureus,charge_density,0.997522533696886,0.9600577963621568,0.8336852336493223,-0.037464737334729215,0.12637256271283448
s_aureus,charge_density,0.997522533696886,0.9600577963621568,0.8891389064122207,-0.037464737334729215,0.07091888994993611
s_aureus,charge_density,0.997522533696886,0.9600577963621568,0.8959419193423891,-0.037464737334729215,0.06411587701976773
s_aureus,charge_density,0.997522533696886,0.9600577963621568,0.8703594195023991,-0.037464737334729215,0.08969837685975768
s_aureus,charge_density,0.997522533696886,0.9600577963621568,0.8620382880588104,-0.037464737334729215,0.09801950830334638
s_aureus,charge_density,0.997522533696886,0.9600577963621568,0.858881993589175,-0.037464737334729215,0.10117580277298177
s_aureus,charge_density,0.997522533696886,0.9600577963621568,0.8871481979336626,-0.037464737334729215,0.0729095984284942
s_aureus,charge_density,0.997522533696886,0.9685332003308128,0.8555470307721128,-0.028989333366073233,0.1129861695587
s_aureus,charge_density,0.997522533696886,0.9685332003308128,0.8685641822575617,-0.028989333366073233,0.09996901807325109
s_aureus,charge_density,0.997522533696886,0.9685332003308128,0.9057539378435076,-0.028989333366073233,0.06277926248730525
s_aureus,charge_density,0.997522533696886,0.9685332003308128,0.8336852336493223,-0.028989333366073233,0.13484796668149046
s_aureus,charge_density,0.997522533696886,0.9685332003308128,0.8891389064122207,-0.028989333366073233,0.0793942939185921
s_aureus,charge_density,0.997522533696886,0.9685332003308128,0.8959419193423891,-0.028989333366073233,0.07259128098842371
s_aureus,charge_density,0.997522533696886,0.9685332003308128,0.8703594195023991,-0.028989333366073233,0.09817378082841366
s_aureus,charge_density,0.997522533696886,0.9685332003308128,0.8620382880588104,-0.028989333366073233,0.10649491227200236
s_aureus,charge_density,0.997522533696886,0.9685332003308128,0.858881993589175,-0.028989333366073233,0.10965120674163775
s_aureus,charge_density,0.997522533696886,0.9685332003308128,0.8871481979336626,-0.028989333366073233,0.08138500239715019
s_aureus,charge_density,0.997522533696886,0.9705304003010072,0.8555470307721128,-0.026992133395878803,0.11498336952889443
s_aureus,charge_density,0.997522533696886,0.9705304003010072,0.8685641822575617,-0.026992133395878803,0.10196621804344552
s_aureus,charge_density,0.997522533696886,0.9705304003010072,0.9057539378435076,-0.026992133395878803,0.06477646245749968
s_aureus,charge_density,0.997522533696886,0.9705304003010072,0.8336852336493223,-0.026992133395878803,0.1368451666516849
s_aureus,charge_density,0.997522533696886,0.9705304003010072,0.8891389064122207,-0.026992133395878803,0.08139149388878653
s_aureus,charge_density,0.997522533696886,0.9705304003010072,0.8959419193423891,-0.026992133395878803,0.07458848095861814
s_aureus,charge_density,0.997522533696886,0.9705304003010072,0.8703594195023991,-0.026992133395878803,0.10017098079860809
s_aureus,charge_density,0.997522533696886,0.9705304003010072,0.8620382880588104,-0.026992133395878803,0.10849211224219679
s_aureus,charge_density,0.997522533696886,0.9705304003010072,0.858881993589175,-0.026992133395878803,0.11164840671183218
s_aureus,charge_density,0.997522533696886,0.9705304003010072,0.8871481979336626,-0.026992133395878803,0.08338220236734462
s_aureus,charge_density,0.997522533696886,0.9541688416983892,0.8555470307721128,-0.04335369199849681,0.09862181092627642
s_aureus,charge_density,0.997522533696886,0.9541688416983892,0.8685641822575617,-0.04335369199849681,0.08560465944082751
s_aureus,charge_density,0.997522533696886,0.9541688416983892,0.9057539378435076,-0.04335369199849681,0.048414903854881675
s_aureus,charge_density,0.997522533696886,0.9541688416983892,0.8336852336493223,-0.04335369199849681,0.12048360804906688
s_aureus,charge_density,0.997522533696886,0.9541688416983892,0.8891389064122207,-0.04335369199849681,0.06502993528616852
s_aureus,charge_density,0.997522533696886,0.9541688416983892,0.8959419193423891,-0.04335369199849681,0.05822692235600013
s_aureus,charge_density,0.997522533696886,0.9541688416983892,0.8703594195023991,-0.04335369199849681,0.08380942219599008
s_aureus,charge_density,0.997522533696886,0.9541688416983892,0.8620382880588104,-0.04335369199849681,0.09213055363957878
s_aureus,charge_density,0.997522533696886,0.9541688416983892,0.858881993589175,-0.04335369199849681,0.09528684810921417
s_aureus,charge_density,0.997522533696886,0.9541688416983892,0.8871481979336626,-0.04335369199849681,0.0670206437647266
s_aureus,charge_density,0.997522533696886,0.9581225116298824,0.8555470307721128,-0.03940002206700366,0.10257548085776957
s_aureus,charge_density,0.997522533696886,0.9581225116298824,0.8685641822575617,-0.03940002206700366,0.08955832937232067
s_aureus,charge_density,0.997522533696886,0.9581225116298824,0.9057539378435076,-0.03940002206700366,0.05236857378637483
s_aureus,charge_density,0.997522533696886,0.9581225116298824,0.8336852336493223,-0.03940002206700366,0.12443727798056003
s_aureus,charge_density,0.997522533696886,0.9581225116298824,0.8891389064122207,-0.03940002206700366,0.06898360521766167
s_aureus,charge_density,0.997522533696886,0.9581225116298824,0.8959419193423891,-0.03940002206700366,0.062180592287493286
s_aureus,charge_density,0.997522533696886,0.9581225116298824,0.8703594195023991,-0.03940002206700366,0.08776309212748323
s_aureus,charge_density,0.997522533696886,0.9581225116298824,0.8620382880588104,-0.03940002206700366,0.09608422357107194
s_aureus,charge_density,0.997522533696886,0.9581225116298824,0.858881993589175,-0.03940002206700366,0.09924051804070733
s_aureus,charge_density,0.997522533696886,0.9581225116298824,0.8871481979336626,-0.03940002206700366,0.07097431369621976
s_aureus,helix_propensity,0.9995327840348476,0.9385434932262734,0.7441534641032104,-0.06098929080857418,0.19439002912306302
s_aureus,helix_propensity,0.9995327840348476,0.9385434932262734,0.7511234860866689,-0.06098929080857418,0.1874200071396045
s_aureus,helix_propensity,0.9995327840348476,0.9385434932262734,0.7631303707087019,-0.06098929080857418,0.17541312251757146
s_aureus,helix_propensity,0.9995327840348476,0.9385434932262734,0.7522007925725903,-0.06098929080857418,0.18634270065368308
s_aureus,helix_propensity,0.9995327840348476,0.9385434932262734,0.809810830650208,-0.06098929080857418,0.12873266257606542
s_aureus,helix_propensity,0.9995327840348476,0.9385434932262734,0.728216914644888,-0.06098929080857418,0.21032657858138537
s_aureus,helix_propensity,0.9995327840348476,0.9385434932262734,0.792773694645455,-0.06098929080857418,0.1457697985808184
s_aureus,helix_propensity,0.9995327840348476,0.9385434932262734,0.7826978593930332,-0.06098929080857418,0.15584563383324024
s_aureus,helix_propensity,0.9995327840348476,0.9385434932262734,0.7561359667887584,-0.06098929080857418,0.182407526437515
s_aureus,helix_propensity,0.9995327840348476,0.9385434932262734,0.7611842467379755,-0.06098929080857418,0.17735924648829793
s_aureus,helix_propensity,0.9995327840348476,0.9435746589316116,0.7441534641032104,-0.055958125103235945,0.19942119482840126
s_aureus,helix_propensity,0.9995327840348476,0.9435746589316116,0.7511234860866689,-0.055958125103235945,0.19245117284494273
s_aureus,helix_propensity,0.9995327840348476,0.9435746589316116,0.7631303707087019,-0.055958125103235945,0.1804442882229097
s_aureus,helix_propensity,0.9995327840348476,0.9435746589316116,0.7522007925725903,-0.055958125103235945,0.19137386635902132
s_aureus,helix_propensity,0.9995327840348476,0.9435746589316116,0.809810830650208,-0.055958125103235945,0.13376382828140365
s_aureus,helix_propensity,0.9995327840348476,0.9435746589316116,0.728216914644888,-0.055958125103235945,0.2153577442867236
s_aureus,helix_propensity,0.9995327840348476,0.9435746589316116,0.792773694645455,-0.055958125103235945,0.15080096428615664
s_aureus,helix_propensity,0.9995327840348476,0.9435746589316116,0.7826978593930332,-0.055958125103235945,0.16087679953857847
s_aureus,helix_propensity,0.9995327840348476,0.9435746589316116,0.7561359667887584,-0.055958125103235945,0.18743869214285325
s_aureus,helix_propensity,0.9995327840348476,0.9435746589316116,0.7611842467379755,-0.055958125103235945,0.18239041219363616
s_aureus,helix_propensity,0.9995327840348476,0.9478931453223274,0.7441534641032104,-0.0516396387125202,0.203739681219117
s_aureus,helix_propensity,0.9995327840348476,0.9478931453223274,0.7511234860866689,-0.0516396387125202,0.19676965923565848
s_aureus,helix_propensity,0.9995327840348476,0.9478931453223274,0.7631303707087019,-0.0516396387125202,0.18476277461362545
s_aureus,helix_propensity,0.9995327840348476,0.9478931453223274,0.7522007925725903,-0.0516396387125202,0.19569235274973706
s_aureus,helix_propensity,0.9995327840348476,0.9478931453223274,0.809810830650208,-0.0516396387125202,0.1380823146721194
s_aureus,helix_propensity,0.9995327840348476,0.9478931453223274,0.728216914644888,-0.0516396387125202,0.21967623067743935
s_aureus,helix_propensity,0.9995327840348476,0.9478931453223274,0.792773694645455,-0.0516396387125202,0.15511945067687238
s_aureus,helix_propensity,0.9995327840348476,0.9478931453223274,0.7826978593930332,-0.0516396387125202,0.16519528592929422
s_aureus,helix_propensity,0.9995327840348476,0.9478931453223274,0.7561359667887584,-0.0516396387125202,0.191757178533569
s_aureus,helix_propensity,0.9995327840348476,0.9478931453223274,0.7611842467379755,-0.0516396387125202,0.1867088985843519
s_aureus,helix_propensity,0.9995327840348476,0.9367946519435482,0.7441534641032104,-0.06273813209129941,0.1926411878403378
s_aureus,helix_propensity,0.9995327840348476,0.9367946519435482,0.7511234860866689,-0.06273813209129941,0.18567116585687926
s_aureus,helix_propensity,0.9995327840348476,0.9367946519435482,0.7631303707087019,-0.06273813209129941,0.17366428123484623
s_aureus,helix_propensity,0.9995327840348476,0.9367946519435482,0.7522007925725903,-0.06273813209129941,0.18459385937095785
s_aureus,helix_propensity,0.9995327840348476,0.9367946519435482,0.809810830650208,-0.06273813209129941,0.12698382129334018
s_aureus,helix_propensity,0.9995327840348476,0.9367946519435482,0.728216914644888,-0.06273813209129941,0.20857773729866014
s_aureus,helix_propensity,0.9995327840348476,0.9367946519435482,0.792773694645455,-0.06273813209129941,0.14402095729809317
s_aureus,helix_propensity,0.9995327840348476,0.9367946519435482,0.7826978593930332,-0.06273813209129941,0.154096792550515
s_aureus,helix_propensity,0.9995327840348476,0.9367946519435482,0.7561359667887584,-0.06273813209129941,0.18065868515478978
s_aureus,helix_propensity,0.9995327840348476,0.9367946519435482,0.7611842467379755,-0.06273813209129941,0.1756104052055727
s_aureus,helix_propensity,0.9995327840348476,0.9579516787775127,0.7441534641032104,-0.04158110525733483,0.21379821467430238
s_aureus,helix_propensity,0.9995327840348476,0.9579516787775127,0.7511234860866689,-0.04158110525733483,0.20682819269084385
s_aureus,helix_propensity,0.9995327840348476,0.9579516787775127,0.7631303707087019,-0.04158110525733483,0.19482130806881082
s_aureus,helix_propensity,0.9995327840348476,0.9579516787775127,0.7522007925725903,-0.04158110525733483,0.20575088620492243
s_aureus,helix_propensity,0.9995327840348476,0.9579516787775127,0.809810830650208,-0.04158110525733483,0.14814084812730477
s_aureus,helix_propensity,0.9995327840348476,0.9579516787775127,0.728216914644888,-0.04158110525733483,0.22973476413262472
s_aureus,helix_propensity,0.9995327840348476,0.9579516787775127,0.792773694645455,-0.04158110525733483,0.16517798413205775
s_aureus,helix_propensity,0.9995327840348476,0.9579516787775127,0.7826978593930332,-0.04158110525733483,0.1752538193844796
s_aureus,helix_propensity,0.9995327840348476,0.9579516787775127,0.7561359667887584,-0.04158110525733483,0.20181571198875436
s_aureus,helix_propensity,0.9995327840348476,0.9579516787775127,0.7611842467379755,-0.04158110525733483,0.19676743203953728
s_aureus,helix_propensity,0.9995327840348476,0.9436681542803635,0.7441534641032104,-0.05586462975448403,0.19951469017715318
s_aureus,helix_propensity,0.9995327840348476,0.9436681542803635,0.7511234860866689,-0.05586462975448403,0.19254466819369465
s_aureus,helix_propensity,0.9995327840348476,0.9436681542803635,0.7631303707087019,-0.05586462975448403,0.18053778357166161
s_aureus,helix_propensity,0.9995327840348476,0.9436681542803635,0.7522007925725903,-0.05586462975448403,0.19146736170777323
s_aureus,helix_propensity,0.9995327840348476,0.9436681542803635,0.809810830650208,-0.05586462975448403,0.13385732363015557
s_aureus,helix_propensity,0.9995327840348476,0.9436681542803635,0.728216914644888,-0.05586462975448403,0.21545123963547552
s_aureus,helix_propensity,0.9995327840348476,0.9436681542803635,0.792773694645455,-0.05586462975448403,0.15089445963490855
s_aureus,helix_propensity,0.9995327840348476,0.9436681542803635,0.7826978593930332,-0.05586462975448403,0.1609702948873304
s_aureus,helix_propensity,0.9995327840348476,0.9436681542803635,0.7561359667887584,-0.05586462975448403,0.18753218749160516
s_aureus,helix_propensity,0.9995327840348476,0.9436681542803635,0.7611842467379755,-0.05586462975448403,0.18248390754238808
s_aureus,helix_propensity,0.9995327840348476,0.9571857108651692,0.7441534641032104,-0.04234707316967834,0.21303224676195887
s_aureus,helix_propensity,0.9995327840348476,0.9571857108651692,0.7511234860866689,-0.04234707316967834,0.20606222477850034
s_aureus,helix_propensity,0.9995327840348476,0.9571857108651692,0.7631303707087019,-0.04234707316967834,0.1940553401564673
s_aureus,helix_propensity,0.9995327840348476,0.9571857108651692,0.7522007925725903,-0.04234707316967834,0.20498491829257892
s_aureus,helix_propensity,0.9995327840348476,0.9571857108651692,0.809810830650208,-0.04234707316967834,0.14737488021496126
s_aureus,helix_propensity,0.9995327840348476,0.9571857108651692,0.728216914644888,-0.04234707316967834,0.2289687962202812
s_aureus,helix_propensity,0.9995327840348476,0.9571857108651692,0.792773694645455,-0.04234707316967834,0.16441201621971424
s_aureus,helix_propensity,0.9995327840348476,0.9571857108651692,0.7826978593930332,-0.04234707316967834,0.17448785147213608
s_aureus,helix_propensity,0.9995327840348476,0.9571857108651692,0.7561359667887584,-0.04234707316967834,0.20104974407641085
s_aureus,helix_propensity,0.9995327840348476,0.9571857108651692,0.7611842467379755,-0.04234707316967834,0.19600146412719377
s_aureus,helix_propensity,0.9995327840348476,0.9368106408672816,0.7441534641032104,-0.06272214316756597,0.19265717676407124
s_aureus,helix_propensity,0.9995327840348476,0.9368106408672816,0.7511234860866689,-0.06272214316756597,0.1856871547806127
s_aureus,helix_propensity,0.9995327840348476,0.9368106408672816,0.7631303707087019,-0.06272214316756597,0.17368027015857967
s_aureus,helix_propensity,0.9995327840348476,0.9368106408672816,0.7522007925725903,-0.06272214316756597,0.1846098482946913
s_aureus,helix_propensity,0.9995327840348476,0.9368106408672816,0.809810830650208,-0.06272214316756597,0.12699981021707363
s_aureus,helix_propensity,0.9995327840348476,0.9368106408672816,0.728216914644888,-0.06272214316756597,0.20859372622239358
s_aureus,helix_propensity,0.9995327840348476,0.9368106408672816,0.792773694645455,-0.06272214316756597,0.1440369462218266
s_aureus,helix_propensity,0.9995327840348476,0.9368106408672816,0.7826978593930332,-0.06272214316756597,0.15411278147424845
s_aureus,helix_propensity,0.9995327840348476,0.9368106408672816,0.7561359667887584,-0.06272214316756597,0.18067467407852322
s_aureus,helix_propensity,0.9995327840348476,0.9368106408672816,0.7611842467379755,-0.06272214316756597,0.17562639412930614
s_aureus,helix_propensity,0.9995327840348476,0.9313375056748135,0.7441534641032104,-0.06819527836003403,0.18718404157160318
s_aureus,helix_propensity,0.9995327840348476,0.9313375056748135,0.7511234860866689,-0.06819527836003403,0.18021401958814465
s_aureus,helix_propensity,0.9995327840348476,0.9313375056748135,0.7631303707087019,-0.06819527836003403,0.16820713496611162
s_aureus,helix_propensity,0.9995327840348476,0.9313375056748135,0.7522007925725903,-0.06819527836003403,0.17913671310222323
s_aureus,helix_propensity,0.9995327840348476,0.9313375056748135,0.809810830650208,-0.06819527836003403,0.12152667502460557
s_aureus,helix_propensity,0.9995327840348476,0.9313375056748135,0.728216914644888,-0.06819527836003403,0.20312059102992552
s_aureus,helix_propensity,0.9995327840348476,0.9313375056748135,0.792773694645455,-0.06819527836003403,0.13856381102935855
s_aureus,helix_propensity,0.9995327840348476,0.9313375056748135,0.7826978593930332,-0.06819527836003403,0.1486396462817804
s_aureus,helix_propensity,0.9995327840348476,0.9313375056748135,0.7561359667887584,-0.06819527836003403,0.17520153888605516
s_aureus,helix_propensity,0.9995327840348476,0.9313375056748135,0.7611842467379755,-0.06819527836003403,0.17015325893683808
s_aureus,helix_propensity,0.9995327840348476,0.9514705146205784,0.7441534641032104,-0.048062269414269165,0.20731705051736804
s_aureus,helix_propensity,0.9995327840348476,0.9514705146205784,0.7511234860866689,-0.048062269414269165,0.2003470285339095
s_aureus,helix_propensity,0.9995327840348476,0.9514705146205784,0.7631303707087019,-0.048062269414269165,0.18834014391187648
s_aureus,helix_propensity,0.9995327840348476,0.9514705146205784,0.7522007925725903,-0.048062269414269165,0.1992697220479881
s_aureus,helix_propensity,0.9995327840348476,0.9514705146205784,0.809810830650208,-0.048062269414269165,0.14165968397037043
s_aureus,helix_propensity,0.9995327840348476,0.9514705146205784,0.728216914644888,-0.048062269414269165,0.2232535999756904
s_aureus,helix_propensity,0.9995327840348476,0.9514705146205784,0.792773694645455,-0.048062269414269165,0.15869681997512342
s_aureus,helix_propensity,0.9995327840348476,0.9514705146205784,0.7826978593930332,-0.048062269414269165,0.16877265522754525
s_aureus,helix_propensity,0.9995327840348476,0.9514705146205784,0.7561359667887584,-0.048062269414269165,0.19533454783182003
s_aureus,helix_propensity,0.9995327840348476,0.9514705146205784,0.7611842467379755,-0.048062269414269165,0.19028626788260294
s_aureus,hydrophilic_fraction,0.999331096591354,0.9359992160097296,0.831179485239456,-0.06333188058162442,0.10481973077027362
s_aureus,hydrophilic_fraction,0.999331096591354,0.9359992160097296,0.817047911101493,-0.06333188058162442,0.11895130490823658
s_aureus,hydrophilic_fraction,0.999331096591354,0.9359992160097296,0.8365894984928983,-0.06333188058162442,0.09940971751683125
s_aureus,hydrophilic_fraction,0.999331096591354,0.9359992160097296,0.8080701006240393,-0.06333188058162442,0.1279291153856903
s_aureus,hydrophilic_fraction,0.999331096591354,0.9359992160097296,0.7771630887314191,-0.06333188058162442,0.15883612727831042
s_aureus,hydrophilic_fraction,0.999331096591354,0.9359992160097296,0.7992074711495584,-0.06333188058162442,0.1367917448601712
s_aureus,hydrophilic_fraction,0.999331096591354,0.9359992160097296,0.78369876648969,-0.06333188058162442,0.15230044952003963
s_aureus,hydrophilic_fraction,0.999331096591354,0.9359992160097296,0.8638107651881857,-0.06333188058162442,0.0721884508215439
s_aureus,hydrophilic_fraction,0.999331096591354,0.9359992160097296,0.8350116688251366,-0.06333188058162442,0.10098754718459302
s_aureus,hydrophilic_fraction,0.999331096591354,0.9359992160097296,0.8581929946696089,-0.06333188058162442,0.07780622134012072
s_aureus,hydrophilic_fraction,0.999331096591354,0.9535469433272766,0.831179485239456,-0.045784153264077365,0.12236745808782068
s_aureus,hydrophilic_fraction,0.999331096591354,0.9535469433272766,0.817047911101493,-0.045784153264077365,0.13649903222578363
s_aureus,hydrophilic_fraction,0.999331096591354,0.9535469433272766,0.8365894984928983,-0.045784153264077365,0.11695744483437831
s_aureus,hydrophilic_fraction,0.999331096591354,0.9535469433272766,0.8080701006240393,-0.045784153264077365,0.14547684270323735
s_aureus,hydrophilic_fraction,0.999331096591354,0.9535469433272766,0.7771630887314191,-0.045784153264077365,0.17638385459585748
s_aureus,hydrophilic_fraction,0.999331096591354,0.9535469433272766,0.7992074711495584,-0.045784153264077365,0.15433947217771826
s_aureus,hydrophilic_fraction,0.999331096591354,0.9535469433272766,0.78369876648969,-0.045784153264077365,0.16984817683758668
s_aureus,hydrophilic_fraction,0.999331096591354,0.9535469433272766,0.8638107651881857,-0.045784153264077365,0.08973617813909096
s_aureus,hydrophilic_fraction,0.999331096591354,0.9535469433272766,0.8350116688251366,-0.045784153264077365,0.11853527450214008
s_aureus,hydrophilic_fraction,0.999331096591354,0.9535469433272766,0.8581929946696089,-0.045784153264077365,0.09535394865766778
s_aureus,hydrophilic_fraction,0.999331096591354,0.9438240440123908,0.831179485239456,-0.055507052578963156,0.11264455877293489
s_aureus,hydrophilic_fraction,0.999331096591354,0.9438240440123908,0.817047911101493,-0.055507052578963156,0.12677613291089784
s_aureus,hydrophilic_fraction,0.999331096591354,0.9438240440123908,0.8365894984928983,-0.055507052578963156,0.10723454551949252
s_aureus,hydrophilic_fraction,0.999331096591354,0.9438240440123908,0.8080701006240393,-0.055507052578963156,0.13575394338835156
s_aureus,hydrophilic_fraction,0.999331096591354,0.9438240440123908,0.7771630887314191,-0.055507052578963156,0.1666609552809717
s_aureus,hydrophilic_fraction,0.999331096591354,0.9438240440123908,0.7992074711495584,-0.055507052578963156,0.14461657286283247
s_aureus,hydrophilic_fraction,0.999331096591354,0.9438240440123908,0.78369876648969,-0.055507052578963156,0.1601252775227009
s_aureus,hydrophilic_fraction,0.999331096591354,0.9438240440123908,0.8638107651881857,-0.055507052578963156,0.08001327882420517
s_aureus,hydrophilic_fraction,0.999331096591354,0.9438240440123908,0.8350116688251366,-0.055507052578963156,0.10881237518725428
s_aureus,hydrophilic_fraction,0.999331096591354,0.9438240440123908,0.8581929946696089,-0.055507052578963156,0.08563104934278198
s_aureus,hydrophilic_fraction,0.999331096591354,0.946874277087864,0.831179485239456,-0.052456819503490015,0.11569479184840803
s_aureus,hydrophilic_fraction,0.999331096591354,0.946874277087864,0.817047911101493,-0.052456819503490015,0.12982636598637098
s_aureus,hydrophilic_fraction,0.999331096591354,0.946874277087864,0.8365894984928983,-0.052456819503490015,0.11028477859496566
s_aureus,hydrophilic_fraction,0.999331096591354,0.946874277087864,0.8080701006240393,-0.052456819503490015,0.1388041764638247
s_aureus,hydrophilic_fraction,0.999331096591354,0.946874277087864,0.7771630887314191,-0.052456819503490015,0.16971118835644483
s_aureus,hydrophilic_fraction,0.999331096591354,0.946874277087864,0.7992074711495584,-0.052456819503490015,0.1476668059383056
s_aureus,hydrophilic_fraction,0.999331096591354,0.946874277087864,0.78369876648969,-0.052456819503490015,0.16317551059817403
s_aureus,hydrophilic_fraction,0.999331096591354,0.946874277087864,0.8638107651881857,-0.052456819503490015,0.08306351189967831
s_aureus,hydrophilic_fraction,0.999331096591354,0.946874277087864,0.8350116688251366,-0.052456819503490015,0.11186260826272743
s_aureus,hydrophilic_fraction,0.999331096591354,0.946874277087864,0.8581929946696089,-0.052456819503490015,0.08868128241825513
s_aureus,hydrophilic_fraction,0.999331096591354,0.9393777337027966,0.831179485239456,-0.05995336288855735,0.1081982484633407
s_aureus,hydrophilic_fraction,0.999331096591354,0.9393777337027966,0.817047911101493,-0.05995336288855735,0.12232982260130365
s_aureus,hydrophilic_fraction,0.999331096591354,0.9393777337027966,0.8365894984928983,-0.05995336288855735,0.10278823520989833
s_aureus,hydrophilic_fraction,0.999331096591354,0.9393777337027966,0.8080701006240393,-0.05995336288855735,0.13130763307875737
s_aureus,hydrophilic_fraction,0.999331096591354,0.9393777337027966,0.7771630887314191,-0.05995336288855735,0.1622146449713775
s_aureus,hydrophilic_fraction,0.999331096591354,0.9393777337027966,0.7992074711495584,-0.05995336288855735,0.14017026255323828
s_aureus,hydrophilic_fraction,0.999331096591354,0.9393777337027966,0.78369876648969,-0.05995336288855735,0.1556789672131067
s_aureus,hydrophilic_fraction,0.999331096591354,0.9393777337027966,0.8638107651881857,-0.05995336288855735,0.07556696851461098
s_aureus,hydrophilic_fraction,0.999331096591354,0.9393777337027966,0.8350116688251366,-0.05995336288855735,0.10436606487766009
s_aureus,hydrophilic_fraction,0.999331096591354,0.9393777337027966,0.8581929946696089,-0.05995336288855735,0.08118473903318779
s_aureus,hydrophilic_fraction,0.999331096591354,0.9455720658054736,0.831179485239456,-0.0537590307858804,0.11439258056601764
s_aureus,hydrophilic_fraction,0.999331096591354,0.9455720658054736,0.817047911101493,-0.0537590307858804,0.1285241547039806
s_aureus,hydrophilic_fraction,0.999331096591354,0.9455720658054736,0.8365894984928983,-0.0537590307858804,0.10898256731257527
s_aureus,hydrophilic_fraction,0.999331096591354,0.9455720658054736,0.8080701006240393,-0.0537590307858804,0.13750196518143432
s_aureus,hydrophilic_fraction,0.999331096591354,0.9455720658054736,0.7771630887314191,-0.0537590307858804,0.16840897707405444
s_aureus,hydrophilic_fraction,0.999331096591354,0.9455720658054736,0.7992074711495584,-0.0537590307858804,0.14636459465591523
s_aureus,hydrophilic_fraction,0.999331096591354,0.9455720658054736,0.78369876648969,-0.0537590307858804,0.16187329931578365
s_aureus,hydrophilic_fraction,0.999331096591354,0.9455720658054736,0.8638107651881857,-0.0537590307858804,0.08176130061728792
s_aureus,hydrophilic_fraction,0.999331096591354,0.9455720658054736,0.8350116688251366,-0.0537590307858804,0.11056039698033704
s_aureus,hydrophilic_fraction,0.999331096591354,0.9455720658054736,0.8581929946696089,-0.0537590307858804,0.08737907113586474
s_aureus,hydrophilic_fraction,0.999331096591354,0.9602665073692026,0.831179485239456,-0.03906458922215139,0.12908702212974665
s_aureus,hydrophilic_fraction,0.999331096591354,0.9602665073692026,0.817047911101493,-0.03906458922215139,0.1432185962677096
s_aureus,hydrophilic_fraction,0.999331096591354,0.9602665073692026,0.8365894984928983,-0.03906458922215139,0.12367700887630428
s_aureus,hydrophilic_fraction,0.999331096591354,0.9602665073692026,0.8080701006240393,-0.03906458922215139,0.15219640674516333
s_aureus,hydrophilic_fraction,0.999331096591354,0.9602665073692026,0.7771630887314191,-0.03906458922215139,0.18310341863778345
s_aureus,hydrophilic_fraction,0.999331096591354,0.9602665073692026,0.7992074711495584,-0.03906458922215139,0.16105903621964424
s_aureus,hydrophilic_fraction,0.999331096591354,0.9602665073692026,0.78369876648969,-0.03906458922215139,0.17656774087951266
s_aureus,hydrophilic_fraction,0.999331096591354,0.9602665073692026,0.8638107651881857,-0.03906458922215139,0.09645574218101693
s_aureus,hydrophilic_fraction,0.999331096591354,0.9602665073692026,0.8350116688251366,-0.03906458922215139,0.12525483854406605
s_aureus,hydrophilic_fraction,0.999331096591354,0.9602665073692026,0.8581929946696089,-0.03906458922215139,0.10207351269959375
s_aureus,hydrophilic_fraction,0.999331096591354,0.9565393514122508,0.831179485239456,-0.042791745179103224,0.12535986617279482
s_aureus,hydrophilic_fraction,0.999331096591354,0.9565393514122508,0.817047911101493,-0.042791745179103224,0.13949144031075777
s_aureus,hydrophilic_fraction,0.999331096591354,0.9565393514122508,0.8365894984928983,-0.042791745179103224,0.11994985291935245
s_aureus,hydrophilic_fraction,0.999331096591354,0.9565393514122508,0.8080701006240393,-0.042791745179103224,0.1484692507882115
s_aureus,hydrophilic_fraction,0.999331096591354,0.9565393514122508,0.7771630887314191,-0.042791745179103224,0.17937626268083162
s_aureus,hydrophilic_fraction,0.999331096591354,0.9565393514122508,0.7992074711495584,-0.042791745179103224,0.1573318802626924
s_aureus,hydrophilic_fraction,0.999331096591354,0.9565393514122508,0.78369876648969,-0.042791745179103224,0.17284058492256082
s_aureus,hydrophilic_fraction,0.999331096591354,0.9565393514122508,0.8638107651881857,-0.042791745179103224,0.0927285862240651
s_aureus,hydrophilic_fraction,0.999331096591354,0.9565393514122508,0.8350116688251366,-0.042791745179103224,0.12152768258711422
s_aureus,hydrophilic_fraction,0.999331096591354,0.9565393514122508,0.8581929946696089,-0.042791745179103224,0.09834635674264192
s_aureus,hydrophilic_fraction,0.999331096591354,0.9262355390555584,0.831179485239456,-0.07309555753579555,0.09505605381610249
s_aureus,hydrophilic_fraction,0.999331096591354,0.9262355390555584,0.817047911101493,-0.07309555753579555,0.10918762795406545
s_aureus,hydrophilic_fraction,0.999331096591354,0.9262355390555584,0.8365894984928983,-0.07309555753579555,0.08964604056266012
s_aureus,hydrophilic_fraction,0.999331096591354,0.9262355390555584,0.8080701006240393,-0.07309555753579555,0.11816543843151917
s_aureus,hydrophilic_fraction,0.999331096591354,0.9262355390555584,0.7771630887314191,-0.07309555753579555,0.1490724503241393
s_aureus,hydrophilic_fraction,0.999331096591354,0.9262355390555584,0.7992074711495584,-0.07309555753579555,0.12702806790600008
s_aureus,hydrophilic_fraction,0.999331096591354,0.9262355390555584,0.78369876648969,-0.07309555753579555,0.1425367725658685
s_aureus,hydrophilic_fraction,0.999331096591354,0.9262355390555584,0.8638107651881857,-0.07309555753579555,0.062424773867372774
s_aureus,hydrophilic_fraction,0.999331096591354,0.9262355390555584,0.8350116688251366,-0.07309555753579555,0.09122387023042189
s_aureus,hydrophilic_fraction,0.999331096591354,0.9262355390555584,0.8581929946696089,-0.07309555753579555,0.06804254438594959
s_aureus,hydrophilic_fraction,0.999331096591354,0.9413085631300768,0.831179485239456,-0.05802253346127717,0.11012907789062087
s_aureus,hydrophilic_fraction,0.999331096591354,0.9413085631300768,0.817047911101493,-0.05802253346127717,0.12426065202858383
s_aureus,hydrophilic_fraction,0.999331096591354,0.9413085631300768,0.8365894984928983,-0.05802253346127717,0.1047190646371785
s_aureus,hydrophilic_fraction,0.999331096591354,0.9413085631300768,0.8080701006240393,-0.05802253346127717,0.13323846250603755
s_aureus,hydrophilic_fraction,0.999331096591354,0.9413085631300768,0.7771630887314191,-0.05802253346127717,0.16414547439865768
s_aureus,hydrophilic_fraction,0.999331096591354,0.9413085631300768,0.7992074711495584,-0.05802253346127717,0.14210109198051846
s_aureus,hydrophilic_fraction,0.999331096591354,0.9413085631300768,0.78369876648969,-0.05802253346127717,0.15760979664038688
s_aureus,hydrophilic_fraction,0.999331096591354,0.9413085631300768,0.8638107651881857,-0.05802253346127717,0.07749779794189116
s_aureus,hydrophilic_fraction,0.999331096591354,0.9413085631300768,0.8350116688251366,-0.05802253346127717,0.10629689430494027
s_aureus,hydrophilic_fraction,0.999331096591354,0.9413085631300768,0.8581929946696089,-0.05802253346127717,0.08311556846046797
s_aureus,hydrophobic_moment,0.5513746815902028,0.8960338937475318,0.8551447335545244,0.3446592121573291,0.04088916019300748
s_aureus,hydrophobic_moment,0.5513746815902028,0.8960338937475318,0.7525759828094224,0.3446592121573291,0.14345791093810945
s_aureus,hydrophobic_moment,0.5513746815902028,0.8960338937475318,0.8062356621908335,0.3446592121573291,0.0897982315566983
s_aureus,hydrophobic_moment,0.5513746815902028,0.8960338937475318,0.7855296381360912,0.3446592121573291,0.11050425561144062
s_aureus,hydrophobic_moment,0.5513746815902028,0.8960338937475318,0.6566663552006872,0.3446592121573291,0.23936753854684467
s_aureus,hydrophobic_moment,0.5513746815902028,0.8960338937475318,0.7771061139209783,0.3446592121573291,0.11892777982655356
s_aureus,hydrophobic_moment,0.5513746815902028,0.8960338937475318,0.7408827805105105,0.3446592121573291,0.15515111323702135
s_aureus,hydrophobic_moment,0.5513746815902028,0.8960338937475318,0.6887682614017796,0.3446592121573291,0.20726563234575224
s_aureus,hydrophobic_moment,0.5513746815902028,0.8960338937475318,0.7324503985544086,0.3446592121573291,0.1635834951931232
s_aureus,hydrophobic_moment,0.5513746815902028,0.8960338937475318,0.8290722072852004,0.3446592121573291,0.06696168646233147
s_aureus,hydrophobic_moment,0.5513746815902028,0.8750293544481896,0.8551447335545244,0.3236546728579869,0.019884620893665272
s_aureus,hydrophobic_moment,0.5513746815902028,0.8750293544481896,0.7525759828094224,0.3236546728579869,0.12245337163876724
s_aureus,hydrophobic_moment,0.5513746815902028,0.8750293544481896,0.8062356621908335,0.3236546728579869,0.0687936922573561
s_aureus,hydrophobic_moment,0.5513746815902028,0.8750293544481896,0.7855296381360912,0.3236546728579869,0.08949971631209841
s_aureus,hydrophobic_moment,0.5513746815902028,0.8750293544481896,0.6566663552006872,0.3236546728579869,0.21836299924750247
s_aureus,hydrophobic_moment,0.5513746815902028,0.8750293544481896,0.7771061139209783,0.3236546728579869,0.09792324052721135
s_aureus,hydrophobic_moment,0.5513746815902028,0.8750293544481896,0.7408827805105105,0.3236546728579869,0.13414657393767915
s_aureus,hydrophobic_moment,0.5513746815902028,0.8750293544481896,0.6887682614017796,0.3236546728579869,0.18626109304641003
s_aureus,hydrophobic_moment,0.5513746815902028,0.8750293544481896,0.7324503985544086,0.3236546728579869,0.142578955893781
s_aureus,hydrophobic_moment,0.5513746815902028,0.8750293544481896,0.8290722072852004,0.3236546728579869,0.045957147162989265
s_aureus,hydrophobic_moment,0.5513746815902028,0.8728637539422673,0.8551447335545244,0.3214890723520646,0.01771902038774298
s_aureus,hydrophobic_moment,0.5513746815902028,0.8728637539422673,0.7525759828094224,0.3214890723520646,0.12028777113284495
s_aureus,hydrophobic_moment,0.5513746815902028,0.8728637539422673,0.8062356621908335,0.3214890723520646,0.0666280917514338
s_aureus,hydrophobic_moment,0.5513746815902028,0.8728637539422673,0.7855296381360912,0.3214890723520646,0.08733411580617612
s_aureus,hydrophobic_moment,0.5513746815902028,0.8728637539422673,0.6566663552006872,0.3214890723520646,0.21619739874158017
s_aureus,hydrophobic_moment,0.5513746815902028,0.8728637539422673,0.7771061139209783,0.3214890723520646,0.09575764002128906
s_aureus,hydrophobic_moment,0.5513746815902028,0.8728637539422673,0.7408827805105105,0.3214890723520646,0.13198097343175685
s_aureus,hydrophobic_moment,0.5513746815902028,0.8728637539422673,0.6887682614017796,0.3214890723520646,0.18409549254048774
s_aureus,hydrophobic_moment,0.5513746815902028,0.8728637539422673,0.7324503985544086,0.3214890723520646,0.1404133553878587
s_aureus,hydrophobic_moment,0.5513746815902028,0.8728637539422673,0.8290722072852004,0.3214890723520646,0.04379154665706697
s_aureus,hydrophobic_moment,0.5513746815902028,0.8748652987744756,0.8551447335545244,0.32349061718427286,0.019720565219951247
s_aureus,hydrophobic_moment,0.5513746815902028,0.8748652987744756,0.7525759828094224,0.32349061718427286,0.12228931596505321
s_aureus,hydrophobic_moment,0.5513746815902028,0.8748652987744756,0.8062356621908335,0.32349061718427286,0.06862963658364207
s_aureus,hydrophobic_moment,0.5513746815902028,0.8748652987744756,0.7855296381360912,0.32349061718427286,0.08933566063838438
s_aureus,hydrophobic_moment,0.5513746815902028,0.8748652987744756,0.6566663552006872,0.32349061718427286,0.21819894357378844
s_aureus,hydrophobic_moment,0.5513746815902028,0.8748652987744756,0.7771061139209783,0.32349061718427286,0.09775918485349733
s_aureus,hydrophobic_moment,0.5513746815902028,0.8748652987744756,0.7408827805105105,0.32349061718427286,0.13398251826396512
s_aureus,hydrophobic_moment,0.5513746815902028,0.8748652987744756,0.6887682614017796,0.32349061718427286,0.186097037372696
s_aureus,hydrophobic_moment,0.5513746815902028,0.8748652987744756,0.7324503985544086,0.32349061718427286,0.14241490022006698
s_aureus,hydrophobic_moment,0.5513746815902028,0.8748652987744756,0.8290722072852004,0.32349061718427286,0.04579309148927524
s_aureus,hydrophobic_moment,0.5513746815902028,0.8181028089642461,0.8551447335545244,0.2667281273740434,-0.03704192459027822
s_aureus,hydrophobic_moment,0.5513746815902028,0.8181028089642461,0.7525759828094224,0.2667281273740434,0.06552682615482375
s_aureus,hydrophobic_moment,0.5513746815902028,0.8181028089642461,0.8062356621908335,0.2667281273740434,0.011867146773412607
s_aureus,hydrophobic_moment,0.5513746815902028,0.8181028089642461,0.7855296381360912,0.2667281273740434,0.03257317082815492
s_aureus,hydrophobic_moment,0.5513746815902028,0.8181028089642461,0.6566663552006872,0.2667281273740434,0.16143645376355897
s_aureus,hydrophobic_moment,0.5513746815902028,0.8181028089642461,0.7771061139209783,0.2667281273740434,0.04099669504326786
s_aureus,hydrophobic_moment,0.5513746815902028,0.8181028089642461,0.7408827805105105,0.2667281273740434,0.07722002845373566
s_aureus,hydrophobic_moment,0.5513746815902028,0.8181028089642461,0.6887682614017796,0.2667281273740434,0.12933454756246654
s_aureus,hydrophobic_moment,0.5513746815902028,0.8181028089642461,0.7324503985544086,0.2667281273740434,0.08565241040983751
s_aureus,hydrophobic_moment,0.5513746815902028,0.8181028089642461,0.8290722072852004,0.2667281273740434,-0.010969398320954227
s_aureus,hydrophobic_moment,0.5513746815902028,0.8328860037440372,0.8551447335545244,0.28151132215383445,-0.022258729810487154
s_aureus,hydrophobic_moment,0.5513746815902028,0.8328860037440372,0.7525759828094224,0.28151132215383445,0.08031002093461481
s_aureus,hydrophobic_moment,0.5513746815902028,0.8328860037440372,0.8062356621908335,0.28151132215383445,0.02665034155320367
s_aureus,hydrophobic_moment,0.5513746815902028,0.8328860037440372,0.7855296381360912,0.28151132215383445,0.04735636560794598
s_aureus,hydrophobic_moment,0.5513746815902028,0.8328860037440372,0.6566663552006872,0.28151132215383445,0.17621964854335004
s_aureus,hydrophobic_moment,0.5513746815902028,0.8328860037440372,0.7771061139209783,0.28151132215383445,0.055779889823058926
s_aureus,hydrophobic_moment,0.5513746815902028,0.8328860037440372,0.7408827805105105,0.28151132215383445,0.09200322323352672
s_aureus,hydrophobic_moment,0.5513746815902028,0.8328860037440372,0.6887682614017796,0.28151132215383445,0.1441177423422576
s_aureus,hydrophobic_moment,0.5513746815902028,0.8328860037440372,0.7324503985544086,0.28151132215383445,0.10043560518962857
s_aureus,hydrophobic_moment,0.5513746815902028,0.8328860037440372,0.8290722072852004,0.28151132215383445,0.003813796458836838
s_aureus,hydrophobic_moment,0.5513746815902028,0.893694583098881,0.8551447335545244,0.3423199015086782,0.038549849544356585
s_aureus,hydrophobic_moment,0.5513746815902028,0.893694583098881,0.7525759828094224,0.3423199015086782,0.14111860028945855
s_aureus,hydrophobic_moment,0.5513746815902028,0.893694583098881,0.8062356621908335,0.3423199015086782,0.08745892090804741
s_aureus,hydrophobic_moment,0.5513746815902028,0.893694583098881,0.7855296381360912,0.3423199015086782,0.10816494496278972
s_aureus,hydrophobic_moment,0.5513746815902028,0.893694583098881,0.6566663552006872,0.3423199015086782,0.23702822789819378
s_aureus,hydrophobic_moment,0.5513746815902028,0.893694583098881,0.7771061139209783,0.3423199015086782,0.11658846917790266
s_aureus,hydrophobic_moment,0.5513746815902028,0.893694583098881,0.7408827805105105,0.3423199015086782,0.15281180258837046
s_aureus,hydrophobic_moment,0.5513746815902028,0.893694583098881,0.6887682614017796,0.3423199015086782,0.20492632169710134
s_aureus,hydrophobic_moment,0.5513746815902028,0.893694583098881,0.7324503985544086,0.3423199015086782,0.1612441845444723
s_aureus,hydrophobic_moment,0.5513746815902028,0.893694583098881,0.8290722072852004,0.3423199015086782,0.06462237581368058
s_aureus,hydrophobic_moment,0.5513746815902028,0.8372900350706802,0.8551447335545244,0.2859153534804775,-0.017854698483844134
s_aureus,hydrophobic_moment,0.5513746815902028,0.8372900350706802,0.7525759828094224,0.2859153534804775,0.08471405226125783
s_aureus,hydrophobic_moment,0.5513746815902028,0.8372900350706802,0.8062356621908335,0.2859153534804775,0.031054372879846692
s_aureus,hydrophobic_moment,0.5513746815902028,0.8372900350706802,0.7855296381360912,0.2859153534804775,0.051760396934589004
s_aureus,hydrophobic_moment,0.5513746815902028,0.8372900350706802,0.6566663552006872,0.2859153534804775,0.18062367986999306
s_aureus,hydrophobic_moment,0.5513746815902028,0.8372900350706802,0.7771061139209783,0.2859153534804775,0.06018392114970195
s_aureus,hydrophobic_moment,0.5513746815902028,0.8372900350706802,0.7408827805105105,0.2859153534804775,0.09640725456016974
s_aureus,hydrophobic_moment,0.5513746815902028,0.8372900350706802,0.6887682614017796,0.2859153534804775,0.14852177366890063
s_aureus,hydrophobic_moment,0.5513746815902028,0.8372900350706802,0.7324503985544086,0.2859153534804775,0.1048396365162716
s_aureus,hydrophobic_moment,0.5513746815902028,0.8372900350706802,0.8290722072852004,0.2859153534804775,0.008217827785479859
s_aureus,hydrophobic_moment,0.5513746815902028,0.840441024111862,0.8551447335545244,0.2890663425216592,-0.014703709442662416
s_aureus,hydrophobic_moment,0.5513746815902028,0.840441024111862,0.7525759828094224,0.2890663425216592,0.08786504130243955
s_aureus,hydrophobic_moment,0.5513746815902028,0.840441024111862,0.8062356621908335,0.2890663425216592,0.03420536192102841
s_aureus,hydrophobic_moment,0.5513746815902028,0.840441024111862,0.7855296381360912,0.2890663425216592,0.05491138597577072
s_aureus,hydrophobic_moment,0.5513746815902028,0.840441024111862,0.6566663552006872,0.2890663425216592,0.18377466891117478
s_aureus,hydrophobic_moment,0.5513746815902028,0.840441024111862,0.7771061139209783,0.2890663425216592,0.06333491019088366
s_aureus,hydrophobic_moment,0.5513746815902028,0.840441024111862,0.7408827805105105,0.2890663425216592,0.09955824360135146
s_aureus,hydrophobic_moment,0.5513746815902028,0.840441024111862,0.6887682614017796,0.2890663425216592,0.15167276271008234
s_aureus,hydrophobic_moment,0.5513746815902028,0.840441024111862,0.7324503985544086,0.2890663425216592,0.10799062555745331
s_aureus,hydrophobic_moment,0.5513746815902028,0.840441024111862,0.8290722072852004,0.2890663425216592,0.011368816826661576
s_aureus,hydrophobic_moment,0.5513746815902028,0.8797370563184209,0.8551447335545244,0.32836237472821816,0.024592322763896557
s_aureus,hydrophobic_moment,0.5513746815902028,0.8797370563184209,0.7525759828094224,0.32836237472821816,0.12716107350899852
s_aureus,hydrophobic_moment,0.5513746815902028,0.8797370563184209,0.8062356621908335,0.32836237472821816,0.07350139412758738
s_aureus,hydrophobic_moment,0.5513746815902028,0.8797370563184209,0.7855296381360912,0.32836237472821816,0.0942074181823297
s_aureus,hydrophobic_moment,0.5513746815902028,0.8797370563184209,0.6566663552006872,0.32836237472821816,0.22307070111773375
s_aureus,hydrophobic_moment,0.5513746815902028,0.8797370563184209,0.7771061139209783,0.32836237472821816,0.10263094239744264
s_aureus,hydrophobic_moment,0.5513746815902028,0.8797370563184209,0.7408827805105105,0.32836237472821816,0.13885427580791043
s_aureus,hydrophobic_moment,0.5513746815902028,0.8797370563184209,0.6887682614017796,0.32836237472821816,0.19096879491664132
s_aureus,hydrophobic_moment,0.5513746815902028,0.8797370563184209,0.7324503985544086,0.32836237472821816,0.14728665776401229
s_aureus,hydrophobic_moment,0.5513746815902028,0.8797370563184209,0.8290722072852004,0.32836237472821816,0.05066484903322055
s_aureus,mean_hydrophobicity,0.9999965435924416,0.9526811789643974,0.8515373700570503,-0.0473153646280442,0.10114380890734709
s_aureus,mean_hydrophobicity,0.9999965435924416,0.9526811789643974,0.831503479040833,-0.0473153646280442,0.12117769992356442
s_aureus,mean_hydrophobicity,0.9999965435924416,0.9526811789643974,0.8620592431522527,-0.0473153646280442,0.09062193581214473
s_aureus,mean_hydrophobicity,0.9999965435924416,0.9526811789643974,0.8702141253866899,-0.0473153646280442,0.08246705357770756
s_aureus,mean_hydrophobicity,0.9999965435924416,0.9526811789643974,0.8317095508914376,-0.0473153646280442,0.1209716280729598
s_aureus,mean_hydrophobicity,0.9999965435924416,0.9526811789643974,0.834432539427252,-0.0473153646280442,0.11824863953714537
s_aureus,mean_hydrophobicity,0.9999965435924416,0.9526811789643974,0.8312422922263187,-0.0473153646280442,0.12143888673807868
s_aureus,mean_hydrophobicity,0.9999965435924416,0.9526811789643974,0.8817236623844714,-0.0473153646280442,0.070957516579926
s_aureus,mean_hydrophobicity,0.9999965435924416,0.9526811789643974,0.8395792741140479,-0.0473153646280442,0.11310190485034954
s_aureus,mean_hydrophobicity,0.9999965435924416,0.9526811789643974,0.8944306141530106,-0.0473153646280442,0.058250564811386796
s_aureus,mean_hydrophobicity,0.9999965435924416,0.9588394325849204,0.8515373700570503,-0.041157111007521174,0.10730206252787011
s_aureus,mean_hydrophobicity,0.9999965435924416,0.9588394325849204,0.831503479040833,-0.041157111007521174,0.12733595354408744
s_aureus,mean_hydrophobicity,0.9999965435924416,0.9588394325849204,0.8620592431522527,-0.041157111007521174,0.09678018943266775
s_aureus,mean_hydrophobicity,0.9999965435924416,0.9588394325849204,0.8702141253866899,-0.041157111007521174,0.08862530719823059
s_aureus,mean_hydrophobicity,0.9999965435924416,0.9588394325849204,0.8317095508914376,-0.041157111007521174,0.12712988169348283
s_aureus,mean_hydrophobicity,0.9999965435924416,0.9588394325849204,0.834432539427252,-0.041157111007521174,0.1244068931576684
s_aureus,mean_hydrophobicity,0.9999965435924416,0.9588394325849204,0.8312422922263187,-0.041157111007521174,0.1275971403586017
s_aureus,mean_hydrophobicity,0.9999965435924416,0.9588394325849204,0.8817236623844714,-0.041157111007521174,0.07711577020044902
s_aureus,mean_hydrophobicity,0.9999965435924416,0.9588394325849204,0.8395792741140479,-0.041157111007521174,0.11926015847087257
s_aureus,mean_hydrophobicity,0.9999965435924416,0.9588394325849204,0.8944306141530106,-0.041157111007521174,0.06440881843190982
s_aureus,mean_hydrophobicity,0.9999965435924416,0.9642932597895892,0.8515373700570503,-0.03570328380285237,0.11275588973253892
s_aureus,mean_hydrophobicity,0.9999965435924416,0.9642932597895892,0.831503479040833,-0.03570328380285237,0.13278978074875625
s_aureus,mean_hydrophobicity,0.9999965435924416,0.9642932597895892,0.8620592431522527,-0.03570328380285237,0.10223401663733656
s_aureus,mean_hydrophobicity,0.9999965435924416,0.9642932597895892,0.8702141253866899,-0.03570328380285237,0.09407913440289939
s_aureus,mean_hydrophobicity,0.9999965435924416,0.9642932597895892,0.8317095508914376,-0.03570328380285237,0.13258370889815163
s_aureus,mean_hydrophobicity,0.9999965435924416,0.9642932597895892,0.834432539427252,-0.03570328380285237,0.1298607203623372
s_aureus,mean_hydrophobicity,0.9999965435924416,0.9642932597895892,0.8312422922263187,-0.03570328380285237,0.1330509675632705
s_aureus,mean_hydrophobicity,0.9999965435924416,0.9642932597895892,0.8817236623844714,-0.03570328380285237,0.08256959740511782
s_aureus,mean_hydrophobicity,0.9999965435924416,0.9642932597895892,0.8395792741140479,-0.03570328380285237,0.12471398567554137
s_aureus,mean_hydrophobicity,0.9999965435924416,0.9642932597895892,0.8944306141530106,-0.03570328380285237,0.06986264563657862
s_aureus,mean_hydrophobicity,0.9999965435924416,0.9483604891724916,0.8515373700570503,-0.051636054419950006,0.09682311911544128
s_aureus,mean_hydrophobicity,0.9999965435924416,0.9483604891724916,0.831503479040833,-0.051636054419950006,0.11685701013165861
s_aureus,mean_hydrophobicity,0.9999965435924416,0.9483604891724916,0.8620592431522527,-0.051636054419950006,0.08630124602023892
s_aureus,mean_hydrophobicity,0.9999965435924416,0.9483604891724916,0.8702141253866899,-0.051636054419950006,0.07814636378580175
s_aureus,mean_hydrophobicity,0.9999965435924416,0.9483604891724916,0.8317095508914376,-0.051636054419950006,0.116650938281054
s_aureus,mean_hydrophobicity,0.9999965435924416,0.9483604891724916,0.834432539427252,-0.051636054419950006,0.11392794974523957
s_aureus,mean_hydrophobicity,0.9999965435924416,0.9483604891724916,0.8312422922263187,-0.051636054419950006,0.11711819694617287
s_aureus,mean_hydrophobicity,0.9999965435924416,0.9483604891724916,0.8817236623844714,-0.051636054419950006,0.06663682678802019
s_aureus,mean_hydrophobicity,0.9999965435924416,0.9483604891724916,0.8395792741140479,-0.051636054419950006,0.10878121505844374
s_aureus,mean_hydrophobicity,0.9999965435924416,0.9483604891724916,0.8944306141530106,-0.051636054419950006,0.05392987501948099
s_aureus,mean_hydrophobicity,0.9999965435924416,0.9693280304893273,0.8515373700570503,-0.03066851310311436,0.11779066043227693
s_aureus,mean_hydrophobicity,0.9999965435924416,0.9693280304893273,0.831503479040833,-0.03066851310311436,0.13782455144849426
s_aureus,mean_hydrophobicity,0.9999965435924416,0.9693280304893273,0.8620592431522527,-0.03066851310311436,0.10726878733707457
s_aureus,mean_hydrophobicity,0.9999965435924416,0.9693280304893273,0.8702141253866899,-0.03066851310311436,0.0991139051026374
s_aureus,mean_hydrophobicity,0.9999965435924416,0.9693280304893273,0.8317095508914376,-0.03066851310311436,0.13761847959788964
s_aureus,mean_hydrophobicity,0.9999965435924416,0.9693280304893273,0.834432539427252,-0.03066851310311436,0.1348954910620752
s_aureus,mean_hydrophobicity,0.9999965435924416,0.9693280304893273,0.8312422922263187,-0.03066851310311436,0.13808573826300852
s_aureus,mean_hydrophobicity,0.9999965435924416,0.9693280304893273,0.8817236623844714,-0.03066851310311436,0.08760436810485583
s_aureus,mean_hydrophobicity,0.9999965435924416,0.9693280304893273,0.8395792741140479,-0.03066851310311436,0.12974875637527938
s_aureus,mean_hydrophobicity,0.9999965435924416,0.9693280304893273,0.8944306141530106,-0.03066851310311436,0.07489741633631664
s_aureus,mean_hydrophobicity,0.9999965435924416,0.9555549369210432,0.8515373700570503,-0.044441606671398404,0.10401756686399288
s_aureus,mean_hydrophobicity,0.9999965435924416,0.9555549369210432,0.831503479040833,-0.044441606671398404,0.12405145788021021
s_aureus,mean_hydrophobicity,0.9999965435924416,0.9555549369210432,0.8620592431522527,-0.044441606671398404,0.09349569376879052
s_aureus,mean_hydrophobicity,0.9999965435924416,0.9555549369210432,0.8702141253866899,-0.044441606671398404,0.08534081153435336
s_aureus,mean_hydrophobicity,0.9999965435924416,0.9555549369210432,0.8317095508914376,-0.044441606671398404,0.1238453860296056
s_aureus,mean_hydrophobicity,0.9999965435924416,0.9555549369210432,0.834432539427252,-0.044441606671398404,0.12112239749379117
s_aureus,mean_hydrophobicity,0.9999965435924416,0.9555549369210432,0.8312422922263187,-0.044441606671398404,0.12431264469472447
s_aureus,mean_hydrophobicity,0.9999965435924416,0.9555549369210432,0.8817236623844714,-0.044441606671398404,0.07383127453657179
s_aureus,mean_hydrophobicity,0.9999965435924416,0.9555549369210432,0.8395792741140479,-0.044441606671398404,0.11597566280699534
s_aureus,mean_hydrophobicity,0.9999965435924416,0.9555549369210432,0.8944306141530106,-0.044441606671398404,0.06112432276803259
s_aureus,mean_hydrophobicity,0.9999965435924416,0.9574655421367804,0.8515373700570503,-0.042531001455661244,0.10592817207973004
s_aureus,mean_hydrophobicity,0.9999965435924416,0.9574655421367804,0.831503479040833,-0.042531001455661244,0.12596206309594737
s_aureus,mean_hydrophobicity,0.9999965435924416,0.9574655421367804,0.8620592431522527,-0.042531001455661244,0.09540629898452768
s_aureus,mean_hydrophobicity,0.9999965435924416,0.9574655421367804,0.8702141253866899,-0.042531001455661244,0.08725141675009052
s_aureus,mean_hydrophobicity,0.9999965435924416,0.9574655421367804,0.8317095508914376,-0.042531001455661244,0.12575599124534276
s_aureus,mean_hydrophobicity,0.9999965435924416,0.9574655421367804,0.834432539427252,-0.042531001455661244,0.12303300270952833
s_aureus,mean_hydrophobicity,0.9999965435924416,0.9574655421367804,0.8312422922263187,-0.042531001455661244,0.12622324991046163
s_aureus,mean_hydrophobicity,0.9999965435924416,0.9574655421367804,0.8817236623844714,-0.042531001455661244,0.07574187975230895
s_aureus,mean_hydrophobicity,0.9999965435924416,0.9574655421367804,0.8395792741140479,-0.042531001455661244,0.1178862680227325
s_aureus,mean_hydrophobicity,0.9999965435924416,0.9574655421367804,0.8944306141530106,-0.042531001455661244,0.06303492798376975
s_aureus,mean_hydrophobicity,0.9999965435924416,0.9640057574544668,0.8515373700570503,-0.035990786137974795,0.11246838739741649
s_aureus,mean_hydrophobicity,0.9999965435924416,0.9640057574544668,0.831503479040833,-0.035990786137974795,0.13250227841363382
s_aureus,mean_hydrophobicity,0.9999965435924416,0.9640057574544668,0.8620592431522527,-0.035990786137974795,0.10194651430221413
s_aureus,mean_hydrophobicity,0.9999965435924416,0.9640057574544668,0.8702141253866899,-0.035990786137974795,0.09379163206777696
s_aureus,mean_hydrophobicity,0.9999965435924416,0.9640057574544668,0.8317095508914376,-0.035990786137974795,0.1322962065630292
s_aureus,mean_hydrophobicity,0.9999965435924416,0.9640057574544668,0.834432539427252,-0.035990786137974795,0.12957321802721478
s_aureus,mean_hydrophobicity,0.9999965435924416,0.9640057574544668,0.8312422922263187,-0.035990786137974795,0.13276346522814808
s_aureus,mean_hydrophobicity,0.9999965435924416,0.9640057574544668,0.8817236623844714,-0.035990786137974795,0.0822820950699954
s_aureus,mean_hydrophobicity,0.9999965435924416,0.9640057574544668,0.8395792741140479,-0.035990786137974795,0.12442648334041895
s_aureus,mean_hydrophobicity,0.9999965435924416,0.9640057574544668,0.8944306141530106,-0.035990786137974795,0.0695751433014562
s_aureus,mean_hydrophobicity,0.9999965435924416,0.9525119441559978,0.8515373700570503,-0.047484599436443786,0.1009745740989475
s_aureus,mean_hydrophobicity,0.9999965435924416,0.9525119441559978,0.831503479040833,-0.047484599436443786,0.12100846511516483
s_aureus,mean_hydrophobicity,0.9999965435924416,0.9525119441559978,0.8620592431522527,-0.047484599436443786,0.09045270100374514
s_aureus,mean_hydrophobicity,0.9999965435924416,0.9525119441559978,0.8702141253866899,-0.047484599436443786,0.08229781876930797
s_aureus,mean_hydrophobicity,0.9999965435924416,0.9525119441559978,0.8317095508914376,-0.047484599436443786,0.12080239326456021
s_aureus,mean_hydrophobicity,0.9999965435924416,0.9525119441559978,0.834432539427252,-0.047484599436443786,0.11807940472874578
s_aureus,mean_hydrophobicity,0.9999965435924416,0.9525119441559978,0.8312422922263187,-0.047484599436443786,0.12126965192967909
s_aureus,mean_hydrophobicity,0.9999965435924416,0.9525119441559978,0.8817236623844714,-0.047484599436443786,0.0707882817715264
s_aureus,mean_hydrophobicity,0.9999965435924416,0.9525119441559978,0.8395792741140479,-0.047484599436443786,0.11293267004194996
s_aureus,mean_hydrophobicity,0.9999965435924416,0.9525119441559978,0.8944306141530106,-0.047484599436443786,0.05808133000298721
s_aureus,mean_hydrophobicity,0.9999965435924416,0.9470445491094484,0.8515373700570503,-0.05295199448299326,0.09550717905239803
s_aureus,mean_hydrophobicity,0.9999965435924416,0.9470445491094484,0.831503479040833,-0.05295199448299326,0.11554107006861536
s_aureus,mean_hydrophobicity,0.9999965435924416,0.9470445491094484,0.8620592431522527,-0.05295199448299326,0.08498530595719567
s_aureus,mean_hydrophobicity,0.9999965435924416,0.9470445491094484,0.8702141253866899,-0.05295199448299326,0.0768304237227585
s_aureus,mean_hydrophobicity,0.9999965435924416,0.9470445491094484,0.8317095508914376,-0.05295199448299326,0.11533499821801074
s_aureus,mean_hydrophobicity,0.9999965435924416,0.9470445491094484,0.834432539427252,-0.05295199448299326,0.11261200968219631
s_aureus,mean_hydrophobicity,0.9999965435924416,0.9470445491094484,0.8312422922263187,-0.05295199448299326,0.11580225688312962
s_aureus,mean_hydrophobicity,0.9999965435924416,0.9470445491094484,0.8817236623844714,-0.05295199448299326,0.06532088672497693
s_aureus,mean_hydrophobicity,0.9999965435924416,0.9470445491094484,0.8395792741140479,-0.05295199448299326,0.10746527499540048
s_aureus,mean_hydrophobicity,0.9999965435924416,0.9470445491094484,0.8944306141530106,-0.05295199448299326,0.052613934956437736
s_aureus,net_charge,0.860774395267232,0.9203980703025608,0.8374193124137368,0.05962367503532884,0.08297875788882403
s_aureus,net_charge,0.860774395267232,0.9203980703025608,0.8200667188094753,0.05962367503532884,0.10033135149308547
s_aureus,net_charge,0.860774395267232,0.9203980703025608,0.8664360845559661,0.05962367503532884,0.05396198574659472
s_aureus,net_charge,0.860774395267232,0.9203980703025608,0.7993957599740913,0.05962367503532884,0.12100231032846953
s_aureus,net_charge,0.860774395267232,0.9203980703025608,0.8307848799883556,0.05962367503532884,0.08961319031420523
s_aureus,net_charge,0.860774395267232,0.9203980703025608,0.8644769143322746,0.05962367503532884,0.05592115597028624
s_aureus,net_charge,0.860774395267232,0.9203980703025608,0.8169524333214592,0.05962367503532884,0.10344563698110165
s_aureus,net_charge,0.860774395267232,0.9203980703025608,0.8373687321533805,0.05962367503532884,0.08302933814918034
s_aureus,net_charge,0.860774395267232,0.9203980703025608,0.8518498817977896,0.05962367503532884,0.06854818850477118
s_aureus,net_charge,0.860774395267232,0.9203980703025608,0.8614453816207059,0.05962367503532884,0.05895268868185488
s_aureus,net_charge,0.860774395267232,0.9369915144637196,0.8374193124137368,0.07621711919648766,0.09957220204998285
s_aureus,net_charge,0.860774395267232,0.9369915144637196,0.8200667188094753,0.07621711919648766,0.1169247956542443
s_aureus,net_charge,0.860774395267232,0.9369915144637196,0.8664360845559661,0.07621711919648766,0.07055542990775354
s_aureus,net_charge,0.860774395267232,0.9369915144637196,0.7993957599740913,0.07621711919648766,0.13759575448962835
s_aureus,net_charge,0.860774395267232,0.9369915144637196,0.8307848799883556,0.07621711919648766,0.10620663447536405
s_aureus,net_charge,0.860774395267232,0.9369915144637196,0.8644769143322746,0.07621711919648766,0.07251460013144506
s_aureus,net_charge,0.860774395267232,0.9369915144637196,0.8169524333214592,0.07621711919648766,0.12003908114226047
s_aureus,net_charge,0.860774395267232,0.9369915144637196,0.8373687321533805,0.07621711919648766,0.09962278231033916
s_aureus,net_charge,0.860774395267232,0.9369915144637196,0.8518498817977896,0.07621711919648766,0.08514163266593
s_aureus,net_charge,0.860774395267232,0.9369915144637196,0.8614453816207059,0.07621711919648766,0.0755461328430137
s_aureus,net_charge,0.860774395267232,0.9358223999340114,0.8374193124137368,0.07504800466677941,0.0984030875202746
s_aureus,net_charge,0.860774395267232,0.9358223999340114,0.8200667188094753,0.07504800466677941,0.11575568112453605
s_aureus,net_charge,0.860774395267232,0.9358223999340114,0.8664360845559661,0.07504800466677941,0.0693863153780453
s_aureus,net_charge,0.860774395267232,0.9358223999340114,0.7993957599740913,0.07504800466677941,0.1364266399599201
s_aureus,net_charge,0.860774395267232,0.9358223999340114,0.8307848799883556,0.07504800466677941,0.1050375199456558
s_aureus,net_charge,0.860774395267232,0.9358223999340114,0.8644769143322746,0.07504800466677941,0.07134548560173681
s_aureus,net_charge,0.860774395267232,0.9358223999340114,0.8169524333214592,0.07504800466677941,0.11886996661255222
s_aureus,net_charge,0.860774395267232,0.9358223999340114,0.8373687321533805,0.07504800466677941,0.09845366778063092
s_aureus,net_charge,0.860774395267232,0.9358223999340114,0.8518498817977896,0.07504800466677941,0.08397251813622175
s_aureus,net_charge,0.860774395267232,0.9358223999340114,0.8614453816207059,0.07504800466677941,0.07437701831330545
s_aureus,net_charge,0.860774395267232,0.9455681163298724,0.8374193124137368,0.08479372106264038,0.10814880391613557
s_aureus,net_charge,0.860774395267232,0.9455681163298724,0.8200667188094753,0.08479372106264038,0.12550139752039702
s_aureus,net_charge,0.860774395267232,0.9455681163298724,0.8664360845559661,0.08479372106264038,0.07913203177390626
s_aureus,net_charge,0.860774395267232,0.9455681163298724,0.7993957599740913,0.08479372106264038,0.14617235635578107
s_aureus,net_charge,0.860774395267232,0.9455681163298724,0.8307848799883556,0.08479372106264038,0.11478323634151677
s_aureus,net_charge,0.860774395267232,0.9455681163298724,0.8644769143322746,0.08479372106264038,0.08109120199759778
s_aureus,net_charge,0.860774395267232,0.9455681163298724,0.8169524333214592,0.08479372106264038,0.1286156830084132
s_aureus,net_charge,0.860774395267232,0.9455681163298724,0.8373687321533805,0.08479372106264038,0.10819938417649189
s_aureus,net_charge,0.860774395267232,0.9455681163298724,0.8518498817977896,0.08479372106264038,0.09371823453208272
s_aureus,net_charge,0.860774395267232,0.9455681163298724,0.8614453816207059,0.08479372106264038,0.08412273470916642
s_aureus,net_charge,0.860774395267232,0.9360498352354464,0.8374193124137368,0.0752754399682144,0.09863052282170959
s_aureus,net_charge,0.860774395267232,0.9360498352354464,0.8200667188094753,0.0752754399682144,0.11598311642597103
s_aureus,net_charge,0.860774395267232,0.9360498352354464,0.8664360845559661,0.0752754399682144,0.06961375067948028
s_aureus,net_charge,0.860774395267232,0.9360498352354464,0.7993957599740913,0.0752754399682144,0.1366540752613551
s_aureus,net_charge,0.860774395267232,0.9360498352354464,0.8307848799883556,0.0752754399682144,0.10526495524709079
s_aureus,net_charge,0.860774395267232,0.9360498352354464,0.8644769143322746,0.0752754399682144,0.0715729209031718
s_aureus,net_charge,0.860774395267232,0.9360498352354464,0.8169524333214592,0.0752754399682144,0.11909740191398721
s_aureus,net_charge,0.860774395267232,0.9360498352354464,0.8373687321533805,0.0752754399682144,0.0986811030820659
s_aureus,net_charge,0.860774395267232,0.9360498352354464,0.8518498817977896,0.0752754399682144,0.08419995343765674
s_aureus,net_charge,0.860774395267232,0.9360498352354464,0.8614453816207059,0.0752754399682144,0.07460445361474044
s_aureus,net_charge,0.860774395267232,0.9324508750134,0.8374193124137368,0.07167647974616798,0.09503156259966317
s_aureus,net_charge,0.860774395267232,0.9324508750134,0.8200667188094753,0.07167647974616798,0.11238415620392461
s_aureus,net_charge,0.860774395267232,0.9324508750134,0.8664360845559661,0.07167647974616798,0.06601479045743386
s_aureus,net_charge,0.860774395267232,0.9324508750134,0.7993957599740913,0.07167647974616798,0.13305511503930867
s_aureus,net_charge,0.860774395267232,0.9324508750134,0.8307848799883556,0.07167647974616798,0.10166599502504436
s_aureus,net_charge,0.860774395267232,0.9324508750134,0.8644769143322746,0.07167647974616798,0.06797396068112538
s_aureus,net_charge,0.860774395267232,0.9324508750134,0.8169524333214592,0.07167647974616798,0.11549844169194079
s_aureus,net_charge,0.860774395267232,0.9324508750134,0.8373687321533805,0.07167647974616798,0.09508214286001948
s_aureus,net_charge,0.860774395267232,0.9324508750134,0.8518498817977896,0.07167647974616798,0.08060099321561032
s_aureus,net_charge,0.860774395267232,0.9324508750134,0.8614453816207059,0.07167647974616798,0.07100549339269402
s_aureus,net_charge,0.860774395267232,0.9262946921985732,0.8374193124137368,0.0655202969313412,0.0888753797848364
s_aureus,net_charge,0.860774395267232,0.9262946921985732,0.8200667188094753,0.0655202969313412,0.10622797338909784
s_aureus,net_charge,0.860774395267232,0.9262946921985732,0.8664360845559661,0.0655202969313412,0.05985860764260709
s_aureus,net_charge,0.860774395267232,0.9262946921985732,0.7993957599740913,0.0655202969313412,0.1268989322244819
s_aureus,net_charge,0.860774395267232,0.9262946921985732,0.8307848799883556,0.0655202969313412,0.09550981221021759
s_aureus,net_charge,0.860774395267232,0.9262946921985732,0.8644769143322746,0.0655202969313412,0.06181777786629861
s_aureus,net_charge,0.860774395267232,0.9262946921985732,0.8169524333214592,0.0655202969313412,0.10934225887711402
s_aureus,net_charge,0.860774395267232,0.9262946921985732,0.8373687321533805,0.0655202969313412,0.08892596004519271
s_aureus,net_charge,0.860774395267232,0.9262946921985732,0.8518498817977896,0.0655202969313412,0.07444481040078355
s_aureus,net_charge,0.860774395267232,0.9262946921985732,0.8614453816207059,0.0655202969313412,0.06484931057786725
s_aureus,net_charge,0.860774395267232,0.9392435905901044,0.8374193124137368,0.07846919532287244,0.10182427817636763
s_aureus,net_charge,0.860774395267232,0.9392435905901044,0.8200667188094753,0.07846919532287244,0.11917687178062908
s_aureus,net_charge,0.860774395267232,0.9392435905901044,0.8664360845559661,0.07846919532287244,0.07280750603413833
s_aureus,net_charge,0.860774395267232,0.9392435905901044,0.7993957599740913,0.07846919532287244,0.13984783061601314
s_aureus,net_charge,0.860774395267232,0.9392435905901044,0.8307848799883556,0.07846919532287244,0.10845871060174883
s_aureus,net_charge,0.860774395267232,0.9392435905901044,0.8644769143322746,0.07846919532287244,0.07476667625782984
s_aureus,net_charge,0.860774395267232,0.9392435905901044,0.8169524333214592,0.07846919532287244,0.12229115726864526
s_aureus,net_charge,0.860774395267232,0.9392435905901044,0.8373687321533805,0.07846919532287244,0.10187485843672395
s_aureus,net_charge,0.860774395267232,0.9392435905901044,0.8518498817977896,0.07846919532287244,0.08739370879231478
s_aureus,net_charge,0.860774395267232,0.9392435905901044,0.8614453816207059,0.07846919532287244,0.07779820896939849
s_aureus,net_charge,0.860774395267232,0.9321775493227592,0.8374193124137368,0.07140315405552722,0.09475823690902241
s_aureus,net_charge,0.860774395267232,0.9321775493227592,0.8200667188094753,0.07140315405552722,0.11211083051328385
s_aureus,net_charge,0.860774395267232,0.9321775493227592,0.8664360845559661,0.07140315405552722,0.0657414647667931
s_aureus,net_charge,0.860774395267232,0.9321775493227592,0.7993957599740913,0.07140315405552722,0.1327817893486679
s_aureus,net_charge,0.860774395267232,0.9321775493227592,0.8307848799883556,0.07140315405552722,0.1013926693344036
s_aureus,net_charge,0.860774395267232,0.9321775493227592,0.8644769143322746,0.07140315405552722,0.06770063499048462
s_aureus,net_charge,0.860774395267232,0.9321775493227592,0.8169524333214592,0.07140315405552722,0.11522511600130003
s_aureus,net_charge,0.860774395267232,0.9321775493227592,0.8373687321533805,0.07140315405552722,0.09480881716937872
s_aureus,net_charge,0.860774395267232,0.9321775493227592,0.8518498817977896,0.07140315405552722,0.08032766752496956
s_aureus,net_charge,0.860774395267232,0.9321775493227592,0.8614453816207059,0.07140315405552722,0.07073216770205326
s_aureus,net_charge,0.860774395267232,0.9257525665429516,0.8374193124137368,0.06497817127571959,0.08833325412921478
s_aureus,net_charge,0.860774395267232,0.9257525665429516,0.8200667188094753,0.06497817127571959,0.10568584773347622
s_aureus,net_charge,0.860774395267232,0.9257525665429516,0.8664360845559661,0.06497817127571959,0.05931648198698547
s_aureus,net_charge,0.860774395267232,0.9257525665429516,0.7993957599740913,0.06497817127571959,0.12635680656886028
s_aureus,net_charge,0.860774395267232,0.9257525665429516,0.8307848799883556,0.06497817127571959,0.09496768655459598
s_aureus,net_charge,0.860774395267232,0.9257525665429516,0.8644769143322746,0.06497817127571959,0.06127565221067699
s_aureus,net_charge,0.860774395267232,0.9257525665429516,0.8169524333214592,0.06497817127571959,0.1088001332214924
s_aureus,net_charge,0.860774395267232,0.9257525665429516,0.8373687321533805,0.06497817127571959,0.08838383438957109
s_aureus,net_charge,0.860774395267232,0.9257525665429516,0.8518498817977896,0.06497817127571959,0.07390268474516193
s_aureus,net_charge,0.860774395267232,0.9257525665429516,0.8614453816207059,0.06497817127571959,0.06430718492224563
s_aureus,pI,0.8736664795025979,0.8595664251919048,0.7439783702544276,-0.014100054310693055,0.11558805493747726
s_aureus,pI,0.8736664795025979,0.8595664251919048,0.7748296463206943,-0.014100054310693055,0.08473677887121056
s_aureus,pI,0.8736664795025979,0.8595664251919048,0.7799601685184876,-0.014100054310693055,0.07960625667341725
s_aureus,pI,0.8736664795025979,0.8595664251919048,0.7624585777032398,-0.014100054310693055,0.09710784748866508
s_aureus,pI,0.8736664795025979,0.8595664251919048,0.8261272759085942,-0.014100054310693055,0.0334391492833106
s_aureus,pI,0.8736664795025979,0.8595664251919048,0.7601707689445307,-0.014100054310693055,0.09939565624737412
s_aureus,pI,0.8736664795025979,0.8595664251919048,0.8022652428676044,-0.014100054310693055,0.05730118232430048
s_aureus,pI,0.8736664795025979,0.8595664251919048,0.8026064052633021,-0.014100054310693055,0.05696001992860278
s_aureus,pI,0.8736664795025979,0.8595664251919048,0.8330413731356063,-0.014100054310693055,0.026525052056298515
s_aureus,pI,0.8736664795025979,0.8595664251919048,0.717707828316255,-0.014100054310693055,0.14185859687564983
s_aureus,pI,0.8736664795025979,0.904058656056087,0.7439783702544276,0.030392176553489136,0.16008028580165945
s_aureus,pI,0.8736664795025979,0.904058656056087,0.7748296463206943,0.030392176553489136,0.12922900973539275
s_aureus,pI,0.8736664795025979,0.904058656056087,0.7799601685184876,0.030392176553489136,0.12409848753759944
s_aureus,pI,0.8736664795025979,0.904058656056087,0.7624585777032398,0.030392176553489136,0.14160007835284727
s_aureus,pI,0.8736664795025979,0.904058656056087,0.8261272759085942,0.030392176553489136,0.07793138014749279
s_aureus,pI,0.8736664795025979,0.904058656056087,0.7601707689445307,0.030392176553489136,0.1438878871115563
s_aureus,pI,0.8736664795025979,0.904058656056087,0.8022652428676044,0.030392176553489136,0.10179341318848267
s_aureus,pI,0.8736664795025979,0.904058656056087,0.8026064052633021,0.030392176553489136,0.10145225079278497
s_aureus,pI,0.8736664795025979,0.904058656056087,0.8330413731356063,0.030392176553489136,0.0710172829204807
s_aureus,pI,0.8736664795025979,0.904058656056087,0.717707828316255,0.030392176553489136,0.18635082773983203
s_aureus,pI,0.8736664795025979,0.8958819820924361,0.7439783702544276,0.022215502589838176,0.1519036118380085
s_aureus,pI,0.8736664795025979,0.8958819820924361,0.7748296463206943,0.022215502589838176,0.12105233577174179
s_aureus,pI,0.8736664795025979,0.8958819820924361,0.7799601685184876,0.022215502589838176,0.11592181357394848
s_aureus,pI,0.8736664795025979,0.8958819820924361,0.7624585777032398,0.022215502589838176,0.1334234043891963
s_aureus,pI,0.8736664795025979,0.8958819820924361,0.8261272759085942,0.022215502589838176,0.06975470618384183
s_aureus,pI,0.8736664795025979,0.8958819820924361,0.7601707689445307,0.022215502589838176,0.13571121314790535
s_aureus,pI,0.8736664795025979,0.8958819820924361,0.8022652428676044,0.022215502589838176,0.09361673922483171
s_aureus,pI,0.8736664795025979,0.8958819820924361,0.8026064052633021,0.022215502589838176,0.09327557682913401
s_aureus,pI,0.8736664795025979,0.8958819820924361,0.8330413731356063,0.022215502589838176,0.06284060895682975
s_aureus,pI,0.8736664795025979,0.8958819820924361,0.717707828316255,0.022215502589838176,0.17817415377618107
s_aureus,pI,0.8736664795025979,0.9064240392347176,0.7439783702544276,0.03275755973211969,0.16244566898029
s_aureus,pI,0.8736664795025979,0.9064240392347176,0.7748296463206943,0.03275755973211969,0.1315943929140233
s_aureus,pI,0.8736664795025979,0.9064240392347176,0.7799601685184876,0.03275755973211969,0.12646387071623
s_aureus,pI,0.8736664795025979,0.9064240392347176,0.7624585777032398,0.03275755973211969,0.14396546153147782
s_aureus,pI,0.8736664795025979,0.9064240392347176,0.8261272759085942,0.03275755973211969,0.08029676332612334
s_aureus,pI,0.8736664795025979,0.9064240392347176,0.7601707689445307,0.03275755973211969,0.14625327029018687
s_aureus,pI,0.8736664795025979,0.9064240392347176,0.8022652428676044,0.03275755973211969,0.10415879636711323
s_aureus,pI,0.8736664795025979,0.9064240392347176,0.8026064052633021,0.03275755973211969,0.10381763397141552
s_aureus,pI,0.8736664795025979,0.9064240392347176,0.8330413731356063,0.03275755973211969,0.07338266609911126
s_aureus,pI,0.8736664795025979,0.9064240392347176,0.717707828316255,0.03275755973211969,0.18871621091846258
s_aureus,pI,0.8736664795025979,0.9131214468206722,0.7439783702544276,0.0394549673180743,0.1691430765662446
s_aureus,pI,0.8736664795025979,0.9131214468206722,0.7748296463206943,0.0394549673180743,0.1382918004999779
s_aureus,pI,0.8736664795025979,0.9131214468206722,0.7799601685184876,0.0394549673180743,0.1331612783021846
s_aureus,pI,0.8736664795025979,0.9131214468206722,0.7624585777032398,0.0394549673180743,0.15066286911743243
s_aureus,pI,0.8736664795025979,0.9131214468206722,0.8261272759085942,0.0394549673180743,0.08699417091207795
s_aureus,pI,0.8736664795025979,0.9131214468206722,0.7601707689445307,0.0394549673180743,0.15295067787614147
s_aureus,pI,0.8736664795025979,0.9131214468206722,0.8022652428676044,0.0394549673180743,0.11085620395306783
s_aureus,pI,0.8736664795025979,0.9131214468206722,0.8026064052633021,0.0394549673180743,0.11051504155737013
s_aureus,pI,0.8736664795025979,0.9131214468206722,0.8330413731356063,0.0394549673180743,0.08008007368506587
s_aureus,pI,0.8736664795025979,0.9131214468206722,0.717707828316255,0.0394549673180743,0.19541361850441719
s_aureus,pI,0.8736664795025979,0.8899143635250204,0.7439783702544276,0.0162478840224225,0.1459359932705928
s_aureus,pI,0.8736664795025979,0.8899143635250204,0.7748296463206943,0.0162478840224225,0.11508471720432611
s_aureus,pI,0.8736664795025979,0.8899143635250204,0.7799601685184876,0.0162478840224225,0.1099541950065328
s_aureus,pI,0.8736664795025979,0.8899143635250204,0.7624585777032398,0.0162478840224225,0.12745578582178063
s_aureus,pI,0.8736664795025979,0.8899143635250204,0.8261272759085942,0.0162478840224225,0.06378708761642615
s_aureus,pI,0.8736664795025979,0.8899143635250204,0.7601707689445307,0.0162478840224225,0.12974359458048967
s_aureus,pI,0.8736664795025979,0.8899143635250204,0.8022652428676044,0.0162478840224225,0.08764912065741604
s_aureus,pI,0.8736664795025979,0.8899143635250204,0.8026064052633021,0.0162478840224225,0.08730795826171833
s_aureus,pI,0.8736664795025979,0.8899143635250204,0.8330413731356063,0.0162478840224225,0.05687299038941407
s_aureus,pI,0.8736664795025979,0.8899143635250204,0.717707828316255,0.0162478840224225,0.1722065352087654
s_aureus,pI,0.8736664795025979,0.9087193932257596,0.7439783702544276,0.03505291372316166,0.16474102297133197
s_aureus,pI,0.8736664795025979,0.9087193932257596,0.7748296463206943,0.03505291372316166,0.13388974690506528
s_aureus,pI,0.8736664795025979,0.9087193932257596,0.7799601685184876,0.03505291372316166,0.12875922470727197
s_aureus,pI,0.8736664795025979,0.9087193932257596,0.7624585777032398,0.03505291372316166,0.1462608155225198
s_aureus,pI,0.8736664795025979,0.9087193932257596,0.8261272759085942,0.03505291372316166,0.08259211731716531
s_aureus,pI,0.8736664795025979,0.9087193932257596,0.7601707689445307,0.03505291372316166,0.14854862428122884
s_aureus,pI,0.8736664795025979,0.9087193932257596,0.8022652428676044,0.03505291372316166,0.1064541503581552
s_aureus,pI,0.8736664795025979,0.9087193932257596,0.8026064052633021,0.03505291372316166,0.1061129879624575
s_aureus,pI,0.8736664795025979,0.9087193932257596,0.8330413731356063,0.03505291372316166,0.07567802009015323
s_aureus,pI,0.8736664795025979,0.9087193932257596,0.717707828316255,0.03505291372316166,0.19101156490950455
s_aureus,pI,0.8736664795025979,0.904166600036148,0.7439783702544276,0.030500120533550112,0.16018822978172043
s_aureus,pI,0.8736664795025979,0.904166600036148,0.7748296463206943,0.030500120533550112,0.12933695371545373
s_aureus,pI,0.8736664795025979,0.904166600036148,0.7799601685184876,0.030500120533550112,0.12420643151766042
s_aureus,pI,0.8736664795025979,0.904166600036148,0.7624585777032398,0.030500120533550112,0.14170802233290825
s_aureus,pI,0.8736664795025979,0.904166600036148,0.8261272759085942,0.030500120533550112,0.07803932412755377
s_aureus,pI,0.8736664795025979,0.904166600036148,0.7601707689445307,0.030500120533550112,0.1439958310916173
s_aureus,pI,0.8736664795025979,0.904166600036148,0.8022652428676044,0.030500120533550112,0.10190135716854365
s_aureus,pI,0.8736664795025979,0.904166600036148,0.8026064052633021,0.030500120533550112,0.10156019477284595
s_aureus,pI,0.8736664795025979,0.904166600036148,0.8330413731356063,0.030500120533550112,0.07112522690054168
s_aureus,pI,0.8736664795025979,0.904166600036148,0.717707828316255,0.030500120533550112,0.186458771719893
s_aureus,pI,0.8736664795025979,0.9088621395899558,0.7439783702544276,0.03519566008735786,0.16488376933552817
s_aureus,pI,0.8736664795025979,0.9088621395899558,0.7748296463206943,0.03519566008735786,0.13403249326926148
s_aureus,pI,0.8736664795025979,0.9088621395899558,0.7799601685184876,0.03519566008735786,0.12890197107146817
s_aureus,pI,0.8736664795025979,0.9088621395899558,0.7624585777032398,0.03519566008735786,0.146403561886716
s_aureus,pI,0.8736664795025979,0.9088621395899558,0.8261272759085942,0.03519566008735786,0.08273486368136151
s_aureus,pI,0.8736664795025979,0.9088621395899558,0.7601707689445307,0.03519566008735786,0.14869137064542504
s_aureus,pI,0.8736664795025979,0.9088621395899558,0.8022652428676044,0.03519566008735786,0.1065968967223514
s_aureus,pI,0.8736664795025979,0.9088621395899558,0.8026064052633021,0.03519566008735786,0.1062557343266537
s_aureus,pI,0.8736664795025979,0.9088621395899558,0.8330413731356063,0.03519566008735786,0.07582076645434943
s_aureus,pI,0.8736664795025979,0.9088621395899558,0.717707828316255,0.03519566008735786,0.19115431127370075
s_aureus,pI,0.8736664795025979,0.8746780872445894,0.7439783702544276,0.0010116077419914937,0.1306997169901618
s_aureus,pI,0.8736664795025979,0.8746780872445894,0.7748296463206943,0.0010116077419914937,0.09984844092389511
s_aureus,pI,0.8736664795025979,0.8746780872445894,0.7799601685184876,0.0010116077419914937,0.0947179187261018
s_aureus,pI,0.8736664795025979,0.8746780872445894,0.7624585777032398,0.0010116077419914937,0.11221950954134963
s_aureus,pI,0.8736664795025979,0.8746780872445894,0.8261272759085942,0.0010116077419914937,0.04855081133599515
s_aureus,pI,0.8736664795025979,0.8746780872445894,0.7601707689445307,0.0010116077419914937,0.11450731830005867
s_aureus,pI,0.8736664795025979,0.8746780872445894,0.8022652428676044,0.0010116077419914937,0.07241284437698503
s_aureus,pI,0.8736664795025979,0.8746780872445894,0.8026064052633021,0.0010116077419914937,0.07207168198128733
s_aureus,pI,0.8736664795025979,0.8746780872445894,0.8330413731356063,0.0010116077419914937,0.041636714108983064
s_aureus,pI,0.8736664795025979,0.8746780872445894,0.717707828316255,0.0010116077419914937,0.15697025892833438
