,bacterium,Sequence,value,length,Activity,Idx,ID,dataset,label_binned,SVM-pred,LR-pred,L1-pred,L2-pred,ElasticNet-pred,RF-pred,GB-pred,XGBoost-pred,GP-pred
0,S. aureus,AAGMGFFGAR,1.404833717,10,4.595166283,0,0,train,4,4.695239610897146,3.863189790190056,4.410499124714051,3.8348671539700705,4.2780276128461106,4.442396163090007,4.053254480234138,4.5336814,4.595166282961087
1,S. aureus,AAHHIARPIVHVGKTIHRLVTG,1.806179974,22,4.193820026,1,1,train,2,4.293918388876283,4.475929281481673,4.789460341716116,4.710438195437741,4.883463080610318,4.424872345810005,4.5645879998143695,4.2575746,4.19382002622501
2,S. aureus,AAKHAAHRA,2.729534801,9,3.270465199,2,2,train,0,3.3701565430590703,3.5001676080741966,4.307951683516164,3.532766343922768,4.129410567280636,3.512350849510001,3.6485478388610675,3.284236,3.2704651989681186
4,S. aureus,ADADDDDDK,3.255272505,9,2.744727495,4,4,train,0,2.844609774569103,2.785106873981325,3.5616192927455392,2.8791724779030634,3.319298755149318,2.975576292370003,3.1367485426568047,2.785656,2.7447274949573575
8,S. aureus,AFKMALKLLKKVL,0.511883361,13,5.488116639,8,8,train,8,5.388001218319029,5.0992191011681625,4.845991753075951,4.99872558939854,4.843407056358155,5.353779670630001,5.048815172870657,5.4374795,5.488116638862577
9,S. aureus,AGLQFPVGRIGRLLRK,1.22184875,16,4.77815125,9,9,train,4,4.732276649199188,4.930261090341451,4.684781671519899,5.063404416911491,4.696697667088949,4.777343100590002,4.791241240203072,4.7892375,4.778151250188313
14,S. aureus,AGYLLPKINLKPLAKLPKKIL,1.739487737,21,4.260512263,14,14,train,2,4.360597423442364,4.9488028997688005,4.777376493755572,5.060237258536912,4.817103962656773,4.509826322530004,4.740043357125369,4.3028502,4.26051226323272
15,S. aureus,AIFIFIRWLLK,1.204119983,11,4.795880017,15,15,train,4,4.732276643163447,5.1359032695821085,4.986764856273786,5.093229241974748,5.031424082146587,4.957251823250001,5.029652115031267,4.8142805,4.795880016940245
16,S. aureus,AIFIFIRWLLKLGHHGRAPP,0.301029996,20,5.698970004,16,16,train,9,5.598800048944095,5.682771871565232,4.849994886628344,5.531566812750309,4.936391756829443,5.517869131849997,5.121218804063684,5.6404066,5.698970003829911
22,S. aureus,AIHDILKYGKPS,1.0,12,5.0,22,22,train,6,4.900089536159631,4.806928327354609,4.351782243535577,4.931460162217991,4.3723810608605,4.866325074660001,4.603729193747283,4.8876724,4.999999999976972
23,S. aureus,AIHKLAHKLLKKLLKAVKKLAK,1.397940009,22,4.602059991,23,23,train,4,4.702159265520873,5.073563013397546,4.887273171628308,4.985974974768854,4.9448631835885655,4.648865090499996,4.953982943067027,4.659719,4.60205999095004
24,S. aureus,AIHKLAHKLLKKLLRAVKKLAN,1.477121255,22,4.522878745,24,24,train,3,4.622715115476964,5.04482342125787,4.875926412316803,5.0887290452769935,4.91648262704721,4.555080305660006,4.862750967978328,4.5419683,4.522878745075775
25,S. aureus,AIHKLAHKLLKKTLRAVKKLAN,1.477121255,22,4.522878745,25,25,train,3,4.623067974955531,4.686673971664527,4.83620541359007,4.632470612769421,4.875688162008718,4.557019951120007,4.87860822340045,4.5248036,4.5228787449727745
26,S. aureus,AIHNLAHKLLKKLTRAVKKLAN,1.740362689,22,4.259637311,26,26,train,2,4.359701862217306,4.187180367371728,4.804167747705143,4.104115616044687,4.833015506856575,4.4037801050300045,4.94454757856855,4.3163023,4.259637311039846
27,S. aureus,AILTTLANWARKFL,1.597969275,14,4.402030725,27,27,train,3,4.501859565926036,4.581008139588016,4.755703583930457,4.529280230608018,4.730637946654385,4.454505890409996,4.831326212479458,4.476214,4.402030725030822
28,S. aureus,AINPKSVQSLL,2.301029996,11,3.698970004,28,28,train,0,3.798806787064273,3.611003212135799,4.500277542683031,3.5932818769057295,4.368383126181327,3.9444225583399963,3.894700334902173,3.7125518,3.6989700040315556
31,S. aureus,AIPWSIWWHLLFKG,0.822821645,14,5.177178355,31,31,train,6,5.077059271811731,5.159752949095326,4.8986489109564,5.321884293823875,4.968324052708749,5.116630891070008,4.973656751783583,5.1173067,5.177178355000312
32,S. aureus,AIPWSIWWRLLFKG,0.77815125,14,5.22184875,32,32,train,7,5.1220019159147485,5.239329389362268,4.914229905159131,5.374582411191412,5.001730989518317,5.16656901924,4.990006480157469,5.1922317,5.221848750051415
33,S. aureus,AIRRWRIRK,1.534986227,9,4.465013773,33,33,train,3,4.564783531146143,4.109707558073466,4.679525507551483,3.9897466095563816,4.561067559960746,4.540547125470003,4.591818612805566,4.508072,4.465013772989884
34,S. aureus,AKAKAYPAKAKAYP,2.13142941,14,3.86857059,34,34,train,1,3.968736683679663,3.9827171412779876,4.4974263360186,3.848843973295615,4.270664650051525,4.003988445049996,4.057690174953997,3.8867,3.8685705899205827
35,S. aureus,AKHQGLPQE,3.397940009,9,2.602059991,35,35,train,0,2.7018890300621674,2.747132059182726,3.904731474515911,2.8626792455756847,3.3326002523327447,2.8069750021299997,2.7418502599243983,2.6537104,2.6020599911382125
36,S. aureus,AKKFFKKPRVIGVSIPF,1.122180125,17,4.877819875,36,36,train,5,4.777655092805117,4.766043446981275,4.793070131100884,4.720645565137463,4.812105932881481,4.8090474379,4.6357516838703745,4.8382564,4.8778198750149695
37,S. aureus,AKKFGKAFVKIL,2.153062243,12,3.846937757,37,37,train,1,3.9468087812612107,3.9272152608000512,4.702704164578864,3.9380569403582943,4.672354910080659,3.8627612581499964,4.126153093260413,3.8284526,3.8469377570475536
38,S. aureus,AKKIRVRLSA,1.748738073,10,4.251261927,38,38,train,2,4.351367310095321,4.243159989231635,4.5347914586830775,4.274925261308525,4.404264925020544,4.266471984659995,4.060991498656455,4.21621,4.251261927060895
39,S. aureus,AKKVFKRLEKLFS,2.0,13,4.0,39,39,train,1,4.100090775541506,4.281061826852488,4.633113763927713,4.268508007859463,4.539831723579092,4.155306090690001,4.531895228785774,4.070907,3.999999999910242
40,S. aureus,AKKVFKRLEKLFSKI,2.0,15,4.0,40,40,train,1,4.099873583649564,4.608677689069327,4.682300224844187,4.556926332349713,4.633964094782861,4.16583985066,4.720879624846629,4.081255,4.000000000486696
42,S. aureus,AKKVFKRLEKLFSKIQN,2.0,17,4.0,42,42,train,1,4.100169092570872,4.20909071325741,4.684500974723984,4.121703014523776,4.624154927700738,4.16804883497,4.4588255684717,4.0644116,4.000000000012203
48,S. aureus,AKKVFKRLEKSFSKIQNDK,1.714462064,19,4.285537936,48,48,train,2,4.385645084283285,4.005566851508595,4.537718077374029,4.05445485674227,4.442679460868171,4.3551725239000065,4.389290601723168,4.261618,4.285537935966773
49,S. aureus,AKKVFKRLGIGAVLKVLKKG,0.193124598,20,5.806875402,49,49,train,9,5.706716358781787,4.909666903851987,4.7949335326745635,5.0095728031261215,4.836193254791958,5.47203421617,5.1424599961028274,5.658918,5.8068754012907435
51,S. aureus,AKKVFKRLGIGAVLWVLTTG,0.494154594,20,5.505845406,51,51,train,8,5.40602049272838,5.054035183790465,4.841050065249815,5.0093410761369475,4.872932023608414,5.323279555849995,4.92298300309756,5.5070376,5.50584540605205
52,S. aureus,AKKVFKRLGIGAVLWVLTWG,0.494154594,20,5.505845406,52,52,train,8,5.4060195790179995,4.762622102158784,4.9007971263085475,4.78596941071754,4.963707747139222,5.406820366859998,5.01272049212717,5.4293523,5.505845406008262
54,S. aureus,AKKVFKRLRKLFKKI,2.0,15,4.0,54,54,train,1,4.100090340059482,4.827724513235147,4.84853556913865,4.84295769714014,4.888737723872809,4.270810023079999,4.969682880246123,4.161652,4.000000000488789
55,S. aureus,AKKVSKRLEKLFSKIQNDK,1.714691003,19,4.285308997,55,55,train,2,4.38547829814123,4.049999880727121,4.52943331779951,4.221610957837179,4.43038007164323,4.337061052060003,4.405947513304437,4.3159814,4.285308996970017
56,S. aureus,AKLKAYPLKAKLYP,2.095828935,14,3.904171065,56,56,train,1,4.004003113278259,4.348350561618131,4.690100063009509,4.45708087393514,4.598156915877265,4.034330761630006,4.4090777577083,3.9805095,3.9041710651206083
57,S. aureus,AKLWLKAAKLWLKA,1.204119983,14,4.795880017,57,57,train,4,4.732276643163447,4.639755997497881,4.794195494294451,4.683417548365303,4.797473306156981,4.912309802989999,4.92943530823654,4.810949,4.795880016946173
58,S. aureus,AKRHHGYKRKFH,1.912751771,12,4.087248229,58,58,train,2,4.1870365285477895,4.41062602911007,4.570351122798648,4.320752197649703,4.414590196739438,4.279390304430004,4.332220022130304,4.0912137,4.0872482290141265
62,S. aureus,ALFKTMLKKLGTMAL,1.537819095,15,4.462180905,62,62,train,3,4.562255257863451,4.745596614219872,4.777443878588753,4.7884236693902995,4.742130874255139,4.460716619870002,4.64898316148497,4.449808,4.462180905170593
63,S. aureus,ALFKVASKVLPSV,2.167916809,13,3.832083191,63,63,train,1,3.9321809400380054,4.28735065701004,4.650243700198681,4.267318200461233,4.402649059323656,3.9160096958599975,4.333727118981197,3.8521397,3.832083191269121
64,S. aureus,ALGALFKVASKVL,0.977446003,13,5.022553997,64,64,train,6,4.922104702435609,4.768137518780035,4.61708184174611,4.781886047777486,4.39680885183946,4.727891941239995,4.594586525771459,4.8727756,5.022553996289643
65,S. aureus,ALHKTMLKKLGTMAL,1.653212514,15,4.346787486,65,65,train,3,4.446669809996856,4.1924829983060645,4.720716618833187,4.23066822552955,4.660598722443652,4.421285125419997,4.568933759151811,4.3683434,4.346787486004293
66,S. aureus,ALKYRLFKKLKKF,-0.226118693,13,6.226118693,66,66,train,9,6.125795430806718,5.228409812379185,4.850386093709592,5.1904059981636195,4.869628101729615,5.787503571939996,5.139939333077255,6.0764627,6.226118692679651
67,S. aureus,ALLKLAPRLLAGIF,1.096910013,14,4.903089987,67,67,train,5,4.803085112088519,5.043992364734475,4.726176629293328,4.934651249178479,4.737692107683269,4.847347762019994,4.828673648419658,4.9119997,4.9030899870890305
69,S. aureus,ALLLAIRKR,1.579489271,9,4.420510729,69,69,train,3,4.52035168459853,4.637947990481617,4.718379947618476,4.7607689205779335,4.700217942194574,4.503844330309999,4.589801587724209,4.505473,4.420510729189368
70,S. aureus,ALLLAIRRR,1.196479183,9,4.803520817,70,70,train,5,4.732276628658007,4.66967577060915,4.731950620577995,4.758117305407065,4.725036707087216,4.731472650919995,4.588651863022176,4.7832894,4.80352081693573
72,S. aureus,ALRLAIRKR,1.641282787,9,4.358717213,72,72,train,3,4.458803266792034,4.183177005775685,4.6412331686119,4.3231528102139825,4.538527872164389,4.373324406269996,4.379515771799851,4.3813734,4.358717213017106
73,S. aureus,ALRLAIRRR,1.347024309,9,4.652975691,73,73,train,4,4.72635591013212,4.167104721811668,4.648148299629059,4.267006835330449,4.545955267839218,4.550741453509996,4.39031763219052,4.608304,4.652975690913253
74,S. aureus,ALRSAVRTVARVGRAVLPHVAI,0.799340549,22,5.200659451,74,74,train,6,5.100543912217405,5.227756900896294,4.764081703200962,5.0617450716831405,4.803869132586073,5.008545963169994,4.702880436816046,5.2016363,5.2006594509872235
75,S. aureus,ALWHHLLHHLLHSAHHLG,1.176091259,18,4.823908741,75,75,train,5,4.732276643163447,4.864616032221427,4.772063098010426,4.905593270419948,4.800672300193143,4.882004646110005,4.857633525614318,4.886177,4.823908740980563
78,S. aureus,ALWKKLLKKLLKSAKKLG,0.273001272,18,5.726998728,78,78,train,9,5.6270967499839095,5.375823578855565,4.780637895434381,5.271822458497789,4.833695678258547,5.443266319900005,5.084824144790862,5.567194,5.726998727670743
79,S. aureus,ALWKNMLKGI,2.176091259,10,3.823908741,79,79,train,0,3.924089474551015,4.666794083288683,4.659645416347198,4.498894996770791,4.597221678068398,3.9568648228200063,4.309935524430357,3.910413,3.823908740905565
80,S. aureus,ALWKNMLKGIGK,2.176091259,12,3.823908741,80,80,train,0,3.924013127674331,3.8542479860022496,4.616825669097975,4.047513427089207,4.576888255654726,3.9119215415200057,4.296602145887812,3.8448865,3.8239087410090304
81,S. aureus,ALWKNMLKGIGKLAG,2.176091259,15,3.823908741,81,81,train,0,3.9238053317897252,4.641632408716081,4.634296183705269,4.699241413351613,4.608365943472213,4.139151016120004,4.5802552316766585,3.9532218,3.823908741610097
82,S. aureus,ALWKNMLKGIGKLAGK,1.77815125,16,4.22184875,82,82,train,2,4.321679877393217,4.433989716456867,4.6300889176648035,4.534123073327774,4.629279705351512,4.3325220874399974,4.640352749293222,4.225075,4.221848749941969
83,S. aureus,ALWKNMLKGIGKLAGKAALG,0.903089987,20,5.096910013,83,83,train,6,4.996790466884271,4.91670051660378,4.660798492051747,4.756598012170139,4.670295069664061,4.9105117183500075,4.701154892134743,5.0508537,5.096910012566837
84,S. aureus,ALWKTLLKKV,1.698970004,10,4.301029996,84,84,train,2,4.401183125920485,3.8819701062667984,4.757938438748045,4.060094521118663,4.714783627955198,4.365049739450004,4.418999336156673,4.3111143,4.301029995963062
86,S. aureus,ALWKTLLKKVLKAAA,0.653212514,15,5.346787486,86,86,train,7,5.246725013793545,5.110450777486622,4.752081397232778,5.024725508088045,4.730657746770572,5.147580661669997,4.899672968094977,5.205493,5.346787485034575
87,S. aureus,ALWKTLLKKVLKAAAK,1.146968071,16,4.853031929,87,87,train,5,4.783738392461704,4.767345581201152,4.761053218863873,4.844876623120346,4.75851362514959,4.862796573359998,4.995952476427471,4.9776325,4.8530319298695686
88,S. aureus,ALWKTMLKKLGT,1.73239376,12,4.26760624,88,88,train,2,4.367805938010146,4.5716973483517584,4.6942111762087455,4.54730675837939,4.63376308432149,4.353023807860005,4.4393747307858895,4.306052,4.267606240149546
89,S. aureus,ALWKTMLKKLGTM,1.704150517,13,4.295849483,89,89,train,2,4.395677833786185,4.332391853360969,4.755505828237263,4.2417194974739205,4.713115598316723,4.410448186809997,4.692969828040191,4.390704,4.2958494830288965
90,S. aureus,ALWKTMLKKLGTMA,1.451786436,14,4.548213564,90,90,train,3,4.648257124151942,3.9486213158574746,4.7425447557116875,3.9952791850658946,4.701196027261652,4.534729026339996,4.625705027009559,4.5146775,4.548213563692923
91,S. aureus,ALWKTMLKKLGTMALHAGK,1.029383778,19,4.970616222,91,91,train,5,4.870992243928166,4.866664350299706,4.753514061045562,4.849765713427369,4.764432425935185,4.849985369769995,4.689218153171108,4.925912,4.970616221990268
92,S. aureus,ALWLAIRKR,1.550368313,9,4.449631687,92,92,train,3,4.549807431911314,4.55273926197073,4.7469069906294985,4.689481869326435,4.745595947594877,4.520817062540006,4.6320087483955135,4.5405755,4.449631686912814
93,S. aureus,ALWLAIRRR,1.168088503,9,4.831911497,93,93,train,5,4.73224051503161,4.579264748702267,4.756926822256032,4.648564602900561,4.761136130338894,4.765839223120006,4.783235076411396,4.7980967,4.831911497024449
95,S. aureus,ALWRRLLRRLLRSARRLG,0.574031268,18,5.425968732,95,95,train,8,5.326102946400677,5.280243440372187,4.840290174422009,5.187925222124675,4.933490812352899,5.432716033280002,5.112311638971935,5.3953815,5.425968731918784
96,S. aureus,ALYKTMLKKLGTMAL,1.653212514,15,4.346787486,96,96,train,3,4.446617688539824,4.652263573499024,4.779761992699051,4.626086535794868,4.727717446753141,4.468079431799998,4.606913983312436,4.458012,4.346787486031967
97,S. aureus,ALYLAIRKR,1.434403704,9,4.565596296,97,97,train,4,4.665639769371728,4.9305029994346885,4.733675026722985,4.958116814697609,4.693723728323794,4.525625193630003,4.641358870316436,4.579787,4.565596295961368
98,S. aureus,ALYLAIRRR,1.213565458,9,4.786434542,98,98,train,4,4.730890366029239,4.924485303792967,4.744020321664283,4.919052357713079,4.710114368133956,4.645075017759998,4.6067019809504774,4.761783,4.786434542019004
99,S. aureus,ANLDAIIKIQAWARMWAARRQYL,1.041392685,23,4.958607315,99,99,train,5,4.8587818955524735,4.705687572540722,4.79121384330954,4.608158597044495,4.835920116634931,4.931771403889997,5.069761043123942,4.984435,4.958607314970108
100,S. aureus,ANVGFVIQLQARLRGFLVRQKFA,0.230448921,23,5.769551079,100,100,train,9,5.6696948542090375,5.491128769914154,4.926602986107764,5.565029991014349,4.976716087830603,5.526472552930003,5.1308350325157805,5.6763215,5.769551078907599
101,S. aureus,APKAMRLLRRLLRLQKKGI,-0.05343728,19,6.05343728,101,101,train,9,5.953580795951256,5.133004713765675,4.82248670990062,5.155135160932059,4.8736365664623005,5.613634801340007,5.032652715150798,5.9583726,6.053437279700894
102,S. aureus,APKAMRLLRRLLRRLLR,0.676793101,17,5.323206899,102,102,train,7,5.223093097728494,5.1731438092581215,4.853884230847925,4.993604631202903,4.905752616923759,5.230977468260005,5.0379722232301045,5.293187,5.323206898967733
103,S. aureus,APKGVQGPNG,1.539472085,10,4.460527915,103,103,train,3,4.560414113728495,3.917799024660815,4.231798770196155,3.963444794917446,3.957678997852271,4.211182508379999,3.7510553802039297,4.4555326,4.460527914950805
104,S. aureus,AQKIISTIGKLVKWIIKTVNKFTKK,1.012837225,25,4.987162775,104,104,train,5,4.887238798978883,5.239769821500212,4.95930157174654,5.357211387653308,5.052280244753163,5.067248093080001,5.125488646453442,4.993837,4.987162775093545
105,S. aureus,ARRARKWARRALKLA,1.193820026,15,4.806179974,105,105,train,5,4.732276643163446,4.682318173823494,4.67809571602813,4.739602569238299,4.589200128461504,4.726116436169994,4.753205073663718,4.824746,4.806179973972985
106,S. aureus,ARWWWKIKS,1.297401259,9,4.702598741,106,106,train,4,4.732276643163447,4.617752443847294,4.757653260636171,4.756102349509942,4.777458328333982,4.759051502439995,4.808769755365673,4.6979837,4.702598741063403
107,S. aureus,ASPTVFRSSVFLSLFVVAKK,2.069068809,20,3.930931191,107,107,train,1,4.0311067170344135,3.9585102662310225,4.8043507430113,3.9504942428266947,4.703628031501302,4.163109821450004,4.535429547490988,3.9669263,3.9309311909481006
108,S. aureus,ASVVNKLTGGVAGLLK,1.131475391,16,4.868524609,108,108,train,5,4.768690315629628,3.986308573444628,4.595267828496631,3.842059675985036,4.3726702610931,4.696432337100004,4.458524585256926,4.8183684,4.868524608852725
109,S. aureus,AVAGEKLWLLPHLLKMLLTPTP,2.214311877,22,3.785688123,109,109,train,0,3.8858599145057804,4.437297842732642,4.797587483055843,4.633705142842177,4.789632152967501,4.197588488949999,4.523415099745093,3.8444903,3.785688123067004
110,S. aureus,AVDLAKIANKVLSSLF,2.176091259,16,3.823908741,110,110,train,0,3.9238749944287057,4.502610801380622,4.517604368328539,4.314854670595559,4.517522603313719,4.130362837160004,4.565474163648864,3.9057114,3.8239087410599404
111,S. aureus,AVNIPFKVHFR,2.876940771,11,3.123059229,111,111,train,0,3.2226201849665896,3.681044960697066,4.7647105953177284,3.754537498233417,4.688040468758411,3.711103998549997,4.02458130668943,3.1933515,3.123059229003108
112,S. aureus,AVVDILKGAAKDIAGHLASKVMNKL,2.0,25,4.0,112,112,train,1,4.100092178505581,3.9398003874908802,4.575415261153204,3.9618630092664064,4.417234472910071,4.04260117469,4.023010024888012,3.9899507,4.000000000321571
113,S. aureus,AVVKVPLKKFKSIRE,1.457882814,15,4.542117186,113,113,train,3,4.64216445519527,4.274632630399338,4.668312766486323,4.299199475517613,4.5282366805341345,4.513614237409998,4.657038344378803,4.527215,4.542117185979815
114,S. aureus,AVWKFVKRV,2.270282518,9,3.729717482,114,114,train,0,3.8298896847052983,3.6597847928249374,4.819595987449377,3.7276714376191338,4.822987609574762,4.005111027500005,4.530830458503592,3.7780933,3.7297174820834442
116,S. aureus,AWASFFKKAAHVGKHVGKAALTHYL,0.465469177,25,5.534530823,116,116,train,8,5.434275128639863,5.046407948926469,4.840777338408488,5.096411965760703,4.798800981252076,5.106804846720005,4.808924364959632,5.464882,5.534530823012401
118,S. aureus,AWLDKLKSLGKVVG,2.230448921,14,3.769551079,118,118,train,0,3.869649100966054,4.415360974261368,4.504354199668504,4.462884779055834,4.506503556202657,4.0439906479099985,4.378146467430731,3.8300786,3.769551079116722
119,S. aureus,AWLLAIRKR,1.346248331,9,4.653751669,119,119,train,4,4.732276642838467,4.635605930671902,4.743509738725952,4.678097285972667,4.736718704735895,4.647825965359995,4.597636768627828,4.682156,4.653751668948797
120,S. aureus,AWLLAIRRR,0.979032266,9,5.020967734,120,120,train,6,4.921247519913447,4.827433694014767,4.756915851582501,4.818782291047201,4.761107463246777,4.8941783194100035,4.74886309664371,4.942732,5.020967733946407
121,S. aureus,AWRFKNIRK,2.174262571,9,3.825737429,121,121,train,1,3.9255726468014664,4.239450969802728,4.632184468900348,4.116561781462633,4.4794131475470005,3.9571437688700053,4.152693239378513,3.8272228,3.8257374289946253
122,S. aureus,DAAVEPELYHWGKVWLPN,1.973803393,18,4.026196607,122,122,train,1,4.126198787829805,4.712516651493636,4.3864335363253195,4.793512282601875,4.352637452903603,4.2409200408499945,4.545895441400518,4.060744,4.02619660700483
123,S. aureus,DANVENGEDAEDLTDKFIGLMG,1.929321034,22,4.070678966,123,123,train,2,4.170849022374359,3.772121503745538,4.126299342427118,3.7858837596254435,4.03195636485318,4.183460834810001,4.2682171211771065,4.073605,4.0706789659571365
124,S. aureus,DDALHHLLHHLLHHL,2.0,15,4.0,124,124,train,1,4.100178790480385,4.486012778813472,4.641663617805471,4.477498959754191,4.585480551518792,4.27316019471,4.545832455897831,4.041539,3.999999999948717
125,S. aureus,DDALKHLLKHLLKHL,1.342422681,15,4.657577319,125,125,train,4,4.732276643163447,4.4665630368967095,4.6482938077751115,4.421848680459806,4.607228087499028,4.467908203729997,4.66077544366974,4.603065,4.657577319009871
126,S. aureus,DDALKKLLKKLLKKL,1.397940009,15,4.602059991,126,126,train,4,4.702163278317847,4.519905348193755,4.6452222654518485,4.401985731771084,4.603624358350221,4.544041925069995,4.697893755118017,4.5930543,4.6020599910529025
127,S. aureus,DDALRHLLRHLLRHL,2.0,15,4.0,127,127,train,1,4.100169487068072,4.613600905201059,4.6774379999920574,4.557925439963716,4.657770905786361,4.30936671461,4.653327258005416,4.059395,4.000000000031998
128,S. aureus,DDALRRLLRRLLRRL,1.491361694,15,4.508638306,128,128,train,3,4.608603779157765,4.548821477868017,4.699206488970268,4.496088655604767,4.693462939117543,4.545728327360005,4.673281486320183,4.514666,4.508638305995729
129,S. aureus,DDDDDDD,2.973127854,7,3.026872146,129,129,train,0,3.1267068977138837,3.0177141582950613,3.9140989868074243,3.0043996816339487,3.331734946935908,3.2168978198100007,3.352107652722884,3.0358312,3.026872145946187
131,S. aureus,DIFGAIWPLALGALKNLIK,0.903089987,19,5.096910013,131,131,train,6,4.9967458729003695,5.300589760739104,4.696363501898826,5.076372131496179,4.735711042544791,4.993077960020008,5.014794781536443,5.1270638,5.096910013149246
132,S. aureus,DKGRYLEAPTRPRPERNRK,1.301029996,19,4.698970004,132,132,train,4,4.732276643163447,4.266903976741335,4.261911654974517,4.16547213952377,4.135766123093969,4.659735970759994,4.499127211025826,4.6644177,4.698970004004185
133,S. aureus,DLYPWFN,2.168421013,7,3.831578987,133,133,train,1,3.9317500990305305,3.832451622170142,4.5356765178068,3.8162059617345374,4.484890334803172,3.9312358400000007,3.870326086534844,3.8356261,3.831578986942938
134,S. aureus,DNGEAGRAAR,1.531478917,10,4.468521083,134,134,train,3,4.568686181147145,3.9610753731425126,3.82491233422948,3.979984610340261,3.6493414953574392,4.2781404062199995,4.017210074676798,4.4324636,4.468521082943234
135,S. aureus,DNTDSVVKIQSWFRMATARKSYL,1.414973348,23,4.585026652,135,135,train,4,4.684986776858589,4.820440816785001,4.710528228896062,4.7575089864435505,4.721339087713609,4.513734710390004,4.513776622607541,4.6156216,4.58502665198832
136,S. aureus,DSHAKRHHGYKRKFHEKHHSHRGY,-0.783373731,24,6.783373731,136,136,train,9,6.683525454364273,5.48718498337601,4.6018388669830905,5.480708077411699,4.478202288895978,5.784201065989996,5.723246660264934,6.6500225,6.783373730887314
137,S. aureus,DVIKKVASVIG,2.957851505,11,3.042148495,137,137,train,0,3.142221759917109,3.2159818154419506,4.515333886176187,3.2923560969498222,4.182833530091231,3.3505466975299982,3.457346732778073,3.040227,3.042148494877524
138,S. aureus,DVIKKVASVIGGL,2.89683429,13,3.10316571,138,138,train,0,3.2033076413891477,3.326573789744458,4.544529089729239,3.460426188409007,4.270586685249658,3.628718206360001,3.571852095746534,3.1854973,3.103165710392956
139,S. aureus,EEEEWWW,2.088444507,7,3.911555493,139,139,train,1,4.01131310788262,3.6234736258176787,4.402978084344476,3.607626872827149,4.109914314698564,3.9567024165699944,3.883820293009047,3.915835,3.911555492923517
140,S. aureus,EEEEWWWW,2.091680987,8,3.908319013,140,140,train,1,4.008171576862666,4.314389267033327,4.546725949778938,4.350008128275385,4.361549178337636,4.259796673379996,4.495230530670897,3.9307868,3.908319013020846
142,S. aureus,EIEKFDKSKLK,3.882032364,11,2.117967636,142,142,train,0,2.217828524804809,2.6415382417732274,4.122582941637478,2.5779102274422603,3.9122873425115436,2.8441117737800017,2.8247245097260336,2.1634555,2.117967635986232
144,S. aureus,ELLKAVRLIK,1.301029996,10,4.698970004,144,144,train,4,4.7322761669388385,4.467059992312011,4.624915212274229,4.42275587416804,4.590883431484788,4.638798334439996,4.529458801574247,4.684442,4.698970003916355
145,S. aureus,ELLVDLL,1.895567254,7,4.104432746,145,145,train,2,4.204313525406501,3.8698719086791122,4.171702567173956,3.9806157069525696,4.066994667548167,3.9688742579299943,3.9225224533621166,4.123924,4.104432745943833
146,S. aureus,ELSKAVRLIK,1.602059991,10,4.397940009,146,146,train,3,4.498012996272356,4.347964935816525,4.479294472124303,4.3844441449678815,4.448047304727837,4.419594047880002,4.323630367263513,4.4094086,4.3979400090284
147,S. aureus,EMLKKKKEVKMERKT,2.020824783,15,3.979175217,147,147,train,1,4.079003384988598,3.943083143390347,4.4187070952508245,3.888125392532519,4.263908332553786,4.0609332759199965,4.0658953839871925,3.9704607,3.9791752169557184
148,S. aureus,ENMFNIKSSVESDSFWG,2.004998987,17,3.995001013,148,148,train,1,4.0948403676696525,3.976629710542867,4.304286058805586,3.9605032135949303,4.080538435313985,4.144636323479996,4.039398138954371,3.9547613,3.995001012973913
149,S. aureus,EPFKISIHL,1.44238053,9,4.55761947,149,149,train,4,4.657793532667206,4.66515475787968,4.497988577971908,4.7161362497016786,4.399283898623131,4.505071026840006,4.290813755161208,4.5563097,4.557619469983453
150,S. aureus,EPFKLSLHL,1.44238053,9,4.55761947,150,150,train,4,4.657794921631888,4.680085932998862,4.424285211014,4.712756462818129,4.352740862281202,4.575440627060006,4.403670386956319,4.5935626,4.5576194699933055
151,S. aureus,EPILGIITSLLKSL,1.620707597,14,4.379292403,151,151,train,3,4.479469628399945,4.948451238877352,4.569628631890781,4.9211779038814845,4.555499828940111,4.470572472790003,4.4942623681216745,4.4144087,4.379292403021097
152,S. aureus,EQEENVVKIQAFWKGYKQRKEYM,1.505149978,23,4.494850022,152,152,train,3,4.5949407743817545,4.582657918185703,4.699737150200816,4.714809565060402,4.619952092893959,4.476137675269996,4.607620893125313,4.490468,4.494850021993712
153,S. aureus,EQHSSGKSDV,2.0,10,4.0,153,153,train,1,4.0999655877420755,3.821640807293198,3.8819631676074753,3.700540998823384,3.5712489100030123,4.057806713390001,3.853046247070245,4.0046887,3.999999999952053
154,S. aureus,EWKRWVQRWKDWLRNLV,0.823908741,17,5.176091259,154,154,train,6,5.076061061183175,4.7610738507121475,4.756475724541696,4.744981438828758,4.759733225765633,5.024730507639993,4.94382455276467,5.1449933,5.176091258999328
157,S. aureus,FAKGIAGMAGKLF,2.301029996,13,3.698970004,157,157,train,0,3.798851699449857,4.291611730721578,4.533846721800856,4.286026280552681,4.50302581514993,3.918801426829995,4.169678818076689,3.7966623,3.698970004071186
158,S. aureus,FAKKLAKKLKKLAKKLAK,1.794254079,18,4.205745921,158,158,train,2,4.305721472408499,5.021115035847754,4.755307859001947,5.002365329700022,4.782391378773891,4.524766949710003,4.694219237796571,4.3199906,4.2057459216429915
159,S. aureus,FAKKLAKLAKKLAKLAL,0.634652341,17,5.365347659,159,159,train,7,5.265519012743322,5.300318229515473,4.766574867599309,5.267244799215368,4.783882156994117,5.267903586180004,5.082498469901519,5.373185,5.365347658829349
160,S. aureus,FAKLLAKALKKLL,0.438630248,13,5.561369752,160,160,train,8,5.461535397583611,5.143455950335118,4.7781450521096485,5.112690036609523,4.779815522830254,5.434946145120006,5.150842373523532,5.532717,5.561369751586312
163,S. aureus,FALKALKKLKKALKKAL,0.621489724,17,5.378510276,163,163,train,7,5.278652901811936,5.264127522112531,4.7821492768164156,5.166542108481603,4.8080042512951575,5.232207270419995,5.175051375431676,5.3542004,5.3785102759506955
165,S. aureus,FASGIAGMAGKLF,2.301029996,13,3.698970004,165,165,train,0,3.7988435876743374,4.068482838256569,4.507357412782598,3.9472602019581102,4.246818812957834,3.982198042029995,4.114910497441485,3.7225907,3.6989700039557056
166,S. aureus,FAVTWATKWWKG,2.0,12,4.0,166,166,train,1,4.1001694903817185,4.2560506597996,4.727377076648639,4.191188402702698,4.7259219103630485,4.113521533470001,4.49760040717745,4.0543776,4.0000000000161
167,S. aureus,FDIMGLIKKVAGAL,1.477121255,14,4.522878745,167,167,train,3,4.62299889883955,3.8696610050952063,4.517641723647516,3.8420801603502657,4.5304979588454,4.507523018980007,4.521504854965451,4.5281277,4.522878744920765
168,S. aureus,FDLLGLVKKVASAL,1.698970004,14,4.301029996,168,168,train,2,4.401142883282496,4.615835962834893,4.485669912905142,4.680408177531973,4.322552552105207,4.365559250780003,4.434545417931622,4.3303328,4.301029996174338
169,S. aureus,FDLLGLVKSVVSAL,1.397940009,14,4.602059991,169,169,train,4,4.702163278100136,4.773161732736961,4.532769357682093,4.6773856583300635,4.551972137871577,4.466003213969995,4.591985815442723,4.590497,4.602059990917979
170,S. aureus,FDVMGIIKKIAGAL,1.477121255,14,4.522878745,170,170,train,3,4.623054180015388,4.585814414003187,4.540234818814815,4.595443749824497,4.544764495785675,4.521340222020006,4.628774593094047,4.514298,4.52287874496085
173,S. aureus,FFFDTLKNLAGKVIGALT,1.675319983,18,4.324680017,173,173,train,3,4.424398166006835,3.9081149037420793,4.594705921280733,4.053213368315506,4.595453582487338,4.521252587119996,4.746409774407659,4.346527,4.324680016968764
174,S. aureus,FFFFFFF,0.456663883,7,5.543336117,174,174,train,8,5.443218192934054,5.449814465020609,5.126851020169855,5.546911119798463,5.186160560079632,5.101644380960007,4.838443927658106,5.5148134,5.543336116918639
176,S. aureus,FFFLRRIF,2.0,8,4.0,176,176,train,1,4.100199313101907,4.840747736233073,4.977341754791686,4.933105769410236,5.027722001098465,4.29696086315,4.465983518729538,4.105868,4.000000000159445
177,S. aureus,FFFLSRIF,1.640978057,8,4.359021943,177,177,train,3,4.45912523009997,5.047123011001017,4.867584600569726,5.213825133803669,4.94099444566866,4.302627009180004,4.417024457195186,4.3503904,4.359021943002774
178,S. aureus,FFGAIAAALPHVISAIKNAL,1.204119983,20,4.795880017,178,178,train,4,4.73227664316346,4.8747245362077125,4.697884807917539,4.897460538404237,4.7026552763012095,4.8170420957300015,4.830380859075496,4.838453,4.795880017222403
179,S. aureus,FFGHLFRGIINVGKHIHGLLSG,0.698970004,22,5.301029996,179,179,train,7,5.20111796541726,6.071017302152073,4.837641638218774,5.87558340524658,4.912267780456862,5.208731157460003,5.073077572389997,5.312989,5.301029996064881
180,S. aureus,FFGKVLKLIRKIF,0.491361694,13,5.508638306,180,180,train,8,5.408737581850985,5.2673439710929575,4.915874484184994,4.915112082612735,4.9881314997660215,5.348598448780003,5.157052100821061,5.4254255,5.5086383059489625
181,S. aureus,FFGRLKSVWSAVKHGWKAAKSR,0.477121255,22,5.522878745,181,181,train,8,5.423035127160445,5.0706890594077345,4.779313988262575,5.167351516394515,4.8867274297182615,5.255030795520003,4.9053128530788594,5.3986506,5.522878744980649
182,S. aureus,FFGSIIGALAKGLPSLISLIKK,1.096910013,22,4.903089987,182,182,train,5,4.802918773398792,5.238632635679367,4.801129364708355,5.013294631454633,4.876998729791229,4.877254380649993,4.944492057536403,4.9375057,4.903089986901091
183,S. aureus,FFGSLLKLLPKLL,-0.107905397,13,6.107905397,183,183,train,9,6.0080114595155525,5.249403632830246,4.81779927687875,5.2099033211607075,4.856604349414769,5.807522807130003,5.20027268853333,5.9704432,6.107905396925162
184,S. aureus,FFGSLLSLGSKLLPSVFKLFQRKKE,0.63896272,25,5.36103728,184,184,train,7,5.260865401277195,4.848046603582805,4.872074336686608,4.969343100097485,4.875915716250574,5.313380911670001,5.22915381270876,5.3289657,5.361037279907686
185,S. aureus,FFGSMIGALAKGLPSLISLIKK,1.096910013,22,4.903089987,185,185,train,5,4.8031829504744925,4.792544358633001,4.791268116132221,4.805719927551969,4.862320769555217,4.844247582579992,4.908634057393034,4.945835,4.9030899870222076
186,S. aureus,FFGSTIGALANFLPSLISKIRN,1.432026689,22,4.567973311,186,186,train,4,4.667803152837466,4.803047480505357,4.786178291005063,4.75732684641465,4.817955179865142,4.654817164130001,4.7633646205151114,4.614873,4.567973311087108
187,S. aureus,FFGSVLKLIPKIL,0.494154594,13,5.505845406,187,187,train,8,5.406020015142465,5.131261989532216,4.86281804260326,5.173193068464018,4.882049572743443,5.50124454367,5.0043360376995425,5.4312515,5.505845405980291
188,S. aureus,FFGWLIKGAIHAGKAIHGLIHRRRH,0.315270435,25,5.684729565,188,188,train,9,5.584896342632883,5.30531013522555,4.875508134629864,5.203734230412012,5.005699730031494,5.594452446869999,5.417885858964682,5.631256,5.684729564987785
189,S. aureus,FFGWLIKGAIHAGKAIHPLIHRRRH,0.531478917,25,5.468521083,189,189,train,8,5.368559581140738,5.614017206591034,4.8850513888400195,5.556390047775809,5.014114928826854,5.514650420709999,5.46537733528984,5.5437956,5.468521083009568
190,S. aureus,FFGWLIKGAIHAPKAIHGLIHRRRH,0.315270435,25,5.684729565,190,190,train,9,5.584921902921648,5.320026117723846,4.88685423619034,5.167219896912106,5.0188258876314595,5.663916031669999,5.46537733528984,5.6739163,5.684729565007424
191,S. aureus,FFGWLIKGAIHAPKAIHPLIHRRRH,0.441956838,25,5.558043162,191,191,train,8,5.457928139165453,5.645056278693521,4.895688053512134,5.555342483490566,5.025382299247085,5.564350842679995,5.457848195468897,5.5795336,5.558043161951513
192,S. aureus,FFGWLIKPAIHAGKAIHGLIHRRRH,0.230448921,25,5.769551079,192,192,train,9,5.669387145894747,5.428973871630096,4.8869566291433,5.268557102932329,5.019093447157887,5.719205286290002,5.46537733528984,5.696596,5.769551078863388
219,S. aureus,FFIYVWRRR,0.278753601,9,5.721246399,219,219,train,9,5.6212898723717295,5.95958216885711,4.987347122302316,5.846064740075023,5.060116833922795,5.495107182399997,5.3718965814256245,5.658985,5.721246398932821
221,S. aureus,FFLLSLIPSAISAIKKI,0.698970004,17,5.301029996,221,221,train,7,5.200998323923551,4.920371092921521,4.8000018977993415,4.922610282236357,4.841990852670966,5.181847560060004,4.832607932306546,5.272415,5.301029996099452
222,S. aureus,FFPFLLGALGSLLPKIF,1.096910013,17,4.903089987,222,222,train,5,4.80291888248544,4.934698969168993,4.811612826448888,4.963654807907404,4.878695849145686,4.991801405319994,5.0314409825878625,4.9177446,4.9030899869581255
223,S. aureus,FFPIVGKLLFGKLL,0.673020907,14,5.326979093,223,223,train,7,5.227165286172991,5.343609690472661,4.86824866661622,5.355860964532118,5.00205282422964,5.117728543379994,5.118151484794829,5.3033977,5.326979092715397
224,S. aureus,FFPIVGKLLFGLFGLL,0.146128036,16,5.853871964,224,224,train,9,5.753837831723576,5.3921524715931985,4.922875705047299,5.45794237476381,5.085328251720281,5.75743370484,5.450025638630076,5.896145,5.853871963682554
225,S. aureus,FFPIVGKLLFGLL,0.709565932,13,5.290434068,225,225,train,7,5.190499169626954,5.260095611096849,4.88478573687897,5.333879526749291,5.037950432036116,5.278339290960006,5.219097003543345,5.309966,5.290434068752589
226,S. aureus,FFPIVGKLLFGLSGLL,-0.137789226,16,6.137789226,226,226,train,9,6.037672352943601,5.658311801789608,4.840082215364216,5.5431442963071405,4.981213696040162,5.765359909949999,5.442872775755969,6.023197,6.137789225667083
227,S. aureus,FFPIVGKLLS,1.126752702,10,4.873247298,227,227,train,5,4.773132834177639,4.834496450672955,4.742895071713572,4.749283685286113,4.896715731581154,4.664800550890006,4.613574831419412,4.86833,4.873247298021797
230,S. aureus,FFPIVGKLLSGLSGLL,0.178269598,16,5.821730402,230,230,train,9,5.721892050704694,5.5353262345250815,4.758525905377744,5.474734413804357,4.879747777495495,5.719285985110004,5.473806414842285,5.8832593,5.8217304021655165
231,S. aureus,FFPLLFGALSSHLPKLF,0.366733199,17,5.633266801,231,231,train,9,5.53342920849264,5.6686801123813835,4.782522290477792,5.583930920254876,4.843513082308043,5.472465390519995,5.124415902129463,5.586577,5.633266800895041
232,S. aureus,FFPLLFGALSSMMPKLF,0.108703584,17,5.891296416,232,232,train,9,5.79112573796276,5.731618755285749,4.826201825147399,5.839094447225627,4.865013313824627,5.532767058799994,5.072465790819943,5.8123713,5.891296415951396
233,S. aureus,FFPLVLGALGSILPKIF,1.038085385,17,4.961914615,233,233,train,5,4.862031491908146,4.8602127686878545,4.797113901929971,4.919564492049846,4.855304468458115,5.048043863320004,4.935515199440346,5.003468,4.961914615108948
234,S. aureus,FFPLVLGALGSILPKVFGK,0.973127854,19,5.026872146,234,234,train,6,4.9267709814833855,4.721586597604582,4.772956485018886,4.46776998012526,4.834587171846895,4.976207789960005,4.928406885925625,5.011704,5.026872145990562
235,S. aureus,FFPMLADLVSKIF,2.176091259,13,3.823908741,235,235,train,0,3.9237932279747048,3.727786617154007,4.591062803732833,3.6859038638476305,4.592687727522451,4.1135926826500055,4.424240133893259,3.8662422,3.8239087409544967
236,S. aureus,FFPVIGRILNGIL,1.079181246,13,4.920818754,236,236,train,5,4.820705060032146,4.951827571812071,4.833359073083097,4.865766774290083,4.781796986541509,4.962064445279996,4.860131203967445,4.934306,4.920818754015743
237,S. aureus,FFRHIKSFWKGAKAIFRGARQG,1.150514998,22,4.849485002,237,237,train,5,4.749605549666619,5.07953375112766,4.805639226401905,5.051859258469674,4.926934303866494,4.945388019209998,4.959037179438766,4.894488,4.849485002081263
238,S. aureus,FFRLLFHGVHHGGGYLNAA,1.481202196,19,4.518797804,238,238,train,3,4.618633491171941,4.424174723510899,4.768892874986299,4.256702890945966,4.745788520955641,4.630395615359993,4.767725186792045,4.535497,4.518797803993895
239,S. aureus,FFRLLFHGVHHVGKIKPRA,1.452128977,19,4.547871023,239,239,train,3,4.64790438466745,4.685120872662895,4.822887776662159,4.8382499581865375,4.896770176121521,4.7879156383400066,4.903576218194215,4.6481986,4.547871023044264
240,S. aureus,FFSALLSGIKSLF,0.602059991,13,5.397940009,240,240,train,7,5.29806385947515,5.444315522041767,4.710946342607837,5.388641620099742,4.7489065266457775,5.122086408300008,4.980200930447474,5.3212557,5.39794000898633
241,S. aureus,FFSLIPSLVGGLISAFK,1.638489257,17,4.361510743,241,241,train,3,4.461476638721952,4.81669267895563,4.7817662732496595,4.913448799924467,4.819598247031638,4.489707973739998,4.819725499284682,4.4012103,4.361510743061508
242,S. aureus,FFSLLPSLIGGLVSAIK,1.35601973,17,4.64398027,242,242,train,4,4.732276649956199,4.675751101309394,4.75273900139197,4.741551761968758,4.789724879005662,4.656032529439994,4.85083835889224,4.652305,4.643980269984107
243,S. aureus,FFSMIPHIATGIASLVKNL,1.191393897,19,4.808606103,243,243,train,5,4.732277151141011,4.791677646624158,4.75812119315907,4.628830789641126,4.629103525867355,4.941550715999996,4.836808787738257,4.84908,4.808606103091938
244,S. aureus,FFSMIPKIAGGIASLVKNL,0.600660931,19,5.399339069,244,244,train,8,5.299071785009526,5.004034744710778,4.736022493358184,4.8820475094940825,4.61987032566636,5.335386465800003,4.848042745153317,5.345782,5.3993390691388585
245,S. aureus,FFSMIPKIAGGIASLVKNLG,0.588484546,20,5.411515454,245,245,train,8,5.311348169117802,4.812380144813731,4.714073378271805,4.826433710066228,4.606871744546616,5.281652079049996,4.8814890321335485,5.2980204,5.41151545387709
246,S. aureus,FFSMIPKIATGIASLVKNL,0.591228964,19,5.408771036,246,246,train,8,5.308603592076449,4.723159024936369,4.7631114252229345,4.709141957906467,4.644576275633257,5.276279074090005,4.859522174263444,5.3809166,5.408771035882482
247,S. aureus,FFWHHIGHALDAAKRVHGMLSG,1.397940009,22,4.602059991,247,247,train,4,4.702147960417259,4.933317922624736,4.6650138500360905,4.898939860686726,4.70681650569201,4.614851636509996,4.648462686515708,4.6925454,4.602059991146743
248,S. aureus,FGPVIGLLSGILKSLL,1.698970004,16,4.301029996,248,248,train,2,4.401212349622177,4.736495166796135,4.76354028840754,4.926023075922365,4.767240088132267,4.451503782000006,4.629374176307147,4.3497424,4.301029996144924
249,S. aureus,FGVLAKVAAHVVPAIAEHF,1.806179974,19,4.193820026,249,249,train,2,4.293971749618099,4.340953150885557,4.626210087340075,4.141810833128529,4.5281452072119075,4.381227881450007,4.479473774412358,4.1916375,4.193820025935712
250,S. aureus,FHEAIAPVVHAAVKALVGFLG,1.668262653,21,4.331737347,250,250,train,3,4.431619495559799,4.774142396953748,4.687216631436879,4.84553616239829,4.688792421138543,4.372068856590001,4.610119430362244,4.390069,4.331737347013892
251,S. aureus,FHFHLHF,1.512105363,7,4.487894637,251,251,train,3,4.5877325070428165,4.1200092163707005,4.803368411579732,4.083500932073146,4.715574037808857,4.488787024670005,4.459120163302471,4.476518,4.487894636934258
253,S. aureus,FHFHLHFGGGFIKHFIHRF,1.72001579,19,4.27998421,253,253,train,2,4.379821902761054,4.102113161673601,4.95370854322618,4.121755344128354,4.994047715636617,4.3692947190700036,4.512461191317389,4.2755637,4.279984209968213
256,S. aureus,FHFHLHFPYPFIKHFIHRF,2.289376845,19,3.710623155,256,256,train,0,3.8106554291962427,4.843753387968208,5.0348125603741245,4.634461500284767,5.074157196597054,4.017098283790003,4.3172467022777,3.7658625,3.710623155138302
257,S. aureus,FHFHLHFSATFIKHFIHRF,1.704240402,19,4.295759598,257,257,train,2,4.39558978348967,4.0829750330142,4.9556884770968335,4.372098374762238,5.005509257904789,4.346623403080003,4.540089250445401,4.303772,4.295759598003277
258,S. aureus,FHPSLWVLIPQYIQLIRKILKSG,1.397940009,23,4.602059991,258,258,train,4,4.702150434314356,4.481399417635174,4.936000704546179,4.507307032297497,4.947760251346417,4.700172062739994,5.048503772293978,4.6295958,4.602059990998302
259,S. aureus,FIFHIIKGLF,0.704378369,10,5.295621631,259,259,train,7,5.195686004210236,5.27006038891648,4.856691009205344,5.316025705866164,4.915022867713059,4.950054815910002,4.817419133160878,5.224834,5.295621630985921
260,S. aureus,FIFHIIKGLFH,0.658630599,11,5.341369401,260,260,train,7,5.241517097357883,5.28156585106149,4.840720596585607,5.262663897999353,4.894517413476627,5.230057961180002,5.052896861430254,5.3440905,5.341369400972418
261,S. aureus,FIFHIIKGLFHA,0.636689777,12,5.363310223,261,261,train,7,5.263191859258773,5.011779244775888,4.814835464552215,5.137061032491472,4.8603715221518735,5.226430175299997,4.961832180319857,5.271075,5.363310223003409
262,S. aureus,FIFHIIKGLFHAG,0.619847102,13,5.380152898,262,262,train,7,5.279924402662502,5.266722727706968,4.759049652945615,4.99586329942252,4.794974863347905,5.230169080440003,4.963979601413017,5.323604,5.380152897800673
263,S. aureus,FIFHIIKGLFHAGKMI,1.176711434,16,4.823288566,263,263,train,5,4.7322766432596195,5.288195796307081,4.8389845495253105,5.201251904301749,4.897663979463493,5.051742811929994,4.976470744380336,4.92399,4.823288566147337
265,S. aureus,FIFHIIKGLFHAGKMIHGLVTRRRH,0.096910013,25,5.903089987,265,265,train,9,5.803058669948884,5.796349515071231,4.955817930750819,5.856075956954522,5.104328550683609,5.6598394849799964,5.354062523360595,5.805612,5.9030899870179905
266,S. aureus,FIFPKKNIINSLFGR,1.02893484,15,4.97106516,266,266,train,5,4.871156469337743,4.965273341415042,4.750642996813177,5.139506274367053,4.736683293317976,4.890019268060008,4.952022896202351,4.992393,4.971065159986109
267,S. aureus,FIGAIARLLSKIF,0.690327733,13,5.309672267,267,267,train,7,5.2097810013522885,4.942558198656036,4.75686454700428,4.68625179018136,4.810623201849062,5.1553420453699985,4.968898292670753,5.2770104,5.309672266840535
269,S. aureus,FIGALLRPALKLLA,0.977367371,14,5.022632629,269,269,train,6,4.922289096413905,5.065289819568459,4.726176629293328,5.071430898155894,4.737784352284783,4.977191287239993,4.9742103577734404,5.012446,5.022632629123693
270,S. aureus,FIGALLRPALKLLAGK,1.204119983,16,4.795880017,270,270,train,4,4.732326112191464,4.427525951698706,4.676309299159214,4.778294920661503,4.704028855186716,4.868741963640002,4.851510983969598,4.841805,4.795880017023004
271,S. aureus,FIGGIISFFKRLF,0.306649924,13,5.693350076,271,271,train,9,5.593181827984141,5.42752654731847,4.911464343374493,5.220635147108281,4.95463057357712,5.581111795959999,5.276862703030417,5.6274095,5.693350075622192
272,S. aureus,FIGGIISFIKKLF,0.32444735,13,5.67555265,272,272,train,9,5.575714017397878,5.107237429232033,4.887488207557412,5.091427437669693,4.9119505196396105,5.5756040173199946,5.225947682392375,5.597212,5.6755526501704505
273,S. aureus,FIGKLISAASGLLSHL,0.977723605,16,5.022276395,273,273,train,6,4.922110979413447,5.372489352663431,4.621794525228332,5.307752049311655,4.466326060899785,4.932438840950003,4.809647830315839,5.044839,5.022276395036561
274,S. aureus,FIGPIISALASLFG,1.77815125,14,4.22184875,274,274,train,2,4.32167729554779,4.555024731808509,4.674739491532937,4.484935485665337,4.457124470822121,4.371718773699998,4.362967361034896,4.229684,4.221848750023949
275,S. aureus,FIHHIFRGIVHAGRSIGRFLTG,0.336863136,22,5.663136864,275,275,train,9,5.562970037518519,5.165025974379115,4.841284632849135,5.024703151861947,5.009206752309072,5.357650238530006,5.037278849814114,5.566108,5.663136863930367
276,S. aureus,FIHHIIGALGHLF,1.220108088,13,4.779891912,276,276,train,4,4.732276643163447,4.7322831577657505,4.746125523243151,4.638333398428092,4.776260262963694,4.838661960259995,5.029346341684072,4.8017774,4.779891912018549
277,S. aureus,FIHHIIGGLFSAGKAIHRLIRRRRR,0.698970004,25,5.301029996,277,277,train,7,5.200885696648724,5.278338131338369,4.926988902701334,5.336241242112242,5.066326747682308,5.231196591560003,5.241285690579615,5.2809777,5.301029996056493
278,S. aureus,FIHHIIGGLFSVGKHIHGLIHGH,0.698970004,23,5.301029996,278,278,train,7,5.2008793228253785,5.187261648361858,4.839896023266721,5.2855205042809645,4.937289429028626,5.192068317050005,4.8561026136797265,5.263306,5.301029995930035
279,S. aureus,FIHHIVHAIGRLF,0.302459524,13,5.697540476,279,279,train,9,5.597716407231816,5.105537738413938,4.829814589414306,4.882245564301891,4.988295831947503,5.497026064679991,5.215939915207485,5.6620784,5.6975404759112145
280,S. aureus,FIITGLVRGLTKLF,0.898793817,14,5.101206183,280,280,train,6,5.001330279567895,4.49024900082267,4.807985089262957,4.553433513516177,4.867254678224132,5.088736690599995,4.935130226508404,5.0804667,5.101206182944956
281,S. aureus,FIKELLPHLSGIIDSVANAIK,1.740362689,21,4.259637311,281,281,train,2,4.35959830692884,4.88830098217951,4.591835948844452,4.89102936149344,4.567841689822699,4.414554224870003,4.458137084612437,4.3361764,4.259637311021243
282,S. aureus,FIKHFIHRF,2.603979117,9,3.396020883,282,282,train,0,3.4961241701001358,3.9032652037256987,4.829913978779672,3.8591810513321865,4.795278452693603,3.7641951896600023,4.03789900049505,3.4301708,3.396020883029764
283,S. aureus,FIKHFIHRFGGGFKKFWKWFRRF,0.716466178,23,5.283533822,283,283,train,7,5.183635772302228,5.095848575314347,5.114221541108095,4.92748641840491,5.291038355787448,5.160407096529996,5.204803287730639,5.270743,5.283533821869312
284,S. aureus,FIKHFIHRFGGGIKQLLHFFQRF,1.337333977,23,4.662666023,284,284,train,4,4.732276643163447,5.116347057910588,5.050496980955375,5.25391758418946,5.160399279797478,4.760697582159994,4.792029997371088,4.6982656,4.662666023091947
285,S. aureus,FIKHFIHRFGGGRWRWRWF,1.091849711,19,4.908150289,285,285,train,5,4.807592166738537,4.701555436152942,5.000662313930427,4.790635996455669,5.115196810212649,4.899817396969996,4.9481495506795365,4.8917923,4.908150289035683
286,S. aureus,FIKHFIHRFSATRWRWRWF,1.669081894,19,4.330918106,286,286,train,3,4.430817578234594,4.55883542119972,5.018252119004691,4.665113540851857,5.134739616652148,4.490036360490006,4.8875796979163395,4.4950504,4.330918106103047
287,S. aureus,FIKHFIHRFSGGRWRWRWF,1.08684388,19,4.91315612,287,287,train,5,4.812985008488046,5.07532563617602,5.006316510480049,5.188658050357876,5.121294111848247,4.910625162659998,4.93665002112014,4.8944783,4.913156119984354
288,S. aureus,FIKRIARLLRKIF,0.396346746,13,5.603653254,288,288,train,8,5.503486565801062,5.294913361910122,4.915993465984247,5.2648488782401754,4.998443945001719,5.509232820270001,5.173154441414545,5.4494605,5.603653253963876
289,S. aureus,FIKWKFRWWKWRK,-0.15490196,13,6.15490196,289,289,train,9,6.055263063263711,5.395569469903421,4.993465342789146,5.321359507700006,5.09161315921803,5.898850006309999,5.3982863374130385,6.1138616,6.154901959927167
290,S. aureus,FILGKLWKGVKSIF,0.728216524,14,5.271783476,290,290,train,7,5.171619340908783,4.990009592588845,4.803988744991445,4.980781696667133,4.881603262947693,5.252444023559999,5.054944438138296,5.247146,5.271783476108943
291,S. aureus,FILPLIASFLSKFL,1.079181246,14,4.920818754,291,291,train,5,4.820657939795903,4.550371838974298,4.800906392344996,4.76634324342081,4.661263110210157,4.742320427249997,4.721944353282035,4.855385,4.920818753787075
292,S. aureus,FIPLVSGLFSRLL,0.550473621,13,5.449526379,292,292,train,8,5.3497027366161785,5.306937543248169,4.796989507414325,5.17893140529835,4.814961184690156,5.231224679190003,4.985528783044832,5.3905787,5.44952637905471
293,S. aureus,FIRSLFFF,2.0,8,4.0,293,293,train,1,4.100175041839442,4.737979944594767,4.867584600569726,4.971002621799016,4.94099444566866,4.077814271430001,4.324410296080033,4.0461054,4.000000000085514
294,S. aureus,FISAIASFLGKFL,2.113943352,13,3.886056648,294,294,train,1,3.9862337249583257,4.426934933732264,4.698608500004015,4.320389266630973,4.516752552212497,4.0856701444200025,4.343497825792559,3.957016,3.8860566482233074
295,S. aureus,FISAIASMLGKFL,2.0,13,4.0,295,295,train,1,4.100129386774853,4.024745494328368,4.665528003536875,4.062702756493069,4.464662306222593,4.057803629989999,4.483489356453702,3.9983795,3.999999999850263
296,S. aureus,FISGLIGGLMKAL,1.397940009,13,4.602059991,296,296,train,4,4.702165615245227,4.692208384829624,4.718540170783532,4.600595109071955,4.682441594600593,4.559599151549996,4.7606280090324695,4.5732656,4.602059990925804
297,S. aureus,FISQIISTARI,-2.397408385,11,8.397408385,297,297,train,9,8.297236930547792,7.045820657805912,4.692906537700353,7.014284474567651,4.801534449695249,6.821716910039994,7.253206872295811,8.2420225,8.397408384852413
298,S. aureus,FITGLIGGLMKAL,2.0,13,4.0,298,298,train,1,4.099969544998221,4.33244428570853,4.724065269627067,4.344587645707789,4.691405990524742,4.2136879250999995,4.703029173407678,4.0517817,4.000000000006165
299,S. aureus,FKAFRWAWRMKKLAAPS,1.491827041,17,4.508172959,299,299,train,3,4.607864801842412,4.621565055575346,4.812812435530904,4.695269643637704,4.849544606579447,4.612021553059998,5.012070250539998,4.575841,4.508172959162279
300,S. aureus,FKAFRWAWRWKKLAAPS,1.186167883,17,4.813832117,300,300,train,5,4.732276639368426,4.240097562878153,4.8326382913461865,4.31088369982043,4.8956039908254745,4.770222417480003,5.007882649611487,4.7812324,4.813832116862484
301,S. aureus,FKARRWQWRMKKLGA,0.602059991,15,5.397940009,301,301,train,7,5.298052331682669,5.0020993593680165,4.755327334320408,4.974475760067058,4.776080579675467,5.123749515280007,4.894496871364747,5.3231783,5.397940008932338
302,S. aureus,FKAWRWAWRMKKLAAPS,1.227196663,17,4.772803337,302,302,train,4,4.732276643163447,4.694885180895735,4.8233714390314795,4.713188446017355,4.865308623426763,4.7131589893300045,5.010358315115564,4.7678323,4.7728033369110054
303,S. aureus,FKHHIFRGIKHVGKTIHRLVTG,0.795880017,22,5.204119983,303,303,train,6,5.104290638696765,5.271113559145942,4.8735060348260575,5.237774779471758,4.939341515790159,5.17989758897,5.00486680894005,5.232903,5.204119982970779
306,S. aureus,FKKALHLFKPIKKFLKWK,0.193124598,18,5.806875402,306,306,train,9,5.706703922854475,5.577022744308941,4.92643411326595,5.506457693138629,5.001951285745165,5.642803430349997,5.378092246766293,5.730239,5.806875402016594
307,S. aureus,FKKFFKKLKNSVKKR,1.095465448,15,4.904534552,307,307,train,5,4.804277887471214,5.143422065356817,4.774554402865297,5.064058305174864,4.791296290485514,4.792244445509993,4.794881872723098,4.8628683,4.904534551962217
308,S. aureus,FKKFWKWFRRFGGGFIKHFIHRF,1.017496174,23,4.982503826,308,308,train,5,4.882386105558859,5.176460757931535,5.114426327014014,5.102265393754637,5.282061421789984,5.038348467270009,5.13408573358939,5.0165186,4.982503825943587
309,S. aureus,FKKLKKLFKKILKLK,1.204119983,15,4.795880017,309,309,train,4,4.732310191173318,4.940207835696845,4.8924227703360295,4.950732978303271,4.96131584988698,4.954268390850001,5.1553310640498315,4.8652787,4.795880016808414
310,S. aureus,FKKLKKLFSKLFSFK,0.0,15,6.0,310,310,train,9,5.89982989758014,4.924639450752444,4.856109748072914,4.84809322259203,4.917872793778944,5.60760429865,5.137273404518514,5.7974195,5.9999999998766045
312,S. aureus,FKLFKKIPKFLHLAKKF,0.494850022,17,5.505149978,312,312,train,8,5.405262832749593,5.4033528648467835,4.914340735913311,5.524496763877688,4.994148175691016,5.4472073376000045,5.330996677952077,5.52953,5.505149977823173
313,S. aureus,FKRIVQRIKDFLR,1.204119983,13,4.795880017,313,313,train,4,4.732276643163447,4.727012670470796,4.7042723909414335,4.858482106426867,4.804012244643449,4.916643963630001,4.989451590998165,4.848687,4.795880016932677
314,S. aureus,FKRLEKLF,2.0,8,4.0,314,314,train,1,4.1001567906657685,4.663414034322559,4.5936207836943055,4.6296871392387065,4.543512429450575,3.816434915930001,4.122370371989721,4.0632358,3.999999999963049
316,S. aureus,FKRLEKLFSKIQNDK,2.0,15,4.0,316,316,train,1,4.100167793849557,4.149306032285951,4.492892219250768,4.085868411266991,4.393267235709747,4.13846492141,4.204752409023905,4.0225034,3.9999999999430087
320,S. aureus,FKRLKKLISWIKRKRQQ,0.176091259,17,5.823908741,320,320,train,9,5.723917045099012,5.721488394912646,4.886376454358469,5.700341689672094,4.962197620244805,5.5559069866900055,5.2958896120223455,5.783744,5.8239087409823425
321,S. aureus,FKVKFKVKVK,0.902875533,10,5.097124467,321,321,train,6,4.997461710444839,4.7394944487748125,4.810272777809079,4.617599796756119,4.844214636444429,4.935368690660006,4.732867443168412,5.0350046,5.0971244668480775
323,S. aureus,FKVTWKTKWWKG,0.792391689,12,5.207608311,323,323,train,7,5.10775036150429,5.079585303854933,4.766631194360113,5.125478057193488,4.784682123731382,5.1358529530800014,4.731041511292935,5.234358,5.207608310993231
325,S. aureus,FLFKLIPKAIKGLVKAIRK,0.26284534,19,5.73715466,325,325,train,9,5.63721501732319,4.845561203671727,4.8695724239228175,4.806660074378218,4.955426162105802,5.630669172539996,5.111721580473762,5.633789,5.7371546595934495
326,S. aureus,FLFKLIPKAIKKLISKFK,0.698970004,18,5.301029996,326,326,train,7,5.200875508541659,4.997101079056172,4.904806275002387,5.1898879267116715,4.9863567145479335,5.305230863600006,5.160235229024789,5.288659,5.301029996186347
327,S. aureus,FLFKLIPKVIKGLVKAIRK,0.257301944,19,5.742698056,327,327,train,9,5.6427414202786395,5.004547606035572,4.915147266273647,5.09340201555103,5.0162503437342165,5.635995399029997,5.094468050349236,5.6743608,5.742698056199512
328,S. aureus,FLFPLITSFLSKVL,2.041392685,14,3.958607315,328,328,train,1,4.058786022444032,4.964380056858629,4.85569225149319,5.087101010504007,4.8936332105693925,4.2469617237599975,4.633371840375646,4.0431347,3.958607315126808
329,S. aureus,FLFRVASKVFPALIGKFKKK,0.837717181,20,5.162282819,329,329,train,6,5.061859032612378,4.797292248266724,4.857096574746374,4.853938370099204,4.818040553932373,5.107969237009995,4.7604256586222915,5.0606036,5.162282818967448
332,S. aureus,FLFSLIPSAIAGLVSAIRN,1.079954832,19,4.920045168,332,332,train,5,4.819892352476445,5.020720027524681,4.745964986697126,5.04649398130846,4.769512699721647,4.948282221149999,4.913207364510036,4.9671583,4.9200451680107715
336,S. aureus,FLFSLIPSVIAGLVSAIRN,1.077929929,19,4.922070071,336,336,train,5,4.822251823663712,5.292480325154515,4.807642230081734,5.031137066847903,4.840282798322004,4.8886799560700025,4.862313388617771,4.9035244,4.922070070972084
337,S. aureus,FLGAIAAALPHVINAVTNAL,1.204119983,20,4.795880017,337,337,train,4,4.732276643163447,5.1144440513787055,4.680795445128706,5.055902189042113,4.640271759631509,4.81030040462,4.844071472033452,4.811875,4.795880016992336
339,S. aureus,FLGALAKIISGIF,0.602059991,13,5.397940009,339,339,train,7,5.2979430165505255,5.090806102110198,4.737609092382127,5.017073710413363,4.74728174046631,5.129462713080005,4.999865026285867,5.361289,5.397940008922628
341,S. aureus,FLGALFKALSKLV,0.893174743,13,5.106825257,341,341,train,6,5.007012620797044,4.878684124568234,4.707540216456673,4.850799926684527,4.739071729744524,5.096536506730007,5.0018292495933405,5.116398,5.106825256849179
342,S. aureus,FLGALFKALSKVL,0.96572541,13,5.03427459,342,342,train,6,4.9343935695086465,5.288718304255734,4.7081874861950235,5.197521623197032,4.740763088179444,5.04204066989,4.98310066502432,5.0714912,5.034274589870272
343,S. aureus,FLGALFKAVSKLL,0.930963303,13,5.069036697,343,343,train,6,4.968876339574846,5.15049847088171,4.731895522261454,5.042639816061815,4.754225574269709,5.054773216370001,5.067811973055108,5.1747365,5.069036697033849
344,S. aureus,FLGALFKFASK,1.609601596,11,4.390398404,344,344,train,3,4.490231453438912,4.315078967933896,4.593312151090889,4.346935675658184,4.3497003915091685,4.293333106179998,4.266775948000384,4.2919,4.390398403916943
347,S. aureus,FLGALFKVA,2.316417857,9,3.683582143,347,347,train,0,3.78351128434231,4.1635352259971885,4.656250848295857,4.365874626124237,4.621509091447309,3.9933660572800047,4.192999081467397,3.7120383,3.68358214310064
349,S. aureus,FLGALFKVASKV,2.193966252,12,3.806033748,349,349,train,0,3.906387165760532,4.3740354020374745,4.636961017905739,4.512630863603169,4.419456991966274,4.067675862640002,4.31195085212015,3.8504345,3.80603374874309
350,S. aureus,FLGALFKVVSKLL,0.746296682,13,5.253703318,350,350,train,7,5.1535319231011005,5.415480488334663,4.796943998704621,5.426575784252969,4.83217386306295,5.278572003030006,5.08715915440158,5.2007833,5.253703317813147
351,S. aureus,FLGALFKVWSK,2.188569079,11,3.811430921,351,351,train,0,3.9112918041842626,4.95593896148057,4.727041908849776,4.9167850409975244,4.771698891875699,4.142332975600004,4.673762662137089,3.8984632,3.811430921196067
352,S. aureus,FLGALFWVASK,2.208142506,11,3.791857494,352,352,train,0,3.8919430907109054,4.29542577913666,4.650900322561422,4.214160545349417,4.411775721329893,3.966410183689998,4.203453664006992,3.8077564,3.7918574940122958
353,S. aureus,FLGALIKGAIHGGRFIHGMIQNHH,1.086010115,24,4.913989885,353,353,train,5,4.813870870123484,4.884128728036886,4.7636598727428145,5.207235838674815,4.839761834804299,4.9423617824899955,4.810753871794069,4.950673,4.913989885020041
355,S. aureus,FLGALVKALSKLL,0.707510669,13,5.292489331,355,355,train,7,5.192574508976792,5.030516026754539,4.698663619820463,4.885015971626184,4.726824447282563,5.1516790820800065,5.114034380971904,5.286637,5.292489331020976
358,S. aureus,FLGALWKVASK,1.913827383,11,4.086172617,358,358,train,2,4.185837670463021,3.9352982774958263,4.587331262023747,3.9299780667300865,4.337369192058219,4.117305846329994,4.162411255769633,4.083802,4.086172617009344
363,S. aureus,FLGAWFKVASK,2.202908983,11,3.797091017,363,363,train,0,3.8969253985155605,3.961168795507106,4.601552902685404,3.91655337153804,4.362663011160929,3.952824381910005,4.174749219506034,3.842608,3.797091017063454
367,S. aureus,FLGGILNTITGLL,1.477121255,13,4.522878745,367,367,train,3,4.622976854833274,4.638636559338633,4.694848282323621,4.69415050182849,4.5893809219774075,4.624796641380005,4.669040000756249,4.5233097,4.522878744991374
368,S. aureus,FLGGLIKPWWPWRR,1.236651493,14,4.763348507,368,368,train,4,4.735123939226088,4.949830852040745,4.833130010998695,5.128941589451881,4.99841550273396,4.8726809780899965,5.2313617063786015,4.9054875,4.763348507667915
369,S. aureus,FLGGLIKWKWPWWPWRR,0.528520391,17,5.471479609,369,369,train,8,5.371652247506732,5.6419783005776045,4.978528448336946,5.616291818722365,5.168775373345579,5.4305956376400095,5.244094682394135,5.4285393,5.47147960882598
370,S. aureus,FLGGLIKWPWWPWRR,0.59197335,15,5.40802665,370,370,train,8,5.308383138306738,5.3386293826437985,4.914566954516351,5.492954289265501,5.082084916972449,5.2859360499000045,5.243317796091196,5.3002367,5.408026649870926
371,S. aureus,FLGGLIKWWPWRR,0.658373463,13,5.341626537,371,371,train,7,5.241800512246927,5.489160140387311,4.865033051634793,5.444075134860604,4.995030717622047,5.371012778060007,5.332020868291972,5.39463,5.341626536787095
372,S. aureus,FLGGLLASLLGKI,0.437881673,13,5.562118327,372,372,train,8,5.462283792719464,4.68888647259164,4.605910131336728,4.550974105674787,4.40940109424998,5.202512792300002,4.677897312612991,5.415494,5.562118326765803
379,S. aureus,FLGKVFKGAVKVFPAVFGKV,1.777072853,20,4.222927147,379,379,train,2,4.3228255362141965,4.435618215974127,4.810487441307702,4.403913590381423,4.891703876756442,4.477706368570004,4.696366297297547,4.2605505,4.222927146916784
382,S. aureus,FLGKVFKKASKVFPAVVGKV,1.774839851,20,4.225160149,382,382,train,2,4.325249556584399,4.4280161517079355,4.775806807802511,4.545144640626033,4.717349562570973,4.424037379499995,4.505642529580667,4.2215104,4.225160149009021
393,S. aureus,FLGLIFHGLVHAGKLIHGLIHRNRG,0.176091259,25,5.823908741,393,393,train,9,5.723864745730367,5.010505085115814,4.833146760266676,5.007721283687595,4.95324149494403,5.5653231692200045,5.246273122003193,5.777306,5.823908740894155
394,S. aureus,FLGLIGSLL,2.137720904,9,3.862279096,394,394,train,1,3.9623970144960516,4.239227263539766,4.692199506723356,4.310677483749268,4.673084645073038,4.038066178520005,4.331397742701287,3.892452,3.8622790959931477
395,S. aureus,FLGLLFHGVHHVGKWIHGLIHGHH,0.463886132,24,5.536113868,395,395,train,8,5.435778201384098,5.2934879969675315,4.87924061013459,5.226272435787725,5.010638007740092,5.443472752939993,5.149612123408344,5.463009,5.536113867915275
399,S. aureus,FLGMIPGLIGGLISAFK,0.698970004,17,5.301029996,399,399,train,7,5.201062270196242,4.96373427898972,4.746303822208128,5.092163520914667,4.765151285309438,5.048434925930003,4.921524843079728,5.1837864,5.301029995937128
400,S. aureus,FLGSIVGALASALPSLISKIRN,1.397940009,22,4.602059991,400,400,train,4,4.702141352594765,4.752605543732027,4.714144977240286,4.984571953241741,4.6966110589179255,4.656220947269995,4.824525846998891,4.624445,4.60205999107169
401,S. aureus,FLGSLIGAAIPAIKQLLGLKK,1.176091259,21,4.823908741,401,401,train,5,4.732276643163758,4.594156673197906,4.749772217658619,4.761452809488886,4.793373012172598,4.939740878970005,4.911901896665319,4.8440385,4.823908740943117
423,S. aureus,FLGWLFKWAKK,0.943478106,11,5.056521894,423,423,train,6,4.956422209137722,5.074512108357577,4.844958594126287,5.087161327017383,4.912900745002764,5.1291770851200065,5.015057090102296,5.1035295,5.056521894017862
425,S. aureus,FLGWLFKWAWK,0.628556352,11,5.371443648,425,425,train,7,5.271413704429986,5.1006504929363485,4.9257274206715165,5.147398604560283,5.016878461627165,5.296804674270005,5.001087463042075,5.3199716,5.37144364794461
426,S. aureus,FLHHIVGLIHHGKLDMYRSNN,1.0,21,5.0,426,426,train,6,4.8998861079495,4.9997428776163915,4.690794896537928,5.000474470988496,4.7239289681092735,4.891286560079999,4.862955088981966,5.0059443,4.999999999911483
427,S. aureus,FLIIRRPIVLGLL,0.817311161,13,5.182688839,427,427,train,6,5.0825210662483995,5.0493711942461665,4.887034239539375,5.103625039769011,5.058636335942091,5.120039460599994,5.187828026074923,5.154004,5.182688838830175
428,S. aureus,FLKALFKALKKLL,0.768701516,13,5.231298484,428,428,train,7,5.131471067556538,5.488381360115595,4.857344634290819,5.449119570016097,4.887787034151364,5.3448893273699944,5.269896749455807,5.34031,5.231298485445347
429,S. aureus,FLKALFKALSKLL,0.604411274,13,5.395588726,429,429,train,7,5.2956911046028825,5.429286357420725,4.790320060176429,5.390931212460567,4.826596636032486,5.393196716050007,5.231504715399769,5.431553,5.395588726377761
430,S. aureus,FLKALFKVALKVL,0.318196412,13,5.681803588,430,430,train,9,5.581945638508337,5.406106487973333,4.891892540687568,5.351753799670725,4.912474489141617,5.527175845499996,5.2550018656773805,5.5917435,5.681803587807371
431,S. aureus,FLKALFKVASKVL,0.325865799,13,5.674134201,431,431,train,9,5.574303691065499,4.790839528154058,4.769305145711573,4.7480718801644235,4.580596543025409,5.454190093730002,4.925842641401,5.4749227,5.674134200057934
432,S. aureus,FLKALWNVAKSVF,0.494154594,13,5.505845406,432,432,train,8,5.406022690500159,4.989603480202053,4.816504335736847,4.827212782628057,4.811692145366915,5.317700541479996,5.029109079201489,5.357701,5.505845405943241
433,S. aureus,FLKGIKGMLGKLF,0.77815125,13,5.22184875,433,433,train,7,5.121786262454509,4.910782701027324,4.69275968992534,4.8852412260946325,4.721501590501764,5.156707232759996,4.883503508355434,5.1785455,5.221848749503836
434,S. aureus,FLKGIKGMLGKLL,1.079181246,13,4.920818754,434,434,train,5,4.820496015292142,4.953393144783364,4.682372797232979,4.918748464694993,4.699525431832015,4.966745844959995,4.98987323161338,4.977571,4.920818754464817
435,S. aureus,FLKGIVGKLGKLF,0.77815125,13,5.22184875,435,435,train,7,5.122017425157987,5.409116127559342,4.710970408842064,5.307317970146895,4.86893268647931,5.259501411629999,5.235630895836485,5.2858844,5.221848749834355
436,S. aureus,FLKGIVGMLGKLF,0.477121255,13,5.522878745,436,436,train,8,5.422807019009143,5.306290089040892,4.764718690382842,5.281122005653078,4.909262647986234,5.482790031370006,5.241553997699921,5.5095105,5.522878745169218
437,S. aureus,FLKGIVGMLGKLL,0.477121255,13,5.522878745,437,437,train,8,5.422964882677311,5.133854603837245,4.7543720234934295,5.175754024518941,4.8873618061005235,5.411725792030005,5.252103839732052,5.4551554,5.522878744557411
438,S. aureus,FLKGIVGMLGKLW,0.477121255,13,5.522878745,438,438,train,8,5.422877289979633,5.15366561424706,4.777835129352084,5.107787230173197,4.93077988167668,5.467628719930006,5.244787544080423,5.5108414,5.522878744934262
439,S. aureus,FLKKAKKFGKAF,2.559200679,12,3.440799321,439,439,train,0,3.540759634818432,3.829919194291753,4.673179466314253,3.7188682472532184,4.6859910193418415,3.6137363881999955,3.8793516519304942,3.4983597,3.4407993210529986
441,S. aureus,FLKLIPRKIVTAL,0.996558023,13,5.003441977,441,441,train,6,4.903589743338214,5.122866126854676,4.8196461005720606,4.957544663180605,4.949440433363002,4.977023769150006,5.054239549936597,5.0470924,5.003441977047035
442,S. aureus,FLKLLKKLL,0.84509804,9,5.15490196,442,442,train,6,5.054868113483138,5.1748737563554155,4.896205639116355,5.160696606790933,4.926733093656639,4.8022524922600045,4.81649342988127,5.1051645,5.154901959452616
443,S. aureus,FLKPLFNAALKLLP,1.346517699,14,4.653482301,443,443,train,4,4.732276643163447,4.909149626827911,4.722282550292516,4.930467572828476,4.702776417589822,4.729721554859998,4.792453793763401,4.8155437,4.653482301028801
447,S. aureus,FLKWLFKWAKK,0.624738576,11,5.375261424,447,447,train,7,5.275410258371463,5.356154205836335,4.899371642328295,5.264435656698234,4.967915342839388,5.362526514789992,5.261358024286234,5.384546,5.375261423765116
448,S. aureus,FLKWLFKWLKK,0.910251771,11,5.089748229,448,448,train,6,4.989761766792142,5.172772287454682,4.97582497410196,5.14473404672222,5.06400505741564,5.156025059530005,5.302112360456372,5.177313,5.089748229078226
449,S. aureus,FLNALKNFAKTAGKRLKSLLN,0.72427587,21,5.27572413,449,449,train,7,5.175691541805293,4.555879835493463,4.7124206978536165,4.656697485791618,4.696424117102719,5.144079504060006,4.8301031570567545,5.213552,5.275724129926601
450,S. aureus,FLPAALAGIGGILGKLF,0.795880017,17,5.204119983,450,450,train,6,5.1042753342610405,5.094482685490377,4.679357806211498,5.220454868770109,4.68473690041891,5.07317180698,4.91573618117031,5.175193,5.204119982977522
453,S. aureus,FLPFLAGLFGKIF,2.176091259,13,3.823908741,453,453,train,0,3.9237442269491734,4.491373961345677,4.777529923088498,4.422028008231277,4.814635234165869,4.355153764430005,4.688288525760119,3.9368963,3.823908741268925
454,S. aureus,FLPFLASLLSKVL,1.903089987,13,4.096910013,454,454,train,2,4.1970387168283585,4.581079576091514,4.734392141970725,4.6348184372738315,4.550780972457914,4.209980714830005,4.390935134310602,4.1106215,4.096910013163344
455,S. aureus,FLPFLATLLSKVL,2.0,13,4.0,455,455,train,1,4.0998861519753875,4.5274144149587014,4.7967177345064895,4.449398486908888,4.812536811658027,4.272984323550001,4.602442916278993,4.044393,4.000000000035036
456,S. aureus,FLPFLIPALTSLISSL,1.698970004,16,4.301029996,456,456,train,2,4.401189358075397,4.595394855240114,4.784711435938059,4.5450144362923455,4.775370722633995,4.363966944090004,4.606591317220875,4.3410926,4.301029995997926
458,S. aureus,FLPFVGNLLKGLL,0.954242509,13,5.045757491,458,458,train,6,4.945901778533682,4.466707933473344,4.764206204282888,4.408631746582954,4.751470920669073,5.034847055100004,4.979707503941569,5.006919,5.045757490909966
459,S. aureus,FLPGLIAGIAKML,1.015674605,13,4.984325395,459,459,train,5,4.884296061533478,4.827078143302974,4.70609970449783,4.751763163817973,4.680974096036313,4.846849200709998,4.89557980082314,4.830413,4.9843253949609405
460,S. aureus,FLPGLLAGLL,1.432434775,10,4.567565225,460,460,train,4,4.667397350485192,4.566812494581765,4.6224084432961146,4.440921222217364,4.570275924122842,4.314075216240003,4.31014769561788,4.5678563,4.5675652249708225
461,S. aureus,FLPIAGKLLSGLSGLL,-0.10741706,16,6.10741706,461,461,train,9,6.007590108883269,5.043597664154472,4.654753762510112,5.13785510254697,4.668388938056442,5.7908528555699945,5.240065319385437,5.9372435,6.10741705961136
462,S. aureus,FLPIALKALGSIFPKIL,0.939329318,17,5.060670682,462,462,train,6,4.960311806707639,5.005591387606646,4.816455985898774,5.103973695923567,4.844006641129033,5.0953487918100056,5.033689492117978,5.063509,5.060670682147703
463,S. aureus,FLPIASLLGKYL,2.301029996,12,3.698970004,463,463,train,0,3.7990864845653,4.668191776606435,4.681965570333077,4.531247751460702,4.460549737124794,4.095214923659996,4.4678244326827725,3.8167226,3.6989700041140763
465,S. aureus,FLPIIAKVLSGLL,1.176091259,13,4.823908741,465,465,train,5,4.732277628291323,4.982744437750864,4.777946714343098,5.0264452778276,4.778766340649769,4.847463533380008,4.856245458287928,4.872884,4.8239087414087205
466,S. aureus,FLPIIGKLLSG,0.543440729,11,5.456559271,466,466,train,8,5.356653773639426,4.933552199224948,4.669236078006469,4.890383795585068,4.646680284703661,5.177255050520004,4.63933218336446,5.3807015,5.45655927086372
470,S. aureus,FLPIITNLLGKLL,0.77815125,13,5.22184875,470,470,train,7,5.122024341585734,4.896700126232061,4.7682990129287255,4.884092001794777,4.755097362073662,5.089696936639997,4.96325505378798,5.1680293,5.2218487498922155
471,S. aureus,FLPILASLAAKFGPKLFSLVTKKS,0.477121255,24,5.522878745,471,471,train,8,5.422996493853711,4.982785046189686,4.8367954450761905,5.050540240012249,4.814577019815165,5.243630810480006,4.868718610488184,5.3827405,5.5228787448706935
476,S. aureus,FLPILINLIHKGLL,2.096910013,14,3.903089987,476,476,train,1,4.003284475661889,4.859429344109246,4.827079487279349,5.06153957560115,4.834947352605772,4.362916062499995,4.8547297783676004,4.065818,3.9030899871218683
477,S. aureus,FLPIPRPILLGLL,0.710151054,13,5.289848946,477,477,train,7,5.189678797377768,5.534881297491141,4.759936432502476,5.4127320296972465,4.778126239829342,5.126580189660003,5.058945231262095,5.220102,5.289848946022707
479,S. aureus,FLPIVAKLLSGLLGRKKRRQRRR,0.176091259,23,5.823908741,479,479,train,9,5.723738785944095,5.847403184169332,4.864099804623526,5.76939984375777,5.040842076757633,5.509753273920007,5.475873038337581,5.729254,5.823908740993127
482,S. aureus,FLPIVGKLLSGLSGLL,0.089637291,16,5.910362709,482,482,train,9,5.810335095356711,5.527988947618861,4.728452993319538,5.500142401490776,4.850305004450265,5.771098295260004,5.4817468943387535,5.9414587,5.910362708967394
483,S. aureus,FLPIVGKLLSGLSGLS,0.193344967,16,5.806655033,483,483,train,9,5.706865547285905,5.155733611596281,4.6539024091478085,5.163391770410729,4.763557020694755,5.566822134000007,5.389881459339414,5.8329797,5.806655033014327
486,S. aureus,FLPIVTNLLSGLLGK,1.763427994,15,4.236572006,486,486,train,2,4.336674855754978,5.112258699738353,4.688909717189292,5.293773429373974,4.789035452301742,4.4467680899800035,4.643232675589626,4.2961183,4.236572006136178
487,S. aureus,FLPKLFAGIISKNF,1.119530908,14,4.880469092,487,487,train,5,4.7803538468210345,4.834851824453117,4.701928027381926,4.920385467517095,4.710559291901782,4.894201557739999,4.967254732474097,4.9279265,4.8804690919771545
488,S. aureus,FLPKLFAKITKKNMAHIR,0.011694568,18,5.988305432,488,488,train,9,5.8881400164134465,4.9118973439345694,4.779473469451587,4.903420068070903,4.807526776685319,5.656392818239999,5.066024213136546,5.828856,5.988305431881371
489,S. aureus,FLPKMSTKLRVPYRRGTKDYH,0.158119229,21,5.841880771,489,489,train,9,5.741747557797693,5.725464968606254,4.715672589109788,5.604931096800212,4.6792632625560975,5.3758972214599945,5.005236807579033,5.783591,5.841880770951179
492,S. aureus,FLPLAMALGKLL,1.602059991,12,4.397940009,492,492,train,3,4.498017278266115,5.241780246963881,4.698205643076211,5.031488369830994,4.679542990314412,4.519317054440005,4.531546788611807,4.4039016,4.397940009055722
493,S. aureus,FLPLFASLIGKLL,2.146128036,13,3.853871964,493,493,train,1,3.9539700475066697,4.2957441276369845,4.733679244739102,4.340712990395602,4.553599837453649,4.273287167620003,4.703587884447489,4.0629926,3.853871964284389
494,S. aureus,FLPLIGKILGTIL,0.698970004,13,5.301029996,494,494,train,7,5.200879395340918,4.549135166042786,4.7628428794913376,4.539276888111287,4.782418433275937,5.054344136370006,4.988011975719782,5.2076645,5.301029995919644
501,S. aureus,FLPLIGRVLSGILGWKRKRFG,1.0,21,5.0,501,501,train,6,4.899756899638648,5.13845129535887,4.884242890281096,5.279040809378448,5.000266019229906,5.010786133179999,5.204379861571797,5.0277524,5.000000000031639
502,S. aureus,FLPLILPSIVTALSSFLKQG,1.248570124,20,4.751429876,502,502,train,4,4.732276643163447,5.2296249033054165,4.812273129673667,5.2566911392853335,4.924206175572987,4.749628133479996,4.803105269038235,4.7863545,4.7514298760135105
503,S. aureus,FLPLKKLRFGLL,0.495544338,12,5.504455662,503,503,train,8,5.404291830310289,5.073880191000562,4.791517304490788,5.010988273644429,4.830988922222607,5.28961117775,5.021398188587274,5.4561534,5.504455661988398
504,S. aureus,FLPLLAGLAAKWF,1.274157849,13,4.725842151,504,504,train,4,4.732276643163096,4.789697992377181,4.723018455585368,4.60823375682913,4.7618084407635015,4.806255408359998,4.85107471029212,4.7532153,4.725842151024975
507,S. aureus,FLPLLASLFSRLL,0.301029996,13,5.698970004,507,507,train,9,5.598799009212289,4.882857932564764,4.751897451821046,4.84418290617315,4.582131415603636,5.2372906588599974,5.017749485022904,5.621686,5.698970003782146
508,S. aureus,FLPLLFGAISHLL,1.488056526,13,4.511943474,508,508,train,3,4.61178338333662,5.205604933951595,4.759019738536223,5.174382626486607,4.771133263577616,4.624515372270006,4.802954709265948,4.5010695,4.511943474048288
509,S. aureus,FLPLLFGALSTLLPKIF,1.397940009,17,4.602059991,509,509,train,4,4.702161920455061,4.92424616665725,4.808258336837397,5.056518218152227,4.865906412434961,4.801345393159991,4.9619359217114924,4.7337456,4.6020599910746744
511,S. aureus,FLPLLVGAISSILPKIF,1.096910013,17,4.903089987,511,511,train,5,4.802929121759711,4.665099159890249,4.810366024324601,4.834725670266298,4.853843466616906,4.9072081201499955,4.954514291782489,4.899594,4.903089986960118
513,S. aureus,FLPLVLGALSGILPKIL,0.424703786,17,5.575296214,513,513,train,8,5.475397363138847,5.11994033116608,4.755077239841407,5.285606193971168,4.797538091411427,5.316842179569997,4.960675022779086,5.366775,5.575296213743914
514,S. aureus,FLPLVTGLLSGLL,1.806179974,13,4.193820026,514,514,train,2,4.29394925633197,4.744472564606119,4.704328765436356,4.6572472023459595,4.683715362230262,4.4524872888100075,4.59612811333801,4.220242,4.193820026096033
515,S. aureus,FLPLVTMLLGKLF,0.875061263,13,5.124938737,515,515,train,6,5.024838124476519,4.691318260477316,4.830282787811737,4.657775054492552,4.848325695548633,5.0814792456899935,4.87120276885663,5.090837,5.124938736947137
516,S. aureus,FLPPSPWKETFRTS,1.098697885,14,4.901302115,516,516,train,5,4.801405626589989,4.765408483433702,4.545693675044607,4.799744075669979,4.465745132684553,4.630807767090006,4.423107743254033,4.8080673,4.901302114953019
519,S. aureus,FLPVILPVIGKLLNGIL,1.397940009,17,4.602059991,519,519,train,4,4.702172204923599,4.851424338399944,4.872650169552869,4.589534543962329,4.860383569447815,4.683493194319992,4.71171831250638,4.6501455,4.602059990873731
520,S. aureus,FLPVILPVIGKLLNGILGK,1.397940009,19,4.602059991,520,520,train,4,4.702166023125584,4.575159256953723,4.827678153221013,4.529140109785851,4.844922106520179,4.695162717399994,4.793256465992541,4.640064,4.602059991089365
521,S. aureus,FLPVILPVIGKLLSGIL,1.522878745,17,4.477121255,521,521,train,3,4.577245303458578,4.764927721774658,4.865073361311497,4.864029240422006,4.901337585782866,4.585464224989994,4.713628576267056,4.493526,4.477121255178117
522,S. aureus,FLPVLAGVLSRA,1.529982483,12,4.470017517,522,522,train,3,4.57017286826503,4.345605553633451,4.630517933213082,4.255368910840517,4.62634360535581,4.506541610629993,4.407576099595005,4.4836736,4.470017517000275
523,S. aureus,FLPVLGKVIKLVGGLL,0.491361694,16,5.508638306,523,523,train,8,5.408640486809473,4.657945950485187,4.832466049286376,4.59105722118144,4.879354937949368,5.3109515594700065,5.059919005982609,5.4358807,5.508638305620322
525,S. aureus,FLQHIIGALGHLF,1.222716471,13,4.777283529,525,525,train,4,4.732276643163456,4.294932137016965,4.74236936924667,4.447794360466521,4.760351409486337,4.8129985379099915,5.002000352984219,4.82125,4.777283529014139
526,S. aureus,FLQHIIGALSHFF,1.103803721,13,4.896196279,526,526,train,5,4.796272305800103,4.96264662359503,4.764984245762313,4.981324617009174,4.78128375590003,4.8258105030399925,4.935277014519603,4.8676248,4.896196278978713
527,S. aureus,FLQHIIGALTHIF,1.509874285,13,4.490125715,527,527,train,3,4.589996059508314,4.706796831498936,4.8047092407540015,4.587030989758568,4.810269813682185,4.618027612089993,4.947362311572774,4.56858,4.49012571497353
528,S. aureus,FLSAIASMLGKFL,2.301029996,13,3.698970004,528,528,train,0,3.798798756347162,3.993338367199739,4.640708272552599,4.068563429787387,4.448224122899346,3.997646464009996,4.22840268706073,3.742665,3.698970004133922
529,S. aureus,FLSAITSLLGKLL,0.77815125,13,5.22184875,529,529,train,7,5.121989536754191,5.106478853401528,4.662476895569783,5.09361434920845,4.682307964745059,5.082106271649996,4.883396128385756,5.1732335,5.221848749982692
530,S. aureus,FLSGIVGMLGKLF,0.632023215,13,5.367976785,530,530,train,7,5.268079634707502,5.384022555218409,4.74821969638061,5.34849180195201,4.881000163568646,5.1896143295399995,5.12178088008799,5.3479495,5.367976785060398
531,S. aureus,FLSGIVGMLGKLFGK,0.477121255,15,5.522878745,531,531,train,8,5.423053565037706,4.782631769846476,4.713157105180615,4.986008607968323,4.837579067869249,5.3093345395900045,5.152855704750439,5.5045824,5.522878744898975
532,S. aureus,FLSGLIGGLAKMLGK,0.973127854,15,5.026872146,532,532,train,6,4.926771021514041,4.759096204254001,4.647900251751441,4.872464711879932,4.6530077984894636,4.863503105720006,4.7925039638361415,4.9201164,5.026872146009126
533,S. aureus,FLSHIAGFLSNLF,1.0,13,5.0,533,533,train,6,4.900171524644631,4.833687933882978,4.691864480942674,4.7260037945131135,4.704066398941239,4.9097985830100015,4.8540720104557735,4.987945,4.9999999999868
534,S. aureus,FLSHIAGFLSNLFGK,0.782274918,15,5.217725082,534,534,train,7,5.117553582266949,4.712857028564011,4.664518158646598,4.8626609195829955,4.681954732520898,5.072279246960003,4.852688852630997,5.113428,5.217725081891543
535,S. aureus,FLSIIAKVLGSLF,0.875061263,13,5.124938737,535,535,train,6,5.024883123008153,5.091055677111366,4.78615294810478,4.928701217162954,4.820540063808722,4.987260797899998,4.872550592740123,5.0949864,5.1249387369090975
536,S. aureus,FLSLIPAAISAVSALANHF,1.517872518,19,4.482127482,536,536,train,3,4.581936821163446,4.6800535656225675,4.6721815402421445,4.79884747274814,4.665417667856144,4.736283003380003,4.629591193067228,4.5692368,4.4821274820191475
537,S. aureus,FLSLIPHAIKAVGVHAKHF,1.788000754,19,4.211999246,537,537,train,2,4.31183541430824,3.8532397832107543,4.783194305970385,4.060272934532924,4.803506476748918,4.286099340060003,4.503472595725215,4.1725984,4.211999245811189
538,S. aureus,FLSLIPHAINAVGVHAKHF,2.393000622,19,3.606999378,538,538,train,0,3.7073605801411813,4.406872914768418,4.758203868337469,4.353953889054543,4.75333277481211,4.095797944760005,4.240918357617636,3.8219185,3.606999378240392
539,S. aureus,FLSLIPHAINAVSAIAKHF,0.62324929,19,5.37675071,539,539,train,7,5.276723947415408,4.972016206137175,4.739151051062169,4.824172568638369,4.742450851007926,5.195847155840004,4.917739110778357,5.2871656,5.376750709778961
540,S. aureus,FLSLIPHAINAVSAIAKHFG,0.77815125,20,5.22184875,540,540,train,7,5.122088969004298,4.593154282740009,4.73333519338441,4.616730403431901,4.733893113107093,5.098349591779996,4.882362734882934,5.1501174,5.2218487500753135
541,S. aureus,FLSLIPHAINAVSAIAKHN,0.897627091,19,5.102372909,541,541,train,6,5.0024822506283755,5.088981212398586,4.673527095620759,4.83115256906741,4.656505587614189,5.0103004980099985,4.857594210204341,5.063432,5.102372908971963
542,S. aureus,FLSLIPHAINAVSALANHG,0.788875116,19,5.211124884,542,542,train,7,5.111100259500582,5.186486206615458,4.6163629579869765,5.1017794148192,4.594369011902329,5.036030020070005,4.788278338743049,5.1599092,5.211124883969659
543,S. aureus,FLSLIPHAINAVSTLVHHF,0.67669361,19,5.32330639,543,543,train,7,5.223166755154496,4.1451634646440425,4.80781443850704,4.258243199141738,4.819733904116648,5.041269305210006,5.0250549905214985,5.231197,5.323306389953079
544,S. aureus,FLSLIPHIATGIAALAKHL,0.278753601,19,5.721246399,544,544,train,9,5.621294506503233,4.9963849659958495,4.755901841603446,5.188231556167485,4.770646353548215,5.521541988389996,5.227784387085828,5.6169324,5.721246398828631
545,S. aureus,FLSLIPHIVSGVAALAKHLG,1.091080469,20,4.908919531,545,545,train,5,4.808482028633118,5.476212955015541,4.768931225757006,5.443243427192845,4.873021356362733,4.918590155879994,4.907205754901024,4.9439774,4.908919531193026
549,S. aureus,FLSLIPKAIKAVGVKAKKF,2.129431306,19,3.870568694,549,549,train,1,3.9707399583975915,4.516488849774213,4.782857255694548,4.779450425447533,4.818665488183801,4.19899988715,4.676911965228071,3.9719112,3.870568694425261
550,S. aureus,FLSLIPKIAGGIAALAKHL,0.616772114,19,5.383227886,550,550,train,7,5.283117423205492,5.512618940913524,4.733559280572438,5.334133956191448,4.759142471607369,5.365999348239993,5.188447336113019,5.461339,5.383227886063014
551,S. aureus,FLSLIPKIATGIAALAKHL,0.301029996,19,5.698970004,551,551,train,9,5.5987993891296055,5.154932384342487,4.760277715949554,5.107355366106736,4.78360869608616,5.580583082229996,5.229368723306273,5.6608343,5.698970003967342
552,S. aureus,FLSLIPKLVKKIIKAFK,0.397940009,17,5.602059991,552,552,train,8,5.502158101887376,4.832870680330432,4.875061128565429,4.579232455913165,4.961287417212045,5.460564462729996,5.1017570308595515,5.4801292,5.602059990549192
553,S. aureus,FLSLIPSLVGGSISAFK,2.079181246,17,3.920818754,553,553,train,1,4.020960803845822,4.602450112518348,4.715910486060744,4.771498461286327,4.7220931805535855,4.103093102939996,4.527912668733631,4.018968,3.920818754070808
554,S. aureus,FLSMIPHIAGGIASLVKNL,1.208176921,19,4.791823079,554,554,train,4,4.732277151378844,4.775611998334625,4.7059978309476715,4.652365738473478,4.580378972579244,4.883624908119995,4.880176370413214,4.8583446,4.791823079031242
555,S. aureus,FLSMIPHIVSGVAALAKHL,0.795880017,19,5.204119983,555,555,train,6,5.104276324300874,5.588745482542028,4.798221353590532,5.6603229267918165,4.892168796694691,5.054453318799998,5.038463623995838,5.205759,5.204119982933247
556,S. aureus,FLSMIPKIAGGIASLVKNL,0.608086824,19,5.391913176,556,556,train,7,5.291998216847489,4.924797195917104,4.710190860734924,4.783562861405008,4.593723886487371,5.29767914612,4.883490419305198,5.332321,5.3919131758346275
557,S. aureus,FLSSIGKILGNLL,1.403335041,13,4.596664959,557,557,train,4,4.696630643226003,4.84953236059223,4.698588239620903,4.757297679857119,4.684631314269585,4.728372518680003,4.92055671175194,4.640641,4.596664959018588
558,S. aureus,FLSTIWNGIKGLL,0.977723605,13,5.022276395,558,558,train,6,4.922011516797412,5.363776774017313,4.7483443398831175,5.411612150977108,4.744798069953543,5.015578204430003,4.910960497024885,5.0049176,5.0222763950009535
559,S. aureus,FLSTIWNGIKSLF,0.903089987,13,5.096910013,559,559,train,6,4.9970850638845326,5.130782108376016,4.768183635995325,5.116946846938237,4.783956958922868,5.0036908974000065,4.931870603971047,5.0621552,5.096910013004403
560,S. aureus,FLSTIWNGIKSLL,1.079181246,13,4.920818754,560,560,train,5,4.82065850883285,5.322420376531435,4.754962652640695,5.322328938389888,4.752041679013392,4.914391070299996,4.916803072086785,4.959777,4.920818753981051
561,S. aureus,FLSTLWNAAKSIF,1.056169428,13,4.943830572,561,561,train,5,4.8439335500169385,4.964898559410829,4.701546333031806,4.913047362687112,4.692494895814242,4.864187707560007,4.789354436890277,4.8780603,4.943830571980504
562,S. aureus,FLTGLIGGLMKALGK,2.176091259,15,3.823908741,562,562,train,0,3.923339472667519,3.7310715307874522,4.669571390328521,3.889689818439019,4.662960213452554,4.146088612120007,4.768726074624491,3.98455,3.8239087410721844
564,S. aureus,FLWGLIPGAISAVTSLIKK,0.637851065,19,5.362148935,564,564,train,7,5.262305034865127,5.32423892118339,4.789364850744756,5.108978184704084,4.833338166915076,5.1125770121299965,4.996750558945981,5.254984,5.362148934942905
565,S. aureus,FLWWLFKWAWK,0.59226113,11,5.40773887,565,565,train,8,5.307705259388268,5.527813833265611,5.055310595026581,5.473997851103333,5.151284416384598,5.3054041352,5.21086266583949,5.37833,5.407738870081663
566,S. aureus,FLYIVAKLLSGLL,0.176091259,13,5.823908741,566,566,train,9,5.7237410997310265,5.1527303457467655,4.8773358376392215,5.064760042421678,5.00735719786816,5.553117834680004,5.079270945609532,5.74975,5.823908740927716
567,S. aureus,FMPIIGRLMSGSL,-0.064693135,13,6.064693135,567,567,train,9,5.9645744457926995,5.853753656951883,4.705322842440988,5.707199238027405,4.679487579064024,5.379530697690005,4.9115742783222505,5.949881,6.064693134909562
568,S. aureus,FPFSLIPHAIGGLISAIK,1.681241237,18,4.318758763,568,568,train,3,4.418708140716685,4.6782717033988,4.731553283890297,4.691291275998088,4.7335971931284755,4.4751973024800025,4.691156103150872,4.4057355,4.318758763116302
569,S. aureus,FPISTLLKWWKG,1.927890158,12,4.072109842,569,569,train,2,4.172285607076016,4.700450640823937,4.796981279247878,4.605797999688081,4.817234370817552,4.272213147689993,4.718592282009597,4.18622,4.072109842033824
571,S. aureus,FPVGRVHRLLRK,1.335533875,12,4.664466125,571,571,train,4,4.731937808408515,4.392089378403871,4.742904242341251,4.4897621449309355,4.755975641970153,4.690708603719995,4.655597703998815,4.609671,4.664466124913556
572,S. aureus,FPVKLKFPKVKL,1.986603041,12,4.013396959,572,572,train,1,4.113365306193972,4.244762185673834,4.771106657048199,4.215694390317454,4.745085378991065,4.323242084699995,4.303623281532867,4.0086927,4.013396958991767
573,S. aureus,FPVTFRFFKFFKG,1.702085896,13,4.297914104,573,573,train,2,4.397957577371729,4.373022520405448,4.875406135930227,4.332334205950241,4.935848242521506,4.598825449810003,4.7490029164634375,4.3463182,4.297914103951783
575,S. aureus,FPVTWKWWKWWKG,1.301029996,13,4.698970004,575,575,train,4,4.732276644977615,4.742861867221993,4.932511421517336,4.8003166832893625,5.027290173875016,4.768616224399995,4.884363857046587,4.7041206,4.698970004159169
576,S. aureus,FPVTWPTKWLKG,2.233666999,12,3.766333001,576,576,train,0,3.866162527469758,3.984407779338121,4.72283063831757,3.9820863480792097,4.708770762412368,3.856034395330005,4.093250711295709,3.77834,3.7663330010590377
577,S. aureus,FPVTWPTKWRKG,2.221050469,12,3.778949531,577,577,train,0,3.8791212949839817,3.731600681858601,4.683277382253453,3.7845473066538498,4.670450072120995,3.899189396070004,4.234232068846111,3.8285897,3.7789495309828554
578,S. aureus,FPVTWPTKWWEG,2.212192342,12,3.787807658,578,578,train,0,3.887979461113293,3.6343036563260216,4.496595313141027,3.806447210592814,4.39654195623975,3.9334995012600023,3.9191156179011966,3.7592711,3.78780765797594
580,S. aureus,FPVTWPTKWWKS,2.204033855,12,3.795966145,580,580,train,0,3.8957963610027773,3.504742604428962,4.750660532678379,3.5307632200150145,4.745865727142509,3.932861752520005,4.182712823885986,3.8283918,3.795966145031638
583,S. aureus,FPVTWRWWTWWKG,1.241253198,13,4.758746802,583,583,train,4,4.732276643163447,4.689606718472096,4.931970872397503,4.687991239867177,5.027874285283991,4.731915508120006,4.766475223344143,4.7037315,4.758746801946173
584,S. aureus,FQNRRMKWKK,2.408239965,10,3.591760035,584,584,train,0,3.6915884231660803,3.780248078001409,4.61737165811406,3.571245867320296,4.445887942855044,3.7980750366199967,3.763223102122838,3.582019,3.5917600349038925
587,S. aureus,FQWQRNMRKVRGPPVS,2.698970004,16,3.301029996,587,587,train,0,3.4008598689319256,3.1649638274917864,4.716707449426368,3.196838116546677,4.685983237826961,3.6972460925500044,3.8385283193425166,3.3287468,3.3010299960541585
589,S. aureus,FRFKFRFK,2.327744531,8,3.672255469,589,589,train,0,3.7722503333609207,5.0221756208595565,4.847531555630775,4.989187115406857,4.912593885769958,3.940909369639997,4.566723749866064,3.7213132,3.672255469139609
590,S. aureus,FRIRVRV,2.10720997,7,3.89279003,590,590,train,1,3.9927460420817344,4.254771407901595,4.835159501253885,4.2784238152198295,4.875185932398695,3.94634625229,4.362740601420114,3.9246519,3.892790030106278
591,S. aureus,FRIRVRVFKRIVQRIKDFLR,0.602059991,20,5.397940009,591,591,train,7,5.298115764701498,5.22698615932786,4.93557827000747,5.232247545547464,5.0605775163408815,5.256659460770006,5.10416575234909,5.3654585,5.397940009037078
592,S. aureus,FRIRVRVKWKLFKKI,0.602059991,15,5.397940009,592,592,train,7,5.297696816773135,5.400577275889823,4.982033575872148,5.394969264998824,5.082251958092563,5.342048956860006,5.214056842789245,5.4050517,5.397940009100894
593,S. aureus,FRKLFRVYSNFLRGKLKL,1.041392685,18,4.958607315,593,593,train,5,4.858778940229449,5.343582512155149,4.942505084237977,5.407254161012787,5.0076751894598015,5.013176087059998,5.195927017454288,5.021906,4.9586073149316245
594,S. aureus,FRPALIVRTKGTRL,1.477121255,14,4.522878745,594,594,train,3,4.62299549271297,4.7329011629486475,4.656454864591661,4.6935920622405405,4.766331063439346,4.522780680920005,4.783739492082472,4.4951644,4.522878744945856
597,S. aureus,FRRFFKWPRRFFKFF,0.957447649,15,5.042552351,597,597,train,6,4.942700398138912,5.810796706293424,5.020361896034803,5.872735894958295,5.159631987924116,5.142614019059998,5.259512754866063,5.0426335,5.042552350938338
598,S. aureus,FRRFFKWPRRPFKFF,0.806632129,15,5.193367871,598,598,train,6,5.092862456956106,5.440417987019979,4.934145878438036,5.376995165284259,5.068759668816344,5.208552909840003,5.179038735498992,5.1977634,5.19336787079817
599,S. aureus,FRRFRKWFRRFLKLF,1.193820026,15,4.806179974,599,599,train,5,4.7322766431986105,4.8729133506237785,5.038909958476102,4.9073576532295755,5.1680572049684335,5.091970122029994,5.267422503329799,4.9379168,4.806179974333316
600,S. aureus,FRRPFKWPRRFFKFF,0.7981901,15,5.2018099,600,600,train,6,5.10181041247378,5.387565356397792,4.9346029898351755,5.311259341683534,5.069954130987897,5.24210190284,5.192299116756927,5.217365,5.201809900596126
601,S. aureus,FRRWWKWFK,0.032057099,9,5.967942901,601,601,train,9,5.868099603268114,5.479443354416533,4.9543030591611394,5.3864258199441,5.063739004191519,5.7176328060900055,5.326080839894686,5.8517394,5.967942900652389
602,S. aureus,FRVTWRTKWWKG,0.477121255,12,5.522878745,602,602,train,8,5.42277874453415,4.48123762391553,4.788662499136762,4.643454055850856,4.823597619695706,5.2823105503200045,4.781184999638844,5.4355054,5.522878744949096
603,S. aureus,FSEAIKKIIDFLG,2.237759456,13,3.762240544,603,603,train,0,3.862481616705457,3.710305813090388,4.326858329017996,3.678964980051521,4.305613808380342,4.022627404200003,4.292393181433268,3.8499868,3.762240543977559
604,S. aureus,FSFLSRIF,2.0,8,4.0,604,604,train,1,4.099432540184183,4.88067114832239,4.754673786320483,4.933693899521523,4.793795450529858,4.11450026108,4.215139008422403,4.027113,4.000000000011887
605,S. aureus,FSIARLLKWWKG,1.144735173,12,4.855264827,605,605,train,5,4.755094729767373,4.575224911982376,4.809182419870529,4.722145648758714,4.848734743839741,4.821662231919997,4.994315601130797,4.8911457,4.855264826984556
606,S. aureus,FSTKTRNWFSEHFKKVKEKLKDTFA,1.906084061,25,4.093915939,606,606,train,2,4.193800695456596,4.001990629790748,4.706726031959506,4.041832348893731,4.701781865312314,4.28299275003,4.647939980829864,4.1718287,4.093915939026885
607,S. aureus,FSVTWRWWKWWKG,0.846036903,13,5.153963097,607,607,train,6,5.054064131407558,5.393414030804329,4.93914044894288,5.360127751223216,5.050235425614027,5.021847390559993,5.041928680679198,5.0911927,5.153963096945714
608,S. aureus,FTVATFI,0.850606277,7,5.149393723,608,608,train,6,5.049254280476607,4.951470561062637,4.710205896625095,5.0068367099957936,4.623888646674069,4.791726451570002,4.852272873102491,5.131907,5.149393722919058
609,S. aureus,FVDLKKIANIINSIF,1.158362492,15,4.841637508,609,609,train,5,4.7415612797732605,4.827042513973092,4.660655657722422,4.5846631955348585,4.647643273375381,4.765613788930005,4.70369903005666,4.8170247,4.841637507962978
610,S. aureus,FVDLKKIANIINSIFGK,1.158362492,17,4.841637508,610,610,train,5,4.741557954511978,4.635502841855355,4.648632939146596,4.703431131179615,4.6454238373394565,4.8415787488800035,4.690798908754634,4.77499,4.8416375080123455
611,S. aureus,FVGAIAAALPHVISAIKNAL,1.204119983,20,4.795880017,611,611,train,4,4.732276643163448,4.698493276232221,4.683362208323536,4.73989810374167,4.678314122560674,4.792080745350001,4.789521800797619,4.760677,4.795880016855412
613,S. aureus,FVKKFWGGVKAIFKGARKGLK,0.892094603,21,5.107905397,613,613,train,6,5.00802999618561,4.750203692128898,4.819000780911577,4.886122752505151,4.9124323655879065,5.099581377280006,4.9261950587496734,5.093688,5.107905396957598
614,S. aureus,FVPWFSKFLGRIL,0.977723605,13,5.022276395,614,614,train,6,4.9220420538678935,5.183223728441092,4.859585428519751,5.130171337325826,4.96879343091456,5.096010930430005,5.194803049209114,5.037869,5.022276394937361
615,S. aureus,FVPWFSKFLKRIL,0.971971276,13,5.028028724,615,615,train,6,4.928094594447833,5.0732577132863845,4.93456308067137,4.96379497228779,5.040715267634221,5.145896351910007,5.169421321044772,5.1055183,5.028028723979205
618,S. aureus,FVQWFSKFLGKIL,0.954242509,13,5.045757491,618,618,train,6,4.945886194828638,5.0590582948266825,4.858533733172568,5.089658527986371,4.923888151306359,5.105878009620004,5.075159350490977,5.053601,5.045757490988674
621,S. aureus,FVQWFSRFLGRIL,0.77815125,13,5.22184875,621,621,train,7,5.12204186395912,5.539041683135732,4.882428331144954,5.546833930246361,4.968279671987396,5.231277897139998,5.207111942366392,5.2196584,5.221848749986552
622,S. aureus,FVRWFSKFLGRIL,0.77815125,13,5.22184875,622,622,train,7,5.121681762256162,5.550135604186107,4.882665910362225,5.637420162686312,4.976429111619969,5.234808478599997,5.227122539123746,5.1986637,5.221848750044223
623,S. aureus,FVRWFSRFLGRIL,0.77815125,13,5.22184875,623,623,train,7,5.121731008396239,5.569616815552533,4.8962514965957675,5.591926409697717,5.002905824383333,5.265748505929997,5.2250601934757706,5.2313786,5.221848750111371
624,S. aureus,FVVKKKKKVF,1.902875533,10,4.097124467,624,624,train,2,4.196957852794275,4.4766980467972735,4.80881002133823,4.374930791777955,4.840392357495459,4.339275822870007,4.652965005114624,4.095795,4.097124467040621
628,S. aureus,FWGALAKGALKLIPSLVSSFTKKD,0.748188027,24,5.251811973,628,628,train,7,5.1518715125934555,5.120802537201311,4.767155377825929,5.0908938363275675,4.7255291607629735,5.123053672019991,4.843752538061795,5.1420436,5.251811972981403
631,S. aureus,FWGFLGKLAMKAVPSLIGGNKK,0.698970004,22,5.301029996,631,631,train,7,5.200859381125441,4.82352684106313,4.822017695578666,4.924566666300687,4.864866314093083,5.141407754990004,4.86939790959391,5.26263,5.30102999590686
632,S. aureus,FWGFLGKLAMKAVPSLIGGNKSSSK,1.0,25,5.0,632,632,train,6,4.900173252449151,4.838005075696719,4.803647911308128,4.751084005022835,4.860198445274743,4.94632047129,4.8047907123902185,4.9190955,5.000000000072564
633,S. aureus,FWGKLWEGVKNAI,1.505149978,13,4.494850022,633,633,train,3,4.59502190487564,4.531414298979744,4.4886059815869075,4.5577451042766395,4.451670219589647,4.618447842189996,4.586990205826679,4.4972897,4.49485002208634
634,S. aureus,FWGLKGLKGPGKFSKKL,1.903089987,17,4.096910013,634,634,train,2,4.197090787864141,4.506674255499625,4.656911175437875,4.520394761678407,4.706517000584269,4.336948483280006,4.728031647176717,4.1714787,4.096910012960959
635,S. aureus,FWGLKGLKKFSKKL,2.477121255,14,3.522878745,635,635,train,0,3.62271573201597,4.48675154642456,4.715421611806823,4.723806673057718,4.77499515787764,4.068862944280005,4.697340584335693,3.710984,3.522878745262251
638,S. aureus,FWQKMSFA,1.374036408,8,4.625963592,638,638,train,4,4.726139188359525,4.6281821882330085,4.701560975054372,4.694743617802361,4.632301556134047,4.357574499840003,4.085096733220989,4.5890536,4.625963591950657
640,S. aureus,GAARKSIRLHRLYTWKATIYTR,1.302220212,22,4.697779788,640,640,train,4,4.732276643163447,4.964811809994916,4.857563500628548,4.981306432229901,4.895156149015275,4.6959159543799975,4.854326127424737,4.6764026,4.6977797879913386
641,S. aureus,GAHDILKYGKPS,1.477121255,12,4.522878745,641,641,train,3,4.622980695298308,4.1552260171037245,4.244451772412976,4.111556775710326,4.192887109231546,4.640699704440005,4.501682941800277,4.538221,4.522878744976831
642,S. aureus,GAKALTKAATAFTKFYKTIW,1.761325425,20,4.238674575,642,642,train,2,4.3385034159973515,3.9966011853203005,4.764311052332057,4.081739938278211,4.7670231833939996,4.3821005844500025,4.459981971167445,4.319988,4.238674574993132
643,S. aureus,GAKYAKIIYNYLKKIANALW,0.70963328,20,5.29036672,643,643,train,7,5.1901983619492285,5.347308775776122,4.877496820529177,5.41019740223104,4.866189090761045,5.154626254910004,4.963318885096567,5.1790476,5.290366720030785
644,S. aureus,GAKYAKYIYNFYKYIAKYIW,1.697786165,20,4.302213835,644,644,train,3,4.402374882445436,4.669668595963224,5.038458106614528,4.631655119105533,5.0528622387298885,4.553203246299994,4.931016947050076,4.3502626,4.3022138349748404
645,S. aureus,GALFKVASKVL,2.247031938,11,3.752968062,645,645,train,0,3.8531411677072516,4.5583060781491564,4.585108713123711,4.529140317123423,4.278850388540031,3.972572814209997,4.09747276953205,3.7895615,3.7529680625222803
646,S. aureus,GALFKVASKVLPS,2.181580169,13,3.818419831,646,646,train,0,3.9182497285794686,3.8943578452451066,4.550176887003342,3.8851946902985377,4.27299397292897,4.029908390710002,4.236062191803445,3.8131893,3.8184198308033106
648,S. aureus,GANAAKKFATIAKKFINYLW,0.850846749,20,5.149153251,648,648,train,6,5.0489924367959045,5.0412802285845935,4.782307453801274,5.170561061123922,4.756738350166976,5.029511284759992,4.875848995704914,5.112717,5.149153250987123
649,S. aureus,GANAAKKLATFAKKIFTAYW,1.463642911,20,4.536357089,649,649,train,3,4.6361950063580295,4.715982686479933,4.730129465968812,4.77368569700289,4.7060944459218,4.5917383167599946,4.623985320334708,4.5497327,4.536357089033165
650,S. aureus,GANALKKYFTILKKFFKLAW,0.826103265,20,5.173896735,650,650,train,6,5.073891860088518,5.31513496912339,4.895097219546352,5.259339508729873,4.936981087730586,5.144097321419989,4.943203959271,5.1258655,5.1738967350192615
651,S. aureus,GANLAKKFYTYINKFINYAW,1.722358773,20,4.277641227,651,651,train,2,4.377754272290667,4.753967790096486,4.880717318144409,4.604862587245605,4.857734986370596,4.472567069090002,4.7421919011800595,4.35224,4.277641226999493
652,S. aureus,GATAIKQVKKLFKKKGG,0.301029996,17,5.698970004,652,652,train,9,5.598498327524002,5.184059312119354,4.618415930658286,5.153439851515275,4.571699147158808,5.401197372489992,4.730465752315635,5.561546,5.698970003392825
653,S. aureus,GATAIKQVKKLWKKKGG,0.908485019,17,5.091514981,653,653,train,6,4.991346377576999,5.151569272034488,4.632163743265313,5.0660458076134365,4.595643028193705,5.208436918999994,4.744874752569214,5.1581917,5.091514981597068
654,S. aureus,GAVDILKGAAKDIAGHLASKVMNKL,2.0,25,4.0,654,654,train,1,4.100056443255238,3.744405612190766,4.5233620438054,3.780451685435208,4.347156694555184,4.03492362294,4.0054333553834915,4.0289235,3.999999999670096
655,S. aureus,GAWKNFWSSLRKGFYDGEAGRAIRR,1.589949601,25,4.410050399,655,655,train,3,4.5102212270428765,4.3722188880268416,4.599260551851844,4.409594500944871,4.638864341051633,4.40482043702,4.684172823234043,4.4501643,4.410050398972778
659,S. aureus,GEKLKKIGKKIKNFFQKL,1.096910013,18,4.903089987,659,659,train,5,4.8027813048836165,4.465676697740366,4.683659274922445,4.5142242724818535,4.681911718945839,4.732105917689993,4.676577680370925,4.6723695,4.903089986997756
660,S. aureus,GEKLKKIGQKIKKFFQKL,1.397940009,18,4.602059991,660,660,train,4,4.702149387434411,4.151137290213082,4.704160586423423,4.178169006979573,4.714353366634353,4.640640736239995,4.766337743617414,4.664626,4.602059990954334
664,S. aureus,GFFALIPKI,1.997724881,9,4.002275119,664,664,train,1,4.1024067017019314,4.813421139438014,4.723878848018936,4.809256155122661,4.684834712509271,4.093554301789997,4.308391543459574,4.057232,4.002275119032212
665,S. aureus,GFFALIPKIISSPLFKTLLSA,1.64517004,21,4.35482996,665,665,train,3,4.4545601162339405,4.9058687683131375,4.842029773459106,4.9355128505002,4.886651787622027,4.529213736710002,4.833956605923333,4.4670687,4.354829960218065
666,S. aureus,GFGKAFHSVSNFAKKHKTA,2.0,19,4.0,666,666,train,1,4.100123944997465,4.071233525686611,4.6470093971140365,4.142755455668311,4.616912360967278,4.28835492983,4.497702466416092,4.044862,4.0000000000124745
667,S. aureus,GFGKALKLLKKVL,1.0,13,5.0,667,667,train,6,4.900090955560408,4.662301408815416,4.740363033077764,4.6882740374806575,4.737267192190545,5.02066064627,4.926075550969702,4.969905,4.999999999996567
669,S. aureus,GFGSKPLDSFGLNFF,1.264185151,15,4.735814849,669,669,train,4,4.732276643163447,4.759627340877739,4.4211703512871265,4.741946816089386,4.328555420317477,4.584776732980002,4.404918832158322,4.683594,4.73581484898484
670,S. aureus,GFGSLLGKALKIGTNLL,0.77815125,17,5.22184875,670,670,train,7,5.121990714039885,4.5402515265318115,4.675964858299393,4.5605450126841705,4.652558951729309,5.059073851289997,4.870835639463791,5.1683135,5.221848749929035
671,S. aureus,GFGSLLGKALRLGANVL,0.924308038,17,5.075691962,671,671,train,6,4.975840796371495,4.608049171597378,4.637622422778035,4.599597099465947,4.631006446019078,4.9670321725200015,4.904442168663385,5.106422,5.075691961958713
672,S. aureus,GFGSVLGKALKFGANLL,1.096910013,17,4.903089987,672,672,train,5,4.803149491057301,4.6255215704873525,4.656099897077572,4.666904903997337,4.643014102672297,4.855904984319993,4.887121717881836,4.9623485,4.903089986976274
673,S. aureus,GFGVLAKVAAHVVPAIAEHF,1.806179974,20,4.193820026,673,673,train,2,4.294063722437916,4.139459752720277,4.622420251297253,4.127889362752711,4.515260989154028,4.3386367723600054,4.3899240441048795,4.2279305,4.1938200260553575
674,S. aureus,GFIFHIIKGLFHAGK,1.171334407,15,4.828665593,674,674,train,5,4.732276896473506,4.7934066244318485,4.725436150952127,4.824971248914702,4.765457723323116,4.901117019579996,4.893935134027635,4.859502,4.828665593129113
683,S. aureus,GFKDWIKGAAKKLIKTVASSIANQ,1.397940009,24,4.602059991,683,683,train,4,4.702177708477389,4.477062311821125,4.681582971714376,4.340817471133505,4.58891857313504,4.468107525759995,4.309656086953347,4.4477854,4.602059990928925
684,S. aureus,GFKEVLKADLGSLVKGIAAHVAN,2.330413773,23,3.669586227,684,684,train,0,3.769425720353546,3.5586288843643428,4.549760347847221,3.614664115609617,4.526641926630418,3.718376427960002,4.172121089673389,3.7023308,3.66958622698751
685,S. aureus,GFKEVLKAGLGSLVKGIPAHVAN,2.63748973,23,3.36251027,685,685,train,0,3.462228379636622,3.777316350923439,4.641925985517172,3.780509862390885,4.627279669126686,3.5379610959199943,4.220437419420238,3.4973018,3.362510270042174
687,S. aureus,GFKMALKLLKKVL,0.982271233,13,5.017728767,687,687,train,6,4.918066024138864,5.341964456153073,4.841823360859128,5.254625794826108,4.838047415933292,4.9788850871399974,4.983145845270672,5.081617,5.017728767162991
692,S. aureus,GFLDIVKGVGKVALGAVSKLF,0.577049239,21,5.422950761,692,692,train,8,5.323126172351431,4.941195525488418,4.659496305440674,4.9359173607531,4.791949213629582,5.082309100219996,4.65653478345491,5.1780005,5.4229507608682335
693,S. aureus,GFLDVIKHVGKAALGVVTHLINQ,0.818539249,23,5.181460751,693,693,train,6,5.08135984315571,5.098960158365728,4.733983764815713,5.154321289220033,4.769487245603205,4.963089445409994,4.6951984965659905,5.108774,5.181460750998295
694,S. aureus,GFLDVVKHIGKAALGAVTHLINQ,1.124612415,23,4.875387585,694,694,train,5,4.775217436373762,4.762595570201166,4.681259994931917,4.898785950314659,4.708064425609862,4.78109389629,4.50043094784432,4.7850165,4.875387585005926
695,S. aureus,GFLGSLLKTGLKVGSNLL,1.551754873,18,4.448245127,695,695,train,3,4.5482539021833315,4.44964567183867,4.7209415460322885,4.438827755988566,4.704103385568324,4.552766205070003,4.768098905886156,4.531185,4.448245127122105
696,S. aureus,GFLSILKKVL,1.037426498,10,4.962573502,696,696,train,5,4.862676591676179,5.074664992106972,4.777665067805886,5.058184172051014,4.765984028572422,4.83940168672,4.600950279602765,4.960912,4.96257350198271
697,S. aureus,GFLSILKKVLAKVMAHMK,0.672097858,18,5.327902142,697,697,train,7,5.227434040452785,5.324172849341787,4.8723706709301515,5.333398773082994,4.889995946027819,5.200025113950008,4.964361790592055,5.2651415,5.3279021419140555
698,S. aureus,GFLSILKKVLGKVMAHMK,0.633468456,18,5.366531544,698,698,train,7,5.26650123714078,5.263064069093261,4.834839791275048,5.163954742660262,4.865180170754585,5.245157286110002,4.96085747397843,5.227555,5.366531543727161
699,S. aureus,GFLSILKKVLKKVMAHMK,1.139879086,18,4.860120914,699,699,train,5,4.760289500443564,4.966505772895489,4.891353194162418,4.974799415690671,4.9218917434114475,4.934262488859996,5.002553905396332,4.99961,4.860120914297729
700,S. aureus,GFLSILKKVLPKVMAHMK,0.832508913,18,5.167491087,700,700,train,6,5.067831567957498,5.099714528152852,4.844582598023644,4.954158484492838,4.869869167674552,5.1336167592999935,5.009167501838062,5.144949,5.167491087010002
701,S. aureus,GFMKYIGPLIPHAVKAIKKLI,1.830652814,21,4.169347186,701,701,train,2,4.269502621844992,4.094616482002712,4.900235683105187,4.442161402470084,4.939324686630695,4.3402893959999975,4.666452225325088,4.1955075,4.169347186027752
702,S. aureus,GFMKYIGPLIPHAVKAISDLI,1.725298943,21,4.274701057,702,702,train,2,4.3748753179649835,4.495113545026036,4.716096006268196,4.4817831790799145,4.6547227656279615,4.273420608980001,4.455117534338848,4.2562857,4.274701056892565
703,S. aureus,GFMKYIGPLIPHAVKAISKLI,1.920818754,21,4.079181246,703,703,train,2,4.179148098004262,4.291740199351726,4.8718088787296185,4.280299639832201,4.9070052035786,4.169022248750003,4.561998673949367,4.130966,4.079181246123715
704,S. aureus,GFMKYIGPLIPHKVKAISDLI,2.301029996,21,3.698970004,704,704,train,0,3.7990174349455414,4.0871629156379266,4.733147949721596,4.215197137607097,4.682572347504384,3.9347747898699943,4.524702181023243,3.8142521,3.698970004080147
705,S. aureus,GFMKYIKPLIPHAVKAIKKLI,1.920818754,21,4.079181246,705,705,train,2,4.179105871817543,4.661813808665126,4.905046440421024,4.578765825735891,4.959765524189876,4.346683878600001,4.844923851326903,4.2612095,4.079181246412112
706,S. aureus,GFMKYIKPLIPHAVKAISKLI,1.397940009,21,4.602059991,706,706,train,4,4.70189768391981,4.74675109412952,4.8766452342836955,4.804554775235653,4.927524104477035,4.530120418319996,4.630052641173406,4.5264177,4.602059990571164
707,S. aureus,GFMSKVANFAKKFAKGGVNAIMNQK,2.10720997,25,3.89279003,707,707,train,1,3.992959774725958,4.310340663930464,4.782399223834934,4.339507269869308,4.740926254499829,4.1677903226,4.445017171623593,4.008889,3.892790030028281
708,S. aureus,GFRDVLKGAAKAFVKTVAGHIAN,1.782950133,23,4.217049867,708,708,train,2,4.3171452847989,4.109470619318021,4.6471394103213735,4.249422355118504,4.664663353810867,4.249905124740007,4.191621084865674,4.1891575,4.217049866949873
709,S. aureus,GFRDVLKGAAKAFVKTVAGHIANI,1.698970004,24,4.301029996,709,709,train,2,4.401072930124035,4.319567098468261,4.6946612301013335,4.428141154514151,4.713571788145237,4.257710653690006,4.295036759972573,4.310735,4.301029996078769
710,S. aureus,GFSPNLPGKGLRIS,1.840835588,14,4.159164412,710,710,train,2,4.259338875167481,4.006841299866551,4.497603593465618,4.0548034227125616,4.412783671741018,4.299379835319999,4.352152551324362,4.1581926,4.159164411987527
711,S. aureus,GFVALLKKLPLILKHLH,0.204119983,17,5.795880017,711,711,train,9,5.696044303719298,5.138633549749321,4.870714320730258,4.979956744149614,4.922480409699658,5.5528311395699985,5.121160918286385,5.642972,5.7958800169056675
712,S. aureus,GFVALLKKLPLILKHLP,0.492760389,17,5.507239611,712,712,train,8,5.40713759476383,4.998362441721263,4.841128615726038,4.998852609297442,4.881963542296197,5.3981138459199975,5.141500429612293,5.4840164,5.507239610999392
713,S. aureus,GFVDFLKKVAGTIANVVT,1.726026326,18,4.273973674,713,713,train,2,4.374145809502446,4.335572623915704,4.633871591621674,4.418742955730103,4.604307494938678,4.384277994709994,4.5369370611961495,4.358795,4.273973674037968
714,S. aureus,GFWGKLFKLGLHGIGLLHLHL,0.229727569,21,5.770272431,714,714,train,9,5.670401322860296,5.682520952873371,4.886163634641255,5.678586648116166,4.9778406416121275,5.5005765608400035,5.225472900238241,5.6579247,5.770272430953617
715,S. aureus,GFWGKLWEGVKNAI,1.002144011,14,4.997855989,715,715,train,6,4.898049053251045,4.423555653518108,4.484920593429244,4.513255059604614,4.426910917002507,4.851283334840002,4.615257510661445,4.9154506,4.997855988872696
718,S. aureus,GFWSSALEGLKKFAKGGLEALTNPK,2.0,25,4.0,718,718,train,1,4.1000895361626615,4.775558627172819,4.535785644626779,4.684087446159776,4.524060246174668,4.1506306232000005,4.3440613913495785,4.0629845,4.000000000034078
719,S. aureus,GFWTTAAEGLKKFAKAGLASILNPK,1.903089987,25,4.096910013,719,719,train,2,4.196834124232684,4.342050075646762,4.621951031949048,4.302168892348624,4.521544675385501,4.136457446020005,4.306131944740393,4.121163,4.096910013008646
720,S. aureus,GGHGGHGGHGGHGGHGGH,1.816597268,18,4.183402732,720,720,train,2,4.283475999849998,4.373741032877176,4.191684030208085,4.393070437207217,4.13688071262141,4.360054050789996,4.381870567597143,4.178834,4.183402731937276
721,S. aureus,GGLRSLGRKILRAWKKYG,0.477121255,18,5.522878745,721,721,train,8,5.422798376983824,5.235521974531967,4.703300680346324,5.345881645882737,4.805073607727878,5.277914845900004,4.929404010244809,5.4099584,5.522878744841891
722,S. aureus,GIADILKYGKPS,1.301029996,12,4.698970004,722,722,train,4,4.732276643163447,4.840272258633731,4.330622538425234,4.837373576813401,4.34600350987023,4.752709944479995,4.843042786711869,4.7456274,4.698970004014242
724,S. aureus,GIGALSAKGALKGLAKGLAEHFAN,1.146128036,24,4.853871964,724,724,train,5,4.754047382285962,4.316255584941079,4.463260667383305,4.45484952972213,4.396168719291432,4.746555048490002,4.563634436716107,4.802202,4.85387196396887
725,S. aureus,GIGAVLKVLALISWIKRKR,0.770852012,19,5.229147988,725,725,train,7,5.129276780024181,5.497548697951547,4.881067160268944,5.519654269546418,4.930907131139631,5.191631042060005,5.191876357333891,5.272781,5.229147988247893
726,S. aureus,GIGDILKNLAKAAGKAALHAVGESL,1.278753601,25,4.721246399,726,726,train,4,4.732276643163447,4.973093126592153,4.4584145894257565,4.890565135914834,4.4027339649501425,4.604366805099996,4.3733831001213215,4.6593056,4.72124639903494
727,S. aureus,GIGGALLSAGKAALKGLAKVLV,0.671289823,22,5.328710177,727,727,train,7,5.228859011374108,4.73924128955955,4.648961531723584,4.825846497768444,4.6500958978756906,5.1241828322400025,4.787531304414309,5.2739425,5.328710177019138
729,S. aureus,GIGGALLSAGKSALKGLAKGLAEHL,0.907389595,25,5.092610405,729,729,train,6,4.992443790794277,4.9979280183614785,4.479739811616995,4.887077917314684,4.4377138464652335,4.952634856640004,4.598057179234733,5.0329065,5.0926104049817456
731,S. aureus,GIGGKPVQTAFVDNDGIYD,0.405362634,19,5.594637366,731,731,train,8,5.4948095371049,5.622085226384556,4.319901394527084,5.593934958512898,4.178129106207813,5.192456954509992,4.712893742619592,5.544106,5.594637365918239
732,S. aureus,GIGHFLHKVKSFGKSWIGEIMNS,1.880813592,23,4.119186408,732,732,train,2,4.219258353589013,3.4944994151089555,4.684679080915124,3.449612843343744,4.575128274709862,4.228458636060004,4.425317004741919,4.1762924,4.119186407959527
733,S. aureus,GIGKALKKAKKGIGAVLKVLTTGL,0.602059991,24,5.397940009,733,733,train,7,5.297775208209135,5.130414324626927,4.762752382097468,5.1271823093739926,4.797204437921267,5.302254032380005,4.891601055941298,5.399651,5.397940009441514
735,S. aureus,GIGKFIHSAKKFGKLFVGEIMNS,1.579783597,23,4.420216403,735,735,train,3,4.520051742424096,4.4336116586020795,4.6692534518212145,4.400617323187255,4.560577009012405,4.405236612509998,4.408472625100593,4.3796844,4.420216402930533
736,S. aureus,GIGKFIHSAKRFGRAWVGEIMNS,1.875061263,23,4.124938737,736,736,train,2,4.224986406836981,4.405261896818666,4.654936843685978,4.61429194714392,4.551752140620556,4.244688083249996,4.403266122827669,4.233893,4.1249387371608135
739,S. aureus,GIGKFLHKVGSFIKSWKGEIMNS,1.86332286,23,4.13667714,739,739,train,2,4.2366148252457325,4.4576009819677616,4.700141643420181,4.48391776051378,4.599959248486575,4.2476374914600035,4.519618821563377,4.1893063,4.136677140059748
741,S. aureus,GIGKFLHSAGKFGKAFIGEIMKS,1.698970004,23,4.301029996,741,741,train,2,4.400465355831237,4.5583300903391,4.588357528235887,4.526515785140589,4.555440678775258,4.162136747180004,4.17968862346944,4.194169,4.301029995762182
742,S. aureus,GIGKFLHSAGKFGKAFLGEVMKS,2.301029996,23,3.698970004,742,742,train,0,3.79879961342212,4.441646217489057,4.570733193782612,4.379974250896076,4.539805630241678,3.847839051419996,4.207658130312632,3.8085666,3.6989700041075153
743,S. aureus,GIGKFLHSAGKFGKAFVGEIMKS,2.06400391,23,3.93599609,743,743,train,1,4.036228958455421,4.49015846385405,4.584556817499134,4.452343246374941,4.549672420979933,3.9839303477500025,4.17968862346944,4.02551,3.9359960902768427
747,S. aureus,GIGKFLHSAKKPGKAFVGEIMNS,2.024992317,23,3.975007683,747,747,train,1,4.075179629474057,4.045012895064639,4.569321667810787,3.7355974048999174,4.442937347777011,4.029620591110002,4.140104282430837,3.9991865,3.9750076830745846
748,S. aureus,GIGKFLHSAKKWGKAFVGEIMNS,1.572615558,23,4.427384442,748,748,train,3,4.5271437243108075,4.126727394273975,4.637859721823947,4.169132094634314,4.52132971072933,4.36511684767,4.304806797622156,4.297189,4.427384441811918
750,S. aureus,GIGKFLKKAKKF,2.574226373,12,3.425773627,750,750,train,0,3.5256722599259733,4.148575084338439,4.654133747154719,4.242427076508664,4.644067846966898,3.732177956040005,4.314175015523414,3.4670851,3.4257736270752224
753,S. aureus,GIGKFLKKAKKGIGAVLKVLTTGL,0.301029996,24,5.698970004,753,753,train,9,5.598760436839821,5.197445175053277,4.812511854336669,5.1560857291916395,4.870978409311671,5.474610320359996,4.994483125975695,5.5542865,5.698970003425635
754,S. aureus,GIGKLFLHAAKKFAKAFVAEKMNS,1.583838429,24,4.416161571,754,754,train,3,4.516001184280819,4.423012372546374,4.7477133779913885,4.3317872630741,4.609840941632511,4.393373266639994,4.4076829751557245,4.4251986,4.416161571030111
756,S. aureus,GIGSALAKAAKLVAGIV,1.096910013,17,4.903089987,756,756,train,5,4.803103182957618,4.934245779091119,4.621404425437782,4.855349864307989,4.659477880277847,4.841367579389995,4.841084592421092,4.878238,4.903089986870842
758,S. aureus,GIGSLLAKAAKLGANLL,1.096910013,17,4.903089987,758,758,train,5,4.802925468602064,5.057983578190918,4.586766256417811,4.886075717174592,4.5398163266084985,4.894132531189992,4.702412482674082,4.9290237,4.903089987181137
760,S. aureus,GIHDALKYGKPS,1.301029996,12,4.698970004,760,760,train,4,4.732276643164187,5.027550006969782,4.244598048060061,5.068208564037244,4.193269337126443,4.659861909689996,4.753156660443559,4.704094,4.698970003997015
762,S. aureus,GIHDILAYGKPS,1.0,12,5.0,762,762,train,6,4.900085160442365,4.903717084672489,4.3192132239187195,4.907872749089364,4.314779918858427,4.87068381473,4.800024032307717,4.9717326,4.999999999965925
763,S. aureus,GIHDILKAGKPS,1.0,12,5.0,763,763,train,6,4.9001275189239495,4.517171123836105,4.2343642695733275,4.494836097461734,4.126660167680481,4.809578463559999,4.657363256060432,4.9749703,4.999999999945427
764,S. aureus,GIHDILKYAKPS,1.0,12,5.0,764,764,train,6,4.899839909336621,4.673324277669675,4.37957691709445,4.694300608645079,4.298306813850625,4.96764964975,4.840548572674888,5.003528,4.999999999936873
765,S. aureus,GIHDILKYGAPS,1.301029996,12,4.698970004,765,765,train,4,4.7322766431635435,4.950395627767945,4.321846185566247,4.914905068110646,4.315654404742689,4.760338341829995,4.751015333697257,4.7372856,4.6989700039847095
766,S. aureus,GIHDILKYGKAS,1.0,12,5.0,766,766,train,6,4.90016550541351,4.975258627072145,4.327646346550767,5.070730515705761,4.115136234625566,4.96903097777,4.6520590364621,4.9720964,4.999999999896496
767,S. aureus,GIHDILKYGKKS,1.477121255,12,4.522878745,767,767,train,3,4.622982294063607,5.031092759705352,4.363850123953096,4.877412602656319,4.411068384550054,4.660080403420007,4.81090817555017,4.6350226,4.5228787452011145
769,S. aureus,GIHDILKYGKPS,1.0,12,5.0,769,769,train,6,4.900173534871367,5.292418839685609,4.347571110459834,5.4281414090409355,4.366969063135888,4.95063393997,4.849804983056836,4.966793,5.000000000106488
770,S. aureus,GIHDILKYGKRS,1.0,12,5.0,770,770,train,6,4.900177009038367,5.117146123104896,4.3753649419870975,4.943521859879881,4.431830485223553,4.94117985323,4.796925470950565,4.9411683,4.99999999992884
772,S. aureus,GIHKILKYGKPS,1.0,12,5.0,772,772,train,6,4.899960995928876,4.582771931595104,4.601962527522582,4.464931668498559,4.629367845729799,4.8955052521499995,4.821181824341063,5.0028334,4.99999999995958
773,S. aureus,GIHRILKYGKPS,1.0,12,5.0,773,773,train,6,4.90012609182802,4.880295898937309,4.613879603586067,4.787373607376173,4.651181073114263,4.947570174480001,4.834914807343884,5.0532627,5.000000000088645
774,S. aureus,GIIKVIKSLIEQFTGK,1.806179974,16,4.193820026,774,774,train,2,4.293867295195271,3.9405965491278967,4.561465807296443,4.0629101781648265,4.514883501151343,4.451438277900004,4.53571929546677,4.208524,4.193820025931262
775,S. aureus,GIIPIISIIGKII,1.531478917,13,4.468521083,775,775,train,3,4.568673385679111,4.261061709598164,4.814311490068107,4.356300518594791,4.789850050699479,4.786001633149999,4.788262808151476,4.5302343,4.468521082949071
776,S. aureus,GIKDILKYGKPS,1.176091259,12,4.823908741,776,776,train,5,4.732276643163447,4.821048407870818,4.43844319000167,4.870369280639233,4.438277587151045,4.889613177460007,4.827582275678998,4.8728857,4.823908741016003
777,S. aureus,GIKDWIKGAAKKLIKTVASHIANQ,1.698970004,24,4.301029996,777,777,train,2,4.401204000598918,4.941212904005052,4.672797987172326,4.805297699430493,4.593151041502999,4.331956663950004,4.370033994378737,4.3506107,4.301029996106135
778,S. aureus,GIKDWIKGAAKKLIKTVASNIANQ,1.698970004,24,4.301029996,778,778,train,2,4.401135379095337,3.9719217420515016,4.678906953543316,4.061790951241474,4.565056899605022,4.370798684770005,4.2527508151470155,4.289215,4.301029996038716
779,S. aureus,GIKIAKKAITIAKKIAKIYW,1.151455931,20,4.848544069,779,779,train,5,4.7486568185753955,4.901492583030177,4.8729061576849215,5.097008036928076,4.913289642008994,4.9553869050100054,5.020935730293116,4.8866525,4.84854406907007
780,S. aureus,GIKKILKYGKKS,0.698970004,12,5.301029996,780,780,train,7,5.20086791335803,5.281027491943191,4.620632961879578,5.2552328651867715,4.68112640843537,5.131715703600004,4.785264979221525,5.204177,5.301029995964288
781,S. aureus,GILDAIKAFANALG,0.602503672,14,5.397496328,781,781,train,7,5.297625219860296,4.67011178093021,4.352262606549803,4.734315924092549,4.287806208944152,5.203096763249995,4.86527714598871,5.3038077,5.397496327967353
782,S. aureus,GILDAIKAIAKAAG,0.785329835,14,5.214670165,782,782,train,7,5.1147150614467325,4.92974180813574,4.328103529111661,4.87592217502113,4.25727248803512,5.003522451619992,4.587982441869461,5.194939,5.214670164961566
783,S. aureus,GILDPIKAFAKAAG,0.603127836,14,5.396872164,783,783,train,7,5.29671240571408,4.835131349762904,4.372533050831741,4.888225605623452,4.299559151684437,5.228210333220001,4.534467322536361,5.3204155,5.396872163955435
784,S. aureus,GILDTLKQFAKGVGKWLVKGAAQ,1.614595872,23,4.385404128,784,784,train,3,4.485239815171943,5.311276477844671,4.6695220766980805,5.199222126680863,4.723670336036373,4.479716383500001,4.530451734164258,4.4351635,4.385404128066129
785,S. aureus,GILGKLWEGFKSIV,1.204119983,14,4.795880017,785,785,train,4,4.7322772944552565,5.109117512537608,4.522638860194408,5.099484870093625,4.617983704653016,4.87107982567,4.951236426444544,4.900571,4.795880017095534
786,S. aureus,GILGKLWEGVKSIF,0.932765995,14,5.067234005,786,786,train,6,4.967524812602645,4.88577080233253,4.524701346818304,4.81714138755789,4.519387187344484,5.022698557689996,4.870140044004334,5.0310397,5.067234004929379
787,S. aureus,GILGKLWKGVKSIF,0.685877478,14,5.314122522,787,787,train,7,5.214468026931416,4.724162100993833,4.725765176730838,4.897162430164071,4.775693195235766,5.226580487489998,5.0085448429418,5.220334,5.314122522162512
788,S. aureus,GILKKFMLHRGTKVYKMRTLSKRSH,-0.558710188,25,6.558710188,788,788,train,9,6.458852237770582,5.407014649968485,4.907940031316221,5.397413894124562,4.999998658158879,5.849578138830003,5.564678899743294,6.4787016,6.558710187854628
789,S. aureus,GILKSLLKKLKKIIAK,1.130333768,16,4.869666232,789,789,train,5,4.769839804090098,4.527685492957691,4.774132209547511,4.585368080242074,4.8041088442786055,4.853722277279996,5.00468219255375,4.8501635,4.869666231491832
790,S. aureus,GILKTIKSIASKLKRKAK,1.401540339,18,4.598459661,790,790,train,4,4.698288796329077,4.868979302989141,4.672087981744436,4.855048061286976,4.544564682497038,4.708563016409996,4.479288044082282,4.6370373,4.5984596611731225
791,S. aureus,GILSKLLKKLKKIIAK,1.217483944,16,4.782516056,791,791,train,4,4.732605245984389,4.730950683082202,4.7792847692160745,4.804376678773825,4.817572821876352,4.834728300410004,4.994249095490379,4.805778,4.782516056290187
794,S. aureus,GILSSLLKKWKKIIAK,1.301029996,16,4.698970004,794,794,train,4,4.743219865330249,4.869065596226047,4.791291658365154,4.929606763644478,4.841485210673979,4.842809755379996,4.9695996155175575,4.774858,4.698970004714387
796,S. aureus,GILSSLWKKLKKWIAK,0.352182518,16,5.647817482,796,796,train,9,5.54767837080481,4.933027976759452,4.8082666580979545,5.052632472898453,4.863582921719001,5.366505535659996,5.010079020959156,5.449706,5.647817481146239
798,S. aureus,GILSSWLKKLKKIIAK,1.204119983,16,4.795880017,798,798,train,4,4.732285309160631,4.739974333404029,4.80970324232435,4.840830338577325,4.8510390312551035,4.888978680470001,5.010079020959156,4.9066505,4.795880017187828
799,S. aureus,GIMISLMKKLAAHIAK,1.73239376,16,4.26760624,799,799,train,2,4.367704723045643,4.501712063778292,4.768112032037797,4.482697173438784,4.746222358781113,4.425099550620005,4.670246364807266,4.307179,4.267606240034337
805,S. aureus,GIMSSLMKKLAKIIKK,1.397940009,16,4.602059991,805,805,train,4,4.702149126868447,4.226829894531864,4.773905913837127,4.252559988510577,4.779252402716674,4.654685302619993,4.741344826759826,4.581495,4.602059991172498
808,S. aureus,GIMSSLMKKLKKIIAK,1.322219295,16,4.677780705,808,808,train,4,4.730515934084113,3.98751200054993,4.769799225045219,4.002816025943974,4.768331405787445,4.688116479419992,4.70082825707716,4.587858,4.6777807047823465
810,S. aureus,GIRDILKYGKPS,1.0,12,5.0,810,810,train,6,4.900213978478012,4.928793093596812,4.447120260482225,4.94449656161655,4.451624466663541,4.972299057930003,4.813599571079393,5.00201,4.999999999984155
811,S. aureus,GIRRILKYGKRS,0.342422681,12,5.657577319,811,811,train,9,5.55742521471153,5.280418546804575,4.651151178795572,5.316200797647273,4.732891887648824,5.396136126019997,4.981032226791832,5.5284834,5.657577318845782
812,S. aureus,GIRRILRYGRPS,0.698970004,12,5.301029996,812,812,train,7,5.201079001496303,5.0430954984245435,4.649451458142739,4.90897977094826,4.717562341306247,5.160266833380006,4.905728133130204,5.273452,5.301029995935964
813,S. aureus,GIRRILRYGRRS,1.0,12,5.0,813,813,train,6,4.899769758144256,5.40585817460464,4.675398559625556,5.57102127630682,4.7775981362208375,5.080337515850001,5.089812029237247,5.076227,5.000000000109339
815,S. aureus,GIWDTIKSMGKVFAGKILQNL,1.397940009,21,4.602059991,815,815,train,4,4.7020958446201275,4.576413593173743,4.647230769485769,4.598734023816992,4.687898645317084,4.573155444869993,4.641444287362911,4.5681467,4.6020599909601225
816,S. aureus,GIWDTIKSMGKVFAGLILQNL,1.397940009,21,4.602059991,816,816,train,4,4.701943784900484,4.569009372932888,4.678264428477281,4.486098546771646,4.723056543919439,4.614507711019993,4.716527237259909,4.603631,4.602059991006773
817,S. aureus,GIWDTLKNVGKAVLGKVLENV,1.698970004,21,4.301029996,817,817,train,2,4.4011434576211395,4.375463481897216,4.530144624109164,4.49547985154022,4.375289638593797,4.445017490610003,4.513046198063342,4.341282,4.301029995978888
818,S. aureus,GIWGTLAKIGIKAVPRVISMLKKKQ,0.903089987,25,5.096910013,818,818,train,6,4.996975883450361,5.170736053464302,4.918909515035091,5.283279237827824,4.998289822143994,5.009779863270006,5.009178550492532,5.113428,5.096910013040174
819,S. aureus,GIWKSLFTKLLKG,0.826571847,13,5.173428153,819,819,train,6,5.073501420849997,5.5614810075862575,4.695867933573754,5.475041183611841,4.697992633863724,5.020278155249992,4.87089466790116,5.0741315,5.173428153000347
824,S. aureus,GIWSSLLKKLKKIIAK,1.102090526,16,4.897909474,824,824,train,5,4.7979815399666945,4.383028341892551,4.804675016955808,4.56257387290842,4.83789994736802,4.922988911110002,5.017035725462958,4.9172435,4.897909473972043
826,S. aureus,GKFLHSAGKFGKAFLGEVMIG,2.0,21,4.0,826,826,train,1,4.10025802163364,4.20006016705331,4.5466010266497,4.139436698564216,4.499998234991064,4.12306565309,4.238852349271177,4.010624,3.9999999999625007
827,S. aureus,GKFLKKAKKFGK,2.569474343,12,3.430525657,827,827,train,0,3.5305976296750647,3.9717326144825353,4.5739893518362535,4.048465245466398,4.488291796601357,3.5991993388999957,4.0377878833178436,3.4392555,3.43052565703452
829,S. aureus,GKGRWLERIGKAGGIIIGGALDHL,1.410347054,24,4.589652946,829,829,train,4,4.689824870155142,4.552193884882064,4.545808264954315,4.540837540464264,4.524181407533086,4.577053770169999,4.517879649191294,4.5782194,4.589652946020598
830,S. aureus,GKIIKLKASLKLL,1.459012698,13,4.540987302,830,830,train,3,4.640847268166925,4.141624312934324,4.675375971183693,4.096018358985486,4.450292215304637,4.637422560820003,4.6800877439137585,4.655034,4.54098730192861
831,S. aureus,GKIIKVVK,2.0,8,4.0,831,831,train,1,4.099788299817238,4.056639394839487,4.6624528000227485,4.1427593229336095,4.61271860926294,4.05781667307,4.140334352050686,4.0206757,3.9999999999056532
835,S. aureus,GKKLLKKWKKLWKKW,2.699285525,15,3.300714475,835,835,train,0,3.400800070260537,4.504218095798602,4.85695292305969,4.53237522096648,4.923681066965889,3.8024654097400035,4.432371366264093,3.5129676,3.300714476156561
836,S. aureus,GKKYRRFRWKFKGKWFWFG,0.787631605,19,5.212368395,836,836,train,7,5.11233464849528,4.809509968993355,4.949692437943108,4.783705084014883,5.0582374311503795,5.153497451069998,4.944653763451763,5.1668353,5.212368394776498
837,S. aureus,GKKYRRFRWKFRKGRFWFWG,0.758004733,20,5.241995267,837,837,train,7,5.142102513098455,4.864272290385557,4.970952576396026,4.886111321976982,5.091639219249564,5.174604445799997,5.085821169241815,5.249301,5.241995266835385
838,S. aureus,GKKYRRFWKFKGKWFWFWG,2.125085155,19,3.874914845,838,838,train,1,3.975090136794618,4.800090578525563,5.003119794549777,4.802413677496324,5.138842283432223,4.304556718409996,4.861752939824923,4.031583,3.874914845320851
839,S. aureus,GKLFKKILKFL,1.370149679,11,4.629850321,839,839,train,4,4.72981671146843,4.790124325021784,4.813860551839797,4.906711522520605,4.8381680510261535,4.748119776579998,4.867105091948748,4.7576923,4.629850321375654
840,S. aureus,GKLFKKILKIL,0.982726996,11,5.017273004,840,840,train,6,4.917366961550064,5.0207826506711575,4.802312098628617,4.979580314177343,4.816583492239027,4.939577080950002,4.890090372699456,4.9720993,5.017273003497691
841,S. aureus,GKLIKKFGRKAISYAVKKARGKH,1.556302501,23,4.443697499,841,841,train,3,4.543988306602643,4.453231126032749,4.7690449603948935,4.614925686889579,4.829421132800492,4.543149678919997,4.674076600847197,4.4739637,4.443697499077044
842,S. aureus,GKLNLFLSRLEILKLFVGAL,0.451544993,20,5.548455007,842,842,train,8,5.448739877562612,5.173375796407196,4.726633956432351,5.05836325287172,4.708893125949825,5.253563927449992,4.911580139513576,5.408944,5.548455006943891
844,S. aureus,GKLWLKGGKLWLKGGKLWLKG,1.505149978,21,4.494850022,844,844,train,3,4.594282562184267,5.027195764390313,4.822536512983761,4.877762422293225,4.921108702309065,4.648069865309995,5.0134499884793495,4.5761046,4.494850022055745
845,S. aureus,GKMKEYFKKFGASFKRRFANLKKRL,0.477121255,25,5.522878745,845,845,train,8,5.423050104022351,5.666984859310611,4.849268668338255,5.5455058365013015,4.818714999323331,5.370103293970005,5.307032674349935,5.4884706,5.52287874494544
846,S. aureus,GKSDVRRWRSRY,2.0,12,4.0,846,846,train,1,4.099883126981862,4.100480592114791,4.337362735842627,3.9978871328358183,4.2228387230348705,4.15577428167,4.228593974227569,3.976568,4.000000000024247
847,S. aureus,GKWKKILGHLIR,1.451786436,12,4.548213564,847,847,train,3,4.648284300739662,4.380426171875254,4.680979867328277,4.503657873901483,4.701936082493015,4.586802956039995,4.704906721392884,4.6067142,4.5482135639168835
848,S. aureus,GKWKSLLKHILK,1.301029996,12,4.698970004,848,848,train,4,4.732276643166308,4.842700642880129,4.675897227800198,4.764400665665635,4.687574082215733,4.689262431879995,4.844180841975822,4.6589594,4.6989700038760605
850,S. aureus,GKWMHLLKHILK,1.096910013,12,4.903089987,850,850,train,5,4.803059680614392,4.542991129913664,4.804614746765407,4.594401050505042,4.801356318871533,4.923472312809994,4.927112999531715,4.941571,4.903089986915959
855,S. aureus,GKWMSLLKHIWK,1.086359831,12,4.913640169,855,855,train,5,4.813742455137246,4.727344248468349,4.759666972716478,4.774458913244327,4.784517946561987,4.842964156560004,4.871638050319165,4.822441,4.913640168862349
856,S. aureus,GKWMSLLKHWLK,1.139879086,12,4.860120914,856,856,train,5,4.760212023413049,4.494730853688288,4.761714831775666,4.5779299256556385,4.7900218410117175,4.825192350699996,4.886756429747417,4.8151875,4.860120913960232
857,S. aureus,GKWMSLLKKILK,0.799340549,12,5.200659451,857,857,train,6,5.10025082566345,4.90848600535424,4.735833581371526,4.878964157303826,4.74899171102198,5.100282788489994,4.92226821480218,5.154901,5.200659450964434
858,S. aureus,GKWMSLLKQILK,1.033423755,12,4.966576245,858,858,train,5,4.866411844500986,5.1017739619321265,4.731406433721436,4.9359296665312,4.728481882433342,4.942238825239998,4.824885111494656,4.930555,4.966576244967882
859,S. aureus,GKWMSLWKHILK,1.431363764,12,4.568636236,859,859,train,4,4.668464810202549,4.819087717706631,4.762906978299408,4.896273990088008,4.793323222649241,4.699579715029994,4.886756429747417,4.689924,4.568636236175178
863,S. aureus,GKWSKILGHLIR,1.367355921,12,4.632644079,863,863,train,4,4.732276643044452,4.4495261687534855,4.639532979137161,4.406637224613142,4.663890611667516,4.591349079529994,4.60756243348281,4.6126857,4.632644079038793
867,S. aureus,GLADFLNKAVGKVVDFVKS,2.0,19,4.0,867,867,train,1,4.100174222680687,4.088412574933403,4.437651168745839,4.05674380751819,4.375805769566474,4.20329663158,4.326391258661847,4.0447593,3.999999999995233
868,S. aureus,GLADVIKKVASVIGGL,1.812519411,16,4.187480589,868,868,train,2,4.287361258019186,4.076538719595321,4.48922093710131,4.079647620802611,4.296141316422573,4.319522917640003,4.342185985675851,4.2866874,4.187480589029427
870,S. aureus,GLARIVVIRVAR,1.677897156,12,4.322102844,870,870,train,3,4.421983828938147,4.959603323797465,4.727773678381875,4.978807026359795,4.826694288499496,4.458228444170003,4.618175388664352,4.3401523,4.32210284421125
871,S. aureus,GLASTIGSLLGKFAKGGAQAFLQPK,2.0,25,4.0,871,871,train,1,4.100175591582977,4.190688495760345,4.666606904167998,4.184491759598918,4.612130351447112,4.0676715745099985,4.330033173975242,3.9974422,3.9999999999905964
872,S. aureus,GLEETVYIYGANMAS,1.393142113,15,4.606857887,872,872,train,4,4.706733197626965,4.808377804616315,4.416923976232942,4.821605600910448,4.180951298637973,4.558425374489995,4.29331766675188,4.578311,4.60685788697013
873,S. aureus,GLFAVIKKVAAVIKKL,1.167954573,16,4.832045427,873,873,train,5,4.732543791457817,4.787829438022072,4.814120964522941,4.700197656014379,4.835002096204449,4.815137801120003,4.934666911028762,4.804968,4.832045426724174
874,S. aureus,GLFAVIKKVAAVIRRL,1.15385756,16,4.84614244,874,874,train,5,4.745972282452051,4.71849706475591,4.832775935617143,4.692700132299102,4.8670681400502644,4.797289583249997,4.831406906343896,4.8279686,4.8461424398743675
875,S. aureus,GLFAVIKKVAKVIKKL,1.153593332,16,4.846406668,875,875,train,5,4.746241914327251,4.633553304098698,4.8388756640609705,4.688310743772868,4.880518476138748,4.869803077089995,4.883308149202192,4.831253,4.84640666805519
883,S. aureus,GLFDIAKKVIGVIGSL,1.486787675,16,4.513212325,883,883,train,3,4.613168337081736,4.267201735842932,4.606395609520125,4.339325564219657,4.590665236443224,4.631583538169996,4.5816943815069715,4.5359797,4.513212325002632
884,S. aureus,GLFDIIKKIAESF,1.744948841,13,4.255051159,884,884,train,2,4.355138392952394,4.07196772410113,4.323779431884221,4.012079961350922,4.291294528703898,4.263175154390002,4.349155665870209,4.2398825,4.255051158971654
885,S. aureus,GLFDIIKKVASVIGGL,1.185968961,16,4.814031039,885,885,train,5,4.732281970358701,4.183707549441565,4.581923936931718,4.13064217126843,4.404255413340301,4.7705530666799945,4.46598160794004,4.7365203,4.814031039100437
886,S. aureus,GLFDIIKKVASVVGGL,1.18978482,16,4.81021518,886,886,train,5,4.732276659283768,4.410284114800294,4.57713496097675,4.364596176678902,4.396608058673714,4.779791524449999,4.46598160794004,4.774469,4.810215179984971
887,S. aureus,GLFDIIKNIFSGL,1.843868762,13,4.156131238,887,887,train,2,4.255969108042818,4.15497513686299,4.540247341839451,4.145739202303326,4.5157200734023775,4.2960437134300005,4.3986454756502695,4.180579,4.15613123804013
888,S. aureus,GLFDIVKKIAGHIAGSI,1.45865384,17,4.54134616,888,888,train,3,4.641175666054222,4.4304992244838255,4.534190505729344,4.4292160095809106,4.6242120270355995,4.5622150513299955,4.61347624140754,4.563119,4.541346159943689
889,S. aureus,GLFDIVKKIAGHIASSI,1.451219488,17,4.548780512,889,889,train,4,4.64870854568986,4.17342047948151,4.535411923606082,4.252899779641635,4.466940107389795,4.490604300090001,4.476308052085096,4.490999,4.548780511696755
890,S. aureus,GLFDIVKKIAGHIVSSI,1.74541676,17,4.25458324,890,890,train,2,4.354695760826853,4.42733406105671,4.610852606820644,4.557270338647648,4.798315184949188,4.370506690239995,4.661983565016957,4.347143,4.2545832403503
891,S. aureus,GLFDIVKKVVGAFGSL,1.481494009,16,4.518505991,891,891,train,3,4.6183341589886,4.593940889008856,4.5927696487765255,4.717180547696112,4.6972206119969755,4.594509152369997,4.766485193629563,4.557766,4.518505990947561
892,S. aureus,GLFDIVKKVVGALGSL,1.189511122,16,4.810488878,892,892,train,5,4.732254684818524,5.072262247732519,4.563234299721356,5.012509930274276,4.657921545606473,4.76156202796,4.8865564141915705,4.7990074,4.810488878075894
893,S. aureus,GLFDIVKKVVGTIAGL,1.18575768,16,4.81424232,893,893,train,5,4.732276643160957,4.687784267388184,4.585719259443548,4.603573083430303,4.6726686155927615,4.797908935180002,4.671413579963019,4.834803,4.8142423199799245
894,S. aureus,GLFDIVKKVVGTLAGL,1.18575768,16,4.81424232,894,894,train,5,4.732276643154904,4.7609600626739255,4.585134156855208,4.650013997675718,4.671139704013173,4.794610665720003,4.808134747160315,4.843658,4.814242320009486
895,S. aureus,GLFDIWAWWRWRR,1.40444324,13,4.59555676,895,895,train,4,4.695604029193727,4.816930636469866,4.734326221270827,4.8274051521061105,4.824731086242344,4.702476313800006,4.738691118206648,4.608435,4.595556760048967
896,S. aureus,GLFDIWKKLRWRR,1.722987771,13,4.277012229,896,896,train,2,4.3772879823131,4.3398702830164435,4.650012451767176,4.426193720338472,4.698933003910133,4.543768954219998,4.648523025300055,4.321373,4.277012229082093
899,S. aureus,GLFDKWAWWRWRR,1.701727581,13,4.298272419,899,899,train,2,4.398225287878537,4.675896199428888,4.73084043230054,4.6953131189104695,4.776991280236251,4.509339672639999,4.661585948405338,4.337973,4.298272419011749
902,S. aureus,GLFDVIK,3.112152958,7,2.887847042,902,902,train,0,2.9875647617173193,3.171880960090234,4.291206333218225,3.0937452275961457,4.242685983753827,3.13842301941,3.2562787223491134,2.9171095,2.8878470419418294
903,S. aureus,GLFDVIKASVIGGL,2.867707064,14,3.132292936,903,903,train,0,3.2324679319509,3.772397988888322,4.487285614439186,3.8531110035190697,4.2482056314119525,3.64012575582,3.898904157305093,3.254158,3.132292936754408
905,S. aureus,GLFDVIKKLLKKIKGL,0.491361694,16,5.508638306,905,905,train,8,5.4087993415491065,4.682197206552907,4.650056301633903,4.492531513436224,4.6945316007403415,5.274533563800005,4.863538154136182,5.254632,5.508638305657722
906,S. aureus,GLFDVIKKV,3.002445708,9,2.997554292,906,906,train,0,3.0977494857614296,3.339262755942939,4.4379125822403935,3.4433485014702407,4.416776449054548,3.2198064981400005,3.2652757341586502,3.0171525,2.997554292122732
907,S. aureus,GLFDVIKKVAAVIGGL,1.193832458,16,4.806167542,907,907,train,5,4.732279515661775,4.640908602350571,4.599665673555201,4.470442154799148,4.582326411469483,4.728713507100004,4.552320898550864,4.759113,4.80616754225284
911,S. aureus,GLFDVIKKVASVIG,1.646088365,14,4.353911635,911,911,train,3,4.453963876433585,3.7669328858843425,4.543221326965998,3.8053584083004375,4.331611188822441,4.362329858759995,4.26388009089571,4.3253365,4.3539116352000775
913,S. aureus,GLFDVIKKVASVIGGA,1.803030067,16,4.196969933,913,913,train,2,4.297112654308954,4.07493054141365,4.518836737762377,4.298461393567113,4.3243896272962505,4.330239659879996,4.402991960193382,4.3164487,4.196969933483468
914,S. aureus,GLFDVIKKVASVIGGL,1.131753784,16,4.868246216,914,914,train,5,4.768081816180486,4.284266305886109,4.577131304085572,4.184094247581681,4.3965985029763415,4.793869868819995,4.431940362448255,4.722768,4.868246214083452
915,S. aureus,GLFDVIKKVASVIGLASP,1.741321373,18,4.258678627,915,915,train,2,4.358507786230987,3.83312581172701,4.56959784552761,3.6105690790741867,4.255054155107152,4.276449703419997,4.351453585750896,4.2500386,4.258678626938104
917,S. aureus,GLFDVIKKVLKKIGGL,1.096910013,16,4.903089987,917,917,train,5,4.803203470766278,4.5512118434270645,4.640543257966193,4.498594939868953,4.654938117132765,4.833227524089994,4.7602576962248015,4.8762527,4.903089987026935
918,S. aureus,GLFDVVIGGL,3.015031128,10,2.984968872,918,918,train,0,3.0852573006436135,3.561734322479344,4.417580971808481,3.603868617790911,4.344898113098504,3.288842032230002,3.4404242452308877,3.004559,2.9849688720584573
921,S. aureus,GLFGVLAKVAAHVVPAIAE,1.806179974,19,4.193820026,921,921,train,2,4.293976552081307,4.389684227263122,4.627896178772199,4.329545550368664,4.490191390104022,4.315270785430006,4.509571508942311,4.259477,4.193820026031518
927,S. aureus,GLFGVLAKVASHVVPAIAEHFQA,1.325738213,23,4.674261787,927,927,train,4,4.732276643157503,4.510174005682444,4.650125440317013,4.534812979790286,4.474656916186996,4.6191466037599955,4.466346978483232,4.6335716,4.674261786998038
929,S. aureus,GLFKGKKKNKKTK,2.397940009,13,3.602059991,929,929,train,0,3.702231820306044,4.477847095522205,4.443586918351355,4.554703806151034,4.384026025364728,4.011138245429995,4.386206863356094,3.6525316,3.602059991080923
930,S. aureus,GLFKKLRRKIKKGFKKIFKRL,1.026647335,21,4.973352665,930,930,train,5,4.873290497004573,5.252707792876685,4.92547015327138,5.284024955071607,5.0439023523954605,4.997799283379995,5.0531350186247375,4.9839435,4.973352664960562
931,S. aureus,GLFKVIKKVAKVIKKL,1.440721822,16,4.559278178,931,931,train,4,4.659375553817837,5.16813138770915,4.858956856674639,5.119890823788835,4.91381489062877,4.739033152429999,4.914100510578385,4.678342,4.5592781782443055
933,S. aureus,GLFKVLGSVAKHLLPHVAPVIAEKL,1.070216618,25,4.929783382,933,933,train,5,4.829882656602603,4.499471903069788,4.782985032497413,4.563269970653666,4.756435292788046,4.815670162099998,4.729261820175938,4.8777246,4.929783381913451
935,S. aureus,GLFLDTLKKFAKAGMEAVINPK,1.903089987,22,4.096910013,935,935,train,2,4.197013102676178,3.7727523515082884,4.537824975042134,3.8020840479185747,4.515554137235932,4.158309176970005,4.279421657765133,4.0849338,4.096910012991839
936,S. aureus,GLFLDTLKKFAKAGMEAVTNPK,1.903089987,22,4.096910013,936,936,train,2,4.197034324360716,4.153387697304184,4.500649172574678,3.9111741782693135,4.4712862486775355,4.149168108950005,4.272476459162343,4.115448,4.096910012979109
937,S. aureus,GLFRALLRLLRSLWRLLLRA,1.806179974,20,4.193820026,937,937,train,2,4.293653142468398,5.36536191949692,4.9885741409924735,5.349181808345877,5.128596118647084,4.5434085128300055,5.149077155370909,4.3721128,4.19382002670394
938,S. aureus,GLFSKFAGKGIKNFLNKGVKHIGKE,0.189650158,25,5.810349842,938,938,train,9,5.7104977479399395,4.960931134941385,4.696876692145784,4.796767736550914,4.62480635584321,5.3205940908399985,4.832180264275072,5.679481,5.810349841843226
939,S. aureus,GLFSKFAGKGIVNFLIEGVE,1.029485795,20,4.970514205,939,939,train,5,4.870398148332605,4.312506830795651,4.537422563203147,4.2452993877067255,4.539327572198161,4.86081246577999,4.8210011098768755,4.926473,4.970514204960878
945,S. aureus,GLGKFLHSAKRFGKAFVGEAMNS,1.875061263,23,4.124938737,945,945,train,2,4.224767577997352,4.133436182330534,4.565628789838945,4.079702481052146,4.457649560203327,4.1302892843699945,4.224233171837101,4.090886,4.124938737048821
946,S. aureus,GLGSLVGNALRIGAKLL,1.096910013,17,4.903089987,946,946,train,5,4.803034038559168,5.126937792609181,4.643457485598946,4.88411880404442,4.627685004589686,4.862459833789993,4.858600340218251,4.9370027,4.903089986971866
947,S. aureus,GLGSVFGRLARILGRVIPKV,0.452297671,20,5.547702329,947,947,train,8,5.447885036207474,5.4694420501026535,4.779684165130473,5.446534748708931,4.851157440448787,5.284656434520001,4.955279409478231,5.5178046,5.547702328949232
948,S. aureus,GLGSVLGKALKIGANLL,0.784141614,17,5.215858386,948,948,train,7,5.115797933078294,4.533701997024466,4.596755826710359,4.430378033710106,4.578946551436898,5.0883156865599934,4.823346854325991,5.069624,5.215858385811233
949,S. aureus,GLHKVMREVLGYERNSYKKFFLR,0.110113488,23,5.889886512,949,949,train,9,5.789771507156936,5.710427694046995,4.827030149339585,5.861504584317978,5.469186566252492,5.513223025009993,5.413525799162925,5.8598623,5.889886511938064
950,S. aureus,GLIGSIGKALGGLLVDVLKPKL,1.665210745,22,4.334789255,950,950,train,3,4.434708950567904,4.8668094551211825,4.628870571756062,4.624421622103869,4.6056260125404975,4.516295142509994,4.597530255348473,4.430684,4.334789255074579
951,S. aureus,GLKALKKVFKGIHKAIKLINKHVK,1.301029996,24,4.698970004,951,951,train,4,4.732276643163709,4.917552153118612,4.898952584482054,5.092410217606468,4.985558521121657,4.723951907249994,5.016231519634133,4.7459035,4.698970004166362
952,S. aureus,GLKALKKVFKGIHKAIKLINKHVQ,1.301029996,24,4.698970004,952,952,train,4,4.732276643163459,5.487586710631188,4.896503141176085,5.438173597045959,4.972166610015506,4.731741601999994,4.980145202969635,4.6962843,4.698970003936052
956,S. aureus,GLKDIFKAGLGSLVKGIAAHVAN,2.301029996,23,3.698970004,956,956,train,0,3.7988025600764734,3.7452243599240735,4.623886556038507,3.853917266903113,4.625597160092167,3.8050283561499953,4.267538293768861,3.762571,3.6989700038629247
957,S. aureus,GLKEIFKAGLGSLVKGIAAHVAN,2.301029996,23,3.698970004,957,957,train,0,3.7993038590067396,3.8495387279257063,4.641526668535235,3.8830273488755433,4.635057630659939,3.730988484949995,4.217802574567706,3.688333,3.6989700041694227
958,S. aureus,GLKEIFKAGLGSLVKGIAAHVAS,2.243038049,23,3.756961951,958,958,train,0,3.8571314991411287,3.8789343000642003,4.629084769116893,3.9203834543152483,4.518710333809289,3.7767905245599946,4.084236862362432,3.6900043,3.7569619508546217
959,S. aureus,GLKEVAHSAKKFAKGFISGLTGS,2.408239965,23,3.591760035,959,959,train,0,3.6918577963181125,3.6841615853194813,4.617537574223871,3.79041283496209,4.619401113955651,3.7830320549999965,4.140514431768963,3.6348512,3.591760035066559
960,S. aureus,GLKKIFKAGLGSLKKGIAAHVAS,2.397940009,23,3.602059991,960,960,train,0,3.70202997629137,3.8177714222694346,4.675574500399877,4.0213128790001464,4.606153276860349,3.7620253058599964,4.157851206874516,3.7181053,3.6020599911798166
961,S. aureus,GLKKIFKAGLGSLVKGIAAHVAS,2.397940009,23,3.602059991,961,961,train,0,3.702191470516088,4.078896954236228,4.696302287444801,4.277775433912419,4.612663271519637,3.6521368856799956,4.216277161357839,3.6147072,3.6020599911707802
962,S. aureus,GLKKIFKAGLGSLVKGIKAHVAS,2.397940009,23,3.602059991,962,962,train,0,3.7016203795871823,4.036501237175006,4.71384200439351,4.124540392156448,4.641821064283395,3.720312746889994,4.300030047885705,3.6116304,3.602059990875956
963,S. aureus,GLKKIFKKGLGSLVKGIAAHVAS,2.397940009,23,3.602059991,963,963,train,0,3.702137571002808,4.311098405143756,4.710700734872362,4.445454579018289,4.633612720240482,3.749782827009995,4.262442267622288,3.6860893,3.6020599912167053
964,S. aureus,GLKKLISWIKRAAQQG,0.444385121,16,5.555614879,964,964,train,8,5.455623183099023,5.049786715777778,4.691063995916435,5.1571367334453235,4.68307124738901,5.2164947088300035,4.763785892462364,5.4698772,5.555614878903345
965,S. aureus,GLKKLLGKLLKKLGKLLLK,2.204119983,19,3.795880017,965,965,train,0,3.896041064488854,4.818429562994993,4.81274784244917,4.830199923887326,4.8825535351071965,4.257172881050001,4.921399400126741,4.0293264,3.795880018091571
966,S. aureus,GLLALISWIKRKRQQ,-0.178543899,15,6.178543899,966,966,train,9,6.0785390477801915,5.722461780478339,4.786161572308684,5.495929314297225,4.799089433903936,5.717076117989998,5.327268429523945,6.028997,6.178543898827297
968,S. aureus,GLLDFVTGVGKDIFAQLIKQI,1.806179974,21,4.193820026,968,968,train,2,4.293955188551099,5.13773458230149,4.645708727054965,5.011780583780394,4.652933445246668,4.361861580480006,4.559350509941251,4.2560945,4.193820026033999
969,S. aureus,GLLDTLKGAAKNVVGSLASKVMEKL,2.301029996,25,3.698970004,969,969,train,0,3.7987991633217337,4.219398768455935,4.565795086167418,4.258181047935896,4.410753703544134,3.9023402143999943,4.0946210332911575,3.8550208,3.698970004067672
970,S. aureus,GLLGKLLKIAAKVGKKLL,0.477121255,18,5.522878745,970,970,train,8,5.422326578723194,4.960192082814445,4.746478573243953,5.002175643326159,4.782797830382558,5.319361297760005,4.918897739936232,5.3894696,5.522878743597936
972,S. aureus,GLLGLLGSVVSHVLPAITQHL,1.371708199,21,4.628291801,972,972,train,4,4.72838323388177,4.994601501515248,4.754297853985915,5.159184851821147,4.793655316032487,4.683437055509995,4.660632123551654,4.6533484,4.628291801052838
973,S. aureus,GLLGLLGSVVSHVVPAIVGHF,0.792391689,21,5.207608311,973,973,train,7,5.107752086209036,4.513968456260277,4.775664731558798,4.561888777431542,4.889291355401078,4.97518226978,5.0544491220648915,5.162626,5.20760831093944
981,S. aureus,GLLKFIKWLL,0.86923172,10,5.13076828,981,981,train,6,5.030607845604067,5.244587904342268,4.8924493766484085,5.249008270936453,4.924162498672707,4.929391979209998,5.119943122964066,5.1171994,5.130768280238952
985,S. aureus,GLLKKLLKIAAKVGKKLL,0.77815125,18,5.22184875,985,985,train,7,5.122041982894237,5.347763501582283,4.803763580169696,5.336833363742752,4.841246318743832,5.120176711569999,5.0068264078454146,5.1777205,5.221848751186008
986,S. aureus,GLLKKWLKKWKEFKRIVGY,1.473341366,19,4.526658634,986,986,train,3,4.626636444297515,4.903153291098112,4.871545956920658,4.873408626268702,4.9789567957841,4.696248709889999,4.958425478345441,4.6076493,4.526658634020809
991,S. aureus,GLLKRIK,1.529615921,7,4.470384079,991,991,train,3,4.57055887495911,4.49090992924143,4.600708071072158,4.499811676798727,4.476400087778728,4.372278195429998,4.239370550544982,4.4470677,4.470384078994848
996,S. aureus,GLLKRIKKLLKKIKKLL,1.096910013,17,4.903089987,996,996,train,5,4.803202314686596,5.416836218029973,4.891541766304333,5.201194668203189,4.964720551481019,4.989851214779996,5.059276799534154,5.0026174,4.903089987319417
999,S. aureus,GLLKRIKT,1.394098624,8,4.605901376,999,999,train,4,4.705545828517314,4.574385382574522,4.574194585125475,4.537039718648982,4.437870094546537,4.435564030280004,4.161118846654072,4.5730977,4.6059013759471075
1001,S. aureus,GLLKRIKTL,1.615879575,9,4.384120425,1001,1001,train,3,4.484233312253257,4.355622738791218,4.654328895611711,4.340626531315282,4.603111284312534,4.379104070519998,4.350533779060185,4.37849,4.384120424971973
1008,S. aureus,GLLPLLSLLGKLL,0.193124598,13,5.806875402,1008,1008,train,9,5.706688707485422,4.6825208333416946,4.664930034916646,4.624272220447852,4.691603901434512,5.5246019958099986,5.032028884197375,5.668824,5.806875401907824
1009,S. aureus,GLLRKWGKKWKEFLRRVWK,1.104602008,19,4.895397992,1009,1009,train,5,4.795462603658474,4.734058234807386,4.839644323985696,4.711820202328687,4.88236707281715,5.014327396530008,5.0101055645818064,4.9235444,4.895397991976005
1010,S. aureus,GLLSGTSVRGSI,1.19595075,12,4.80404925,1010,1010,train,5,4.732276643163447,4.597279356583618,4.490212212454862,4.683396954367855,4.400434248853066,4.557922486209997,4.270282159327319,4.7601132,4.804049249962957
1011,S. aureus,GLLSKFGRLARKLARVIPKV,0.56427143,20,5.43572857,1011,1011,train,8,5.335857877889804,5.5054901811153965,4.796467719102833,5.497562273839791,4.887246647795411,5.146043810469996,4.973924690414001,5.408643,5.4357285699553834
1012,S. aureus,GLLSLLSLLGKLL,0.494154594,13,5.505845406,1012,1012,train,8,5.406011051654345,4.730925388458243,4.6611513145415655,4.73572992533833,4.696376341426795,5.370133882839998,5.063745525406441,5.5242357,5.505845405866589
1013,S. aureus,GLLSNVAGLLKQFAKGGVNAVLNPK,2.10720997,25,3.89279003,1013,1013,train,1,3.9929562609771794,4.839919400932596,4.752657044450378,4.805098571025046,4.7538766784704425,4.062309793799999,4.524287967409708,4.0067463,3.89279003006382
1022,S. aureus,GLMSSIGKALGGLIVDVLKPKTPAS,1.610311233,25,4.389688767,1022,1022,train,3,4.489675512322486,4.8400161258109105,4.594399688917989,4.797225304796223,4.527119110419864,4.354206718219998,4.268905343164374,4.3854785,4.389688767002353
1023,S. aureus,GLMSVLGHAVGNVLGGLFKPKS,1.661225034,22,4.338774966,1023,1023,train,3,4.4385183008468045,4.541705168358375,4.691587267534832,4.553467808804577,4.708611822835855,4.482207219930004,4.6124647428410475,4.376805,4.338774966052542
1040,S. aureus,GLNTLKKVIQGLHEVIKLVNNHA,0.77815125,23,5.22184875,1040,1040,train,7,5.122043238661888,5.100990503485178,4.705398563478099,5.05444825523938,4.6426687700590525,5.127712557339996,4.842351138792823,5.150736,5.221848749966972
1043,S. aureus,GLPALISWIKRKR,-0.072982853,13,6.072982853,1043,1043,train,9,5.972818576845226,5.052695507564886,4.678841421317637,5.164448026194766,4.702447500444937,5.682702797499996,5.125718418451044,6.0132866,6.072982852720856
1044,S. aureus,GLPALISWIKRKRGG,0.196964383,15,5.803035617,1044,1044,train,9,5.702934680719876,5.671572818902526,4.629975069997547,5.559791584592045,4.640024231845573,5.407209140319995,5.039882743478086,5.7164826,5.803035616935841
1045,S. aureus,GLPALISWIKRKRQ,0.193292486,14,5.806707514,1045,1045,train,9,5.706536674471601,5.36160207292332,4.685167185556474,5.393597174830697,4.699999215606724,5.618924476079996,5.250537353457187,5.8255925,5.80670751400064
1047,S. aureus,GLPALISWIKRKRQQG,1.130485963,16,4.869514037,1047,1047,train,5,4.769687603813976,5.109672035492363,4.667313410334823,5.104339327849835,4.678759374912581,4.960405628909994,5.001435174323671,5.027661,4.869514037198621
1051,S. aureus,GLPGPLGPAGPK,2.973127854,12,3.026872146,1051,1051,train,0,3.1267078204105037,3.7011357326591003,4.243167884610914,3.6277781919591137,4.082327245911206,3.4346787059899997,3.5743203506760386,3.0852787,3.0268721459832735
1053,S. aureus,GLPWILLRWLFFRG,1.146128036,14,4.853871964,1053,1053,train,5,4.754001194331972,4.9954310856662,4.901628179491049,4.9969332729338785,4.989014635238142,4.9919850570700035,5.022411788164649,4.907002,4.853871964103248
1055,S. aureus,GLRILLLKV,0.477121255,9,5.522878745,1055,1055,train,8,5.423041576216889,4.512758955821737,4.787225973424528,4.57157633097776,4.7480673333937045,5.079120267470006,4.634369472124482,5.4485574,5.52287874458349
1056,S. aureus,GLRKALRKFRNKIKEALKKI,0.301029996,20,5.698970004,1056,1056,train,9,5.5988496082472885,4.540755757516376,4.695190394831867,4.462454445035005,4.661214341594007,5.252484224609998,4.799575775407387,5.616978,5.698970003856455
1062,S. aureus,GLRRALLRLLRSLRRLLLRA,1.505149978,20,4.494850022,1062,1062,train,3,4.594682070286969,5.081659893168194,4.90277532535137,5.065814937974417,4.988309580183929,4.6561724404099945,5.016173450803449,4.5010166,4.49485002200325
1063,S. aureus,GLRRLFADQLVGRRNI,1.423844618,16,4.576155382,1063,1063,train,4,4.676253465506989,4.427857645543376,4.5016903637085415,4.390751591685036,4.448324888994002,4.653956531100005,4.867125341365633,4.5723634,4.576155381945537
1065,S. aureus,GLTFLKKILNFAKKIYTAIW,0.829573566,20,5.170426434,1065,1065,train,6,5.070578736683949,5.145242229960813,4.939897644487407,5.238214317301603,4.979893370460043,5.077605079619994,5.067262183593832,5.1832433,5.170426434037544
1066,S. aureus,GLTRLFSVIK,1.175454279,10,4.824545721,1066,1066,train,5,4.732276643163447,4.0515488535913455,4.7177907581593335,4.0556292835659695,4.70843630816042,4.688070535809996,4.528330458481234,4.8040457,4.824545720905095
1069,S. aureus,GLVSSIGRALGGLLADVVKSKGQPA,1.620915675,25,4.379084325,1069,1069,train,3,4.478920184268437,4.319576418085344,4.533934928492236,4.19798701620814,4.524296249308532,4.467963516390003,4.47594363992873,4.3766484,4.379084324996215
1070,S. aureus,GLVTGLLKTAGKLLGDLFGSLSG,1.096910013,23,4.903089987,1070,1070,train,5,4.8027896664985406,5.014205029577338,4.575399480239545,4.9906391999426845,4.562489321578668,4.827965632889992,4.559684025234917,4.909217,4.903089987256225
1071,S. aureus,GLVTGLLKTAGKLLGDLFGSLTG,1.096910013,23,4.903089987,1071,1071,train,5,4.803219273893285,4.5493193179074165,4.592377695433215,4.565871131423079,4.5757773333832565,4.870646285029993,4.55298453397696,4.896542,4.903089986793145
1072,S. aureus,GLVTSLIKGAGKLLGGLFGSVTG,0.795880017,23,5.204119983,1072,1072,train,6,5.104267714910592,4.632584023357857,4.686874505146636,4.6414774505833085,4.7260447308654605,4.952411785779999,4.581086281545433,5.0767694,5.204119982967714
1073,S. aureus,GLWEKIKEKASELVSGIVEGVK,1.619828534,22,4.380171466,1073,1073,train,3,4.479862783883611,4.615676606415668,4.4872639327917225,4.475831259975512,4.462755282087639,4.369778414359997,4.313543467051018,4.373513,4.380171465969304
1074,S. aureus,GLWEKVKEKANELVSGIVEGVK,1.617482474,22,4.382517526,1074,1074,train,3,4.4823456939885995,4.918430170826683,4.4961037556505445,4.857748453054399,4.578215087353248,4.46404967104,4.522141356869692,4.39849,4.3825175260208775
1075,S. aureus,GLWSKIKEAAKTAGLMAMGFVNDMV,1.342422681,25,4.657577319,1075,1075,train,4,4.732276643163447,4.656112692215406,4.65492472463431,4.6559884119408625,4.606651298569908,4.510444141159998,4.273741024911865,4.532421,4.657577318949994
1076,S. aureus,GLWSKIKEVGKEAAKAAAKAAGK,2.0,23,4.0,1076,1076,train,1,4.100241827398716,4.408719166969635,4.481391732472471,4.3261526695879935,4.436208981805672,4.1854314555,4.318991360121167,4.0529532,4.000000000033486
1080,S. aureus,GMASKAGAIAGKIAKVALKAL,1.458611969,21,4.541388031,1080,1080,train,3,4.641478040138476,4.131604423463085,4.581175809296933,4.268115465504015,4.447480218383721,4.418965371959998,4.294328558739669,4.4924164,4.541388030887764
1081,S. aureus,GMASKAGSIVGKIAKIALGAL,1.698970004,21,4.301029996,1081,1081,train,2,4.400914037827304,4.800544503789069,4.610428204291604,4.672345905831479,4.5494130383412665,4.230469588330003,4.336593192356079,4.2799664,4.30102999613554
1082,S. aureus,GMASKAGSVAGKIAKFALGAL,1.903089987,21,4.096910013,1082,1082,train,2,4.197081967000097,4.189077785258453,4.559009305049353,4.302137118609894,4.421912668518781,4.127742231420006,4.231468236960586,4.107469,4.096910012902594
1083,S. aureus,GMASKAGSVLGKITKIALGAL,2.0,21,4.0,1083,1083,train,1,4.100090373721996,4.426045922176053,4.6032708380984655,4.4805381482186855,4.478758558011094,4.068623366020001,4.30696100994072,4.015232,4.000000000146674
1084,S. aureus,GMASKAGSVLGKLAKVAIGAL,2.0,21,4.0,1084,1084,train,1,4.099829761270373,4.230223016594512,4.605077073297667,4.166004989637289,4.466956707963688,4.031709128719999,4.154148723839467,4.022692,4.000000000093257
1085,S. aureus,GMASKAGSVLGKVAKVALKAAL,1.574031268,22,4.425968732,1085,1085,train,3,4.525821968203061,4.52639192045506,4.640958061210821,4.598505642536357,4.521514928747168,4.412901911810001,4.33021235758222,4.442245,4.4259687320446215
1090,S. aureus,GMASTAGSVLGKLAKAVAIGAL,2.301029996,22,3.698970004,1090,1090,train,0,3.7988072826717287,4.155091986867448,4.614267413140072,4.221645442414181,4.469718229899633,3.9576806050299957,4.178032877079665,3.8075056,3.6989700040937175
1091,S. aureus,GMATAAGTTLGKLAKFVIGAV,1.903089987,21,4.096910013,1091,1091,train,2,4.1970287650607245,4.004522748403897,4.649114865062681,4.055173919759946,4.637103184048018,4.2154135069100045,4.386388260384121,4.141842,4.096910013011764
1092,S. aureus,GMATKAGTAFGKAAKAIIGAAL,2.408239965,22,3.591760035,1092,1092,train,0,3.6916884244395156,3.9783977914516333,4.593009774991838,4.106213414346993,4.551554949031541,3.746181748199996,4.129597941912062,3.6738799,3.591760034997858
1093,S. aureus,GMATKAGTALGKVAKAVIGAAL,2.0,22,4.0,1093,1093,train,1,4.1000428824151625,4.366119543332743,4.605313752119365,4.492468582446037,4.572387425445241,3.96734060493,4.107109193320288,3.9628024,4.000000000037187
1095,S. aureus,GMWKKILGKLIR,1.176091259,12,4.823908741,1095,1095,train,5,4.732276643163445,4.49914618095581,4.7303697467447865,4.621739041497112,4.746237033631876,4.846160056980008,4.703206587597236,4.793741,4.823908740950823
1100,S. aureus,GMWSKILGHLIR,1.487986331,12,4.512013669,1100,1100,train,3,4.61191366833665,4.585354829866203,4.6935599825323635,4.579537554968528,4.717479342743631,4.5289590962499995,4.5455365116499635,4.414061,4.512013668982865
1104,S. aureus,GMWSKIPGHLIR,2.0,12,4.0,1104,1104,train,1,4.100003029418983,4.341559729661232,4.651376527994026,4.217006218140511,4.6287642279678884,4.200711714460001,4.418749025938336,4.076792,4.000000000009156
1105,S. aureus,GNNRPVYIPQPRPPHPRI,2.0,18,4.0,1105,1105,train,1,4.099828388166103,3.8621714168200523,4.470390897320189,3.8708818062549186,4.267194237263999,4.13974613006,4.30629739185166,4.0267067,3.9999999999841434
1106,S. aureus,GPIRRPEPRPRPE,1.301029996,13,4.698970004,1106,1106,train,4,4.732276643163447,4.187717755918136,3.978091979410631,4.177293024650698,3.788087989443035,4.637010904159993,4.430400167487907,4.694452,4.698970003950792
1107,S. aureus,GPIRRPKPRPRPE,1.301029996,13,4.698970004,1107,1107,train,4,4.732276643163447,4.6064688065314545,4.170648468772684,4.608396967516182,3.971764281790289,4.631148716729993,4.414541181495861,4.7055597,4.698970004002631
1108,S. aureus,GPIRRPKPRPRPRPE,1.301029996,15,4.698970004,1108,1108,train,4,4.732276643163447,4.701830311876226,4.216227586919777,4.6581928999297615,4.055561291207476,4.599836302879996,4.447865143507068,4.64213,4.698970003958554
1109,S. aureus,GPIRRPKPRPRQRPE,1.301029996,15,4.698970004,1109,1109,train,4,4.732276643163447,5.206375223618284,4.265339148215457,5.138177536270817,4.091521606666422,4.671532345979993,4.549461096487406,4.6772194,4.698970004037288
1110,S. aureus,GRFKRFRKKFKKLFKKLS,0.522878745,18,5.477121255,1110,1110,train,8,5.377123520224432,5.231689837836862,4.8368780023145375,5.175508745823815,4.911854377304874,5.328948612529997,5.099794200760421,5.388686,5.477121254752462
1111,S. aureus,GRFRRLRKKTRK,2.10720997,12,3.89279003,1111,1111,train,1,3.9929654413514326,4.4407415076193555,4.595154627749886,4.5342464928968385,4.527088814654188,4.059545919790001,4.399964192782289,3.9574895,3.892790030000515
1112,S. aureus,GRFRRLRKKTRKRLKKIGKV,1.669006781,20,4.330993219,1112,1112,train,3,4.43082955597245,4.7210992858298155,4.8038599590813185,4.553084913423161,4.873118424362118,4.500790689679998,4.594230607196412,4.389905,4.33099321915062
1118,S. aureus,GRIKRIRKKIKKLIKKLS,0.602059991,18,5.397940009,1118,1118,train,7,5.298133003430009,5.153204270375631,4.798322980788461,5.098975646155854,4.849274203688881,5.135968856720008,4.910643279762004,5.2979784,5.397940008868021
1119,S. aureus,GRILSFIKGLAEHL,1.80859197,14,4.19140803,1119,1119,train,2,4.291579195506186,4.747170889149407,4.465443183437702,4.879331127348833,4.406771052837754,4.383641361959995,4.654659509893865,4.2569222,4.191408030003147
1120,S. aureus,GRKKRRQRRRGGWMWVTNLRTD,1.657848051,22,4.342151949,1120,1120,train,3,4.441714446601766,4.792576278738473,4.721609759360039,4.8923559786728985,4.62156319727648,4.5325956697600045,4.734142107412882,4.364435,4.3421519490154
1121,S. aureus,GRKKRRQRRRPPQ,0.602059991,13,5.397940009,1121,1121,train,7,5.298100434047054,4.826750185712427,4.33494158497528,4.830319643526053,4.116009362399173,5.0713898935200055,4.565421952059451,5.2894835,5.397940008935006
1122,S. aureus,GRKLWRKWLKRWLP,0.726998728,14,5.273001272,1122,1122,train,7,5.172866510701637,5.3819307347152865,4.833148340501118,5.521267662313225,4.875277300511382,5.129843899079995,5.108755043646113,5.239449,5.273001272141353
1123,S. aureus,GRPRPFPGRPKPIFRPR,2.0,17,4.0,1123,1123,train,1,4.100181157890933,4.162820140553311,4.4923534250585595,4.189986122911171,4.428521848788883,3.9965089601000003,4.166138994603958,4.024441,3.9999999999992206
1124,S. aureus,GRRGPRRANQNGTRRRRRRT,2.0,20,4.0,1124,1124,train,1,4.099969880146551,4.037880501862324,4.543818711962495,3.972371101334638,4.537112139088127,4.22989144081,4.341394651600789,4.0860295,4.00000000000286
1125,S. aureus,GRRPRPRPRP,2.204119983,10,3.795880017,1125,1125,train,0,3.896049532273795,4.100762809584839,4.16021599445548,4.077011976134748,4.105571269308428,3.961757227950001,3.9480805759938113,3.8287954,3.795880017020084
1126,S. aureus,GRRPRPRPRPFFF,1.602059991,13,4.397940009,1126,1126,train,3,4.498025648320355,4.602405004916235,4.482093033060876,4.6581606701776055,4.407356531043497,4.455159737320007,4.399350228028291,4.4433656,4.397940012724448
1127,S. aureus,GRRPRPRPRPFFFF,1.0,14,5.0,1127,1127,train,6,4.959265085430949,4.763649616793784,4.570722593167293,4.764173242216805,4.551794033774165,4.853958494810002,4.533048091535653,4.935067,4.999999998849714
1128,S. aureus,GRRPRPRPRPFFFFF,0.397940009,15,5.602059991,1128,1128,train,8,5.501895528112642,5.080404783922646,4.644533450955845,4.95698293126093,4.652103872589851,5.278676389329995,4.8417133852559,5.358087,5.602059988360242
1129,S. aureus,GRRPRPRPRPWWW,1.602059991,13,4.397940009,1129,1129,train,3,4.498120985679223,4.648357721904115,4.522586956907042,4.673202282771688,4.514998683969599,4.426268147250007,4.50908881064162,4.448146,4.3979400053040685
1130,S. aureus,GRRPRPRPRPWWWW,1.602059991,14,4.397940009,1130,1130,train,3,4.497572110319578,4.672381160036141,4.621154622010863,4.660782532187825,4.670500859950269,4.551920846540007,4.6747962129513345,4.5202003,4.397940011683295
1131,S. aureus,GRRPRPRPRPWWWWW,1.301029996,15,4.698970004,1131,1131,train,4,4.692120561585416,5.213544490660224,4.706792813392025,4.9394601909146765,4.7878235053242415,4.887677922959996,4.949816547650016,4.7321844,4.698970005007117
1132,S. aureus,GRRYKKFRWKFKGRWFWFG,0.481963504,19,5.518036496,1132,1132,train,8,5.417872033194481,5.155751463165619,4.955887457643719,5.24592590039538,5.066552433887194,5.356349555969996,5.052976053790405,5.4974103,5.518036495962219
1133,S. aureus,GRWKRWRKKWKKLWKKLS,0.602059991,18,5.397940009,1133,1133,train,7,5.298105713704968,5.190217149244143,4.883799609356157,5.095846942750393,4.987540198250691,5.306547164960006,5.155991749724673,5.404867,5.3979400088684875
1134,S. aureus,GSAQPYKQLHKVVNWDPYG,0.836324116,19,5.163675884,1134,1134,train,6,5.0633677268424115,5.147370799437884,4.592697919570866,5.095024494284998,4.504527094143525,4.912518170189994,4.622061631353925,5.128608,5.163675883951054
1136,S. aureus,GTAWRWHYRARS,1.91780585,12,4.08219415,1136,1136,train,2,4.182573091602226,4.645331967526283,4.646950117556723,4.807185302396517,4.571489063973486,4.270929105640005,4.530124032305407,4.109447,4.082194149985166
1137,S. aureus,GVADILKGAAKDIAGHLASKVMNKL,2.0,25,4.0,1137,1137,train,1,4.100103127932622,3.9335516540608833,4.5232340526142005,3.87328333259998,4.34680734720362,4.02263408433,4.041305249914248,4.011981,3.9999999999908904
1138,S. aureus,GVAKFGKAAAHFGKGWIKEMLNS,1.880813592,23,4.119186408,1138,1138,train,2,4.219024524509528,4.3969013224447995,4.661569345594863,4.439125884150349,4.555103150000787,4.122478501400002,4.2580855974039835,4.1436806,4.119186408019049
1139,S. aureus,GVFDIIKDAGKQLVAHAMGKIAEKV,2.481630767,25,3.518369233,1139,1139,train,0,3.6184978750372894,3.921403242705787,4.568156726138552,4.022862249565629,4.544346682500122,3.589534421109994,3.991130751734822,3.5172582,3.5183692329405973
1140,S. aureus,GVFDIIKDAGKQLVAHATGKIAEKV,2.48661118,25,3.51338882,1140,1140,train,0,3.6135070646735508,3.540170908196741,4.544320950931214,3.6045850784919926,4.513542161462396,3.6222003237399965,4.084519565984292,3.5662546,3.513388820022195
1141,S. aureus,GVFDIIKDAGRQLVAHAMGKIAEKV,2.477045168,25,3.522954832,1141,1141,train,0,3.6228842182232475,4.17334118135963,4.576263427749651,4.255202004502992,4.558594134079454,3.641651144119997,4.000720834583027,3.5352433,3.5229548320818087
1142,S. aureus,GVFDIIKGAGKQLIAHAMGKIAEKV,2.488934048,25,3.511065952,1142,1142,train,0,3.6112335577374646,3.951666832290191,4.611886304856552,3.983084207394064,4.582329154634403,3.689182028990002,4.234501135999187,3.6282098,3.5110659521049596
1143,S. aureus,GVFLDALKKFAKGGMNAVLNPK,2.0,22,4.0,1143,1143,train,1,4.099958092848515,4.031871169072278,4.602875659486302,4.07267113271454,4.52012307744867,4.086056762680003,4.324548194707984,4.056205,4.000000000050127
1144,S. aureus,GVFRRLRKVTRKVLKKIGKVLKWI,0.602059991,24,5.397940009,1144,1144,train,7,5.297775490674441,5.25442984207787,5.0397959105452825,5.191426260896376,5.191035172920409,5.333553385760005,5.263523080150759,5.3879247,5.397940008783738
1145,S. aureus,GVFRVLRKVTRVVLKVIGKVLKWI,0.301029996,24,5.698970004,1145,1145,train,9,5.599146578914491,5.718090469352366,5.10249259148495,5.5938264043572605,5.259244183388794,5.481004929209995,5.31172641790345,5.6752,5.698970004138049
1146,S. aureus,GVGDLIRKAVSVIKNIV,1.448270046,17,4.551729954,1146,1146,train,4,4.651700620533477,4.618310317088554,4.632907454622964,4.6540606791890635,4.698468929670927,4.552767721179997,4.78080731281477,4.6062346,4.551729953978601
1147,S. aureus,GVGKFLHSAKKFGQALASEIMKS,2.0,23,4.0,1147,1147,train,1,4.100181361979046,4.205121101190516,4.569947412656041,4.217071084271728,4.417955267172566,4.02926832897,4.108126331043383,4.0127463,3.999999999992835
1148,S. aureus,GVGKFLHSAKKFGQALVSEIMKS,2.0,23,4.0,1148,1148,train,1,4.100084601272996,4.258983514977675,4.626940079346774,4.413081350152393,4.586474720049491,4.030260855840001,4.309820121884219,4.0938807,4.000000000046256
1149,S. aureus,GVIAAAKKVVNVLKNLF,1.146498178,17,4.853501822,1149,1149,train,5,4.753644559706288,4.586804806718164,4.781952239851629,4.6756403636794595,4.753970775244796,4.904718511089999,5.029724286672052,4.8638644,4.853501821960124
1150,S. aureus,GVIDAAKKVVNVLKNLF,1.13591571,17,4.86408429,1150,1150,train,5,4.76418808990785,4.317571471845854,4.625654760814504,4.408270405110684,4.6046053949439845,4.850307705369998,4.849493817568662,4.9029474,4.864084290007216
1151,S. aureus,GVIDAAKKVVNVLKNLP,1.147973104,17,4.852026896,1151,1151,train,5,4.752130695907844,4.671803163818015,4.550701285586937,4.643287618264505,4.509013702327495,4.900318267589996,4.596619776546263,4.7827597,4.852026895949933
1152,S. aureus,GVIDIIKGAGKDLIAHAIGKLAEKV,2.49996696,25,3.50003304,1152,1152,train,0,3.6002096147043954,3.8132823240141773,4.528521100608895,3.9303665012240687,4.507847892180767,3.684859901120002,4.102557594489142,3.624343,3.5000330400501154
1153,S. aureus,GVIKSVLKGVAKTVALGML,1.096910013,19,4.903089987,1153,1153,train,5,4.802805088055643,4.9978211442693405,4.755046508698662,4.977593227451212,4.767271775792175,4.803563837099993,4.7737440383708405,4.882234,4.903089987023624
1154,S. aureus,GVLDILKGAAKDLAGH,1.607455023,16,4.392544977,1154,1154,train,3,4.492512270658388,4.291613127492339,4.239163710045199,4.25447408546328,4.16606540806271,4.424200428889999,4.335244769298971,4.4158716,4.392544976984312
1155,S. aureus,GVLDILKGAAKDLAGHVATKVI,1.164352856,22,4.835647144,1155,1155,train,5,4.735823096275614,4.374096591605036,4.500986755033914,4.153012412910283,4.492034647873215,4.623241133800004,4.374765963896993,4.7742634,4.8356471438061925
1156,S. aureus,GVLDILKGAAKDLAGHVATKVINKI,1.698970004,25,4.301029996,1156,1156,train,2,4.401195582444541,4.779413254457831,4.589848949654563,4.770936448155896,4.607880932670147,4.235456071370004,4.186445007169006,4.1523886,4.301029996089887
1157,S. aureus,GVLSAFKNALPGIMKIIV,0.632205502,18,5.367794498,1157,1157,train,7,5.267959987111661,4.750622080386449,4.762922876714176,4.746375183890615,4.847163573497793,5.1722199772300055,4.89591742119306,5.3368683,5.367794497941971
1158,S. aureus,GVLSNVIGYLKKLGTGALNAVLKQ,1.706518891,24,4.293481109,1158,1158,train,2,4.393313234485192,5.205285300803175,4.822130603958326,5.148228839601715,4.827048110458784,4.447841303210006,4.7218851213878095,4.4022145,4.293481109079264
1159,S. aureus,GVLSVIKNALPGIMRF,0.633468456,16,5.366531544,1159,1159,train,7,5.266401888726028,5.183653707693475,4.750572418865705,4.958981999397054,4.73692063130002,5.146039587510001,4.816020205361674,5.277445,5.36653154389556
1160,S. aureus,GVLSVIKNALPGIMRFIA,0.624485763,18,5.375514237,1160,1160,train,7,5.275716886146781,4.759686749408974,4.7870699689946905,4.871925084876185,4.7850622850286255,5.202566626590003,4.879110552031355,5.3426595,5.375514237016097
1161,S. aureus,GVSVAGAKKVKVLFVFPFLF,2.075065142,20,3.924934858,1161,1161,train,1,4.024854553567905,4.633498346908932,4.910704467245862,4.65825643379375,4.969532342746886,4.280472708229993,4.827864320142422,4.083958,3.9249348581152503
1162,S. aureus,GVVAILKGAAKDIAGHLASKVMNKL,2.0,25,4.0,1162,1162,train,1,4.100167193084463,4.118114513331786,4.655423621078597,4.103149943011909,4.4783506721116,4.04601352566,4.152363550053067,4.198012,4.000000000172368
1163,S. aureus,GVVDALKGAAKDIAGHLASKVMNKL,2.0,25,4.0,1163,1163,train,1,4.100185165017705,4.067041490849966,4.519657204547525,4.028513580769609,4.350206271330351,4.021670248220001,4.010488695383158,3.9930034,4.000000000550044
1164,S. aureus,GVVDIAKGAAKDIAGHLASKVMNKL,2.0,25,4.0,1164,1164,train,1,4.099947616398891,3.919828809139677,4.531275928339189,3.8841409010282306,4.356052924522042,4.017522918129999,3.978662035847247,3.995769,4.0000000000858424
1165,S. aureus,GVVDILAGAAKDIAGHLASKVMNKL,2.0,25,4.0,1165,1165,train,1,4.099980555579338,3.76485296989003,4.557066658559033,3.7287250435239683,4.389327981358177,3.9956852721000002,4.015602221143619,4.0159,3.9999999996936637
1166,S. aureus,GVVDILKAAAKDIAGHLASKVMNKL,2.0,25,4.0,1166,1166,train,1,4.1003795243658345,3.927550440896642,4.599470701881462,3.905970128703461,4.431589852307187,4.00337697154,3.999839861426572,3.98205,4.000000000299622
1167,S. aureus,GVVDILKGAAADIAGHLASKVMNKL,2.0,25,4.0,1167,1167,train,1,4.100181185977651,3.754094569926651,4.515521119785755,3.7492190163285413,4.358055830425568,4.0203916482699995,3.9998981172437715,3.9936264,4.000000000026372
1168,S. aureus,GVVDILKGAAKAIAGHLASKVMNKL,1.765916794,25,4.234083206,1168,1168,train,2,4.334147512125983,4.194922489100829,4.643220818039892,4.220999970697112,4.5117261957876496,4.165130323379998,4.139979733704417,4.088039,4.234083205956267
1169,S. aureus,GVVDILKGAAKDAAGHLASKVMNKL,2.0,25,4.0,1169,1169,train,1,4.100369030904737,4.178577516850942,4.5186881283855875,4.157422254424418,4.347640491153719,4.02347084013,3.978662035847247,3.9518545,3.999999999463645
1170,S. aureus,GVVDILKGAAKDIAAHLASKVMNKL,2.0,25,4.0,1170,1170,train,1,4.100090591770311,4.07862103568424,4.6000814027080414,4.124218619563128,4.433196827226029,3.9652368836200003,4.048972137215264,3.9612193,3.9999999998236
1171,S. aureus,GVVDILKGAAKDIAGALASKVMNKL,2.0,25,4.0,1171,1171,train,1,4.0998302232841315,3.9690387356133074,4.556969896229603,3.9867764862549873,4.390912125242247,3.9996478912600004,3.9889776188234127,3.9675496,4.000000000071613
1172,S. aureus,GVVDILKGAAKDIAGHASKVMNKL,2.0,24,4.0,1172,1172,train,1,4.100088460448831,3.4305919911957057,4.520453239873145,3.7012036608825696,4.3363483157422245,4.04701486235,3.985361527105204,4.0230494,3.9999999997766977
1173,S. aureus,GVVDILKGAAKDIAGHLAAKVMNKL,2.0,25,4.0,1173,1173,train,1,4.100187676836597,4.079578877024251,4.598677006225438,4.119406094420089,4.538659242401901,4.0192543686,4.132170847631103,3.9938803,3.999999999691666
1174,S. aureus,GVVDILKGAAKDIAGHLASAVMNKL,2.0,25,4.0,1174,1174,train,1,4.1000942311566035,3.775461642985733,4.553128186761273,3.7148715679674034,4.379040219773958,4.00062200442,4.044897203886697,3.9944303,3.9999999999984017
1175,S. aureus,GVVDILKGAAKDIAGHLASKAMNKL,2.0,25,4.0,1175,1175,train,1,4.100192407582216,4.1570747940144965,4.536414268938494,4.1581685879006836,4.365493477332284,4.02961293185,3.974080962098176,4.0233192,3.9999999999868328
1176,S. aureus,GVVDILKGAAKDIAGHLASKVANKL,2.0,25,4.0,1176,1176,train,1,4.099919442037858,4.113187240752678,4.52913375773814,4.235815439373909,4.4269294489206965,4.048838097040001,4.073445845429461,4.0318775,4.000000000162297
1177,S. aureus,GVVDILKGAAKDIAGHLASKVMAKL,2.0,25,4.0,1177,1177,train,1,4.099547359855067,4.3571244742321555,4.58556805082093,4.313756643508289,4.4901342307016545,4.03222569226,3.967381470840219,3.997923,4.000000000091366
1178,S. aureus,GVVDILKGAAKDIAGHLASKVMNAL,2.0,25,4.0,1178,1178,train,1,4.100130061060199,3.9267706563524323,4.556675371203081,3.9487900988003655,4.385616383905297,4.0268836403199995,3.978662035847247,3.9659195,4.000000000221275
1179,S. aureus,GVVDILKGAAKDIAGHLASKVMNKA,2.0,25,4.0,1179,1179,train,1,4.099833151317323,3.9590267308926066,4.532014620356967,4.005403553402963,4.358068838566564,3.9995748591200004,4.033755107091551,3.967855,3.9999999995225783
1180,S. aureus,GVVDILKGAAKDIAGHLASKVMNKL,2.010628522,25,3.989371478,1180,1180,train,1,4.043138338478306,3.9394976681293605,4.5720761110130415,3.9560845751824183,4.412633129184705,3.9957829050000044,3.978662035847247,3.9639564,3.9893714791805257
1181,S. aureus,GVVDILKGAAKDIAGHLLSKVMNKL,1.875061263,25,4.124938737,1181,1181,train,2,4.22475060187727,4.224053383193511,4.616140288382632,4.242396288629229,4.5786862567324915,4.125696434779995,4.197089725120966,4.0705023,4.124938737089956
1182,S. aureus,GVVDILKGAAKDILGHLASKVMNKL,1.765916794,25,4.234083206,1182,1182,train,2,4.334056834453898,4.184859276137847,4.6126678508898,4.215606692685889,4.468650036667729,4.2048153320799955,4.100562489175271,4.1390767,4.234083205994319
1183,S. aureus,GVVDILKGAAKDLAGHLATKVMNKL,2.301029996,25,3.698970004,1183,1183,train,0,3.7987993944432548,4.317325965684429,4.593099158282279,4.273794078513121,4.539925855976514,3.856554179149997,4.1631666109528584,3.92136,3.698970004254773
1184,S. aureus,GVVDILKGALKDIAGHLASKVMNKL,1.765916794,25,4.234083206,1184,1184,train,2,4.334176257936064,4.316613197646636,4.611925501980844,4.197631736524637,4.466706505615244,4.235694156089994,4.1540731612991255,4.1638827,4.234083205609266
1185,S. aureus,GVVDILKGLAKDIAGHLASKVMNKL,1.619788758,25,4.380211242,1185,1185,train,3,4.480195392034604,4.253741264663238,4.612708076692748,4.212375105588664,4.468740251395296,4.323622276789991,4.072476119420369,4.22614,4.380211241451936
1186,S. aureus,GVVKVSRLKGESLRARL,1.029599212,17,4.970400788,1186,1186,train,5,4.870705376163364,4.797776586059545,4.482651059197574,4.915828548587355,4.4328152475611535,4.792895938530003,4.598248940517694,4.907428,4.970400787937966
1187,S. aureus,GVVPVVSVVGKVV,2.0,13,4.0,1187,1187,train,1,4.0998822484646045,3.7258061175746335,4.770085101081589,3.789739402661652,4.717233708587055,4.105372432219999,4.235647140494923,3.9884872,3.999999999970308
1191,S. aureus,GVVVRIGRVIVRGVRR,0.903089987,16,5.096910013,1191,1191,train,6,4.996518488073465,5.31170947713952,4.826903395123707,5.398955891170167,4.9795640788984965,5.09805403992001,5.106108904032424,5.142764,5.096910013974723
1192,S. aureus,GVVVRIGRVVVRGVRR,0.903089987,16,5.096910013,1192,1192,train,6,4.997027173179465,5.163710427568417,4.821927917718705,5.157087561791666,4.874538395838152,5.065509167200009,4.990685586314265,5.073489,5.096910012039459
1193,S. aureus,GVVVRVARVVVRWVRR,0.602059991,16,5.397940009,1193,1193,train,7,5.29785925913661,5.512535827341858,4.9423177367656645,5.217656059557364,5.0110200045233135,5.389416599750007,5.145415522339455,5.357259,5.397940008761375
1195,S. aureus,GVVVRVGRVVVRWV,0.903089987,14,5.096910013,1195,1195,train,6,4.99695812761268,5.033940505111417,4.904269836634755,4.941912710328388,4.9503236001094795,5.110870489960005,5.205944001374924,5.100638,5.096910012991715
1197,S. aureus,GVVVRVGRVVVRWVRRRR,0.301029996,18,5.698970004,1197,1197,train,9,5.598972420489515,5.644041303306302,4.938087319259158,5.658156849505185,5.031662521808322,5.5507125609599965,5.249224029613516,5.6036205,5.698970004079792
1198,S. aureus,GVVVRVPRVVVRWVRR,0.602059991,16,5.397940009,1198,1198,train,7,5.2973632596076925,5.271665771499388,4.928837232816278,5.145049223954057,4.998365693971487,5.372477815860008,5.1915250028691355,5.3540387,5.3979400089500045
1199,S. aureus,GVVVRWGRVIVRGVRR,0.602059991,16,5.397940009,1199,1199,train,7,5.298001045942786,5.63963174232101,4.8521575964815105,5.599839901183626,5.023295888794688,5.302532932770008,5.27816306236052,5.3937435,5.397940007967889
1200,S. aureus,GVVVRWGRVVVRGVRR,0.903089987,16,5.096910013,1200,1200,train,6,4.996941937474688,5.493074648316313,4.847171148402977,5.360005932628038,4.918241538642225,5.180914508690008,5.156126961572391,5.158642,5.096910014055162
1201,S. aureus,GVVVRWGRVWVRGVRR,0.602059991,16,5.397940009,1201,1201,train,7,5.297822157562841,5.451293860407772,4.87119142594703,5.42652548310238,4.95388246963262,5.349583337520008,5.149301858856552,5.328759,5.397940008982232
1205,S. aureus,GWASKIGQALGKVAKVGLQQFIQPK,2.0,25,4.0,1205,1205,train,1,4.100172126011111,4.508387399646148,4.752842933522721,4.493436999253039,4.694282878229178,4.12283398397,4.336885868423396,4.0380597,4.000000000092509
1206,S. aureus,GWASKIGQTLGKIAKVGLKELIQPK,2.069292536,25,3.930707464,1206,1206,train,1,4.030865845531551,4.470269545131998,4.670081864318452,4.497098029045178,4.530118471005077,4.103591065690004,4.447433081489145,4.105261,3.9307074640765642
1207,S. aureus,GWASKIGQTLGKMAKVGLQEIIQPK,1.698970004,25,4.301029996,1207,1207,train,2,4.401116069274477,4.2032885758402845,4.6310631034996526,4.235942459125829,4.485829674813382,4.274534257720006,4.355267490365912,4.2813373,4.301029996043655
1208,S. aureus,GWASKIGQTLGKMAKVGLQELIQPK,1.698970004,25,4.301029996,1208,1208,train,2,4.40134209840391,4.2445690218374885,4.6311252706496635,4.224469911375715,4.485954876809891,4.265986908470006,4.3842158926207855,4.288339,4.301029995900415
1209,S. aureus,GWASKIGTQLGKMAKVGLKEFVQS,1.397940009,24,4.602059991,1209,1209,train,4,4.702148615418407,4.228895748019315,4.678822359456125,4.212144132862701,4.505832681879545,4.4676032515899955,4.319382720529522,4.412382,4.6020599910117275
1210,S. aureus,GWASSIGSILGKFAKGGAQAFLQPK,2.408239965,25,3.591760035,1210,1210,train,0,3.691589541054264,4.346806142062547,4.707883800993942,4.368924944109059,4.65652192327827,3.8671941268799968,4.296804295635934,3.8013012,3.591760035123706
1211,S. aureus,GWFDVVKHIAKRF,1.698970004,13,4.301029996,1211,1211,train,2,4.40119619063308,4.002874446034169,4.608996541114443,4.0295114345114875,4.605037938691086,4.457076703130004,4.592774959249279,4.3373194,4.301029996013197
1212,S. aureus,GWGDTFGKVLKNFAKVAGVKAAK,1.204119983,23,4.795880017,1212,1212,train,4,4.732276643163447,4.555798679033702,4.652416555095167,4.593159320978658,4.681477928328813,4.629457761150002,4.390995896504719,4.770661,4.795880016979187
1213,S. aureus,GWGDTFLKTMAKIAKVGPKLLHS,1.204119983,23,4.795880017,1213,1213,train,4,4.732276643163447,4.520811136670672,4.721302006995307,4.599529420379228,4.745305701398696,4.657841003960001,4.531623668038266,4.7489767,4.795880017030426
1214,S. aureus,GWGSFFKKAAAVGKAVGKAALTAYL,0.803937155,25,5.196062845,1214,1214,train,6,5.095938096642519,4.867641044696107,4.802427083047382,4.90630242626346,4.836641796529779,4.962742496670004,4.721244251655292,5.0958266,5.196062844912345
1215,S. aureus,GWGSFFKKAAHVG,1.763427994,13,4.236572006,1215,1215,train,2,4.336662859437025,4.148680104975298,4.641080548370458,4.109840215904521,4.592375060812457,4.369125399790003,4.332518703762624,4.24322,4.236572005980092
1217,S. aureus,GWGSIFKHGRHAAKHIGHAAVNHYL,1.063439215,25,4.936560785,1217,1217,train,5,4.836620289054643,5.003118535500809,4.808502636351099,5.094566496156611,4.868284365517935,4.835795980379997,4.8374308834746005,4.9548497,4.93656078500772
1218,S. aureus,GWKKWFNRAKKVGKTVGGLAVDHYL,0.747855444,25,5.252144556,1218,1218,train,7,5.15210468085859,4.895871721679961,4.763570612999166,4.807236451689324,4.757735423540572,5.112248034880002,4.981412301760511,5.2322516,5.252144555940139
1219,S. aureus,GWKKWFTKGERLSQRHFA,1.451577412,18,4.548422588,1219,1219,train,3,4.648487159290202,5.731400824531454,4.62724066504886,5.707986017469202,4.681629331710624,4.646803622649997,4.629135004600677,4.5967956,4.5484225880129
1220,S. aureus,GWKKWLRKGAKHLGQAAIK,0.812196408,19,5.187803592,1220,1220,train,6,5.087633433844226,4.530493077166766,4.691901080570798,4.4959143684324285,4.731157481748131,5.013282545620006,4.6788890459840715,5.118971,5.187803591975361
1221,S. aureus,GWKKWLRKGAKHLGQAAIKGLAS,0.805316535,23,5.194683465,1221,1221,train,6,5.094234756163601,4.22114542378105,4.699320531908114,4.299205801074232,4.644376608280317,4.894186288400008,4.327461308790801,5.0798364,5.194683464913047
1222,S. aureus,GWKRKRFG,2.301029996,8,3.698970004,1222,1222,train,0,3.7988001856135667,3.802084864648057,4.577660111116707,3.777166583019587,4.424970303297684,3.9032138774999963,3.9574532371475746,3.7521327,3.6989700039752424
1223,S. aureus,GWKSVFRKAKKVGKTVGGLALDHYL,1.365388277,25,4.634611723,1223,1223,train,4,4.732276643179051,5.093822800201652,4.728320035199657,5.159715590770672,4.733283898367554,4.724887331569995,4.766253656197749,4.7539725,4.634611723048746
1226,S. aureus,GWLPTFGKILRKAMQLGPKLIQPI,1.204119983,24,4.795880017,1226,1226,train,4,4.732276643163447,4.113168521645935,4.896373118456997,4.141759619915988,4.978259906190976,4.734424809620001,4.690796018673127,4.7276607,4.795880016995069
1227,S. aureus,GWMSKIASGIGTFLSGMQQ,2.0,19,4.0,1227,1227,train,1,4.099828228895104,4.433632825482822,4.682099166598927,4.527970869716855,4.525694290380675,4.214829725899998,4.484758565624214,4.0504117,4.000000000025299
1228,S. aureus,GWRLIKKILRVFKGL,0.340248022,15,5.659751978,1228,1228,train,9,5.559641515963316,5.177378851331271,4.882079057632177,5.003584170009231,4.9581869959892,5.452638239039992,5.173431427626526,5.5896416,5.659751977865639
1229,S. aureus,GWRTLLKKAEVKTVGKLALKHYL,0.178287531,23,5.821712469,1229,1229,train,9,5.721892204696701,4.97976460133053,4.789976382347851,4.84878164701644,4.804717613314591,5.409805523539993,4.9487860677630575,5.7255154,5.821712468926585
1230,S. aureus,GYKYINNIIKYINKFFKYIW,0.483282568,20,5.516717432,1230,1230,train,8,5.416806879244055,5.055173468582985,5.094678759499975,5.104344453170355,5.123744801195588,5.324659344110004,5.024649314992853,5.48804,5.516717431944959
1231,S. aureus,GYNYAKKLANLAKKFANALW,1.021390424,20,4.978609576,1231,1231,train,5,4.878249231464865,4.9444606440195225,4.775032844931429,4.999125490188114,4.759436824258191,4.913333462739997,4.8737262415310925,5.000837,4.978609575967117
1240,S. aureus,HFLGTLVNLAKKKL,2.10720997,14,3.89279003,1240,1240,train,1,3.9927561401396585,3.8560139830249778,4.715420868875897,3.859417484899008,4.664741618331666,4.2160925773799995,4.392310392891564,3.925904,3.892790030030736
1244,S. aureus,HKLGTLVNLAKKIL,2.10720997,14,3.89279003,1244,1244,train,1,3.992893102953498,4.034724827149343,4.710808990540826,4.068962173567783,4.668724438763303,4.25810665427,4.663329091035386,3.921037,3.8927900300526748
1245,S. aureus,HKTDSFVGLM,2.644240081,10,3.355759919,1245,1245,train,0,3.45565991853415,3.3369537125381514,4.3635036519788475,3.3616445604207295,4.230898911138422,3.464288075199998,3.4705042004875106,3.3617098,3.3557599189547433
1246,S. aureus,HKVVFKVKFH,1.493289027,10,4.506710973,1246,1246,train,3,4.6067104319749586,4.408051170061691,4.790829995461751,4.469004936973311,4.768812164689871,4.5711764380199975,4.798681218831662,4.525082,4.506710973045221
1248,S. aureus,HLHFPHLHFP,1.591263018,10,4.408736982,1248,1248,train,3,4.508950616149178,3.780900685924003,4.657736484752617,3.771546736320576,4.5162539185960755,4.403787223559996,4.354970675052274,4.3540683,4.408736981971001
1249,S. aureus,HLNKRVQRELIGWLDWLK,2.257678575,18,3.742321425,1249,1249,train,0,3.8421564173020606,3.9841562539272743,4.638011661443346,3.971863682766646,4.574789634413987,4.1900173584100004,4.612276301587873,3.7692502,3.7423214250351498
1250,S. aureus,HLRRINKLLTRIGLYRHAFG,1.644176107,20,4.355823893,1250,1250,train,3,4.456044120723594,4.951852038973018,4.875514016919482,4.849573015800907,4.904828639798806,4.629511893249995,4.880598505679893,4.445133,4.355823893104769
1251,S. aureus,HNSSKQWSHWLWHNGIRI,1.447006622,18,4.552993378,1251,1251,train,4,4.652821733534783,4.424240182728759,4.769803831451823,4.666546155592749,4.754630960293642,4.578627058949998,4.714484589938924,4.57507,4.552993377952874
1252,S. aureus,HPLKQYWWRPSI,2.096910013,12,3.903089987,1252,1252,train,1,4.003265438501889,3.77334372192306,4.711866432317336,3.8315049633312324,4.6689307148645,4.169802484979994,4.593351516192415,3.9854279,3.903089986941624
1253,S. aureus,HQFRFRFRVRRK,0.301029996,12,5.698970004,1253,1253,train,9,5.598807710770753,5.283593264270104,4.798588808351735,5.260261358227648,4.820394512075088,5.408594589399995,5.0092946390869955,5.6694636,5.698970003892118
1254,S. aureus,HRVKRNGFRKFMRRLKKFFAGG,1.669889714,22,4.330110286,1254,1254,train,3,4.429939895422123,5.078507397378268,4.886546568739739,5.012584472814639,4.9563087353628426,4.608159708679996,4.811981885776354,4.385524,4.330110286143513
1255,S. aureus,HRWWRWWRH,1.204119983,9,4.795880017,1255,1255,train,4,4.73227664352233,5.126589782990525,4.879606395242515,5.0298354622245105,4.928303648529038,4.904090629570002,5.321918408686955,4.8930492,4.795880016972617
1256,S. aureus,HRWWRWWRR,0.903089987,9,5.096910013,1256,1256,train,6,4.996983190510287,5.588156415166278,4.898203441883064,5.482385592434779,4.967560565611413,5.077368341390007,5.264768952579624,5.104366,5.096910013035663
1257,S. aureus,HVINLEESFQEPEYENHLA,-2.22184875,19,8.22184875,1257,1257,train,9,8.121804755664094,7.770121501252356,4.17355332030275,7.638730079272063,4.824574140012458,6.741745144850006,7.1343760051676925,8.084913,8.221848749869586
1258,S. aureus,IAAAGLPQE,2.892651034,9,3.107348966,1258,1258,train,0,3.2072866533020488,3.165302063045581,3.940823058050287,3.0273034873897036,3.385101953380566,3.0515898258099985,3.041091288226566,3.1122966,3.1073489659951656
1259,S. aureus,IAAQGLPQE,3.096910013,9,2.903089987,1259,1259,train,0,3.00303437304553,3.1309894254865194,3.9528501596789587,3.0242437207662265,3.374094100307606,2.900398955339995,2.933307528954074,2.8620706,2.9030899869956386
1260,S. aureus,IDGLKAIVKKVADLLKNT,1.84509804,18,4.15490196,1260,1260,train,2,4.255018592031863,4.272096448927478,4.424066353273456,4.314748897090392,4.476424898117153,4.233618488210004,4.437931467664857,4.108998,4.154901960013615
1261,S. aureus,IDGLKAIWKKVADLLKNT,1.860338007,18,4.139661993,1261,1261,train,2,4.239497717153569,4.436902639868745,4.454078562954516,4.420790495353742,4.443536368706747,4.304593388060003,4.413021531012583,4.2169833,4.139661992990063
1265,S. aureus,IFGAILPLALGALKNLIK,0.903089987,18,5.096910013,1265,1265,train,6,4.996744394487388,4.714948960317037,4.720509894648151,4.68775013091059,4.745775168598219,5.013363439560007,4.987974744837787,5.094077,5.096910013137866
1266,S. aureus,IFGAIWKGISSLL,1.545694126,13,4.454305874,1266,1266,train,3,4.55447845498493,4.506172528789653,4.73423600192066,4.442537459974397,4.752282184045224,4.67904879073,4.9626184830488995,4.6405377,4.454305874007155
1268,S. aureus,IFGAIWPLALGALKNLIK,0.602059991,18,5.397940009,1268,1268,train,7,5.2980284991648325,4.6468009063360745,4.763870906865613,4.7827179399601984,4.810175066489001,5.229179829170006,5.199012772688306,5.3076262,5.397940008730629
1269,S. aureus,IFGLLLHGAIHVGKLIHGLVRRH,1.150514998,23,4.849485002,1269,1269,train,5,4.749641782719741,5.255317220535349,4.8790211631175495,5.167086923482493,4.98719094525147,5.017963486939997,5.1112826406340295,4.9457283,4.8494850022327824
1270,S. aureus,IGGIISFFKRLF,0.650464499,12,5.349535501,1270,1270,train,7,5.249365001774888,4.940774706760224,4.861746470383946,4.9638383225289635,4.895814353727943,5.166262815669996,5.017075437837217,5.2671814,5.349535501051258
1271,S. aureus,IGKEFKRIVQRIKDFLRNL,0.602059991,19,5.397940009,1271,1271,train,7,5.298047152144724,4.883226080144643,4.696535674934596,4.845122369109479,4.763001836264139,5.277927495970009,4.883516011774366,5.347759,5.397940008960117
1272,S. aureus,IGKFLKKAKKFG,2.574226373,12,3.425773627,1272,1272,train,0,3.525866897489703,3.638173358569396,4.657231133981742,3.8187235591414446,4.658275845078148,3.6058652506700044,4.10041655833778,3.4909086,3.425773627015807
1273,S. aureus,IGKKFKRIVKRIKKFLRKL,0.602059991,19,5.397940009,1273,1273,train,7,5.297834964168983,5.3837253086241,4.937514433153922,5.394235032491807,5.121025166400218,5.419801459520004,5.189028807072765,5.4477735,5.397940009755506
1274,S. aureus,IGKKFKRIVKRIKKWLRKL,0.301029996,19,5.698970004,1274,1274,train,9,5.599231168215633,5.422680861748489,4.9479315387335365,5.414398820388576,5.136737862068936,5.615173226469997,5.299688398017903,5.5505896,5.6989700033087285
1275,S. aureus,IGKKFKRIVQRIKKFLRKL,0.602059991,19,5.397940009,1275,1275,train,7,5.298130368705206,5.3261921121331826,4.9324462556725015,5.484390860281848,5.102590633806622,5.386799965650007,5.2255063491485805,5.4136815,5.3979400092340635
1276,S. aureus,IGKKFKRIVQRIKKFLRNL,0.602059991,19,5.397940009,1276,1276,train,7,5.297734919384662,5.076808581093164,4.895451641536615,5.160457947860055,5.0518676108764335,5.330935900930008,5.156132943136797,5.361591,5.397940008700383
1277,S. aureus,IGKKWKRIVKRIKKFLRKL,0.602059991,19,5.397940009,1277,1277,train,7,5.298201589469848,5.341526992119583,4.947620702983482,5.341752594683194,5.13592562779228,5.459678692370005,5.299688398017903,5.39857,5.397940008227117
1278,S. aureus,IGKLFKRIVKRILKFLRKL,0.602059991,19,5.397940009,1278,1278,train,7,5.2977688973070665,5.444384954061054,5.0017090343889095,5.530826667387686,5.20376688249969,5.3746208051600055,5.307881096666041,5.351985,5.397940009560633
1279,S. aureus,IGKLFKRIVQRILKFLRNL,0.903089987,19,5.096910013,1279,1279,train,6,4.996904925033055,5.343362696744909,4.957269263506474,5.349529709691921,5.12839812368383,5.192176892950007,5.266999585502025,5.1427293,5.09691001334038
1280,S. aureus,IGKLVKWIIKTVNKFTKK,0.568201724,18,5.431798276,1280,1280,train,8,5.331735802097951,4.905470714904528,4.864526909266318,5.046969059990794,4.912918818681849,5.249919736649998,5.010936253837214,5.33856,5.431798275844637
1281,S. aureus,IHHQGLPQE,3.397940009,9,2.602059991,1281,1281,train,0,2.702253398816638,2.40876055731419,3.9961324066128867,2.4136888523453663,3.4454114428736036,2.7367698515400014,2.7725253992792624,2.6420166,2.6020599910139235
1282,S. aureus,IHQGLPQE,3.273001272,8,2.726998728,1282,1282,train,0,2.8269638319908843,2.253915057505135,3.9247089243986055,2.4123727353966578,3.3410475384821074,2.7518763594700033,2.8090806234868357,2.7000544,2.7269987279790198
1283,S. aureus,IIGAIAAALPHVINAIKNTF,1.204119983,20,4.795880017,1283,1283,train,4,4.732276643163447,5.024615357659695,4.718397791305512,4.938521768355877,4.701815171283467,4.839604997990001,4.771640843544656,4.803015,4.795880016986014
1284,S. aureus,IIGHLIKTALGMLGL,1.079181246,15,4.920818754,1284,1284,train,5,4.8206540003270275,4.494795070287575,4.7027619260018,4.3810818851115005,4.702346405974461,4.921981276299994,4.850630627151539,4.91268,4.920818753937676
1285,S. aureus,IIGPVLGLIGKALGGLL,2.203304916,17,3.796695084,1285,1285,train,0,3.8965799029997323,4.101405517679868,4.708413471855488,4.114227436965543,4.707828235571721,4.044655255310003,4.313134564216336,3.9117284,3.796695083713629
1286,S. aureus,IIGPVLGLVGKALGGLL,2.206842185,17,3.793157815,1286,1286,train,0,3.8929897295992903,4.195349392796878,4.702977001508587,4.192449194213249,4.698360920942641,3.9583750096099948,4.380309240148464,3.8260584,3.7931578154723087
1289,S. aureus,IIPLPLGYFAKKKKKKDPVPLDQ,1.578855434,23,4.421144566,1289,1289,train,3,4.520973608643903,4.155961098021688,4.587894410235401,4.294711770868317,4.561393371176971,4.480882705020005,4.474817156006526,4.443181,4.421144565992218
1292,S. aureus,IIRKIIRK,2.682203295,8,3.317796705,1292,1292,train,0,3.417678527629974,3.670789850657815,4.760322228260513,3.607553007578779,4.741157277754099,3.52954688064,3.922300729270164,3.3253903,3.317796704903383
1293,S. aureus,IISTIGKLPKWIIKTVNKFTKK,1.342422681,22,4.657577319,1293,1293,train,4,4.746449821392546,4.90539153511035,4.879646792804013,4.888609467171344,4.9681685308668575,4.797340682669997,4.93349095264899,4.9092307,4.657577319517519
1296,S. aureus,IISTIGKLVKWIIKTVNKFTKK,0.672097858,22,5.327902142,1296,1296,train,7,5.227748281260353,5.175322727766159,4.943008693373874,5.0585130446079045,5.039678069917953,5.2658167780000085,5.089535062946127,5.272458,5.327902141521698
1297,S. aureus,IKAQGLPQE,3.096910013,9,2.903089987,1297,1297,train,0,3.0029251905435386,2.989729064088453,3.9805233019006607,2.9934024191091444,3.4288552694224683,2.8845292419099953,2.682455691010684,2.8455946,2.9030899869910374
1298,S. aureus,IKFEPPLPPKKAH,1.629564057,13,4.370435943,1298,1298,train,3,4.470539375037415,3.829021514801432,4.311343310373274,3.770203711897871,4.1824298549494925,4.353802527340003,4.299280831674404,4.314194,4.3704359429791255
1299,S. aureus,IKHAGLPQE,3.235212711,9,2.764787289,1299,1299,train,0,2.86514830416347,2.8663002228811925,3.9857015147411046,2.8754845730504153,3.4619633974640034,2.828107793370001,2.797127424939214,2.7971692,2.764787289031797
1300,S. aureus,IKHQGLPQA,3.193820026,9,2.806179974,1300,1300,train,0,2.9064597599134467,3.149471905210791,4.183830369826442,3.132267401346395,3.759937059889967,3.2147804062199974,3.2171963267004027,2.906033,2.80617997399131
1301,S. aureus,IKHQGLPQE,3.140272214,9,2.859727786,1301,1301,train,0,2.959491884049477,2.6536562102000607,3.999136519472968,2.6424140209046785,3.4545652944163865,2.8064726028400013,2.692965813055141,2.7654042,2.859727785945261
1302,S. aureus,IKHQGLPQED,3.038918066,10,2.961081934,1302,1302,train,0,3.061077082679498,3.3050818032869893,3.9891753706348925,3.252703930022151,3.466771641030183,3.198587912319998,2.9094748636659324,2.941993,2.9610819339807364
1303,S. aureus,IKHQGLPQEE,3.397940009,10,2.602059991,1303,1303,train,0,2.7018953742935463,2.6881549885447935,4.0289462013082735,2.490374109783544,3.4864634897156495,3.0732269922299973,3.0550077440359837,2.6874912,2.6020599910601723
1304,S. aureus,IKHQGRPQE,3.397940009,9,2.602059991,1304,1304,train,0,2.7020201929401555,3.3325388662412254,3.9582039337934263,3.2836429716488267,3.5089289958673158,2.812612621320001,3.0108538927547825,2.6719353,2.6020599910455307
1305,S. aureus,IKHRGLPQE,3.038918066,9,2.961081934,1305,1305,train,0,3.061205784475148,2.7386335244747353,4.012314108322663,2.842519264527229,3.4992379285550106,2.924512072339999,2.733927922098214,2.9034033,2.9610819340029333
1306,S. aureus,IKIKIKIK,1.771142527,8,4.228857473,1306,1306,train,2,4.328871011005943,4.43696085328923,4.763689643348222,4.525949202962452,4.772556568851113,4.043345343030002,4.043349451091919,4.171882,4.228857472862374
1307,S. aureus,IKKIIKKI,2.698970004,8,3.301029996,1307,1307,train,0,3.4011446375335774,3.8326098095880585,4.747891873463058,3.91532750910868,4.726771563858631,3.5327815309800044,3.5975029685521616,3.2641008,3.30102999573862
1308,S. aureus,IKKIIKKIIK,2.698970004,10,3.301029996,1308,1308,train,0,3.4008600689952315,4.249132789324387,4.786073393580352,4.249388025158879,4.787396212798021,3.6278092176200034,4.041548192475478,3.3360336,3.3010299960646754
1309,S. aureus,IKKIIKKIIKKI,2.397940009,12,3.602059991,1309,1309,train,0,3.702171636344441,4.199305213636158,4.826225978042115,4.274871837825185,4.844751869219498,4.154591639859996,4.259897330827648,3.7110677,3.602059991536668
1310,S. aureus,IKKILSKIKKLL,0.795880017,12,5.204119983,1310,1310,train,6,5.104237700458793,5.1156738213448545,4.759807536280863,5.120589768031553,4.791612648253081,5.208002272889998,4.919017026645027,5.1555963,5.204119982898704
1311,S. aureus,IKKILSKIKKLLK,0.698970004,13,5.301029996,1311,1311,train,7,5.201151375825552,5.033212776212531,4.763391129012303,4.9854638162801805,4.808502018887987,5.315293417180004,5.032571665038755,5.3034387,5.301029996450933
1312,S. aureus,IKKILSKIKKLWK,1.096910013,13,4.903089987,1312,1312,train,5,4.803253322798245,4.987829656678525,4.787578299324029,4.977832029076776,4.847396586750922,5.110927559259995,5.1970936067131825,5.1547914,4.903089987312068
1313,S. aureus,IKKILSKIKKWLK,0.698970004,13,5.301029996,1313,1313,train,7,5.200889962222643,5.030883283692686,4.789271439939036,5.033718294138365,4.851820874634355,5.215419361670001,5.1970936067131825,5.2787876,5.301029995383608
1314,S. aureus,IKKILSKIKKWWK,1.096910013,13,4.903089987,1314,1314,train,5,4.803181940868681,5.194458789952136,4.813688994394918,5.145639997250352,4.891317451431753,5.0290071788099935,5.164734759963787,5.017908,4.903089987432057
1315,S. aureus,IKKIVSKIKKLL,0.494154594,12,5.505845406,1315,1315,train,8,5.405674815675127,5.163768718147524,4.781478522678359,5.267213025732954,4.932715440335206,5.3397028524199985,5.048776585836549,5.449239,5.505845406131095
1316,S. aureus,IKKIVSKIKKLLK,0.494154594,13,5.505845406,1316,1316,train,8,5.405943195599445,5.190036877446021,4.783213503961294,5.087890566913225,4.9376003741931624,5.43620004708,5.1806683093617405,5.438839,5.505845405433872
1317,S. aureus,IKKIVSKIKKVL,0.892651034,12,5.107348966,1317,1317,train,6,5.007522996941858,5.062890149979843,4.775987477690624,5.219270109647574,4.923958948530245,5.123954344910003,4.93107368129526,5.1287026,5.107348965784362
1318,S. aureus,IKKIVSKIKKVLK,0.846955325,13,5.153044675,1318,1318,train,6,5.053092931870915,5.04128846891378,4.777977299520752,4.998245059514058,4.929286592756732,5.226847122099996,5.070504959302735,5.2166753,5.1530446755367505
1319,S. aureus,IKKIWSKIKKLLK,0.397940009,13,5.602059991,1319,1319,train,8,5.50192317343008,5.169476003724424,4.811305770325089,5.132443218879317,4.860325662751623,5.5330198947399944,5.218325586376635,5.5618186,5.602059991163853
1320,S. aureus,IKKIWSKIKKLWK,0.397940009,13,5.602059991,1320,1320,train,8,5.501616471214454,5.222880191929675,4.835368606336791,5.223939415400215,4.8988953369038954,5.575910646549994,5.1816084917140905,5.5520697,5.602059990299566
1321,S. aureus,IKKIWSKIKKWLK,0.397940009,13,5.602059991,1321,1321,train,8,5.501944831246956,5.196288890965319,4.836955697107662,5.203768828009948,4.903042509563528,5.590000000479994,5.1816084917140905,5.5293283,5.602059991732194
1322,S. aureus,IKKIWSKIKKWWK,0.397940009,13,5.602059991,1322,1322,train,8,5.5020064626992955,5.36678807276188,4.8612525741547,5.142289120423036,4.942223748347637,5.508343314529994,5.1816084917140905,5.504032,5.602059990588721
1323,S. aureus,IKKRWWWFR,1.357259682,9,4.642740318,1323,1323,train,4,4.73227665316401,4.846793893437506,4.912319410416023,4.874344912158347,4.967230719141344,4.9207778805499975,5.213807196716776,4.704143,4.642740318157274
1324,S. aureus,IKKVASV,3.13876514,7,2.86123486,1324,1324,train,0,2.9614091098175437,2.484485242755558,4.5457148414094215,2.4127149646446724,3.9360650022169326,3.419122208430003,3.4521339690764563,2.8892944,2.8612348599592696
1325,S. aureus,IKKVASVIGGL,2.975129472,11,3.024870528,1325,1325,train,0,3.1249349012061147,3.455383543146348,4.602124554366368,3.4738351705811814,4.282830955567583,3.209195427950003,3.4545980525556867,3.0259538,3.0248705282427943
1326,S. aureus,IKKWLSKIKKLLK,0.193124598,13,5.806875402,1326,1326,train,9,5.707009690822137,4.961299620008632,4.786415407929703,4.970655705201497,4.844357874986492,5.637607202409998,5.210126298959388,5.664853,5.806875401066125
1327,S. aureus,IKKWWSKIKKLLK,0.193124598,13,5.806875402,1327,1327,train,9,5.706831101873991,5.254905758287126,4.834666483230785,5.28933433927458,4.89706064300839,5.707640751049997,5.239732321984191,5.679673,5.806875402019287
1329,S. aureus,IKQGLPQE,3.397940009,8,2.602059991,1329,1329,train,0,2.7022131209410514,2.3958899044737336,3.9261013438344605,2.459744347296556,3.3459367318787434,2.68422302736,2.7086500232346493,2.6573167,2.6020599910039284
1330,S. aureus,IKQLLHFFQRF,1.626568568,11,4.373431432,1330,1330,train,3,4.473275338061001,4.706098863120739,4.880490974028483,4.6279227449184495,4.88692806596176,4.539512453180004,4.787874314895339,4.4465036,4.373431431974602
1331,S. aureus,IKQLLHFFQRFGGGFIKHFIHRF,1.337333977,23,4.662666023,1331,1331,train,4,4.732276643163452,4.839110119438656,5.0509577492436915,4.806418943022867,5.152091244616083,4.718354833249994,4.712946121668792,4.6389527,4.662666022977498
1332,S. aureus,IKQVKKLFKK,0.889301703,10,5.110698297,1332,1332,train,6,5.010760943907142,5.034322568987622,4.726220133367823,5.090579650626946,4.703980181291348,4.81328788367,4.673440726186169,5.0409956,5.110698296985129
1333,S. aureus,IKRFWPVVIRTVVAGYNLYRAIKKK,0.066088677,25,5.933911323,1333,1333,train,9,5.83374860102879,5.847907542462732,5.046456608240029,5.814313315354371,5.1547680052769405,5.76518863248,5.414350052861992,5.885584,5.933911322160871
1335,S. aureus,IKWKAILDAVKKVI,1.470374509,14,4.529625491,1335,1335,train,3,4.629511614820696,4.649989719732104,4.5981194155147165,4.676397116362159,4.602169415252446,4.629116567109996,4.869176651040508,4.5148444,4.529625490961228
1336,S. aureus,IKWKRWWWR,1.345363738,9,4.654636262,1336,1336,train,4,4.732281631953152,5.118747349410498,4.917918864605909,5.0424515068179545,4.965895178499174,4.9519828949099995,4.961371252770805,4.7493753,4.654636262758712
1337,S. aureus,ILAWKWAWWAWRR,0.302020352,13,5.697979648,1337,1337,train,9,5.598151397457757,5.29201497339008,4.943729101067259,5.253778790920617,5.022438295738853,5.464226861100001,5.255775210421944,5.6439157,5.697979647944578
1338,S. aureus,ILGAAWNGAKSLF,1.870451792,13,4.129548208,1338,1338,train,2,4.229376375537274,4.272891633073824,4.549868716131639,4.380840924048272,4.519109939357919,4.319567603670004,4.515028881055184,4.2688775,4.129548208016217
1339,S. aureus,ILGAIIPLVSGLLSHL,1.285557309,16,4.714442691,1339,1339,train,4,4.732276643163447,4.807976805866485,4.713818062583051,4.777910535094216,4.736839351837756,4.564393577789994,4.612082697452037,4.6731277,4.714442690984086
1340,S. aureus,ILGAILPLVSGLLSNKL,2.10720997,17,3.89279003,1340,1340,train,1,3.992666270809271,4.236660720471749,4.697995029847951,4.320798036610481,4.703861403224657,4.237339496860001,4.513948389725631,4.033513,3.8927900300812075
1342,S. aureus,ILGIITSLLKSL,1.293930953,12,4.706069047,1342,1342,train,4,4.7322766431634475,4.7929566423162155,4.696166264151557,4.86201675535635,4.71431598849857,4.7175375319000095,4.534656548262994,4.737695,4.706069046986368
1345,S. aureus,ILGKIIKVVK,2.0,10,4.0,1345,1345,train,1,4.099919631983806,4.5052011840423,4.7489501766379165,4.536209740706753,4.77364540389231,4.144619877539999,4.090527067217383,3.9813848,4.000000000365856
1347,S. aureus,ILGKILKGIKKLF,0.301029996,13,5.698970004,1347,1347,train,9,5.598852283569105,5.466566512705216,4.766555877454256,5.3508896864030175,4.823828135244655,5.524454089259995,5.127872426392955,5.62178,5.6989700038829705
1351,S. aureus,ILGKIWKIKKLF,0.0,12,6.0,1351,1351,train,9,5.899829857335183,5.479448788026402,4.835195789686711,5.5160354306476425,4.895006558394642,5.682218122540002,5.135954671844372,5.8925724,5.999999999768934
1352,S. aureus,ILGKIWKPIKKLF,0.06694679,13,5.93305321,1352,1352,train,9,5.833048340664014,5.5889373941822225,4.80546984005235,5.473958673423903,4.876507817864107,5.810558469520008,5.180940316472084,5.8644543,5.933053209911966
1355,S. aureus,ILGKLLSTAAGLLKNL,1.204119983,16,4.795880017,1355,1355,train,4,4.732276643163447,5.479560329750464,4.613997619124501,5.429217146851857,4.615540437453636,4.804410673990001,4.776639027021553,4.8123355,4.795880017003166
1369,S. aureus,ILGPVLGLVGDTLGDLL,1.778591083,17,4.221408917,1369,1369,train,2,4.321293501481488,4.299835637006342,4.403131737491083,4.163624871929135,4.322605253805664,4.233990712810003,4.297935122316928,4.2144265,4.221408916946768
1372,S. aureus,ILGPVLGLVGSALGGLI,1.809974545,17,4.190025455,1372,1372,train,2,4.289854864928838,4.334602850928473,4.664725421973635,4.36170070332487,4.626285276259414,4.260464052890003,4.259573902478199,4.183348,4.190025454948163
1373,S. aureus,ILGPVLGLVSDTLDDVLGIL,2.113943352,20,3.886056648,1373,1373,train,1,3.986230659511832,3.640155203140334,4.53602079751573,3.7056459419355803,4.4917255983678785,4.123656344980004,4.3485830903189955,3.9449396,3.886056648045555
1374,S. aureus,ILGPVLGLVSNALGGLL,1.794265628,17,4.205734372,1374,1374,train,2,4.305837272401541,4.224570353302251,4.681101594653678,4.174940979656159,4.6262115644976545,4.245936145649997,4.421974694075448,4.209649,4.205734371993034
1375,S. aureus,ILGPVLGLVSNTLDDVLGIL,1.694348426,20,4.305651574,1375,1375,train,3,4.405780736110245,3.7553675139744453,4.653261672023809,3.6962392398159554,4.568421877034608,4.330835773880005,4.391662670086596,4.2521806,4.305651573994196
1378,S. aureus,ILGTILGLLKSL,1.082468374,12,4.917531626,1378,1378,train,5,4.8174155693326055,4.713355303573698,4.66233435633389,4.681779950223579,4.689480323369477,4.808910997660008,4.734540466100388,4.8880672,4.917531626034276
1382,S. aureus,ILKKWPWWPWRRK,0.929895423,13,5.070104577,1382,1382,train,6,4.969949740099563,5.667945624378825,4.912592588718768,5.623507552648174,5.075877634406603,5.2814006896,5.441840662057505,5.1525583,5.070104577388903
1383,S. aureus,ILKLFKRIVKRILKFLRKL,0.903089987,19,5.096910013,1383,1383,train,6,4.996995190965118,5.571341238407221,5.072662098351862,5.584969116013571,5.299715275856734,5.1882600727300066,5.3611561914485995,5.1704664,5.096910012989662
1385,S. aureus,ILKWKWPWWPWRR,0.411543093,13,5.588456907,1385,1385,train,8,5.488285358713338,5.817772547913888,4.977373314842314,5.842968379616859,5.1538818722704,5.567008596620009,5.551452051955835,5.5980515,5.588456906953002
1386,S. aureus,ILPFKFPFFPFRR,0.562353731,13,5.437646269,1386,1386,train,8,5.337821860291112,5.239693658113892,4.877220511020496,5.187476787949424,4.905961391028704,5.408787252540009,5.194782684979458,5.438122,5.437646268821346
1387,S. aureus,ILPIIGKILSTIFGK,0.795880017,15,5.204119983,1387,1387,train,6,5.104268146523117,4.582813673056942,4.750441146234373,4.684432833114043,4.779829115704618,5.113619685329999,4.8060000055585785,5.13741,5.204119982869567
1388,S. aureus,ILPILAPLIGGLL,2.0,13,4.0,1388,1388,train,1,4.10017217110538,4.433258209904013,4.714035742252027,4.522107167534609,4.658219217298798,4.215530564810001,4.468429050759377,4.0222583,3.999999999984224
1389,S. aureus,ILPILGNLLNGLL,2.0,13,4.0,1389,1389,train,1,4.1002396316314655,4.711656194512339,4.708925580044932,4.888335945428059,4.582609634467104,4.31471673882,4.60057297427122,4.042512,4.000000000068549
1391,S. aureus,ILPILSLIGGLL,1.831443159,12,4.168556841,1391,1391,train,2,4.268712192265031,4.740028074054076,4.736227843445629,4.642106857054063,4.705837103119373,4.24594422387,4.2559286590650425,4.1427345,4.168556840986739
1392,S. aureus,ILPILSLIGGLLGK,1.612783857,14,4.387216143,1392,1392,train,3,4.487053849770751,4.74043441776808,4.6730045068597255,4.69401816601741,4.6964557846380846,4.442813334809996,4.7335162892783496,4.3839054,4.3872161430741725
1393,S. aureus,ILPIRSLIKKLL,1.096910013,12,4.903089987,1393,1393,train,5,4.8029339348202065,4.758113371604396,4.766016695190491,4.813058294141982,4.779699145620807,4.901651797979995,4.725999374743196,4.894246,4.903089987009066
1394,S. aureus,ILPKKKPWWPWRR,0.542737367,13,5.457262633,1394,1394,train,8,5.357309995510904,5.2447313103957995,4.76314892241584,5.241340990862663,4.91568648489618,5.306207843590007,5.181039858395308,5.3365903,5.457262633070305
1395,S. aureus,ILPKKWPKLPWRR,0.560821014,13,5.439178986,1395,1395,train,8,5.339304995334462,5.17507460449246,4.693462301513217,5.14487099457168,4.764427099917603,5.431816410629999,5.278264303546358,5.5363317,5.439178986201754
1396,S. aureus,ILPLKLPLLPLRR,0.307457767,13,5.692542233,1396,1396,train,9,5.592736133168404,5.281230412104474,4.701082698726866,5.336283513883577,4.744050190813855,5.49775062665,5.225814392454217,5.5447183,5.692542232665035
1397,S. aureus,ILPLKLPLLPWRR,0.490781316,13,5.509218684,1397,1397,train,8,5.40910435557325,5.32707959237979,4.75012251204346,5.331818480538619,4.841307796760598,5.452543807180003,5.315915802667806,5.4829383,5.509218683456676
1398,S. aureus,ILPLKLPWLPLRR,0.791811312,13,5.208188688,1398,1398,train,7,5.108253800670344,5.397632418307524,4.752108203952638,5.265327461976086,4.846496540433825,5.271257988040004,5.352261897012228,5.3318424,5.208188688540774
1399,S. aureus,ILPLKLPWWPWRR,0.249744365,13,5.750255635,1399,1399,train,9,5.650232718714619,5.489136229290657,4.8504193652087295,5.463522668950959,5.008855800635489,5.720545616109997,5.439428169706702,5.745238,5.750255635361599
1400,S. aureus,ILPLKWPWWPWRR,0.232093623,13,5.767906377,1400,1400,train,9,5.668008418271785,5.741360531633968,4.896358134807126,5.676294117915966,5.065794715184908,5.778814890479997,5.476532439954512,5.808098,5.767906376773813
1401,S. aureus,ILPWKKPKKPKRR,0.775954361,13,5.224045639,1401,1401,train,7,5.124217918149498,5.234800859633685,4.555982425497792,5.400780277234548,4.57942708732943,5.145576949369999,4.992477543622112,5.2343554,5.224045639030112
1402,S. aureus,ILPWKKPKKPWRR,0.76116222,13,5.23883778,1402,1402,train,7,5.138805852349881,4.83638235316912,4.659248099663778,4.938739394363826,4.775210666208486,5.133752271079996,4.855152388279419,5.20352,5.238837780263402
1403,S. aureus,ILPWKKPKLPWRR,0.260485334,13,5.739514666,1403,1403,train,9,5.639346307954403,4.9811964306597,4.702319291944206,5.003083584183402,4.819848394337724,5.472432002979998,5.196064691074683,5.5589933,5.739514665337965
1404,S. aureus,ILPWKLPWWPWRR,-0.070326116,13,6.070326116,1404,1404,train,9,5.970407438119306,5.403427944959412,4.893714202486067,5.376160441040699,5.091101406010154,5.900353124830001,5.46646659808861,5.8623757,6.070326115317067
1405,S. aureus,ILPWKWKWWPWRR,0.411543093,13,5.588456907,1405,1405,train,8,5.488609785202171,5.431980769349435,4.9495768744398605,5.564383066648902,5.120041957827299,5.569286165250009,5.50377555386445,5.542688,5.588456907347533
1406,S. aureus,ILPWKWPKKPWRR,0.445827354,13,5.554172646,1406,1406,train,8,5.4539289861831834,5.328717592744432,4.743654035550605,5.2976532789295545,4.864745062203785,5.421461972699996,5.24543817638516,5.500363,5.5541726458732
1407,S. aureus,ILPWKWPKLPWRR,0.246057509,13,5.753942491,1407,1407,train,9,5.653886503107091,5.430305428167265,4.787814981401815,5.453948233177171,4.912230388150005,5.681812650559992,5.328230723204225,5.736877,5.753942490820581
1408,S. aureus,ILPWKWPLLPWRR,0.550080045,13,5.449919955,1408,1408,train,8,5.350084486507134,5.731186400189094,4.844612222019461,5.742554568687901,4.993681353208079,5.523049666239998,5.437993535656966,5.590727,5.449919955631817
1409,S. aureus,ILPWKWPLWPWRR,-0.070326116,13,6.070326116,1409,1409,train,9,5.970207033053094,5.846527920545348,4.888408053388064,5.714153977422952,5.045020629097258,5.9019167690900005,5.4805003958312755,5.8791237,6.070326115919085
1410,S. aureus,ILPWKWPWAPARR,1.076495561,13,4.923504439,1410,1410,train,5,4.823334655001929,4.8767785267299075,4.720603184643744,4.88194701538704,4.846652467527069,4.8703345250800005,5.206888314976194,4.9583235,4.923504438973305
1411,S. aureus,ILPWKWPWLPKRR,0.546393189,13,5.453606811,1411,1411,train,8,5.353761980152111,5.670474953313749,4.807774293446544,5.779927941901594,4.964385384408698,5.481696040939997,5.484671179403405,5.515788,5.453606810987897
1413,S. aureus,ILPWKWPWLPWKK,0.245566125,13,5.754433875,1413,1413,train,9,5.653961631155827,5.3688219065039045,4.876540970497231,5.279918529104412,5.064273257099633,5.676097671010008,5.3911144605060635,5.681351,5.754433874847028
1415,S. aureus,ILPWKWPWLPYRR,0.537918332,13,5.462081668,1415,1415,train,8,5.362184901265995,5.8685344614993005,4.8893837414758625,5.744265824870705,5.02843942424742,5.485335739669998,5.474591590271942,5.514616,5.462081668084081
1420,S. aureus,ILPWKWPYLPWRR,0.537918332,13,5.462081668,1420,1420,train,8,5.362184644775239,5.715530768872347,4.8832182229512355,5.542777724467647,5.012328518477513,5.522506723309997,5.488919284001571,5.51821,5.462081667981363
1422,S. aureus,ILPYKYPYYPYRR,1.14458121,13,4.85541879,1422,1422,train,5,4.755248574011385,4.584006180108885,4.897376951273219,4.724334303015007,4.843437597763884,5.051601518829995,4.954214211477158,4.911734,4.855418789929767
1423,S. aureus,ILRWKWRWWRWRR,-0.15490196,13,6.15490196,1423,1423,train,9,6.055073704793049,5.439218685093492,5.022364308861119,5.4369426943316554,5.1376457021902695,5.775657238760001,5.511015923313112,6.0929627,6.154901959070376
1426,S. aureus,ILSLRWRWKWWKK,1.832508913,13,4.167491087,1426,1426,train,2,4.267609379001418,4.915588024394099,4.922049855763538,5.004373382403149,5.040844714374068,4.418527809699992,5.080869537852045,4.2708306,4.167491087684242
1427,S. aureus,ILSLRWRWWKWKK,1.832508913,13,4.167491087,1427,1427,train,2,4.267761183940808,5.04274523569781,4.911126721817476,5.085098086098122,5.012301846322637,4.414776782809991,5.070397280902497,4.231571,4.167491087384349
1428,S. aureus,ILSLRWWRKWWKK,1.505149978,13,4.494850022,1428,1428,train,3,4.594718204788534,4.8201729090376535,4.916462126044896,4.845202869476173,5.026243608789004,4.749876439949995,5.211772613526214,4.7221427,4.494850021893195
1433,S. aureus,INLKAIAALARNY,0.929153575,13,5.070846425,1433,1433,train,6,4.970875642368364,5.417674456070262,4.651822125315784,5.289688039267786,4.55728495957707,4.913763643440006,4.825445807295692,5.0720115,5.0708464249768035
1438,S. aureus,INLKGLIKKVASLLT,2.0,15,4.0,1438,1438,train,1,4.100083539351722,4.372344834561542,4.671388928171541,4.376581788630662,4.477988992450176,4.2483553789,4.6226884546658855,4.127814,4.0000000000989395
1439,S. aureus,INLKILARLAKKIL,0.665111737,14,5.334888263,1439,1439,train,7,5.235062522718174,5.179842649601759,4.815078736407555,5.194874833724972,4.821195155409094,5.217940698049996,4.931564992744969,5.2895746,5.3348882628146725
1440,S. aureus,INLLKIAKGIIKSL,1.400607435,14,4.599392565,1440,1440,train,4,4.699222422335187,4.709201346603826,4.709210253232683,4.646660871510772,4.709225629778081,4.689691280180003,4.909143053543139,4.722782,4.599392564933647
1441,S. aureus,INMKASAAVAKKLL,0.287313505,14,5.712686495,1441,1441,train,9,5.6123674553338265,4.4067548373209595,4.591642031189838,4.371476355360418,4.314439424985995,5.323228893420004,4.710699229250617,5.578077,5.712686494905688
1442,S. aureus,INPKSVQSLL,2.301029996,10,3.698970004,1442,1442,train,0,3.7990345929785185,3.6753675725730157,4.509358031547333,3.682007404985029,4.390993274012267,3.8468341342599968,3.946907736327698,3.698333,3.6989700039372204
1443,S. aureus,INWKALLDAAKKVL,0.391603665,14,5.608396335,1443,1443,train,8,5.5084999490684385,5.180588832402134,4.527925438211179,5.19801351484352,4.472201937706467,5.2342231804600035,4.88635540410598,5.5136333,5.60839633491732
1444,S. aureus,INWKGIAAMAKKLL,0.375925357,14,5.624074643,1444,1444,train,9,5.524043166060502,5.211682196370523,4.733252503556189,5.400978409359595,4.68000552996272,5.383267057209996,4.993700742572609,5.562904,5.62407464291087
1445,S. aureus,INWKGIAAMKKLL,0.396218513,13,5.603781487,1445,1445,train,8,5.503665973974705,5.656940322455808,4.752067562688677,5.623751218166737,4.704365348917074,5.353114768979997,5.063671955754516,5.541998,5.603781486939472
1446,S. aureus,INWKKIASIGKEVLKAL,1.411619706,17,4.588380294,1446,1446,train,4,4.688573500049321,4.4513675422355865,4.661935951160801,4.318103710954887,4.429675256301191,4.700967141719996,4.591768077520214,4.6342354,4.5883802939832234
1447,S. aureus,INWKKIFEKVKNLV,1.071882007,14,4.928117993,1447,1447,train,5,4.828083580742076,4.448121973231203,4.709645011753432,4.484909908124291,4.635506713710312,4.96649177817,4.931796230503145,4.9511967,4.928117992977479
1448,S. aureus,INWKKIKSIIKAAMN,1.698970004,15,4.301029996,1448,1448,train,2,4.40116421889317,4.270326017198797,4.744124755621988,4.423484444553288,4.595302521092686,4.474037581460005,4.860911502815659,4.3378024,4.3010299960102145
1450,S. aureus,INWKKMAATALKMI,0.253138515,14,5.746861485,1450,1450,train,9,5.646742264406503,5.576856319197541,4.773525867066948,5.452781837956268,4.7057208714278165,5.393027554910002,5.043832129371234,5.6453586,5.746861484928609
1451,S. aureus,INWLKAKKVAGMIL,1.432425505,14,4.567574495,1451,1451,train,4,4.667409961086756,4.923959826168996,4.772319347966005,4.871325839781422,4.749323257933607,4.686256266019992,4.883452435203831,4.656561,4.5675744950712245
1453,S. aureus,INWLKLGKKILGAL,1.190331698,14,4.809668302,1453,1453,train,5,4.73227664316347,5.071041869483669,4.7286061804239745,5.0728094234869126,4.738403701825206,4.862137990019995,4.833498560446176,4.8936086,4.809668302140612
1455,S. aureus,IPHAVKAISDLI,2.301029996,12,3.698970004,1455,1455,train,0,3.7988171884357427,3.7495498959463864,4.399896586699759,3.8170260072582693,4.288935132629091,3.9424200885299956,4.153496927368889,3.7386456,3.6989700040100346
1456,S. aureus,IPPFIKKVLTTVF,1.698970004,13,4.301029996,1456,1456,train,2,4.40119087902845,4.97220498314915,4.83683684013862,5.01048492146009,4.833873381974518,4.470255964640005,4.862691098140347,4.3702617,4.301029996038917
1457,S. aureus,IPWGKVKDFLVGGMKAV,0.954242509,17,5.045757491,1457,1457,train,6,4.945889276449076,4.636527709580702,4.677592285294157,4.559386977611836,4.666687031079927,4.883636275720001,4.63397284167509,4.99643,5.045757490758613
1458,S. aureus,IRHQGLPQE,3.307763378,9,2.692236622,1458,1458,train,0,2.7922305007802013,2.523430064241154,4.0152926144947125,2.5206276292330583,3.4861399373513318,2.7447591819299983,2.8019456976435726,2.7130656,2.6922366220227376
1460,S. aureus,IRIKIRIKIRIK,1.605538541,12,4.394461459,1460,1460,train,3,4.4942984460159705,5.101778162420758,4.881351415688958,5.094828206742783,4.963820444163939,4.572860013910006,4.89901217556637,4.5106697,4.394461459192855
1462,S. aureus,IRKLKSWKWLRWL,1.505149978,13,4.494850022,1462,1462,train,3,4.595022302563279,4.984620359630982,4.914272717207454,4.859401272486445,4.9929864491970495,4.780886637839993,5.197422386995799,4.6784143,4.4948500221357754
1463,S. aureus,IRMRIRVLL,0.602059991,9,5.397940009,1463,1463,train,7,5.298139126554595,5.726266500952729,4.92372308086949,5.823938537432637,4.956815940060095,5.086823136910009,4.731294779219362,5.343443,5.397940008980222
1464,S. aureus,IRRIIRKIIHIIKK,1.045677443,14,4.954322557,1464,1464,train,5,4.8544464618143675,4.830318699672475,4.906519789705418,4.950914668457304,4.984737119158232,4.939900193530004,4.990581763940985,4.891379,4.954322556919665
1465,S. aureus,IRRQGLPE,3.038918066,8,2.961081934,1465,1465,train,0,3.060942299154494,3.821960886648535,4.141790011223118,3.970396576045287,3.844194016262118,2.900523317089998,2.960199413937957,2.9036965,2.961081934007928
1466,S. aureus,IRVKIRVK,2.393056351,8,3.606943649,1466,1466,train,0,3.707034758423479,3.8727389648708748,4.780650656836516,3.8567664958778343,4.808362402075402,3.7549132894300015,3.985811926396568,3.622322,3.606943649804748
1467,S. aureus,IRVKIRVKIRVK,1.112758351,12,4.887241649,1467,1467,train,5,4.787498771154313,4.435639508083765,4.8644869933698,4.3672235150645164,4.936528509130207,4.800195933779994,4.8904435708496,4.8870726,4.88724164817476
1468,S. aureus,IRWRIRVWVRRI,0.128960768,12,5.871039232,1468,1468,train,9,5.770875415548212,5.216960588988489,4.965406964773207,5.384312953248943,5.04913767491694,5.576974528949997,5.277710108826862,5.8213787,5.871039232025046
1470,S. aureus,ISKRILTGKK,2.350032966,10,3.649967034,1470,1470,train,0,3.7500564812440533,3.872154136961188,4.52789774073125,3.796699389628751,4.417721082426209,3.92096913918,4.06687442249701,3.6798687,3.6499670339595136
1472,S. aureus,ITIPPIVKDTLKKFIKGAISGVM,1.301029996,23,4.698970004,1472,1472,train,4,4.732276643163447,4.779567338666268,4.798291098539863,4.752138330660135,4.876692513777841,4.676847331609994,4.630903503251501,4.6739407,4.698970003992203
1473,S. aureus,ITIPPIVKDTLKKFIKGAISSVM,1.301029996,23,4.698970004,1473,1473,train,4,4.732276643163447,4.676413063515257,4.804277238235205,4.704296886129263,4.8841004171859295,4.682773571959993,4.630903503251501,4.668682,4.698970004013844
1474,S. aureus,ITIPPIVKNTLKKFIKGAVSALMS,1.0,24,5.0,1474,1474,train,6,4.899967785840287,5.283006154526012,4.850900173870305,5.305503889053268,4.9623914230128925,4.841962089489999,4.722791106957186,4.928924,5.000000000088337
1475,S. aureus,ITPATPFTPAIITEITAAVIA,-1.546435043,21,7.546435043,1475,1475,train,9,7.44631736872033,6.687478213235161,4.578582107154241,6.493250880531235,4.471085321580774,6.587853311789989,6.480455788213173,7.4105453,7.546435042869926
1476,S. aureus,IWGLIAHGVGHVGRLIHGLIRG,0.77815125,22,5.22184875,1476,1476,train,7,5.12199912225,5.034837838522961,4.8009858135341155,5.063924947725471,4.893582244516464,5.211484195229998,4.885539148248896,5.190952,5.221848749943937
1477,S. aureus,IWKRWWWKR,1.822484993,9,4.177515007,1477,1477,train,2,4.2777029211703,4.806600685744726,4.901119106538213,4.866817276248522,4.921996304770256,4.554283995640004,4.897446916901267,4.2447433,4.177515007251925
1478,S. aureus,IWLTALKFLGKHAAKHLAKQQLSKL,0.491361694,25,5.508638306,1478,1478,train,8,5.40878996300343,5.4425011421266465,4.878960687724349,5.490856760481094,4.966319123343433,5.3039809447700055,5.197516388243457,5.4821115,5.508638305981023
1479,S. aureus,IWLTALKFLGKNLGKHLAKQQLAKL,0.667919685,25,5.332080315,1479,1479,train,7,5.232208957011235,5.375762318686037,4.880091108177396,5.428404956223325,4.964882750334333,5.286878685969997,5.177197469943667,5.3111086,5.3320803150409235
1480,S. aureus,IWRIFRRIF,0.602059991,9,5.397940009,1480,1480,train,7,5.298029350773226,5.305911693567186,4.977584460854564,5.233986029847683,5.073099361061457,5.393231938000007,5.077416177736258,5.400317,5.397940009100357
1481,S. aureus,IWRIFRRIFRIF,0.0,12,6.0,1481,1481,train,9,5.900098611051366,5.310416286690126,5.053653976570704,5.308686369621969,5.1884993698909785,5.664651850680001,5.2834702177051955,5.85034,5.999999999359951
1482,S. aureus,IWRIFRRIFRIFIRF,0.903089987,15,5.096910013,1482,1482,train,6,4.996778709046349,5.692652428790819,5.1209008427305065,5.74177654790793,5.289734378481672,5.199935365500004,5.284699263857124,5.166568,5.096910013674976
1483,S. aureus,IWRVWRRWK,0.602059991,9,5.397940009,1483,1483,train,7,5.298109496068026,5.275160290211349,4.932005982977333,5.212340376078079,5.02778767594878,5.3477370288300055,5.169583189594373,5.349005,5.39794000891753
1485,S. aureus,IWSFLIKAATKLLPSLFGG,0.889727057,19,5.110272943,1485,1485,train,6,5.0103989059398675,4.804156322788275,4.839596957427791,4.901596643255727,4.8820805549819575,5.016489476439998,4.837755020993204,5.026555,5.110272943059009
1486,S. aureus,IWSFLIKAATKLLPSLFGGGKKDS,1.763950121,24,4.236049879,1486,1486,train,2,4.336149154851026,4.59744484448427,4.742100660302619,4.65203573510209,4.714461158982437,4.415872230440003,4.572947334729709,4.467784,4.236049879063183
1487,S. aureus,IYYPPNHNFP,2.307392923,10,3.692607077,1487,1487,train,0,3.7927105090374154,3.8659772431261503,4.632666358589744,3.77556456248848,4.433952991233406,3.8644163655699977,4.1226688803717435,3.7045076,3.6926070769404147
1488,S. aureus,KAAAKWAAKAAK,2.0,12,4.0,1488,1488,train,1,4.099883473781007,4.292464305204135,4.440215428319605,4.160958913684931,4.29061369033089,4.190005657149999,4.3819302200001475,4.0582476,4.00000000006187
1489,S. aureus,KAIAKSILKWIKSIAKAI,0.146128036,18,5.853871964,1489,1489,train,9,5.753463338656373,5.036759732665024,4.778104706007067,5.090815520886393,4.814778843275251,5.510498667340001,4.899833441622386,5.736253,5.853871963765581
1490,S. aureus,KAKKFGKAFVKI,2.574226373,12,3.425773627,1490,1490,train,0,3.5256023802949237,4.051828119928311,4.651098527477709,4.036501537406365,4.605774226559157,3.537787941520005,4.105381491680223,3.452768,3.425773626951719
1491,S. aureus,KAKLFKKIPKFLHLWKKF,0.301029996,18,5.698970004,1491,1491,train,9,5.598903348787634,5.562418175827496,4.9267120369954105,5.468050611287094,5.00267751874547,5.582228451039994,5.304408772466307,5.6675234,5.698970002998776
1492,S. aureus,KALAKALAKLWKALAKAA,0.176091259,18,5.823908741,1492,1492,train,9,5.723748982713607,5.238237717426599,4.698709016144933,5.420343348029275,4.679653070187022,5.449149039260004,5.133563688073987,5.817652,5.823908740655766
1493,S. aureus,KALKKLLAKWLAAAKALL,0.176091259,18,5.823908741,1493,1493,train,9,5.723741920132785,5.59760289850555,4.792223897006369,5.598503680011911,4.78918596253147,5.471378227370004,5.11352159263569,5.7475724,5.82390874143252
1495,S. aureus,KALWKTMLKKLGTMAL,1.348304863,16,4.651695137,1495,1495,train,4,4.731590460862606,4.6743829893764195,4.794422928759907,4.711064625278958,4.7700386282146265,4.646037998789995,4.716495978330581,4.686022,4.651695137006209
1496,S. aureus,KARQWQSKIRRTNPIFAIRR,1.403753832,20,4.596246168,1496,1496,train,4,4.696242031427151,4.669896444276148,4.796605828116246,4.584402105017022,4.809769357895687,4.629550352119996,4.6941205582165955,4.624806,4.596246168049211
1497,S. aureus,KARRAVRAI,1.789035152,9,4.210964848,1497,1497,train,2,4.310848641902481,4.2804258796895205,4.560794249754498,4.326062388974636,4.415129620504676,4.17682282392,4.097612225130409,4.1660037,4.210964848011599
1498,S. aureus,KARRAVRWI,1.743447987,9,4.256552013,1498,1498,train,2,4.356489666885877,4.816542361869327,4.6838323875667145,4.846695530448026,4.586753647478806,4.237927177729993,4.411585067682618,4.2784724,4.256552013050605
1499,S. aureus,KARRWVRAI,1.743447987,9,4.256552013,1499,1499,train,2,4.356642694656037,4.414383624686709,4.680296173798438,4.365856502945626,4.573509423853286,4.2428545618799935,4.4498265749308725,4.2839594,4.256552012991493
1500,S. aureus,KDLHTVVSAILQAL,1.821664067,14,4.178335933,1500,1500,train,2,4.278511059969048,4.334007766777447,4.562579993336013,4.3085853522076505,4.499233219407064,4.352355896329994,4.477118773978661,4.2286024,4.178335932948031
1502,S. aureus,KFAKKFKWFAKAAFKFFKK,0.620339576,19,5.379660424,1502,1502,train,7,5.279616436081796,4.95965990310971,4.907941064889604,4.999826390686297,5.005247413262444,5.236933452860004,5.122974280041759,5.321654,5.379660423880707
1503,S. aureus,KFFKKLKKAVKKGFKKFAKV,0.512748884,20,5.487251116,1503,1503,train,8,5.38677488932808,4.702428321283735,4.864446751616158,4.713758399570313,4.947856761212515,5.273990579539997,4.905185475482413,5.491953,5.487251115665038
1504,S. aureus,KFFRKLKKSVKKRAK,1.66499874,15,4.33500126,1504,1504,train,3,4.434849155268216,4.52531811219392,4.720167701447974,4.379025757640775,4.743520284172656,4.463000422260005,4.547566939771115,4.343826,4.335001260087897
1505,S. aureus,KFGKAFVKILKK,2.260007667,12,3.739992333,1505,1505,train,0,3.8398384727033417,3.9615631110892604,4.7249550428541855,4.089432059819931,4.732844846525176,4.058903085829995,4.262337335751571,3.8535376,3.7399923328151905
1506,S. aureus,KFHHIFRGIKHVGKTIHRLVTG,0.574031268,22,5.425968732,1506,1506,train,8,5.326244815253218,5.301852389712348,4.881273271686264,5.277912317721032,4.959637817009188,5.264035087680002,5.065676705670656,5.357015,5.425968731859885
1508,S. aureus,KFKWWRMLI,0.079181246,9,5.920818754,1508,1508,train,9,5.820668080825378,5.972060672193185,4.942681854343373,5.925980740468463,4.939806080762967,5.719944140509998,5.139734649039135,5.8898563,5.920818753967304
1510,S. aureus,KFLHLAKKFPKWKLFKKI,0.193124598,18,5.806875402,1510,1510,train,9,5.706713263301363,5.431165887013772,4.922323767582865,5.398032820436399,5.001370568285544,5.652031435279998,5.296209568950995,5.688714,5.8068754017716655
1511,S. aureus,KFLKKAKKFGKA,2.565081528,12,3.434918472,1511,1511,train,0,3.534747014541577,4.253851698408402,4.605943961994391,4.257746393818033,4.519140443313772,3.5813190312999974,3.918738242725064,3.4157503,3.4349184720830896
1512,S. aureus,KFRRFVRFI,0.602059991,9,5.397940009,1512,1512,train,7,5.2980284854407556,4.666396498999218,4.890819813147453,4.657188448667409,4.95189456929184,5.114999262910007,5.076186777334472,5.3434186,5.3979400087856435
1513,S. aureus,KFWKLLKKALRLWAKVL,0.72359276,17,5.27640724,1513,1513,train,7,5.176238785394495,5.3204673968329805,4.978927471547551,5.297331422702616,5.071883713854334,5.280864455960009,5.2185568886095055,5.2731643,5.276407240303869
1514,S. aureus,KFWKLLKKALRLWKKVL,0.736990521,17,5.263009479,1514,1514,train,7,5.163098870178123,5.489728654771761,4.998177056397664,5.484316896221311,5.103489697153453,5.278532121630002,5.282778979897499,5.3025436,5.263009479325181
1515,S. aureus,KFWSLLKKALRLWANVL,0.680567832,17,5.319432168,1515,1515,train,7,5.2194887875421125,5.052481046296289,4.919689375925957,4.87918990897407,4.980833985533324,5.259315437429999,5.081436962813878,5.2899847,5.319432167967649
1516,S. aureus,KGGGKWGGKGGK,1.096910013,12,4.903089987,1516,1516,train,5,4.8029883762141825,4.082388827802108,4.272521105468699,4.088296417445821,4.157369835369201,4.570460309819995,4.159483169245966,4.7946076,4.903089986929426
1517,S. aureus,KGIVGMLGKLF,1.602059991,11,4.397940009,1517,1517,train,3,4.497769760542738,5.343262899191781,4.644034332547543,5.285498265001499,4.766108824266789,4.475076982840005,4.681956862431518,4.4022374,4.397940009221667
1518,S. aureus,KGLFHAGKMIH,1.907102586,11,4.092897414,1518,1518,train,2,4.192995484103184,4.176359087753743,4.534894844959402,4.20136001630045,4.482581377619648,4.216467107969997,4.216428416168884,4.093289,4.092897414020551
1519,S. aureus,KGRGKQGGKVRAKAK,0.406473199,15,5.593526801,1519,1519,train,8,5.49370141013768,4.789907503367944,4.365942911397628,4.689010880987698,4.257880486558101,5.196043303309997,4.703164892267527,5.512231,5.593526800891356
1522,S. aureus,KHQGLPQE,3.038918066,8,2.961081934,1522,1522,train,0,3.061142252966432,2.7770996864638837,3.8455309785538456,2.72434345818669,3.246187593973281,2.969523775849999,2.8926280722244218,2.943468,2.9610819338594774
1523,S. aureus,KHVGKAALTHYL,0.662757832,12,5.337242168,1523,1523,train,7,5.237339603521496,5.340921024999902,4.61789997880121,5.189805912365963,4.530322902897233,4.964475193459995,4.546570809608334,5.229097,5.337242167941992
1526,S. aureus,KIAGKIAKIAGKIA,2.267810775,14,3.732189225,1526,1526,train,0,3.8320687618117724,4.081219435105175,4.520358851081417,4.153144732520086,4.490907599083783,3.865318761640005,4.220033038542175,3.7883692,3.7321892247613246
1527,S. aureus,KIAGKIAKIAGKIAK,2.229285625,15,3.770714375,1527,1527,train,0,3.870613328351383,4.0326462142326465,4.540044727321132,3.990412983445768,4.524436872078527,3.8509805586800034,4.204831266903908,3.8452008,3.7707143749533465
1528,S. aureus,KIAGKIAKIAGKIAKIA,2.179286336,17,3.820713664,1528,1528,train,0,3.92054004453678,4.239285912286679,4.599668292961492,4.305381832460156,4.597449188906054,4.067726589069998,4.273072780769553,3.8885906,3.820713665681444
1532,S. aureus,KIAGKIAKIAGKIAKIAGKIAKIA,0.226209205,24,5.773790795,1532,1532,train,9,5.673940344215427,4.6898723901765775,4.711872015484828,4.618073835233304,4.773710909936306,5.326908300430005,4.7317062543972925,5.6795917,5.773790792944346
1533,S. aureus,KIAGKIAKIAKKIAK,2.209296448,15,3.790703552,1533,1533,train,0,3.8905890882240213,4.255643980344552,4.607340861951768,4.238613097949015,4.592010573035472,3.9609705378500046,4.3122731215975385,3.7966983,3.7907035525738375
1534,S. aureus,KIAGKIAKKAGKIAK,2.22498832,15,3.77501168,1534,1534,train,0,3.875183182297297,3.7251543245287215,4.501411706995723,3.623498158524826,4.40198461686596,3.822574536559999,4.134094179199594,3.7593257,3.775011679647571
1535,S. aureus,KIAGKIAKKAGKIAKIA,2.175454297,17,3.824545703,1535,1535,train,1,3.924426315204692,3.980206358570966,4.565740734818365,4.044626979916411,4.56016593483174,4.039713653810004,4.253148250485697,3.8245418,3.824545704016548
1538,S. aureus,KIAHGVKKYGPTVLRIIRIAG,0.941043788,21,5.058956212,1538,1538,train,6,4.958737889742911,5.083704062895974,4.822861494594727,5.142472522535151,4.8942099249622055,5.089570481939998,4.720831783855773,5.030741,5.058956211805597
1539,S. aureus,KIAKKIAKIAKKIA,2.225257535,14,3.774742465,1539,1539,train,0,3.87470897843911,4.632832777387955,4.663404289460498,4.657846146449578,4.6337095813645295,4.030727996239996,4.464175436619803,3.8302217,3.7747424646464665
1540,S. aureus,KIAKVALKAL,1.486884774,10,4.513115226,1540,1540,train,3,4.613204650398645,4.941840142515724,4.643075639783662,4.913044896213156,4.5630993040089205,4.465166999380006,4.678996320661551,4.6077323,4.513115226263224
1541,S. aureus,KIAKVALKALKIAKGALKAL,0.243038049,20,5.756961951,1541,1541,train,9,5.657129393627072,5.253169183157549,4.745055161306224,5.163316911578845,4.76686018548363,5.508369572339997,5.139050441621637,5.734083,5.756961950960162
1542,S. aureus,KIAKVALKALKIAKVALKAL,0.051152522,20,5.948847478,1542,1542,train,9,5.848959290193464,5.370345086363381,4.82156454179873,5.315537979143577,4.828412665338725,5.580119669899999,5.290974197544566,5.8522096,5.948847477669264
1543,S. aureus,KIFGAIWPLALGALKNLIK,0.602059991,19,5.397940009,1543,1543,train,7,5.298038384961493,5.2404923878019485,4.777633011455844,5.200360577907624,4.827983025870292,5.136111214020007,5.222500339845909,5.3710384,5.3979400090140235
1544,S. aureus,KIGAIKKWGAIKKIGAIK,2.124162541,18,3.875837459,1544,1544,train,1,3.975584578178677,4.4714364066575065,4.693692248549086,4.503108724210861,4.709120198447724,4.231694513700004,4.60665670132308,4.0176597,3.8758374592016134
1545,S. aureus,KIGAKIKWGAKIKIGAKI,0.619012563,18,5.380987437,1545,1545,train,7,5.2810607019257585,4.994628097102453,4.710320132731457,4.824469549552197,4.750567842091251,5.147783468249994,4.88623801478064,5.2382126,5.3809874367002335
1546,S. aureus,KIGKAIKWGKAIKIGKAI,2.124162541,18,3.875837459,1546,1546,train,1,3.9760119344381826,4.542710210373079,4.710078777913767,4.4626123332322996,4.747928494262679,4.290232878930004,4.54814340602613,3.9069333,3.8758374591320703
1547,S. aureus,KIKEKLKKIGQKI,2.204119983,13,3.795880017,1547,1547,train,0,3.8957501410907662,3.8813049246210354,4.631645154409605,3.7717141027888235,4.540494751138164,3.9401389849600004,4.023430093709091,3.800356,3.7958800170911218
1548,S. aureus,KIKEKLKKIGQKIQG,2.155336037,15,3.844663963,1548,1548,train,1,3.9445630243678975,3.6190998942010726,4.609052350308777,3.540391348405663,4.517121222439941,3.967542150740002,4.175592049421946,3.878438,3.844663962743047
1549,S. aureus,KIKEKLKKIGQKIQGLL,2.103803721,17,3.896196279,1549,1549,train,1,3.9957692543651806,3.837196303554199,4.70262917242659,3.910098949452431,4.66321211953501,4.072815935899995,4.512199852858877,3.96716,3.896196279118353
1550,S. aureus,KIKFLKVLT,0.414352161,9,5.585647839,1550,1550,train,8,5.485821933337926,4.46202271424523,4.781355453436851,4.577226203748405,4.729774802578386,5.078407033809996,4.760212576963286,5.537943,5.585647838755679
1551,S. aureus,KIKGAIKWKGAIKIKGAI,0.920042559,18,5.079957441,1551,1551,train,6,4.979786922475085,4.722176457931673,4.654524438319156,4.678467479698118,4.704161724552436,5.035309810959992,4.882797480981596,5.033485,5.079957440790969
1552,S. aureus,KIKIPWGKVKDFLVGGMKAV,1.508716858,20,4.491283142,1552,1552,train,3,4.591369215270057,4.920701881712165,4.74994244258722,5.016137500693454,4.754798938903747,4.551350063679995,4.555315612117816,4.5053806,4.491283142261632
1553,S. aureus,KIKLFKKWPKFLHLAKKF,0.301029996,18,5.698970004,1553,1553,train,9,5.598842917654073,5.620308114177353,4.926518221763024,5.572109541698574,5.015083884404752,5.5866400965499965,5.461779790009666,5.673764,5.698970003022929
1554,S. aureus,KIKWILKYWKWS,1.12764463,12,4.87235537,1554,1554,train,5,4.772324912548063,4.791042256307717,4.951626594902452,4.655725405756631,4.995359632210675,4.9443295817199955,5.053492485770281,4.884672,4.872355369977483
1555,S. aureus,KILGKLWKGVKSIF,0.73329011,14,5.26670989,1555,1555,train,7,5.166801156059206,4.87607408067015,4.751439808282721,4.875124437776232,4.817247226252613,5.154326574890004,4.947250440387618,5.175826,5.2667098897473945
1556,S. aureus,KILGVSKKIMRRISKDILTGKK,2.008023006,22,3.991976994,1556,1556,train,1,4.092204872234161,4.256607087601452,4.724636103482295,4.440205335838935,4.724650891217462,4.096340129660008,4.372404187023515,3.9748597,3.9919769941442036
1558,S. aureus,KILRGVSKKIMRRISKDILTGKK,1.902656891,23,4.097343109,1558,1558,train,2,4.1974487336617505,4.670624968546392,4.747501395517885,4.602132515299614,4.754068346834169,4.221282015260004,4.39476359342413,4.1034446,4.097343108942549
1559,S. aureus,KILRGVSKKIMRTFLRR,1.784445316,17,4.215554684,1559,1559,train,2,4.315601953190999,4.456090716730934,4.827044461184323,4.563863220658222,4.872640552863951,4.447004297919998,4.680502764912426,4.3015003,4.215554684130534
1560,S. aureus,KILRGVSKRILTGKK,2.178527132,15,3.821472868,1560,1560,train,0,3.9216421534346972,4.682459740925064,4.650851825594135,4.628932797329751,4.64869395181013,4.1075969623300015,4.489878381990258,3.8444026,3.8214728680845917
1561,S. aureus,KILSSLLKKLKKIIAK,1.322219295,16,4.677780705,1561,1561,train,4,4.732276861182001,4.735842958649268,4.7877444147077775,4.564106639259788,4.830423707504932,4.778481699029992,4.931568679740293,4.75044,4.677780704773997
1562,S. aureus,KIRVRLSA,2.133085123,8,3.866914877,1562,1562,train,1,3.9670918492044405,4.0280796497949245,4.55532341595291,4.205439892791816,4.458816792380667,4.127936190369999,4.073417486543666,3.9071984,3.866914876958995
1563,S. aureus,KISKKIMRTFLRR,2.183677614,13,3.816322386,1563,1563,train,0,3.916158060410505,4.1371755731105875,4.759630851606598,4.088567096590316,4.760835137389224,4.020161631820005,4.553422654615719,3.8545196,3.816322385990584
1564,S. aureus,KISKKIMRTFLRRILTGKK,2.043140005,19,3.956859995,1564,1564,train,1,4.057184634992255,4.615144009053541,4.835930841739115,4.56958500250576,4.893469037200133,4.222431539260001,4.654552298194615,4.1097336,3.9568599956028887
1565,S. aureus,KISKKIMRTFLRRISKDILTGKK,1.817344754,23,4.182655246,1565,1565,train,2,4.282533277037273,4.119860808273637,4.7858658168652735,4.147452551961553,4.788381250951718,4.271952503770008,4.544853438801268,4.194155,4.182655245751965
1566,S. aureus,KIWFQNKKMKWKK,2.408239965,13,3.591760035,1566,1566,train,0,3.6918660975155166,3.60052633810819,4.765923473398935,3.5989972465598945,4.743163529496865,3.7639324520299953,4.22612279619238,3.6147108,3.591760034942612
1567,S. aureus,KIWFQNRRMKWKK,2.408239965,13,3.591760035,1567,1567,train,0,3.6918635840634275,4.046972815410895,4.787466690344432,4.111286855231154,4.782643541594462,3.8360367927899954,4.169661718056453,3.6429508,3.5917600351674244
1568,S. aureus,KIWVIRWR,1.141002511,8,4.858997489,1568,1568,train,5,4.759044920053617,4.579462488823704,4.897848902671551,4.667515226052232,4.919562590026593,4.837901464669996,4.786768210637622,4.926588,4.858997489219485
1569,S. aureus,KKAAAAFAAFAAWFAAFAAAAKKKK,1.505149978,25,4.494850022,1569,1569,train,3,4.594720474664741,4.692700263736321,4.755666162212405,4.711371973846809,4.768499542284349,4.534356251179994,4.779833889514993,4.4957433,4.494850022027692
1570,S. aureus,KKAAAFAAAAAFAAWAAFAAAKKKK,1.505149978,25,4.494850022,1570,1570,train,3,4.595035117130959,4.814059570665774,4.704754228442555,4.660486204080097,4.6984724302648715,4.554846210729994,4.732807557054595,4.5154862,4.4948500219843135
1571,S. aureus,KKAAHVGKHVGKAAKK,1.750508395,16,4.249491605,1571,1571,train,2,4.349362057877006,4.353555047844579,4.513671663470587,4.277476141000517,4.415685365288389,4.380970242350002,4.447244383014719,4.2853093,4.249491604986086
1572,S. aureus,KKAAHVGKHVGKAAL,1.305351369,15,4.694648631,1572,1572,train,4,4.732257851839616,4.383251235923962,4.528887386436803,4.2933433766454385,4.375514303554571,4.588717887900003,4.304395260771227,4.6506653,4.694648630946745
1573,S. aureus,KKAFAAAAAFAAWAAFAKKKK,1.505149978,21,4.494850022,1573,1573,train,3,4.594368925717421,4.25487023020768,4.690373634028666,4.204539584468078,4.6808080482581,4.561201271449993,4.761963137475275,4.483053,4.494850021947766
1574,S. aureus,KKAGKIAKKAGKIA,2.258473402,14,3.741526598,1574,1574,train,0,3.841411177290928,3.8852184863293506,4.4355887916973336,3.9297610687212665,4.309141822890519,3.923409207040003,4.0928856361021655,3.7597468,3.741526597850987
1575,S. aureus,KKAKKAKKA,2.903089987,9,3.096910013,1575,1575,train,0,3.1965664804138525,3.5148365209856935,4.363583209186314,3.5537011459359924,4.236802204405384,3.479575594790005,3.4902082397649203,3.1359556,3.0969100129299574
1576,S. aureus,KKAKKFGKAFVK,2.569474343,12,3.430525657,1576,1576,train,0,3.5304919485306927,3.7474202661659093,4.597161714947246,3.6595498024813384,4.486543086334957,3.5977039427199973,3.8566466956347347,3.418077,3.430525656870305
1577,S. aureus,KKFGGGKTERARKAMAVE,0.899917622,18,5.100082378,1577,1577,train,6,5.000185810037416,4.664001951357159,4.423007815285072,4.673922538519414,4.163560420130342,4.859666837010006,4.476028714772676,5.052876,5.100082377956362
1578,S. aureus,KKFGKAFVKILK,2.260007667,12,3.739992333,1578,1578,train,0,3.84021462665112,3.859853745244534,4.724154183686396,3.980540721880161,4.721625733698748,3.8906242061599965,4.311919971927381,3.802813,3.7399923333754073
1579,S. aureus,KKFLHSAKKWLKAFVKLFKNW,0.974982438,21,5.025017562,1579,1579,train,6,4.924902146481489,5.220122912108794,4.945846528878927,5.222461187527995,5.056223698330539,5.097585067950004,5.260754879285703,5.0757537,5.025017561947692
1580,S. aureus,KKFPWWWPFKK,0.403977157,11,5.596022843,1580,1580,train,8,5.496125789056438,5.439537185492141,4.86691753726851,5.484143167354596,4.957711492265288,5.543109009940005,5.326962377283021,5.602321,5.596022842896262
1581,S. aureus,KKFWEDDG,2.397904512,8,3.602095488,1581,1581,train,0,3.7021979350409024,3.384687729848287,4.057829689871965,3.3661033687823387,3.7572123562611663,3.5044983848499975,3.6456337925074873,3.5888793,3.602095487946331
1582,S. aureus,KKHKWLWK,0.239042066,8,5.760957934,1582,1582,train,9,5.661318711652383,5.131844068559295,4.728111326348256,5.037528633804175,4.6459572614444875,5.336195985509993,4.672082713696381,5.6236577,5.760957933884142
1583,S. aureus,KKIGAIKKWGAIKKIGAI,2.124162541,18,3.875837459,1583,1583,train,1,3.9759020778430223,4.592324163005163,4.697641691020377,4.560878142987621,4.7053476162001795,4.137612791880005,4.550378819623819,3.9462972,3.8758374590130003
1584,S. aureus,KKIMRTFLRR,2.278322708,10,3.721677292,1584,1584,train,0,3.82159533663116,3.608873808454165,4.745034291219674,3.6091252897834396,4.691205366148066,3.943672975749996,4.330662150742725,3.78181,3.721677291931928
1585,S. aureus,KKIMRTFLRRISKDILTGKK,2.02209509,20,3.97790491,1585,1585,train,1,4.077788183670484,3.9962435858520235,4.730366747899069,4.0942574263122795,4.716642904761083,4.216878747350004,4.36824343349575,4.020163,3.977904910225861
1586,S. aureus,KKIMRTFLRRISKKILTGKK,1.718735691,20,4.281264309,1586,1586,train,2,4.381378145500549,4.4562216610893435,4.847301837698363,4.414515017811546,4.906463892434704,4.327012653339999,4.564007088128715,4.2410026,4.281264308517073
1587,S. aureus,KKKAAAFAAWAAFAKKK,1.505149978,17,4.494850022,1587,1587,train,3,4.594992647834515,4.262843865782296,4.628347744068767,4.159543803749588,4.530483539470754,4.486624422109994,4.593985867578416,4.516113,4.494850022009766
1588,S. aureus,KKKKKKAAFAAFAAFAA,1.505149978,17,4.494850022,1588,1588,train,3,4.595021278179921,4.126359983137898,4.615294740785394,4.182430398146521,4.4912242867141305,4.483566125249994,4.379161287160124,4.462738,4.494850021785147
1589,S. aureus,KKKKKKAAFAAWAAFAA,1.505149978,17,4.494850022,1589,1589,train,3,4.5948438562430685,4.263917703067205,4.630146934527911,4.315105420809473,4.5180539883555,4.4869090544999946,4.40917850350563,4.4786854,4.494850022290757
1590,S. aureus,KKKKKKAAWAAWAAWAA,1.505149978,17,4.494850022,1590,1590,train,3,4.594810373222333,4.557006089079326,4.655503278403346,4.64610176849456,4.560351667462426,4.485777730279994,4.468469371344854,4.496192,4.494850021914958
1591,S. aureus,KKKKPLFGLFFGLF,0.777260046,14,5.222739954,1591,1591,train,7,5.122893392605417,5.04741021869866,4.766418620492296,5.03199768859943,4.798013383966912,5.016263405290005,5.125318524519939,5.1937656,5.222739954048199
1592,S. aureus,KKKLFKKL,0.0,8,6.0,1592,1592,train,9,5.899835683283926,4.243594371231529,4.657296145785098,4.157169125096068,4.49213323568105,5.21734183989,4.934978227732674,5.850601,5.999999999272357
1593,S. aureus,KKKLFWKIPKFLHLAKKF,0.301029996,18,5.698970004,1593,1593,train,9,5.59900418431554,5.727356148849957,4.92227988488874,5.554274772296823,4.9910890936855985,5.566403641479996,5.30488490432307,5.6385717,5.698970002916742
1594,S. aureus,KKKLKKLKKKLK,2.0,12,4.0,1594,1594,train,1,4.10000275708731,3.858186612657453,4.6605921680289395,3.832576712507548,4.54486610351192,4.0600381881,3.9687591236403055,4.004691,4.000000001084608
1595,S. aureus,KKKLLLLLLLLLKKK,1.698970004,15,4.301029996,1595,1595,train,2,4.400999540998597,4.847950803169068,4.955253420774544,4.901989362512892,5.000336573080911,4.579973966580004,4.947268760099744,4.3013883,4.301029996580532
1597,S. aureus,KKKVVFKVKFKK,0.317442036,12,5.682557964,1597,1597,train,9,5.582633739099691,4.813961458406593,4.777663112488165,4.830644530964298,4.760928150525908,5.403955349110005,5.054454651837262,5.6518016,5.682557963298789
1598,S. aureus,KKKVVFKVKFKKK,0.281990909,13,5.718009091,1598,1598,train,9,5.617868912760288,5.000082268947546,4.779954311560086,4.976805910447528,4.77467996554492,5.532077225680001,5.047293086046505,5.653383,5.718009091634409
1600,S. aureus,KKLAGLAKKWAGLAKKLAGLA,0.874382876,21,5.125617124,1600,1600,train,6,5.025178672645212,4.685056279942149,4.660996851838429,4.770916838252696,4.6990747620982996,5.068976774469991,4.769338900794461,5.122206,5.125617123678048
1605,S. aureus,KKLIKKILKIL,0.669481554,11,5.330518446,1605,1605,train,7,5.230622325017163,5.014443509284707,4.8401009286656,5.048958547024545,4.839992210031285,5.2302312857499995,5.074719826372273,5.283083,5.330518445960324
1606,S. aureus,KKLIKVFAKGFKKAKKLFKGIG,1.588142153,22,4.411857847,1606,1606,train,3,4.51168712490922,4.912702929881901,4.864977453123156,4.991002308737309,4.948392796893194,4.610868860220002,4.886097322431648,4.489038,4.411857847537631
1607,S. aureus,KKLKKLKKKWKKLKKKLK,1.633932936,18,4.366067064,1607,1607,train,3,4.466061918049759,4.6884550608820845,4.831619191923221,4.735854500952467,4.884843225278843,4.393977901969997,4.426324478980913,4.336958,4.366067062525535
1608,S. aureus,KKLKKLLKKWKKLLKKLK,1.639583426,18,4.360416574,1608,1608,train,3,4.460511338617472,4.917992956880521,4.912035886324548,5.001508314509036,4.998696561505599,4.4881642156899995,4.7925893308395,4.3982453,4.360416578922044
1609,S. aureus,KKLLFKLKFK,1.383353214,10,4.616646786,1609,1609,train,4,4.7164766887673855,5.060016608136649,4.808002021579055,5.047373374373271,4.797859820774719,4.754637583669995,4.912545846485237,4.668292,4.6166467862623515
1610,S. aureus,KKLLKKLKKLLK,1.301029996,12,4.698970004,1610,1610,train,4,4.598850378678049,4.5973336971348875,4.782133516560463,4.625883353617146,4.787699526845672,4.518280090909997,4.450027405092932,4.639256,4.6989699976425925
1611,S. aureus,KKLLKKLLKWL,0.248451563,11,5.751548437,1611,1611,train,9,5.651632777606564,4.963586218594215,4.864597919194825,4.9754281124804445,4.880985384817136,5.586497956999999,5.186385447185647,5.67384,5.751548434831803
1612,S. aureus,KKLLKLLLKLLK,0.494154594,12,5.505845406,1612,1612,train,8,5.406014976106967,4.731240913449102,4.886167405885412,4.865591045574083,4.9127163693945874,5.262023707629997,5.076569892361565,5.4241657,5.505845402827988
1613,S. aureus,KKLLKWLKKLL,0.593498388,11,5.406501612,1613,1613,train,8,5.306848045795774,5.336274512051246,4.873286692631665,5.26806001149751,4.900413767310358,5.395856627890001,5.24601496914353,5.391283,5.406501615750207
1614,S. aureus,KKLLKWLLKLL,0.05927812,11,5.94072188,1614,1614,train,9,5.840918798373308,5.124428018202983,4.928636992071036,5.180381495912297,4.964266227874716,5.691437499050002,5.351604463954554,5.8326573,5.9407218789564675
1615,S. aureus,KKLLPIVANLLKSLL,0.478041352,15,5.521958648,1615,1615,train,8,5.421787807321733,4.978831827704206,4.746153084279361,5.168407407074117,4.84502412486422,5.339862551400005,5.1447102987243625,5.464742,5.521958648031429
1616,S. aureus,KKPKKPWKPKK,1.260071388,11,4.739928612,1616,1616,train,4,4.732276643163447,4.915492284567757,4.375723609156423,4.879158995557856,4.315262912396512,4.674693282469994,4.466185254772936,4.7157884,4.739928611933678
1617,S. aureus,KKPKLPWKPKK,1.204119983,11,4.795880017,1617,1617,train,4,4.7322766432189445,4.825410927438034,4.442541919327246,4.855475302098079,4.4090820399207935,4.797544063390002,4.479147616323841,4.7996006,4.795880017014392
1618,S. aureus,KKPKLPWLPKK,1.123851641,11,4.876148359,1618,1618,train,5,4.776237755434413,4.781002940669743,4.500046127669941,4.808275556155663,4.468606219211099,4.778567443240006,4.466479364537144,4.8213863,4.876148358938731
1619,S. aureus,KKPKLPWLPLK,1.380211242,11,4.619788758,1619,1619,train,4,4.7199605873068995,4.788730421430644,4.553381480070716,4.743431311591202,4.557062156388859,4.607689819800008,4.7321703861157705,4.6051817,4.619788758205559
1620,S. aureus,KKPWWKPWWPKWKK,0.301029996,14,5.698970004,1620,1620,train,9,5.599163406438845,5.313163171047961,4.784843005406171,5.1832641607403955,4.906598175828862,5.418246250849997,5.313491520181273,5.6177077,5.6989700037715165
1621,S. aureus,KKRLKKIFKKPMVIGVTIPF,1.732084959,20,4.267915041,1621,1621,train,2,4.368087597845424,4.417953459833463,4.9022726823693885,4.487341754103084,4.9396527377900945,4.410582375809996,4.789195210996797,4.3492584,4.267915040982493
1622,S. aureus,KKRWVWIRY,0.861416416,9,5.138583584,1622,1622,train,6,5.038412286101761,5.751575924366622,4.880841137089317,5.799802054336661,4.852099885968522,5.205036895000001,5.096787180345109,5.207056,5.138583584005269
1623,S. aureus,KKRWWWWWR,0.2959122,9,5.7040878,1623,1623,train,9,5.604199563287973,5.800069359671419,4.985256493679721,5.841446937669005,5.07618104449193,5.646168653980007,5.365503135103205,5.652889,5.704087799747479
1624,S. aureus,KKRYKKKYKAYKPYKKKKKF,1.574031268,20,4.425968732,1624,1624,train,3,4.525516091182322,4.623572909644558,4.860562618805995,4.624597451329568,4.885887772585539,4.59171099959,4.693542672429053,4.4651394,4.425968731957295
1625,S. aureus,KKTWWKTWWTKW,0.602059991,12,5.397940009,1625,1625,train,7,5.298042740607318,5.341370077041022,4.844814579830195,5.252198663063878,4.8507818010432,5.230263983460007,5.124712785212784,5.360112,5.397940008987866
1626,S. aureus,KKTWWKTWWTKWKK,0.301029996,14,5.698970004,1626,1626,train,9,5.598852114142007,5.282281176035626,4.853108139374985,5.104356396764905,4.889329705019736,5.410026759889995,5.29358499032574,5.660553,5.698970003974101
1627,S. aureus,KKTWWKTWWTKWSQP,0.602059991,15,5.397940009,1627,1627,train,7,5.298134120838403,5.916057928198057,4.782144213298675,5.933337196749001,4.8962009807843145,5.266647415230007,5.094658189658186,5.395054,5.397940008971423
1628,S. aureus,KKTWWKTWWTKWSQPKK,0.301029996,17,5.698970004,1628,1628,train,9,5.598809617281627,5.862492250732077,4.786691911860375,5.906902910477332,4.922787975472939,5.521806612739994,5.227466025692706,5.6621885,5.698970003994213
1629,S. aureus,KKTWWKTWWTKWSQPKKKRKV,0.301029996,21,5.698970004,1629,1629,train,9,5.599141263214232,5.575311695207897,4.87962880289398,5.726595633968884,5.042953753887724,5.469920659389994,5.323638677801,5.649567,5.698970003990808
1630,S. aureus,KKVADKVLLLKQLRIMRL,0.903089987,18,5.096910013,1630,1630,train,6,4.996739728432179,4.621927215631039,4.802679381328337,4.476023766983306,4.786195968898288,5.110190102540003,4.761298835806985,5.06706,5.096910012967266
1631,S. aureus,KKVLFKLKFK,1.166242592,10,4.833757408,1631,1631,train,5,4.733625584397386,5.045983658121741,4.802347191125176,5.033039587933865,4.789255679133179,4.805905873789998,4.9125305758197575,4.815313,4.833757407914184
1632,S. aureus,KKVLKAAA,0.954242509,8,5.045757491,1632,1632,train,6,4.945886791779567,4.771972776163678,4.494974821872977,4.647630511659526,4.329080751021326,4.869533577160004,4.4030477591183725,4.960621,5.045757490741582
1634,S. aureus,KKVVFKVKFH,1.172773999,10,4.827226001,1634,1634,train,5,4.732276643163471,5.101685902985146,4.785161360116499,5.126846701849638,4.755346111967613,4.798455406219993,4.778125088633023,4.841288,4.827226000999914
1637,S. aureus,KKVVFKVKFKKK,0.317442036,12,5.682557964,1637,1637,train,9,5.582482076341817,4.863789034090186,4.776785458605656,4.920601963027498,4.767761198258392,5.483626231820006,5.072163556727151,5.6605716,5.682557963912484
1640,S. aureus,KKWLKKWLK,1.724362137,9,4.275637863,1640,1640,train,2,4.375726988227187,4.519817453017175,4.782831261367065,4.513872749017737,4.768288629341108,4.509009420489994,4.574992654786998,4.336721,4.275637864002534
1641,S. aureus,KKWMQKVIDRFGG,2.10720997,13,3.89279003,1641,1641,train,1,3.9930888958950748,4.135438209310018,4.589340209744925,4.0327683515623995,4.4679288361815,4.0637625395600026,4.376729636367278,3.9041586,3.892790029955363
1643,S. aureus,KKWRKLLKKLKKLL,0.040146854,14,5.959853146,1643,1643,train,9,5.859812645107695,4.9937449350544005,4.864282591108547,5.1191818099635915,4.911409398549526,5.623642725780001,5.226848452939005,5.7451377,5.959853143476857
1644,S. aureus,KKWRKLLKWLAKK,0.39637601,13,5.60362399,1644,1644,train,8,5.503796814684709,5.192657354368675,4.814879559698695,5.15690327334883,4.843586601526854,5.433228712390002,5.155694665515479,5.5513086,5.603623989439152
1645,S. aureus,KKWRWWLKALAKK,0.483187034,13,5.516812966,1645,1645,train,8,5.416983020034911,5.397604941389236,4.821661023544178,5.326465640481684,4.858069310676573,5.422919108299991,5.218654635396609,5.516597,5.516812967516122
1646,S. aureus,KKWRWWLKALAKKLL,-0.595160649,15,6.595160649,1646,1646,train,9,6.495339903164917,5.540575523230371,4.908777102303418,5.505883043028139,4.967530267147495,6.1029428245599995,5.53292222361454,6.3857822,6.5951606472836115
1647,S. aureus,KKWWWKWKKW,1.051152522,10,4.948847478,1647,1647,train,5,4.848708041441861,5.470904351023094,4.91699149369129,5.367406370380996,4.969656894925238,4.994789362490003,5.270662194981223,4.9757543,4.948847477990081
1648,S. aureus,KKYRYHLKPFSKK,2.10720997,13,3.89279003,1648,1648,train,1,3.992750231940155,4.418570957763405,4.693595225046251,4.507660703769478,4.655685642814248,4.22399314908,4.318110100513641,3.9447064,3.8927900300266502
1649,S. aureus,KLAGKLAKWAGKLAKLAGKLA,0.57335288,21,5.42664712,1649,1649,train,8,5.326809233512742,4.903028081695326,4.6628655232299385,4.943370727065607,4.714321110639371,5.187262694099996,4.7446256007884156,5.303888,5.42664711992572
1650,S. aureus,KLAGLAKKLAGLAKKLAGLAK,0.889491096,21,5.110508904,1650,1650,train,6,5.010488431854822,4.9381519725922365,4.638739262974103,4.990215948245813,4.674854603794841,5.0478825370799925,4.813312867472623,5.064309,5.110508904004725
1651,S. aureus,KLAGLAKKWAGLAKKLAGLAK,0.874382876,21,5.125617124,1651,1651,train,6,5.025395693456465,4.843167852207774,4.660784752150156,4.918995935388239,4.712315905448903,5.06015400637999,4.854309944147899,5.108534,5.125617123916578
1652,S. aureus,KLAGLKAKWAGLKAKLAGLKA,2.078502859,21,3.921497141,1652,1652,train,1,4.021630633231904,4.636670659820326,4.648534166706799,4.6963072345803205,4.678588325944061,4.171631061899994,4.7253801538376905,3.9974396,3.921497141435235
1653,S. aureus,KLAKGLAKWAKGLAKLAKGLA,0.57335288,21,5.42664712,1653,1653,train,8,5.326753152126261,5.0953651178281385,4.658323664387954,5.110657887974257,4.7007310102561695,5.2880870531299955,4.774222441754802,5.386575,5.426647119936917
1656,S. aureus,KLFAVIKKVAAVIGGL,1.487564914,16,4.512435086,1656,1656,train,3,4.612372773301829,4.86440426521161,4.790011429319145,4.7842027990736185,4.780272754696361,4.604338164759997,4.669116680801776,4.46696,4.512435085847269
1657,S. aureus,KLFAVIKKVAAVIRRL,1.738657538,16,4.261342462,1657,1657,train,2,4.361311477906872,4.779730083635892,4.876073466188427,4.8544400253617574,4.917022764001059,4.603626857750002,4.893996987565849,4.4481397,4.261342462637792
1658,S. aureus,KLGFENFLVKALKTVMHVPTSPLL,2.408239965,24,3.591760035,1658,1658,train,0,3.6915889122833994,4.34310275592192,4.818546969504354,4.2370067182985105,4.757328696824925,3.943079226059995,4.6141959717104575,3.741803,3.5917600350432006
1659,S. aureus,KLGHHGRAPP,2.10720997,10,3.89279003,1659,1659,train,1,3.992758279677027,3.896884730418444,4.263671138390739,3.919871873650442,4.154391512164179,3.9181460166300015,3.959787687945397,3.8835218,3.8927900298100107
1660,S. aureus,KLKAGLAKWKAGLAKLKAGLA,2.078502859,21,3.921497141,1660,1660,train,1,4.021624514320363,4.566083501617201,4.649729970121718,4.631067002999353,4.676559128123751,4.207131857999994,4.6538103649923075,3.959497,3.9214971409729342
1661,S. aureus,KLKFPKLKFP,1.603592207,10,4.396407793,1661,1661,train,3,4.496353323975652,4.929058697202978,4.6529221998806705,4.79231634638637,4.554842771004734,4.430943441269996,4.421934463659884,4.38013,4.396407793105606
1662,S. aureus,KLKHVGLHVGKLK,1.604226053,13,4.395773947,1662,1662,train,3,4.495489048055641,4.536423408605247,4.655952119259801,4.467654988601631,4.631598933038817,4.478141346000005,4.657207875766006,4.4180245,4.395773946922881
1663,S. aureus,KLKKKLKKLLKK,2.524031415,12,3.475968585,1663,1663,train,0,3.575860254175463,4.409063179188163,4.721367367060619,4.4434184546513675,4.712401441550997,3.8835897149899976,4.114714204092861,3.5630083,3.4759685831313405
1664,S. aureus,KLKKLLKKLLKK,2.528412189,12,3.471587811,1664,1664,train,0,3.5718003293610145,4.581575182730591,4.768979678996358,4.564062222271068,4.762454098498928,3.844650205760002,4.106377339821154,3.5327682,3.4715878169985603
1665,S. aureus,KLKKLLKKLLKL,2.532837604,12,3.467162396,1665,1665,train,0,3.5672975570434575,4.762975430902768,4.830431402895805,4.825109007946805,4.8466134108822985,3.9116762608199993,4.41275227716799,3.5529819,3.467162404327853
1666,S. aureus,KLKKLLKKWLKLLKKLLK,0.602059991,18,5.397940009,1666,1666,train,7,5.297770370985603,5.093926726901552,4.979876531967756,5.149059867907145,5.067518935928224,5.333328062630008,5.201317018328773,5.3454585,5.397940005469917
1667,S. aureus,KLKLLKLLKLLKLLK,1.397940009,15,4.602059991,1667,1667,train,4,4.702146240053643,5.0217445958936775,4.9521779752945845,5.063671906525195,4.999600925586747,4.566543338369997,4.851106343449897,4.5792294,4.602059990877107
1670,S. aureus,KLKLLLLL,1.564835946,8,4.435164054,1670,1670,train,3,4.535340628738587,4.467572751349561,4.9151340107129835,4.531772292221483,4.9080040578572355,4.418057819929996,4.467094894732085,4.4736304,4.435164054313974
1672,S. aureus,KLKLVALHKQVL,0.857056755,12,5.142943245,1672,1672,train,6,5.042773430489712,4.807976281408084,4.784342338797761,4.966104001339465,4.743755804113188,5.055218796780007,4.922290384909852,5.1254797,5.142943244964425
1673,S. aureus,KLLAKAALKWLLKALKAA,0.204119983,18,5.795880017,1673,1673,train,9,5.695801980486466,5.1987248009713705,4.800397048787235,5.384798212212882,4.818636983943739,5.5128977136899975,5.170159450042282,5.6894126,5.795880016549725
1675,S. aureus,KLLKKLLKLWKKLLKKLK,1.645308403,18,4.354691597,1675,1675,train,3,4.454928821412829,5.1204922786593645,4.979876531967756,5.160263786078598,5.079687854468587,4.618639315920001,5.042758325500275,4.4745007,4.354691597173326
1676,S. aureus,KLLKKLLKWLK,0.549481559,11,5.450518441,1676,1676,train,8,5.3506936964697065,5.046018011807106,4.8708768013459425,4.991053008870149,4.910625058695657,5.337502403179992,5.167373846935094,5.369349,5.450518441468531
1677,S. aureus,KLLKLLLKLWKKLLKLLK,1.651109857,18,4.348890143,1677,1677,train,3,4.448982705977645,5.29519008677139,5.051918945573475,5.255527839911771,5.171658643712491,4.558706705350001,5.009262023589608,4.3785405,4.348890142872256
1678,S. aureus,KLLKLLLKLWLKLLKLLL,1.65698986,18,4.34301014,1678,1678,train,3,4.442876683576209,5.382462662945607,5.114080439218613,5.327448632286453,5.21963504354047,4.582634966289996,4.971992656171995,4.4535832,4.343010141693905
1679,S. aureus,KLLKQWPIGKLLKKLLKKLLK,-0.704205049,21,6.704205049,1679,1679,train,9,6.604046005539793,5.544813420140494,4.970993762360979,5.300869814482299,5.066587683596858,6.386004526730005,5.580124311447893,6.570192,6.704205048828335
1681,S. aureus,KLLKRIKTLL,1.291859017,10,4.708140983,1681,1681,train,4,4.730885839215965,4.885598774889824,4.795423325355126,4.886410539178832,4.792712989096288,4.6240137347600045,4.626602983791444,4.681992,4.708140982892429
1682,S. aureus,KLLKVIKKLL,0.876648067,10,5.123351933,1682,1682,train,6,5.023197096843214,5.292464289139701,4.8543857924045275,5.326737978587447,4.864860848983443,4.917155500819995,4.860369476526155,5.09589,5.123351932449639
1683,S. aureus,KLLKWLKKLLK,0.549481559,11,5.450518441,1683,1683,train,8,5.350536253378756,5.047917731045387,4.869904068292828,5.039062614474725,4.908083243194592,5.357674645809994,5.245506768565014,5.4230967,5.45051844240831
1684,S. aureus,KLLKWLLK,1.380333904,8,4.619666096,1684,1684,train,4,4.719833039303661,4.94672175809304,4.855129803374132,4.963470462922967,4.8546301500318485,4.577922476470001,4.71751903965614,4.608593,4.619666097301384
1685,S. aureus,KLLKWLLKL,0.428956434,9,5.571043566,1685,1685,train,8,5.471135992836713,5.099516669264049,4.906281128107037,5.053091190504929,4.928928672324341,5.234507262640006,4.970346866542491,5.5174146,5.571043564003082
1686,S. aureus,KLLKWWKKLL,1.079181246,10,4.920818754,1686,1686,train,5,4.8206500048060175,5.696700450442939,4.913142898029382,5.68907473970142,4.957051667613877,5.027943451309997,5.262889427801753,5.029349,4.920818753523132
1687,S. aureus,KLLLKLKLKLLK,1.698970004,12,4.301029996,1687,1687,train,2,4.400914041525291,4.448980018673711,4.877767526851564,4.546193813023344,4.899893347631995,4.400008010690002,4.741546158576779,4.3525057,4.301029995288397
1688,S. aureus,KLLLKLKLKLLKGWKRKRFG,1.397940009,20,4.602059991,1688,1688,train,4,4.702147736645091,4.959882143834694,4.949271300900952,4.855132686788441,5.0474488872765235,4.722197516079995,4.862053372940499,4.6334925,4.602059990989761
1691,S. aureus,KLLNLLPGLLAGIF,1.096910013,14,4.903089987,1691,1691,train,5,4.803086386212432,4.488649534360332,4.71700886124823,4.61262119346355,4.669576661210206,4.870897448819996,4.61553133716241,4.8789306,4.903089987039413
1692,S. aureus,KLPKLPWKPKK,1.271841607,11,4.728158393,1692,1692,train,4,4.732276643984935,4.686713161006657,4.494805802613126,4.723621426348884,4.464869491902825,4.673869982180001,4.483860229666013,4.6726875,4.728158392988518
1694,S. aureus,KLPLLPWLPKK,1.806179974,11,4.193820026,1694,1694,train,2,4.293882761345106,5.021998063324358,4.611529301260585,4.9520335399947815,4.6580944865223515,4.3470286479500055,4.724111804700432,4.2733235,4.193820026096821
1695,S. aureus,KLPLLPWLPLK,1.806179974,11,4.193820026,1695,1695,train,2,4.293981105747914,4.920646183118737,4.662902638848729,4.872428747546799,4.7125010530356395,4.399261796870006,4.658916445793363,4.2853556,4.193820026083074
1696,S. aureus,KLRKLFRKLLKLIRKLLR,0.835637068,18,5.164362932,1696,1696,train,6,5.064052675323164,5.138589847219557,5.00301441545105,5.163920127599439,5.107664778091467,5.078562272440004,5.0931569715825855,5.154889,5.164362931836513
1697,S. aureus,KLRRLIRLL,1.626891983,9,4.373108017,1697,1697,train,3,4.472991490781023,4.6172689630886605,4.8591503765464195,4.557587336831849,4.898170450105302,4.477707823789996,4.752633349252106,4.3723063,4.373108016908734
1698,S. aureus,KLRRWVRWI,1.580834064,9,4.419165936,1698,1698,train,3,4.519046389892625,4.845807365578182,4.904795420790074,4.902425649583378,4.969676938795802,4.681576840690006,5.1724002926688915,4.6239476,4.419165936719253
1699,S. aureus,KLRRWVRWL,1.279804069,9,4.720195931,1699,1699,train,4,4.732184762306132,4.720458545791497,4.9035155088780815,4.781448772655259,4.966332444715453,4.8717662489699975,5.112310947330759,4.7539535,4.720195930681106
1700,S. aureus,KLSPSLGPVSKGKLLAGQR,1.819543936,19,4.180456064,1700,1700,train,2,4.2804123523587485,3.8542884883000825,4.550927308896958,3.670801799057603,4.551777940656525,4.363421515979999,4.459353521266108,4.192709,4.18045606397272
1701,S. aureus,KLVKRFKKFFRKLKKS,1.494508212,16,4.505491788,1701,1701,train,3,4.6054939904673535,4.429643598898466,4.852763325850415,4.4786154459227365,4.938787775778821,4.506170475569993,4.774743471481872,4.489761,4.505491788315534
1702,S. aureus,KLVKWIIKTVNKFTKK,1.342422681,16,4.657577319,1702,1702,train,4,4.732475205203297,5.197592719972956,4.8489463103798585,5.084004483701783,4.879633423156341,4.790615392009999,4.929467605652051,4.7014236,4.657577319069294
1703,S. aureus,KLWKKWKKWLK,0.669006781,11,5.330993219,1703,1703,train,7,5.231186508129949,4.791888232842561,4.872896684902325,4.811227808899597,4.943148436765779,5.303775225099996,5.13194808372183,5.2784295,5.330993217542123
1704,S. aureus,KLWKLWLKWLK,0.669006781,11,5.330993219,1704,1704,train,7,5.231150009665769,4.966318795560653,4.981679151662559,5.057758426565418,5.0667873214641,5.272058220649996,5.21468603872552,5.2474318,5.33099321887
1705,S. aureus,KLWLLWLKWLL,1.630088715,11,4.369911285,1705,1705,train,3,4.470086372752808,5.448223494631283,5.090247782985037,5.450910397998796,5.172412775070966,4.641365476900001,5.201198663050797,4.534125,4.3699112850755215
1706,S. aureus,KMDSRWRWKSSKK,1.365771941,13,4.634228059,1706,1706,train,4,4.732276643163447,4.634076223903831,4.40241029690553,4.634798483360034,4.3775750617398845,4.573721826610004,4.52121742168972,4.6284647,4.634228058924024
1707,S. aureus,KMWSKILGHLIR,1.620136055,12,4.379863945,1707,1707,train,3,4.479508386838899,4.7032867985568725,4.750314324116276,4.756261592371476,4.785215016748445,4.491518784950005,4.644648748194414,4.427178,4.379863945046664
1708,S. aureus,KNKRKRRRRRRGGRRRR,1.726067654,17,4.273932346,1708,1708,train,2,4.374088728160446,4.802789709070905,4.561258759102294,4.676477791281951,4.567269007068044,4.502571449189997,4.213606014862467,4.3076296,4.273932345997572
1709,S. aureus,KNLRRIIRKIIHIIKKYG,2.119617501,18,3.880382499,1709,1709,train,1,3.9805359376053677,4.990269240247892,4.897735915394341,5.336920675891101,4.996864675360485,4.144733648770005,4.798350177483059,4.024656,3.8803824992435016
1710,S. aureus,KNVNSIVKIQAFFRARKAQDDYR,0.662757832,23,5.337242168,1710,1710,train,7,5.237073713406732,5.466602141241066,4.719409142996902,5.59691469045361,4.726974973240919,4.984966922749996,4.97675792976905,5.3249135,5.337242167958465
1714,S. aureus,KNWKGIAGMAKKLLGKNWKLM,1.164352856,21,4.835647144,1714,1714,train,5,4.735822561838253,4.869837775448454,4.77574588586724,4.824940582973355,4.79060377249641,4.823898724560005,4.90148223292197,4.8334637,4.835647143947785
1715,S. aureus,KQFRIRVRVIRK,0.875337427,12,5.124662573,1715,1715,train,6,5.024657674275102,5.570558945207684,4.801504277258875,5.347466091870649,4.792719935829713,5.166417052170009,4.983570577617688,5.114607,5.124662573058223
1716,S. aureus,KQIKIWFQNKKMKWKK,2.408239965,16,3.591760035,1716,1716,train,0,3.691658667926343,3.9183055337082484,4.832075089140145,3.989539183816219,4.839803651405879,3.8359220109399974,4.114243628658896,3.6404216,3.591760035072922
1718,S. aureus,KQLIRFLKRLDRNLWGLA,1.041392685,18,4.958607315,1718,1718,train,5,4.858763456234788,4.549888363341828,4.743023665897188,4.776435742973526,4.754753989730508,4.866600382579996,4.720543900325926,4.9296227,4.958607314995732
1720,S. aureus,KQWRIRVAVIRA,1.330271572,12,4.669728428,1720,1720,train,4,4.7322766431636145,4.823470151240189,4.75810298734346,4.713949365679362,4.715608267096955,4.724938091799997,4.807557406292806,4.677557,4.669728428051501
1721,S. aureus,KRFKKFFKKLKKFVKKGFKKFAKV,0.472103819,24,5.527896181,1721,1721,train,8,5.427815431149076,5.222920928840865,5.008609353772095,5.147531683581086,5.143828342439216,5.415341759780001,5.104513798123222,5.502224,5.5278961806964055
1722,S. aureus,KRFKKFFKKLKNSVKKRAKKFFKK,0.740649333,24,5.259350667,1722,1722,train,7,5.1592294680967665,5.374192698008504,4.958753897763692,5.108288868587332,5.075305501582917,5.218623177449997,4.924938618489676,5.2805195,5.259350667010269
1723,S. aureus,KRFKKFFKKVKKSV,1.852355602,14,4.147644398,1723,1723,train,2,4.2476004038723785,4.825969966199689,4.781698613821528,4.853911122361281,4.821827486234768,4.305539840570005,4.716925545199117,4.2139254,4.1476443981791595
1724,S. aureus,KRFRIRVRVIRK,0.566753181,12,5.433246819,1724,1724,train,8,5.33341843059176,5.029943271401795,4.818492113819623,5.031326016618854,4.835886785216854,5.356425012179996,5.0054774869785685,5.4559646,5.433246818846361
1725,S. aureus,KRFWPVVIRTVVAGYNLYRAIKKK,0.082675954,24,5.917324046,1725,1725,train,9,5.816935952205779,5.806327033018393,5.011438099226268,5.828461902095119,5.110117480916943,5.786973877339993,5.431680886553319,5.8959703,5.917324045741151
1726,S. aureus,KRFWQLVPLAIKIYRAWKRR,0.602059991,20,5.397940009,1726,1726,train,7,5.298109524273794,5.317591076443959,4.9901805655773215,5.324371370671049,5.083391476202897,5.2874923703600025,5.067796250102803,5.3530827,5.397940009087426
1727,S. aureus,KRGKQGGKVRAKAKTRSS,1.216618553,18,4.783381447,1727,1727,train,4,4.732276643164792,4.486721471339472,4.474541126207448,4.45017785687821,4.411827402601434,4.755818216960005,4.546476849157291,4.747391,4.783381447019424
1728,S. aureus,KRIGLIRLIGKILRGLRRLG,1.31915252,20,4.68084748,1728,1728,train,4,4.732276643172842,5.106659784985513,4.843173292951548,4.990676468311275,4.9304839878609545,4.835025772020006,4.907545825122255,4.7466135,4.680847480084478
1729,S. aureus,KRIKTLL,1.845250704,7,4.154749296,1729,1729,train,2,4.254579024547999,4.484123686886504,4.6980782164934825,4.49695554312266,4.580707007962099,4.125071468409995,4.258508119307281,4.1805573,4.154749296040096
1730,S. aureus,KRIMKLKMR,2.354108439,9,3.645891561,1730,1730,train,0,3.7460694519575553,4.055581515016213,4.7515247199927275,4.078331736913099,4.665556769798988,3.9582077987,4.161599401298038,3.7013013,3.6458915610125953
1731,S. aureus,KRIRKRIKKWKR,0.602059991,12,5.397940009,1731,1731,train,7,5.297943038334293,4.604494931399302,4.729804463784848,4.5154432881362805,4.672323615594087,5.217553743330008,4.604045998775236,5.2980785,5.397940008613774
1732,S. aureus,KRIRKRIKKWLR,0.602059991,12,5.397940009,1732,1732,train,7,5.297942193407542,4.982794593633241,4.792122870893274,4.947685233545869,4.825637532506974,5.198317315080008,4.945537952702904,5.3086996,5.3979400090530225
1733,S. aureus,KRIVKLIKKWLR,0.477121255,12,5.522878745,1733,1733,train,8,5.423053476761871,5.471344841401022,4.8806675035682625,5.503194668333729,5.065524322132541,5.454915772150005,5.4367009671698625,5.481168,5.5228787450656265
1734,S. aureus,KRIVKLILKWLR,0.812913357,12,5.187086643,1734,1734,train,6,5.086914871835763,5.569878420871184,4.930077084821449,5.616456656381541,5.12121953118046,5.2306963423999955,5.422898766974545,5.2456317,5.187086643625348
1735,S. aureus,KRIVKRIKKWLR,0.477121255,12,5.522878745,1735,1735,train,8,5.4228463960800255,5.359141763086435,4.8369619402686315,5.392662719028587,5.015407210633337,5.382673633350007,5.3019346240904195,5.517941,5.522878744869475
1736,S. aureus,KRIVQRIKDFLR,0.602059991,12,5.397940009,1736,1736,train,7,5.2982789806744215,5.080775725120021,4.635275416703235,4.994790779154355,4.710386634183295,5.320110876610005,4.898679926881738,5.3726654,5.397940008988728
1737,S. aureus,KRIVQRIKDFLRNLVPRTES,1.568201724,20,4.431798276,1737,1737,train,3,4.531918823666618,5.160710433052439,4.580491259178561,5.37338083138838,4.614734070423576,4.3894149223999985,4.448760892746799,4.4062414,4.4317982760500225
1738,S. aureus,KRIVQRIKDWLR,0.301029996,12,5.698970004,1738,1738,train,9,5.598801404510832,4.565551054029466,4.648172281993103,4.477782675796175,4.730237922264676,5.403490522049998,4.969860153004593,5.590938,5.698970003931601
1739,S. aureus,KRIVQRIKKWLR,0.477121255,12,5.522878745,1739,1739,train,8,5.423054259595333,5.3206601578968495,4.831112261950642,5.3671365533615365,4.992018225090335,5.452568117950005,5.3568209881171835,5.548853,5.5228787449245305
1740,S. aureus,KRKFHEKHHSHRGY,1.867762025,14,4.132237975,1740,1740,train,2,4.23224934539688,4.647425050696755,4.43707480671631,4.633526059861902,4.243829720702811,4.256320324040003,4.175911414511627,4.138951,4.132237975004579
1741,S. aureus,KRKIFLRTKILV,0.726998728,12,5.273001272,1741,1741,train,7,5.172836824018412,4.53374262948689,4.834493940029417,4.459574473565274,4.8200430662534135,5.109617073399994,4.9844311238592915,5.236575,5.273001271976224
1742,S. aureus,KRKKRFKWW,0.414973348,9,5.585026652,1742,1742,train,8,5.4849826576640925,5.06872220952801,4.755080599322853,5.121666270877133,4.6874406227783245,5.1776734248700045,4.881782104774478,5.4826527,5.585026652195941
1744,S. aureus,KRLFKKLLFSLRKY,0.562292864,14,5.437707136,1744,1744,train,8,5.337737883072544,5.347103669173519,4.879254358595254,5.33764436376757,4.915579432253799,5.237333720819993,4.979550862214591,5.4111943,5.437707136125638
1745,S. aureus,KRLRKFRNKIKEKLKKIG,1.787814567,18,4.212185433,1745,1745,train,2,4.312387968648435,4.222207741641004,4.7301305312031365,4.434968577457129,4.655968571629363,4.2500566514199996,4.290265466936156,4.191773,4.212185433014599
1746,S. aureus,KRLRRVWRRWR,0.698970004,11,5.301029996,1746,1746,train,7,5.200862690199646,5.154345971002343,4.830965714768838,5.113508001104365,4.878441999592882,5.154432491370004,5.076773339953044,5.2805753,5.30102999582385
1747,S. aureus,KRRGSVTTRYQFLMIHLLRPKKLFA,-0.531579503,25,6.531579503,1747,1747,train,9,6.431407891166103,5.738699218566319,4.984594620409013,5.692570252010044,5.067893069498335,5.924441105239996,5.749257553262754,6.421242,6.531579502921772
1748,S. aureus,KRRKLAFRLFRLFLKLVLKK,1.204119983,20,4.795880017,1748,1748,train,4,4.732276777144521,5.2410132276046895,5.02931810876425,5.182253148033736,5.127139377701196,5.037018627269999,5.196086012459351,4.9078765,4.79588001746426
1749,S. aureus,KRRKLIKILKLIAKLIRKKR,0.301029996,20,5.698970004,1749,1749,train,9,5.599211864885202,5.587042566016778,4.949455443583125,5.568562044034996,5.033190484378035,5.510219323089996,5.039288040808671,5.6221914,5.698970003838366
1750,S. aureus,KRRKLIKILKLIIKLIRKKR,0.301029996,20,5.698970004,1750,1750,train,9,5.598947195353526,5.514670378097151,4.997437293143624,5.483379942018145,5.097948629794988,5.457783937679995,5.13987756968229,5.610337,5.698970003565555
1751,S. aureus,KRRLFLFRLFRLFLRLFLKK,0.602059991,20,5.397940009,1751,1751,train,7,5.298111907685502,5.332270763353135,5.1356916756285464,5.452283199383828,5.276331575579643,5.303616459420004,5.307989929942196,5.391814,5.3979400085641664
1752,S. aureus,KRRLIARILRLAARALVKKR,0.903089987,20,5.096910013,1752,1752,train,6,4.9967388902814385,5.608033062027525,4.875590433972125,5.574492775939255,4.935750754509543,5.141536984690005,4.938145205057095,5.1111,5.096910013184295
1753,S. aureus,KRRLILRILRLAIRALVKKR,0.602059991,20,5.397940009,1753,1753,train,7,5.298092009254343,5.652288917139592,4.971257924907776,5.588838748754163,5.059023193114295,5.378759350200005,5.00518978757798,5.3321486,5.397940009022491
1754,S. aureus,KRRRRRR,0.954255151,7,5.045744849,1754,1754,train,6,4.9458737477529615,4.482089684838149,4.425087515185893,4.448158264175397,4.301367782858758,4.682131120730004,4.116882155336965,4.9937153,5.045744848720041
1755,S. aureus,KRRWPWWPWRLI,0.652638292,12,5.347361708,1755,1755,train,7,5.247532849252925,5.440761615173784,4.928902572247472,5.373503215817869,5.069169471841789,5.4167301917299975,5.403091756769721,5.36183,5.347361708100933
1756,S. aureus,KRRWRIWLV,0.784954047,9,5.215045953,1756,1756,train,7,5.115011969560702,5.292128853009575,4.897368274809341,5.305802197318048,4.921927616085297,5.253492523710004,5.173645578489024,5.25921,5.215045952968388
1757,S. aureus,KRWRIRVRVIRK,0.255426577,12,5.744573423,1757,1757,train,9,5.644908361968975,5.213281222376812,4.830796562738798,5.193885941383747,4.854190050323902,5.592318819380007,5.113580649372685,5.6806817,5.744573423147856
1758,S. aureus,KRWWKWIRW,0.500602351,9,5.499397649,1758,1758,train,8,5.399506389113073,5.856199856424959,4.945122478072515,5.81078884630367,5.012642174171915,5.54945978262,5.429730903400962,5.5139384,5.4993976487586975
1759,S. aureus,KRWWKWWRR,0.45484486,9,5.54515514,1759,1759,train,8,5.445251738008707,5.6248935857106135,4.89530538258205,5.466683335064152,4.971933949651529,5.467540900800007,5.3890829017824995,5.4569683,5.545155140369895
1760,S. aureus,KRWWRKWWR,-0.15490196,9,6.15490196,1760,1760,train,9,6.054560604622236,5.371281067400067,4.867933552121296,5.113646292758395,4.900409554818932,5.797775067200002,5.351298022801488,5.9594507,6.154901958644048
1761,S. aureus,KRWWWWRFR,-0.15490196,9,6.15490196,1761,1761,train,9,6.055050794372946,5.194874907132296,4.951367279144846,5.167959864688869,5.00512020074496,5.850372184930004,5.4336683050572425,6.077922,6.154901959709343
1762,S. aureus,KSDVRRWRSRY,2.0,11,4.0,1762,1762,train,1,4.100193194594141,4.019702563434429,4.350113862669252,4.16833107695701,4.230058727152508,4.12903978319,4.108505521914034,3.9888756,3.9999999999260547
1764,S. aureus,KSLRRVWRSWR,1.77815125,11,4.22184875,1764,1764,train,2,4.321688104669651,4.590347363881131,4.695175055093947,4.749840232952123,4.754106680364561,4.354222135909997,4.824544094953175,4.268376,4.221848750010989
1765,S. aureus,KSLVRRWRSRW,1.477121255,11,4.522878745,1765,1765,train,3,4.622990556201805,4.408110692428742,4.645110530631238,4.389863198251324,4.681704267597362,4.518057344940006,4.756835412731514,4.4903297,4.522878744911951
1766,S. aureus,KSRQWQWKIRRTWPIFSIRR,1.370145121,20,4.629854879,1766,1766,train,4,4.729689609181063,5.448318851371703,4.93063517949286,5.3366877579660645,5.0333928883876595,4.7647804499599955,4.8859416689024435,4.6511965,4.62985487909099
1767,S. aureus,KTKQQFLIKAQTQLFKVFGYTL,-0.71219827,22,6.71219827,1767,1767,train,9,6.61237016868549,6.119372911196036,4.9410020966626576,6.0713773695870445,4.964929796912283,5.735290460699998,5.542648926969503,6.648886,6.712198269923191
1768,S. aureus,KTLLKKVLKAAA,0.954242509,12,5.045757491,1768,1768,train,6,4.945359849227486,4.950111952435474,4.631798348312545,4.958380950126003,4.543048384373686,4.995680855080005,4.654484762030806,4.975088,5.045757491006926
1769,S. aureus,KTRNWFSEHFKKVKEKLKDTFA,1.955746467,22,4.044253533,1769,1769,train,1,4.144424786956045,3.991671304787688,4.617032523622454,3.8555906667253073,4.556919774239044,4.274301631210002,4.424323141386007,4.0429835,4.044253532981273
1770,S. aureus,KVALGVAQNYLNPQQ,2.193124598,15,3.806875402,1770,1770,train,0,3.9069664522879703,3.569356852657174,4.514320913270855,3.7484988863103315,4.232818678842158,4.039612428730001,4.1374140167476465,3.846479,3.8068754019908297
1771,S. aureus,KVASVIGGL,3.084460739,9,2.915539261,1771,1771,train,0,3.015715052669437,3.084396941729329,4.519978091980492,3.1704683527572026,4.086168879630939,3.3125001663199978,3.3819557949889076,2.9297771,2.9155392609146205
1772,S. aureus,KVFIATLVVSSFLLAKPPRV,2.068650943,20,3.931349057,1772,1772,train,1,4.031525631712878,4.539937778237732,4.872005597113946,4.601439349281805,4.90303363509018,4.153107385659997,4.609753167410359,3.976695,3.931349057043819
1773,S. aureus,KVFKRLEKLFS,2.0,11,4.0,1773,1773,train,1,4.100103079164914,3.827598815064875,4.641941361265685,3.9256068185996726,4.575502013970807,4.2266106397,4.413999257247563,4.0098753,3.999999999986597
1774,S. aureus,KVFKRLEKLFSKI,0.795880017,13,5.204119983,1774,1774,train,6,5.104224753745072,4.833115807573664,4.6857242689851555,4.754576021333872,4.6604769245690525,5.201307357319999,4.793417535071832,5.184871,5.204119982706001
1775,S. aureus,KVFKRLEKLFSKIQNDK,2.0,17,4.0,1775,1775,train,1,4.099885825567297,4.3169344810414785,4.576341056320067,4.224384101380156,4.497781354834931,4.104226436559999,4.312900714077157,4.0357304,4.000000000130397
1776,S. aureus,KVFLGLK,1.687922706,7,4.312077294,1776,1776,train,3,4.41193817304687,4.138605564003535,4.660242914249608,4.168526776670861,4.668319658563744,4.253028673230003,4.344146897327004,4.309521,4.312077293991726
1777,S. aureus,KVLKAAA,1.255272505,7,4.744727495,1777,1777,train,4,4.733184335353608,4.886896809199962,4.484512335221775,4.774018591189291,4.3068216872705865,4.636216919130003,4.49926962431925,4.7415543,4.744727494955696
1778,S. aureus,KVLKAAAKAALNAVLVGANA,1.698970004,20,4.301029996,1778,1778,train,2,4.400868112511539,4.420867299154787,4.608553207642355,4.498398660724343,4.516520567806262,4.291151922570004,4.398841562453445,4.2822247,4.301029996132396
1781,S. aureus,KVVFKVKFKKK,0.356046307,11,5.643953693,1781,1781,train,9,5.543986824674613,4.9503731603498204,4.78641597415663,4.940953640477907,4.789884476986464,5.4390034474700055,4.98289671171556,5.5880017,5.64395369265977
1782,S. aureus,KVVKQWPIGKVVKKVVKKVVK,-0.383475137,21,6.383475137,1782,1782,train,9,6.283668987376802,5.34010871915004,4.939963560890989,5.168153281798398,5.020290931319731,6.223200635380006,5.5187947489904365,6.319602,6.383475136785693
1783,S. aureus,KVVVKWVVKVVK,2.0,12,4.0,1783,1783,train,1,4.099828167988598,4.94418437905794,4.928625015087532,4.854699393729619,4.963224464502098,4.428282561820001,5.117391475076845,4.195501,4.000000000176476
1784,S. aureus,KWAKKWKWFAKAAWKWYKK,1.590218687,19,4.409781313,1784,1784,train,3,4.509957670616178,4.819191125798974,4.955541642541345,4.873039009299124,5.067030535601036,4.682823416449999,5.139849495673196,4.5006633,4.409781313156665
1785,S. aureus,KWARLWRWFRITRWLWYIK,1.558255956,19,4.441744044,1785,1785,train,3,4.541719264973985,5.154609219614475,5.161680832229208,5.1247706530203025,5.329753338749748,4.733239254670004,5.14908645655471,4.451044,4.441744044120092
1786,S. aureus,KWASLWNWFNITNWLWYIK,1.590074701,19,4.409925299,1786,1786,train,3,4.510077601679111,4.337119054186772,5.050929918128692,4.447531547905683,4.964426999781814,4.5780503623800035,4.76001914797284,4.436789,4.40992529899721
1787,S. aureus,KWFKIQLQIKKWKNKK,1.505149978,16,4.494850022,1787,1787,train,3,4.594997757345582,4.697966668771452,4.820878274847494,4.743581671340499,4.835700156830502,4.526057906059997,4.831044957709453,4.51366,4.494850022068002
1788,S. aureus,KWFKKIPKFLHLAKKF,0.494850022,16,5.505149978,1788,1788,train,8,5.405069230935965,5.265163193319844,4.882526773517781,5.3011693903822525,4.958807987355813,5.474958156490004,5.272099546959926,5.51617,5.505149978796946
1789,S. aureus,KWFKKIPKFLHLLKKF,0.193124598,16,5.806875402,1789,1789,train,9,5.706872888364009,5.835014790690986,4.941154116938095,5.6248301408470835,5.031886431496794,5.638942862440001,5.313375994625978,5.729243,5.806875399062724
1790,S. aureus,KWFKRLEKLFSKI,0.193124598,13,5.806875402,1790,1790,train,9,5.706844944548063,5.016280748671403,4.715184212649194,4.910563111559008,4.707780830842143,5.5617532593600005,4.883934504211709,5.737075,5.80687540195961
1791,S. aureus,KWFRVYRGIYRRR,1.187520721,13,4.812479279,1791,1791,train,5,4.732276643163447,5.368207351208773,4.882684176039774,5.374007819140702,4.929803968835138,4.88603733519,4.989695431106557,4.862781,4.812479279020707
1792,S. aureus,KWIKWIKWI,1.204119983,9,4.795880017,1792,1792,train,4,4.732276643164975,5.434633662944,4.969306917421321,5.54070456617137,5.035289136934115,5.024229853260001,5.19559733976446,4.8779826,4.795880016988492
1793,S. aureus,KWIRWVRWI,0.602059991,9,5.397940009,1793,1793,train,7,5.298115303614262,5.2743036085049155,4.985602382803246,5.30791119230181,5.063144857738259,5.327726962250006,5.325005706113086,5.3133717,5.39794000868964
1794,S. aureus,KWKARKNFIKGSSLGWLIQLFRKR,1.334659996,24,4.665340004,1794,1794,train,4,4.732276643163447,5.322274319998549,4.935152792557526,5.163137473056994,5.022294549582815,4.909551614949991,5.137605882649493,4.76184,4.665340004112259
1795,S. aureus,KWKIFRRWW,0.194532384,9,5.805467616,1795,1795,train,9,5.705302367713884,4.864461663823248,4.920547415564546,4.8923963598759785,4.976562119688936,5.625019338149994,5.326863611968945,5.7167187,5.8054676157110165
1796,S. aureus,KWKKFKKIGAVLKKL,1.204119983,15,4.795880017,1796,1796,train,4,4.732274538592073,4.746057307510581,4.796124880045048,4.745383616496878,4.837049509730978,4.87079281115,4.864490191179369,4.788013,4.795880016802497
1799,S. aureus,KWKKLLKKLLKLL,0.903089987,13,5.096910013,1799,1799,train,6,4.9968394267260585,5.0673736176937565,4.902554094298608,5.009938602047026,4.952953233502893,5.243943044280004,5.208447694577191,5.2008505,5.096910014232237
1800,S. aureus,KWKKLLKKLLKLLKKLL,0.602059991,17,5.397940009,1800,1800,train,7,5.297963986931461,5.382559920083704,4.976190135058908,5.347717012076434,5.049377963677136,5.368975064090006,5.255553040405863,5.407705,5.397940011233224
1801,S. aureus,KWKKLLKKLLKLLKKLLK,0.602059991,18,5.397940009,1801,1801,train,7,5.297889912896833,5.135178863132021,4.9786734147704825,5.219579960426974,5.064375111492697,5.354971218790007,5.208382022697639,5.3694186,5.397940009295729
1802,S. aureus,KWKKLLKKLLKLLKKLLKKLK,0.903089987,21,5.096910013,1802,1802,train,6,4.996674648291229,5.317797756427911,5.023798451488694,5.295839610668843,5.13880866432204,5.257096900500005,5.271085006556176,5.140511,5.096910007125505
1803,S. aureus,KWKKLLKKLLKLLKKLLKKLKKLLK,0.903089987,25,5.096910013,1803,1803,train,6,4.9966616554128045,5.488984680443706,5.110962368677303,5.515000521484867,5.270988286323231,5.223316229880005,5.492077131553771,5.115635,5.096910016896021
1804,S. aureus,KWKKLLKKLLKLPKKLLKKLKKLLK,0.301029996,25,5.698970004,1804,1804,train,9,5.599087657676886,5.611719807246837,5.051371028312664,5.608148334900276,5.2058126871035,5.593714348049998,5.539575241079622,5.6885805,5.698970002971068
1805,S. aureus,KWKKLLKKLLPLLKKLLK,0.301029996,18,5.698970004,1805,1805,train,9,5.599102634728272,5.249361815781925,4.92953200267019,5.520258703367142,5.007769590538403,5.649368258379995,5.268198548173383,5.6851516,5.6989700044333205
1806,S. aureus,KWKKLLKKPLKLLKKLL,0.301029996,17,5.698970004,1806,1806,train,9,5.598801253559788,5.526281315916391,4.889077096415707,5.444614132341037,4.947912016887588,5.583810047159996,5.205491092226469,5.631199,5.698970004678548
1807,S. aureus,KWKKLLKKPLKLLKKLLK,0.301029996,18,5.698970004,1807,1807,train,9,5.598843750222621,5.235194064069662,4.895486384977717,5.341038472091074,4.9674196248426234,5.592862759149995,5.2264943236212,5.672243,5.698970004678496
1808,S. aureus,KWKKLLKKPLLKK,1.096910013,13,4.903089987,1808,1808,train,5,4.803229603774115,5.031171579340287,4.721356480790359,4.953331933778591,4.719192784794294,4.9086514391899945,4.848758661854315,4.8928056,4.903089986732236
1809,S. aureus,KWKKPLLKKLLKKL,0.795880017,14,5.204119983,1809,1809,train,6,5.104125270423731,4.815766771512271,4.7765274951134105,4.854192493646082,4.793333576975726,5.21155003525,5.048405925112638,5.24556,5.204119982051514
1810,S. aureus,KWKLFKGIRAVLKVL,0.647987493,15,5.352012507,1810,1810,train,7,5.251980323376302,5.278666514164736,4.889037257669642,5.304589738051636,4.942828219008283,5.200146368439997,5.0618882219760275,5.2397213,5.352012506660377
1811,S. aureus,KWKLFKKAVLKVLTT,0.903089987,15,5.096910013,1811,1811,train,6,4.99674213720731,5.140209458044542,4.841165003030997,5.151690788761358,4.848108205403032,4.978296128060006,4.987421429415951,5.059841,5.09691001294779
1812,S. aureus,KWKLFKKGAVLKVLT,2.301029996,15,3.698970004,1812,1812,train,0,3.7990740541097154,4.6014870533150845,4.78727332397551,4.672907431130951,4.807718738649718,4.069186750759996,4.827676340305383,3.8517437,3.698970004745381
1813,S. aureus,KWKLFKKGIGAVLKV,1.462397998,15,4.537602002,1813,1813,train,3,4.637486042381049,4.836436617455671,4.785909188145627,4.962094883886864,4.8234494384920215,4.586032258929997,4.956382339348044,4.5655246,4.537602002188721
1814,S. aureus,KWKLFKKI,1.806179974,8,4.193820026,1814,1814,train,2,4.294075841891224,4.756205019710919,4.792158231648148,4.954299735888511,4.783502359279227,4.256369029910004,4.659367567795316,4.243357,4.193820026422514
1815,S. aureus,KWKLFKKIFKRIVQRIKDFLRN,0.189980319,22,5.810019681,1815,1815,train,9,5.710173020422968,5.809937472499338,4.937263059440914,5.631020632471508,5.041850944612433,5.587351215209995,5.399724242648049,5.7611914,5.810019680930776
1818,S. aureus,KWKLFKKIGIGAVLKVLT,0.84509804,18,5.15490196,1818,1818,train,6,5.054788111975384,5.119908351444093,4.8834195612918885,5.032422611465501,4.923169248927827,5.027863311120005,5.095453535783653,5.167901,5.15490195965032
1819,S. aureus,KWKLFKKIGIGAVLKVLTTG,0.301029996,20,5.698970004,1819,1819,train,9,5.598813921485126,5.039690877850773,4.869483522793888,5.0885404606262545,4.908103121657462,5.418072927509994,5.000816747808149,5.5962067,5.698970004029157
1820,S. aureus,KWKLFKKIGIGKFLHSAKKF,0.314393957,20,5.685606043,1820,1820,train,9,5.58577718982188,5.293406798003638,4.856372644989174,5.356309120651045,4.932009928333396,5.428069565950003,5.129070734038818,5.5892196,5.685606042854078
1823,S. aureus,KWKLFKKIGPGKFLHSAKKF,0.494850022,20,5.505149978,1823,1823,train,8,5.40532202034536,5.018125360682968,4.81658578928417,5.036128695993647,4.885299808920968,5.353544247540003,4.948744968397001,5.497169,5.50514997797153
1824,S. aureus,KWKLFKKIKFLHSAKKF,0.494850022,17,5.505149978,1824,1824,train,8,5.40526307577846,5.262443448655857,4.8588718779703415,5.180996105058708,4.943487638151186,5.401485799520004,5.232244433696801,5.4481916,5.505149978239748
1825,S. aureus,KWKLFKKILKFLHLAKKF,0.494850022,18,5.505149978,1825,1825,train,8,5.405144395463428,5.730431234162563,4.987589976403024,5.653728941019931,5.0818834670181765,5.456507491780002,5.363411798498281,5.4723787,5.505149977613554
1826,S. aureus,KWKLFKKIPFLHLAKKF,0.494850022,17,5.505149978,1826,1826,train,8,5.404980076240461,5.281099183399633,4.931078077361812,5.2734191409905495,4.9832417649732434,5.440348153860004,5.263334835325272,5.481181,5.505149977568801
1827,S. aureus,KWKLFKKIPHLAKKF,0.795880017,15,5.204119983,1827,1827,train,6,5.104287096989152,4.988899073092564,4.81870067314309,4.7995956158066155,4.8592476686704975,5.161091016189999,5.018021664575224,5.2020755,5.204119982917176
1828,S. aureus,KWKLFKKIPKFLH,0.795880017,13,5.204119983,1828,1828,train,6,5.103978536375323,5.585140918089635,4.839482900708236,5.598491576620824,4.887551844396895,5.18000761027,5.195773911372296,5.1866145,5.204119983018517
1829,S. aureus,KWKLFKKIPKFLHL,0.795880017,14,5.204119983,1829,1829,train,6,5.104002306804878,5.732858508547538,4.883128205193353,5.708463436124753,4.941896399654671,5.203715163009999,5.19383402462171,5.244847,5.204119983106077
1830,S. aureus,KWKLFKKIPKFLHLA,0.795880017,15,5.204119983,1830,1830,train,6,5.104282390388304,5.356629935999077,4.866413754261291,5.401951399317278,4.920380488086205,5.241937379179999,5.108856721069343,5.2255845,5.204119982833561
1831,S. aureus,KWKLFKKIPKFLHLAK,0.494850022,16,5.505149978,1831,1831,train,8,5.40504312235038,5.214008386267177,4.87083368387692,5.324897533595185,4.938244060836609,5.4588885687600035,5.178074544154791,5.466513,5.505149977419758
1832,S. aureus,KWKLFKKIPKFLHLAKK,0.494850022,17,5.505149978,1832,1832,train,8,5.405103612080055,5.474872026325747,4.876969267118453,5.44710855865007,4.952062490246115,5.400891634570006,5.153274654088189,5.521007,5.50514997704482
1833,S. aureus,KWKLFKKIPKFLHLAKKF,1.136986768,18,4.863013232,1833,1833,train,5,4.962694995347418,5.633575631267197,4.92643411326595,5.493787723735459,5.008029372777664,5.132471322030007,5.338862960077734,5.155227,4.863013242341093
1834,S. aureus,KWKLFKKIPKFLHSAKKF,0.494850022,18,5.505149978,1834,1834,train,8,5.4053766359642115,5.2468922636679585,4.843753292119442,5.421324088276407,4.93418228315084,5.402373509920002,5.211841722927773,5.480366,5.505149977616388
1835,S. aureus,KWKLFKKIPLAKKF,0.795880017,14,5.204119983,1835,1835,train,6,5.103949304412341,5.137936919654468,4.808458626970822,5.171288908075211,4.8335393262544235,5.177222986189999,5.067714013888209,5.1843944,5.204119982223844
1836,S. aureus,KWKLFKKIPLHLAKKF,0.494850022,16,5.505149978,1836,1836,train,8,5.404541274426843,5.28265481724105,4.860257954592685,5.272204067346086,4.910608984035557,5.431428519790005,5.136121140393785,5.440793,5.505149977944556
1837,S. aureus,KWKLFKKIPLKKF,1.096910013,13,4.903089987,1837,1837,train,5,4.803256731235536,5.5326905426877575,4.816908266005046,5.3948903457318504,4.829997691544406,5.0530083913399935,5.011435522239226,4.976546,4.903089987333216
1838,S. aureus,KWKLFKKISKFLHLAKKF,0.795880017,18,5.204119983,1838,1838,train,6,5.103948064155793,5.462152254986635,4.923287672897001,5.399689219225033,5.010968441295568,5.257565004000001,5.326559436275353,5.236465,5.204119983160185
1839,S. aureus,KWKLFKKLKVLTTGL,1.707570176,15,4.292429824,1839,1839,train,2,4.392314112788868,4.660833653106874,4.8315936864355375,4.722650394010634,4.859770994598555,4.372730234090004,4.867349051917214,4.2971163,4.292429824247271
1840,S. aureus,KWKLFKKVLKVLTTG,0.903089987,15,5.096910013,1840,1840,train,6,4.997089946232378,4.862885696644978,4.851273481168033,4.964081798451655,4.877131859694655,4.923615697880008,4.831249028562535,4.9923944,5.0969100127441225
1841,S. aureus,KWKLFLGILAVLKVL,1.264288175,15,4.735711825,1841,1841,train,4,4.732276693716628,5.353055706108744,4.959300761871176,5.488107662612026,5.0175138428474755,4.907472379040004,5.002804747643548,4.8673277,4.735711825612868
1842,S. aureus,KWKLKKHIGIGKHFLSAKKF,1.806179974,20,4.193820026,1842,1842,train,2,4.293655578018411,5.183585957935912,4.816913299868817,5.1686102373479965,4.879725302092641,4.502972523240008,4.7562237074005775,4.2958674,4.193820026207625
1843,S. aureus,KWKRWWWFR,1.210318041,9,4.789681959,1843,1843,train,4,4.732278078770647,5.005934869619535,4.935763374690847,5.047155344359363,4.987157386653614,5.053321574040004,5.277225352572142,4.8947787,4.7896819593360345
1844,S. aureus,KWKSFIKKLTKKFLHSAKKF,-0.82287798,20,6.82287798,1844,1844,train,9,6.723020645258389,5.239667836397664,4.849107062409038,5.1856544799000615,4.945510959751478,6.090964518499998,5.400978814507235,6.615889,6.8228779796989345
1845,S. aureus,KWKWKWKW,1.096910013,8,4.903089987,1845,1845,train,5,4.8031001805073075,5.241136551645653,4.887734024333228,5.243711906900272,4.958449868031264,4.867267329109995,4.9092539152481605,4.916248,4.9030899858418335
1846,S. aureus,KWKWKWKWKW,1.096910013,10,4.903089987,1846,1846,train,5,4.803240359604764,5.29403877332534,4.941986344886915,5.273341136204226,5.045922222673448,4.942654435769993,5.145511788095122,4.9548664,4.903089987971799
1847,S. aureus,KWKWWKWK,0.971971276,8,5.028028724,1847,1847,train,6,4.927461338066066,4.884832382944481,4.8255449329751015,4.959262914329845,4.795945678515814,4.930513500450005,4.8942077792489105,5.034618,5.028028723738257
1848,S. aureus,KWKWWWRKI,0.079181246,9,5.920818754,1848,1848,train,9,5.820662672585241,5.264438754916863,4.9243513863852435,5.3294316166878035,4.9771732954269465,5.74513073508,5.513329856524832,5.8938494,5.920818753894601
1849,S. aureus,KWLKKLLKKLL,0.549481559,11,5.450518441,1849,1849,train,8,5.350595452091091,5.0835050418364025,4.856307746896291,5.073014490869627,4.8660032514366005,5.431458399989995,5.1744882548320845,5.4691267,5.45051844045027
1850,S. aureus,KWLKKWL,1.902539997,7,4.097460003,1850,1850,train,2,4.197593386288155,4.5720243262079805,4.84433260840109,4.7310483720448655,4.852555323738025,4.1318633214199965,4.509126634437437,4.114327,4.097460002862834
1851,S. aureus,KWLKKWLKWLKK,0.801389747,12,5.198610253,1851,1851,train,6,5.098360550243171,4.939878333190838,4.914020701263913,4.942960615713445,4.992384230859355,5.221308809600008,5.104038608814796,5.1938868,5.198610252072024
1852,S. aureus,KWLLKWL,1.784163133,7,4.215836867,1852,1852,train,2,4.315922261099306,4.592523877103676,4.9428884426417365,4.609811125114906,4.981498697316291,4.313186907290004,4.57673244453279,4.248827,4.215836867336839
1853,S. aureus,KWRQWQSKWRRTNPWFWIRR,0.741373686,20,5.258626314,1853,1853,train,7,5.158461531801467,4.914803304808838,4.974332042880385,4.91059742512433,5.113876888943152,5.166426755600005,5.153135490518202,5.2218213,5.2586263139501295
1854,S. aureus,KWRRAVRAI,1.743447987,9,4.256552013,1854,1854,train,2,4.356547876425805,4.482062076224795,4.683382589951929,4.387870146611707,4.5815744324356125,4.291945273639994,4.524898188244014,4.3454885,4.256552013007227
1856,S. aureus,KWRRWIRWW,0.624265047,9,5.375734953,1856,1856,train,7,5.2759304533444915,4.959550008226075,4.96648598613048,5.109805733529248,5.0699930487055545,5.385016291520003,5.389560506815047,5.3887916,5.375734953402569
1858,S. aureus,KWRRWVRWL,0.955252392,9,5.044747608,1858,1858,train,6,4.94492270714752,4.9148776172775674,4.930758983085934,4.993859500434529,5.008356400338035,5.198092901360004,5.287768125186691,5.0763245,5.044747608314766
1859,S. aureus,KWWKIWRWR,1.044333743,9,4.955666257,1859,1859,train,5,4.85583799764141,4.89488040986582,4.929964664143347,4.894233695093681,4.9852027271035775,5.148550212760004,5.266712334104497,5.0267286,4.955666257537096
1860,S. aureus,KWWKKWWKWWKKWWKK,0.397940009,16,5.602059991,1860,1860,train,8,5.50214926048533,5.159292221811668,5.089870730130622,5.272806151608103,5.2544170781007775,5.444844525009996,5.264289801473865,5.484842,5.6020599884795494
1861,S. aureus,KWWKWWKKWWKK,0.903089987,12,5.096910013,1861,1861,train,6,4.996902859897039,5.141523361943753,4.980499405814271,5.253676122226742,5.090441134718895,5.185691650020004,5.285224856115888,5.172981,5.0969100165634655
1863,S. aureus,KYKKALKKLAKLL,1.01518911,13,4.98481089,1863,1863,train,5,4.884763587468572,5.1016371716681865,4.753414198897221,4.9769001048061705,4.729575885911761,4.941327991980002,5.065968012716346,5.019867,4.9848108900983625
1864,S. aureus,LAAKLTKAATKLTAALTKLAAALT,2.06069784,24,3.93930216,1864,1864,train,1,4.039391501656972,5.114690675540048,4.737254937203584,5.14927605833629,4.7347840412542155,4.323724015870003,4.55583059842981,4.0247464,3.9393021600349645
1865,S. aureus,LALERRSGWLRLFGLKPRRKH,1.096910013,21,4.903089987,1865,1865,train,5,4.803035710163441,5.179126449412423,4.765060776398171,5.284695709653748,4.8423585595311565,4.917320565779995,5.039742704054921,4.956719,4.903089987005089
1866,S. aureus,LALKSGGWLRLFGLKDKKH,1.230448921,19,4.769551079,1866,1866,train,4,4.732276643163447,5.290017067268081,4.7097050942470196,5.221065892731071,4.669185657275028,4.715389281769998,4.929075191427623,4.7432647,4.769551079000126
1867,S. aureus,LDPKVVQSLL,2.301029996,10,3.698970004,1867,1867,train,0,3.798799477085498,4.346146884344524,4.327521717573165,4.326439233497655,4.283059332860176,3.912309549839996,3.7571312283067284,3.709792,3.698970003974579
1868,S. aureus,LFGFLIKLIPSLFGALSNIGRNRNQ,0.350387936,25,5.649612064,1868,1868,train,9,5.549702075340133,5.348397710484306,4.876373233841853,5.300601158522815,4.94465571291676,5.441957556669998,5.237193549512079,5.5518775,5.649612063944714
1869,S. aureus,LFGFLIPLLPHIIGAIPQVIGAIR,0.386085586,24,5.613914414,1869,1869,train,8,5.513880098226004,5.577444187155469,4.868307103894745,5.688622890551388,4.880475023992123,5.3574908548800035,5.003557403980987,5.5824747,5.613914413942108
1870,S. aureus,LFGLIPSLIGGLVSAFK,1.460393683,17,4.539606317,1870,1870,train,3,4.639492142541733,4.607540120052068,4.763951994224274,4.696006182161879,4.791854529916297,4.608008307359998,4.796583004830078,4.5861487,4.539606316996044
1873,S. aureus,LFHAGKMIH,1.977455997,9,4.022544003,1873,1873,train,1,4.1226006225421115,4.115923825108909,4.612891934844411,4.275085838272108,4.562512671256577,4.038376978100003,3.9434091436889522,3.9881737,4.022544002962633
1874,S. aureus,LFKVASKVLPSVK,2.150039775,13,3.849960225,1874,1874,train,1,3.950137025157436,3.994079810684939,4.675405672851597,3.976873680708768,4.469613865613945,4.053699280170002,4.4604017494545065,3.9225204,3.8499602249890077
1875,S. aureus,LFRLIKSLIKRLVSAFK,0.947229066,17,5.052770934,1875,1875,train,6,4.95304041374882,4.857031838704147,4.882500108991184,4.896369919711005,4.976060803112941,5.099147189350006,5.0492185026922956,5.053504,5.052770933963188
1876,S. aureus,LFWKLLLKALRLWAKVL,0.754548718,17,5.245451282,1876,1876,train,7,5.145646208529109,5.3303207441130755,5.0454843914659255,5.214290789691636,5.1495073218215985,5.2651427794099925,5.328428674412944,5.271529,5.245451281916032
1877,S. aureus,LGALFRVASKVFPAVISMVK,1.477058667,20,4.522941333,1877,1877,train,3,4.623044336664718,4.5068728845723065,4.803717849433967,4.504096107621011,4.7276102590163145,4.5097654400600025,4.394758237494654,4.4703937,4.522941332982751
1878,S. aureus,LGAWLAGKVAGTVATYAWNRYV,0.477121255,22,5.522878745,1878,1878,train,8,5.423050134985251,4.865793154409415,4.783440893463749,4.858891840300959,4.806415055848978,5.187782482940005,4.868076674539396,5.3796554,5.522878744949033
1879,S. aureus,LGGDNYGTFSGSNGNNFQHGSN,0.444817259,22,5.555182741,1879,1879,train,8,5.455148214157766,5.369975115691215,4.521077040034121,5.374888903892741,4.43077844127952,5.037538312620003,4.696458027179837,5.528277,5.555182740953071
1880,S. aureus,LGRKIAHGVKKYGPTVLRII,0.954732388,20,5.045267612,1880,1880,train,6,4.9454369095670385,4.949602678104321,4.809591890984988,4.957496547888462,4.8924009841533085,4.957614894639993,4.869572996829599,5.0303006,5.0452676121607
1881,S. aureus,LHLIALRKK,1.76819873,9,4.23180127,1881,1881,train,2,4.331630985432179,4.630279573868705,4.715739363868132,4.707943040243156,4.689253091409891,4.243332545590002,4.451898809025385,4.202677,4.2318012700781775
1882,S. aureus,LHRIALRKK,1.751405602,9,4.248594398,1882,1882,train,2,4.348432268042816,4.384361357106688,4.639353218226398,4.497607709504257,4.517395526336321,4.249330829810005,4.287940955308044,4.2788577,4.248594398058918
1884,S. aureus,LIGSLVRGILPLF,1.660751561,13,4.339248439,1884,1884,train,3,4.439342176906761,4.8446414142651655,4.765367297364279,4.82801280672388,4.807360773827628,4.5892912311100025,4.776113748429704,4.3948026,4.339248439174627
1885,S. aureus,LIKHILHRL,2.641136642,9,3.358863358,1885,1885,train,0,3.4586066928468053,4.571044729719437,4.790664265462694,4.581205400846623,4.754061296331464,3.6571227534700035,4.151768937301498,3.4330254,3.3588633581417535
1886,S. aureus,LIKHILHRLGGGFHFHLHF,1.43800409,19,4.56199591,1886,1886,train,4,4.662169947945396,4.6598688456852,4.9113318392133785,4.576058254150864,4.961290824897108,4.572168295000003,4.756727740554002,4.5691543,4.5619959099808725
1887,S. aureus,LILGKLWKGVKSIF,0.933636174,14,5.066363826,1887,1887,train,6,4.965932510041054,4.934092448952418,4.793705028440659,4.8648991838035025,4.865317491814443,5.0721970063699935,5.018844414783618,5.1112285,5.066363826150438
1888,S. aureus,LIRGLFKSFWQVF,0.875061263,13,5.124938737,1888,1888,train,6,5.024904210158571,5.203367844818499,4.868407574861333,5.113583428326263,4.9462098373332255,5.181422171359994,5.155829857055367,5.124257,5.124938737012589
1889,S. aureus,LKFLKFG,2.10720997,7,3.89279003,1889,1889,train,1,3.992755133990884,3.9260028659718076,4.756705694156008,3.933634816206085,4.7133919778247115,3.97747797956,4.038825336095358,3.8800507,3.892790029979431
1890,S. aureus,LKIAKGIIKSL,1.92682194,11,4.07317806,1890,1890,train,2,4.173350191260418,4.293714397428035,4.619420179672375,4.109627651855453,4.607946788203416,4.1897400898399955,4.411056374667421,4.087937,4.073178060193896
1891,S. aureus,LKKAKKFGKAFV,2.574226373,12,3.425773627,1891,1891,train,0,3.5256526148221283,3.2399739262026888,4.652308958457336,3.3174789863806806,4.645413876414864,3.585074783080005,3.8565535995843936,3.448028,3.425773627046208
1892,S. aureus,LKKLLKKL,2.698970004,8,3.301029996,1892,1892,train,0,3.4013888412308497,4.164830899656981,4.745138234406686,4.252216591451056,4.719576123737196,3.5975826035700043,3.6810467687936548,3.3182988,3.301029996661141
1894,S. aureus,LKKLLKKLLKKL,1.750122527,12,4.249877473,1894,1894,train,2,4.349883827261706,4.526685452875424,4.823808772974038,4.562336522247277,4.838435553256325,4.342375818870006,4.439208510645359,4.1940303,4.2498774733028615
1896,S. aureus,LKKLLKLLKKLLKLAG,1.301029996,16,4.698970004,1896,1896,train,4,4.732276644348887,4.9866871860874085,4.860957826922092,4.970865676524325,4.903085302319387,4.819819919279996,4.945185641991289,4.732937,4.698970004246913
1897,S. aureus,LKKLLKWLKKL,0.804754064,11,5.195245936,1897,1897,train,6,5.095259138629903,4.818700201748512,4.876874102876421,4.79724031798467,4.932977034949184,5.207161271979996,5.198656684760845,5.2226324,5.195245935179265
1898,S. aureus,LKKLLKWLLKLLK,0.882810956,13,5.117189044,1898,1898,train,6,5.017278865520399,5.1353749510443425,4.955476951410201,5.086979346188711,5.012029250108046,5.171484734049992,5.292283577224154,5.1424966,5.117189046377838
1899,S. aureus,LKKVLKAAA,1.255272505,9,4.744727495,1899,1899,train,4,4.733968545653987,4.6258373696125075,4.581972409692787,4.591981785292478,4.447863478571737,4.648337247610003,4.613796651508738,4.835,4.74472749520102
1900,S. aureus,LKKWLKK,2.326412575,7,3.673587425,1900,1900,train,0,3.7735252561692922,3.7094324587401455,4.697306196476542,3.7014446624208075,4.587893332859096,3.8153240076899966,4.042457092858864,3.6826346,3.673587424744009
1901,S. aureus,LKKWLKKWLKK,1.577542925,11,4.422457075,1901,1901,train,3,4.522323615596842,4.586914790882142,4.823430441415715,4.512974255945867,4.850141501811083,4.542309711270003,4.804140766728034,4.4869843,4.42245707651443
1902,S. aureus,LKLKAIAALAKKKW,1.180996884,14,4.819003116,1902,1902,train,5,4.732276950007935,4.9289302794630245,4.7203167722212935,4.76726381008329,4.70947988486905,4.821320559109995,5.070985465614891,4.8858685,4.819003116029048
1903,S. aureus,LKLKLFPLKLKLFP,0.743131831,14,5.256868169,1903,1903,train,7,5.156697174212291,5.166285660982868,4.874447806353673,5.141873352570566,4.8759753110918425,5.12051865993999,5.032032552099419,5.190099,5.256868168760739
1905,S. aureus,LKLKSIVSWAKKVL,1.293414314,14,4.706585686,1905,1905,train,4,4.7322766431634475,5.14037436578894,4.809756157908155,5.012140224612842,4.949898699391878,4.7817041332199945,5.043061423936682,4.725413,4.706585686038417
1906,S. aureus,LKLLKKLLKKLLKLL,0.903089987,15,5.096910013,1906,1906,train,6,4.997057077589935,4.990746365913209,4.957868097966186,5.006984616078064,5.016966814858519,4.9472653806900055,4.938433515402962,5.007112,5.0969100027370935
1907,S. aureus,LKLLKWLLKLL,0.351216668,11,5.648783332,1907,1907,train,9,5.548839534956994,5.1210623593156575,4.981105661262834,5.124747879899506,5.020588798909603,5.392480109969996,5.283814108443615,5.5924063,5.648783332339736
1908,S. aureus,LKLLLLKLLL,1.201258887,10,4.798741113,1908,1908,train,5,4.732263848956651,4.47347176865989,4.9514066317956225,4.628994364993599,4.919548141457217,4.751325281530003,4.593359031359186,4.78477,4.798741113743504
1909,S. aureus,LKRIKTLL,1.498243077,8,4.501756923,1909,1909,train,3,4.601699637622028,4.524296374195518,4.750308640793799,4.697753977750808,4.727430522039266,4.367649278300004,4.326672449155021,4.4608393,4.501756922891882
1910,S. aureus,LKRRWKWWI,0.380211242,9,5.619788758,1910,1910,train,8,5.51921949047981,5.589751194341469,4.927748953151713,5.423080411019548,5.016743018571845,5.500025907330009,5.1895761891271945,5.5362816,5.619788757807559
1911,S. aureus,LKVVFKVLFK,1.067245768,10,4.932754232,1911,1911,train,5,4.8329489609613825,5.073347476023311,4.928059825500997,5.1595239003565005,4.973893350875004,4.737340694899994,4.774011081443106,4.9333377,4.932754232130121
1913,S. aureus,LKWLKKLLKKL,0.549481559,11,5.450518441,1913,1913,train,8,5.350692183657403,4.697144873379371,4.863577646556408,4.669870289545077,4.898232519303049,5.344313670919993,5.171281469734213,5.3145137,5.4505184383678635
1914,S. aureus,LKWLKKWLK,1.658997331,9,4.341002669,1914,1914,train,3,4.440396677702822,4.624012026261283,4.867761775741472,4.607872489487334,4.9144460690558125,4.460215028839994,4.827536422564576,4.3378778,4.34100266908362
1915,S. aureus,LKWLKWG,2.10720997,7,3.89279003,1915,1915,train,1,3.9929665325356085,3.6181244543797595,4.795155561859603,3.6651495666780236,4.777087817092533,3.96915516102,4.096926159895116,3.882073,3.892790029987976
1918,S. aureus,LKWRKMFRW,1.056968734,9,4.943031266,1918,1918,train,5,4.842989358848515,4.925683772354331,4.908379212367953,4.852656696954316,4.960589335054389,5.025448056289995,5.006591846272175,4.989347,4.943031265967858
1919,S. aureus,LLAAHLLAIGRR,1.453057705,12,4.546942295,1919,1919,train,3,4.646771828135817,5.072190933736694,4.676840236504422,5.01499741730536,4.657141967452838,4.621057982720003,4.657501814850627,4.531666,4.546942295073698
1920,S. aureus,LLAIVGNLLKSLL,0.864316987,13,5.135683013,1920,1920,train,6,5.0357929508316195,4.969591118404344,4.765679739870718,4.9417078013220435,4.859011397628656,5.1793472048900036,5.111278130409056,5.1453853,5.135683013017641
1930,S. aureus,LLGSLLKLLPKLL,-0.107905397,13,6.107905397,1930,1930,train,9,6.008080417768456,5.016087761914733,4.771178174088982,5.118023890254322,4.8051642094080895,5.823223987180005,5.242043705512911,6.0496054,6.1079053967998025
1931,S. aureus,LLIILKKKWKKQAKAKSK,0.602059991,18,5.397940009,1931,1931,train,7,5.298097084991783,4.842822914978415,4.785657496995456,4.922356472327889,4.843246590517364,5.3217050719700065,5.046358074649413,5.3554544,5.397940008891146
1932,S. aureus,LLIILRRRIRKQAHAHSK,0.84509804,18,5.15490196,1932,1932,train,6,5.055068154633082,5.102121782503272,4.805824749316484,4.932186708985554,4.8821382459741995,5.167541809240007,4.948321351626479,5.1524262,5.154901959990114
1933,S. aureus,LLIILRRRWRKQAKAKSK,0.602059991,18,5.397940009,1933,1933,train,7,5.2977781350733535,5.062066896864339,4.826034888797489,5.084629629264501,4.916709546008616,5.389054109140008,5.06056370330779,5.3614774,5.397940008996724
1934,S. aureus,LLIILRRRWRKQARARSK,0.602059991,18,5.397940009,1934,1934,train,7,5.297821644804992,5.143392417165106,4.839920932754737,5.116614517072146,4.936971779332869,5.384287469720009,5.11182985815333,5.365254,5.397940008980764
1935,S. aureus,LLIILRRRWRRQARARSR,0.602059991,18,5.397940009,1935,1935,train,7,5.298114470557806,5.300876461025443,4.854830906241578,5.2683104646418615,4.959909607921401,5.343581779160007,5.2123869663260285,5.379544,5.39794000900344
1936,S. aureus,LLIRAAKKFIKK,1.795880017,12,4.204119983,1936,1936,train,2,4.3039009622022,4.8834656310022835,4.7533834934963135,4.741973053065303,4.753954926721798,4.346361766049998,4.703187142896931,4.303826,4.2041199832196305
1937,S. aureus,LLKALKKLLKKLL,0.176091259,13,5.823908741,1937,1937,train,9,5.723995062910044,4.91874387688822,4.854364185837115,5.026954903513271,4.880824225832512,5.467896591990005,5.216011547460752,5.6763597,5.823908740181724
1938,S. aureus,LLKELWTKIKGAGKAVLGKIKGLL,1.767155866,24,4.232844134,1938,1938,train,2,4.332916200987408,4.849609844544957,4.75593677324776,4.770654148652846,4.841621922300714,4.476223079780001,4.520771349679247,4.278181,4.232844134234988
1939,S. aureus,LLKKALRLWKKVL,1.599597749,13,4.400402251,1939,1939,train,3,4.500506218326218,5.5288092126566415,4.889387423942283,5.294929586667819,4.9443795992356305,4.761047624670002,5.240312113914022,4.634213,4.4004022522261526
1942,S. aureus,LLKKLLKLLLKLLKK,1.397940009,15,4.602059991,1942,1942,train,4,4.680874044124381,4.950722562202271,4.958208188845658,4.940370187650758,5.0299618489732065,4.778185226109994,5.005186657705729,4.690697,4.602059991566797
1943,S. aureus,LLKKLLKWLKK,0.804754064,11,5.195245936,1943,1943,train,6,5.095314177719447,5.133195288418434,4.870368493472323,5.019174917906467,4.9192534037873,5.172903970109997,5.153803721658181,5.2189503,5.1952459325006535
1944,S. aureus,LLKKVLKAAA,1.096910013,10,4.903089987,1944,1944,train,5,4.803193059920319,4.813668424251855,4.645064988584016,4.759764765007602,4.575646225712322,4.793162003779996,4.632696348435264,4.916536,4.9030899871564655
1945,S. aureus,LLKLLKKLLKKLLKL,1.653212514,15,4.346787486,1945,1945,train,3,4.446671813511106,4.979313718208131,4.957868097966186,4.992688297322628,5.0266707064171845,4.544062296849997,4.947072893411505,4.4239545,4.346787490987725
1946,S. aureus,LLKLLKWLLKLLK,1.187842251,13,4.812157749,1946,1946,train,5,4.7354174052281515,5.192497721466841,5.000797131764558,5.153919101514513,5.079392498463232,4.906898218909998,5.279627468978608,4.897419,4.812157750628786
1947,S. aureus,LLKRIKTLL,1.737771454,9,4.262228546,1947,1947,train,2,4.362057823902406,4.773633550445326,4.809631145984762,4.760237342083034,4.811826232203066,4.267099830810004,4.4237380616696855,4.277608,4.262228546201835
1948,S. aureus,LLKWLKK,2.33338146,7,3.66661854,1948,1948,train,0,3.7660067832884785,4.723454653674175,4.814810119655336,4.680778617180825,4.829879271145615,3.8928478096600014,4.324740349533556,3.7430084,3.666618541062374
1949,S. aureus,LLKWLKKL,1.380333904,8,4.619666096,1949,1949,train,4,4.719794762551652,4.464192117895286,4.869417277203146,4.508496912470851,4.901150037581914,4.546556513530002,4.622442710407528,4.577016,4.619666096752343
1950,S. aureus,LLKWLKKLLKK,0.804754064,11,5.195245936,1950,1950,train,6,5.095180910575699,4.912415869473121,4.8637714617887955,4.805274484911496,4.902014925727446,5.150796529459996,5.180862593795326,5.186431,5.195245935011482
1952,S. aureus,LLKWLLK,1.437374011,7,4.562625989,1952,1952,train,4,4.662795295426294,4.790524028783985,4.890338510153649,4.859912680997787,4.8986504183697255,4.361175792720007,4.4498366148000255,4.5359993,4.562625988444211
1954,S. aureus,LLKWLLKWLLK,0.457254939,11,5.542745061,1954,1954,train,8,5.442627319385618,5.080239597662374,5.00547466060086,5.1904135416119965,5.074480065777488,5.348465520690004,5.238248078751238,5.4861765,5.5427450605898745
1955,S. aureus,LLLFLLKKRKKRKY,1.238046103,14,4.761953897,1955,1955,train,4,4.732276643163447,5.078681377067051,4.917997365077844,5.175227767474225,4.982284727376577,4.812879045810004,5.069408158096588,4.763235,4.761953896998596
1956,S. aureus,LLLLLKKKKKKLLLL,1.698970004,15,4.301029996,1956,1956,train,2,4.401206968452424,4.800850736030396,4.968677868285757,4.782614830001302,5.0477103201002995,4.408676773930004,4.830768605673179,4.3010836,4.301029996002212
1958,S. aureus,LLPIVANLLKALL,0.555706759,13,5.444293241,1958,1958,train,8,5.343825096856507,5.291176002915371,4.7729283862477905,5.206071413543007,4.857937337241922,5.358186428200007,5.065888208892068,5.3771186,5.444293240961226
1959,S. aureus,LLPIVANLLKSLL,0.55073925,13,5.44926075,1959,1959,train,8,5.349229097204553,4.848142429286263,4.728864336297688,4.82030074242584,4.835673902144974,5.358191321640004,5.129290053760843,5.4324727,5.449260749876276
1960,S. aureus,LLPIVGALLKSLL,1.170778751,13,4.829221249,1960,1960,train,5,4.732276649329406,5.226649055962278,4.735375111835738,5.246910736208607,4.856280578439868,4.82083874484,4.881092977827493,4.864314,4.829221249080305
1961,S. aureus,LLPIVGNLLKALL,0.861138984,13,5.138861016,1961,1961,train,6,5.03854197625493,5.329352494984821,4.793539499212295,5.397560797523184,4.868676124858625,5.191239283310008,5.180325284008346,5.187401,5.138861015940248
1964,S. aureus,LLPIVGNLLKSLLGWKRKAFG,1.698970004,21,4.301029996,1964,1964,train,2,4.401118620418408,4.5832230420963285,4.849795534028711,4.639327488240034,4.987706807493713,4.539783200110004,4.935740531214683,4.393793,4.301029996104428
1966,S. aureus,LLPIVINLLKSLL,0.838969231,13,5.161030769,1966,1966,train,6,5.061134056163728,5.500714636631185,4.823783397194384,5.429977812861106,4.945650758289331,5.1015428904899975,5.17666504910439,5.1814237,5.16103076902545
1967,S. aureus,LLPIVVNLLKSLL,0.843194134,13,5.156805866,1967,1967,train,6,5.056868384880718,4.84661443697359,4.81805351244493,4.8328349849094545,4.936046957707624,5.064242778750006,5.077559407081252,5.154231,5.156805865931939
1968,S. aureus,LLPPWLRPRNG,2.180927167,11,3.819072833,1968,1968,train,0,3.9191163063717287,4.341466018034666,4.570642917502102,4.369963937896033,4.55492387550683,3.987839518570002,4.384114556670968,3.8880725,3.819072833023569
1970,S. aureus,LLQWLSKLLGRLL,0.352182518,13,5.647817482,1970,1970,train,9,5.5479956192311874,5.450141676667527,4.811384488089401,5.429346426560247,4.867623705762891,5.456813221789997,5.246995369116923,5.619658,5.647817481895589
1971,S. aureus,LLQWLSKLLGRWL,0.77815125,13,5.22184875,1971,1971,train,7,5.121685120611316,5.264888867192115,4.835860552804118,5.383682796437373,4.910045356942198,5.237743491629998,5.07174253294283,5.2384424,5.221848750172333
1972,S. aureus,LLRHVVKILEKYL,0.187348074,13,5.812651926,1972,1972,train,9,5.712765445576467,5.015062929645142,4.8006534195604464,5.086141929721839,4.742878737873146,5.559385414539999,5.1145543220235075,5.723523,5.812651925938898
1974,S. aureus,LLRRVARLLKRFAK,0.662492395,14,5.337507605,1974,1974,train,7,5.237343788548321,4.712566480550741,4.838774189079202,4.7223047231084925,4.898067160995902,5.2749038154199965,5.029731749920989,5.310442,5.337507604920188
1976,S. aureus,LLWKALRLWWKVL,0.967287531,13,5.032712469,1976,1976,train,6,4.932884008684341,5.615551453882536,5.03406299281663,5.483116926336532,5.129574021554946,5.027189044969996,5.317751770633508,5.116615,5.032712468803516
1977,S. aureus,LNLKGIFKKVASLLT,1.51851394,15,4.48148606,1977,1977,train,3,4.581842703727139,4.529077012022588,4.682736121291403,4.324600859342311,4.46645898630497,4.437842911500004,4.576024832033662,4.4095607,4.481486059781358
1978,S. aureus,LNLKGLFKKVASLLT,1.77815125,15,4.22184875,1978,1978,train,2,4.321962811279473,4.219544981506772,4.661571309185725,4.152274029241925,4.45321596845572,4.269409462029997,4.576876457842626,4.224057,4.221848750244003
1979,S. aureus,LNLKGLIKKVASLLN,1.77815125,15,4.22184875,1979,1979,train,2,4.321717446048278,3.524317101079941,4.633357800318168,3.5144472691845934,4.367771843726936,4.382301364049996,4.582644703995046,4.3009167,4.221848750009445
1980,S. aureus,LNWGAALKHAAK,2.0,12,4.0,1980,1980,train,1,4.099803654556743,4.232797481425611,4.5163513789764105,4.231427076627485,4.3314156418322405,4.117493306769999,4.363061513739852,4.020607,4.0000000000666
1981,S. aureus,LNWGAFLKHFFK,1.336459734,12,4.663540266,1981,1981,train,4,4.732276643163447,3.9423165301929846,4.776134645140351,3.917290480041402,4.725178635829,4.686544922079998,4.596569578527358,4.61749,4.663540265980443
1982,S. aureus,LNWGAGLKHGGK,2.0,12,4.0,1982,1982,train,1,4.099836300036763,4.0561723234710545,4.3951185442723,4.154050707292923,4.243464906533139,4.07699447346,4.159068104965355,3.9838185,3.9999999999665348
1990,S. aureus,LNWGAWLKHWWK,1.301029996,12,4.698970004,1990,1990,train,4,4.732276643163447,4.528118919194765,4.818248091151744,4.386323863220722,4.812406057176319,4.705467902159994,4.928723850210092,4.7304797,4.69897000397814
1993,S. aureus,LPFFLLSLIPSAISAIKKI,0.397940009,19,5.602059991,1993,1993,train,8,5.502205497054998,5.076101914647353,4.8230569569063535,4.910558856460314,4.8713894083762375,5.296799105439993,4.895451252635004,5.4481645,5.6020599906933075
1994,S. aureus,LPKVMAHMK,2.0,9,4.0,1994,1994,train,1,4.100048113668331,3.6884925542257236,4.6191756854294725,3.676181653911376,4.53251220932404,4.05446071382,4.210466218092512,4.005857,3.999999999947167
1995,S. aureus,LPRRNRWSKIWKKVVTVFS,0.956377373,19,5.043622627,1995,1995,train,6,4.943794677217555,5.139025121600864,4.857016515105053,5.193099119489251,4.924967725602766,4.926555217689994,5.002487777096208,4.992617,5.0436226270171005
1996,S. aureus,LPVLFKLASKVFPAVFSSLK,1.766429833,20,4.233570167,1996,1996,train,2,4.333737634227963,4.31537788070532,4.833438939661009,4.370943818152536,4.767490831805448,4.264781184659996,4.594475126717153,4.2518024,4.233570167033991
1997,S. aureus,LPVVFRVASKVFPALISKLT,2.068650943,20,3.931349057,1997,1997,train,1,4.031525897526659,4.396653934248227,4.832958657873452,4.320039907147029,4.7640599867137485,4.098241759839994,4.505172468598311,4.062779,3.931349057103637
1998,S. aureus,LQFPVGRVHRLLRK,0.968821798,14,5.031178202,1998,1998,train,6,4.931334712121412,4.869796136020882,4.79333039348397,5.058862709857514,4.816678192793594,4.985433458769996,4.9638942868799925,4.9632645,5.03117820185368
1999,S. aureus,LQKYYARVRGGRAAVLS,2.196494837,17,3.803505163,1999,1999,train,0,3.9033946148898067,3.9241439968277536,4.707902168449335,3.8896897088025,4.692709443177019,4.064820486130005,4.399330059992191,3.822811,3.803505163001057
2000,S. aureus,LQKYYWRVRGGRWAVLS,1.845987061,17,4.154012939,2000,2000,train,2,4.253841439266948,4.391224044406069,4.864444445074124,4.518962846460564,4.901547694961717,4.465042836149998,4.819733224638479,4.2065973,4.1540129390536835
2001,S. aureus,LRAAHRLAIGRR,1.401160987,12,4.598839013,2001,2001,train,4,4.698678582212992,4.575568933906838,4.587386643486631,4.489385927188959,4.479595619530871,4.520564527949993,4.492556581972372,4.590096,4.598839012960764
2002,S. aureus,LRALLRALLRAL,0.356058277,12,5.643941723,2002,2002,train,9,5.543778059970275,5.3405096109328705,4.804428966499418,5.348513067291479,4.822525925911413,5.411730424620006,5.120113425887129,5.6245527,5.643941722772466
2003,S. aureus,LRFIKKILKKLI,-0.204119983,12,6.204119983,2003,2003,train,9,6.1042677863670125,5.2718222014543485,4.902665145172039,5.17214588907878,4.947377414290439,5.923405981170007,5.23441439244785,5.9396477,6.204119982425936
2004,S. aureus,LRFILWWKR,0.204119983,9,5.795880017,2004,2004,train,9,5.69598302066472,5.749096403261456,4.9815822469076485,5.710923094233583,5.0782208530265915,5.600008203969997,5.305227410692832,5.7481294,5.795880016969412
2005,S. aureus,LRFLKKALKKLF,-0.204119983,12,6.204119983,2005,2005,train,9,6.104389479563194,5.122979253231937,4.840478269261661,5.1881196514119505,4.87484244390589,5.938040886410006,5.132530074111095,5.9828916,6.204119981710064
2006,S. aureus,LRFLKKILKHLF,0.176091259,12,5.823908741,2006,2006,train,9,5.7237696236158,5.394464413144083,4.918132559395575,5.398434939690007,4.981020755402886,5.646854392090005,5.131023498933806,5.7830467,5.823908741279601
2007,S. aureus,LRFLKKILKKLF,0.176091259,12,5.823908741,2007,2007,train,9,5.723738112122757,5.203308291023782,4.913404013137454,5.107896744428493,4.970075053910179,5.766935454140006,5.1745031629315354,5.843407,5.8239087412774735
2009,S. aureus,LRIIKKILKKLI,0.477121255,12,5.522878745,2009,2009,train,8,5.422714084471519,4.992137389965265,4.891363115965347,4.919072070563248,4.929214173850617,5.376219918840005,5.0700838323059045,5.4633565,5.5228787447003596
2011,S. aureus,LRILRRLLRRLF,0.795880017,12,5.204119983,2011,2011,train,6,5.104294563605114,5.157045895535182,4.94113271122434,5.173074495146772,5.01659416581455,5.230366738910001,5.18254197072802,5.22488,5.204119982367046
2012,S. aureus,LRIVKLILKWLR,0.602059991,12,5.397940009,2012,2012,train,7,5.297658669249453,5.371575147314213,4.9795361268016345,5.527276795968123,5.176097815301465,5.278332156610007,5.402571402098356,5.370289,5.397940009014711
2013,S. aureus,LRKAKKIAKKLF,1.397940009,12,4.602059991,2013,2013,train,4,4.702130727739651,4.6983567121715595,4.702150859295225,4.59308530113016,4.694442129375168,4.601711127899994,4.717824318799866,4.5603433,4.602059991036415
2014,S. aureus,LRKFRNKIKEKLKKIGQKI,1.44870632,19,4.55129368,2014,2014,train,4,4.651446089852148,4.025798166130712,4.759147137195159,4.170137117926943,4.728016248141414,4.42878152868,4.6235058415821,4.478614,4.551293679579163
2015,S. aureus,LRKFRNKIKEKLKKIGQKIQG,1.991226076,21,4.008773924,2015,2015,train,1,4.108603405475395,4.237377678772552,4.754527434383845,4.261004343480571,4.729183954979911,4.182764016270003,4.504584280840731,4.067643,4.008773924318461
2016,S. aureus,LRKLKKILKKLF,0.795880017,12,5.204119983,2016,2016,train,6,5.1042871019462766,5.287506717682183,4.853869921636608,5.245763470001509,4.89929353897636,5.22405409389,5.13782881549629,5.3338647,5.204119983656264
2017,S. aureus,LRKLLLLLRL,1.408009954,10,4.591990046,2017,2017,train,4,4.692162213098458,4.731239678515035,4.942742056337394,4.796486128248893,4.994839375286227,4.7090255394899945,4.9364540407717845,4.646253,4.591990046933388
2018,S. aureus,LRKLRKRLLLRKLRKRLL,1.129837691,18,4.870162309,2018,2018,train,5,4.770337111288558,5.175620772694744,4.95212770913864,5.008221698841361,5.01890782710412,4.964041502900005,5.033963640400152,4.891406,4.870162308476629
2019,S. aureus,LRKLRKRLVRLASHLRKLRKRLL,0.738188556,23,5.261811444,2019,2019,train,7,5.16190390477041,5.284697669417347,4.971506712952246,5.220169010298473,4.975066626281788,5.155722867519996,5.015637726966701,5.237721,5.261811443115285
2020,S. aureus,LRLKKRRWKYRVPP,0.625174995,14,5.374825005,2020,2020,train,7,5.274725009880877,4.953262603126305,4.815762796030759,5.070100681767494,4.811923342988338,5.194794604999996,4.762352032346068,5.3142123,5.374825004948191
2021,S. aureus,LRPAILVRTK,2.642400185,10,3.357599815,2021,2021,train,0,3.4576496677058057,4.076067799891052,4.624444662784802,4.0829000344041315,4.607082220236483,3.7806658247599993,4.190340138279766,3.4278965,3.3575998150974047
2022,S. aureus,LRRIIRKIIHIIK,0.776722299,13,5.223277701,2022,2022,train,7,5.123455279064043,5.0729707372633674,4.910066208708602,4.98366001386833,4.982355658992154,5.138417694899991,4.970353334560361,5.1388345,5.223277700654685
2023,S. aureus,LRRIIRKIIHIIKK,1.045677443,14,4.954322557,2023,2023,train,5,4.854470462939926,4.880686744626525,4.905879833749421,4.985362015826864,4.9830648721180575,4.996844455370004,5.05342455936483,5.0066643,4.954322556998138
2024,S. aureus,LRRLRKWLRRLLKLL,0.795880017,15,5.204119983,2024,2024,train,6,5.1042938047694975,5.226705144678972,4.987019373686477,5.124941765298671,5.079023514468453,5.22601582879,5.273371256134097,5.22781,5.2041199837015855
2025,S. aureus,LRRLWLRANRL,2.10720997,11,3.89279003,2025,2025,train,1,3.9929485575387424,4.1951428626341185,4.741084546392625,4.342668497523335,4.727498781881447,4.301552237280001,4.778044920394404,3.9828885,3.892790030275494
2026,S. aureus,LRRLWLRANRLLRRLWLRANRL,0.477121255,22,5.522878745,2026,2026,train,8,5.4228182911058935,4.985576746296475,5.0009334549109985,5.022298929856157,5.114536170871592,5.1915728629300055,5.204357491320121,5.4607773,5.5228787446644
2027,S. aureus,LRRWIRIRW,0.113943352,9,5.886056648,2027,2027,train,9,5.785891865805121,5.018142240201677,4.89385349349512,5.025597695851193,4.940056257582358,5.6501455723000085,5.208334673673619,5.7399344,5.8860566475599745
2028,S. aureus,LRVRLASHLRKLRKRLL,2.0,17,4.0,2028,2028,train,1,4.100208991130242,5.060037360888804,4.833398247762895,5.0622668672360325,4.742612629680517,4.551350941919999,4.805565701588151,4.1822486,4.000000000941625
2030,S. aureus,LRWLRWG,2.10720997,7,3.89279003,2030,2030,train,1,3.993065823339132,3.837321291388637,4.827702307161464,3.7728010312544304,4.837843336928361,3.9986354455600015,4.174977522865879,3.9018593,3.8927900299780056
2031,S. aureus,LRWQNEMRKV,2.477121255,10,3.522878745,2031,2031,train,0,3.6228446407204338,3.411586964725016,4.417017272847084,3.389588202000164,4.322587663671069,3.6629942605700045,3.711382539999676,3.5155578,3.5228787449609715
2032,S. aureus,LRWTPTPSYPRYPTRSRGSRWSR,1.505149978,23,4.494850022,2032,2032,train,3,4.594953101164909,4.112332559199539,4.775598090060049,4.037544895309258,4.844415214342754,4.524153027789994,4.6772811904178635,4.5021048,4.494850021966524
2033,S. aureus,LRWWWIKRI,0.530286331,9,5.469713669,2033,2033,train,8,5.369870491170856,5.5581904804691336,4.967266271746931,5.530519982496586,5.020841120227814,5.446731473349996,5.22384942271717,5.4683256,5.469713669160329
2034,S. aureus,LSPAAMASLA,2.301029996,10,3.698970004,2034,2034,train,0,3.79864212935819,3.3618710310873414,4.3515204467027075,3.437310041396629,3.815583874934142,3.8140312754399956,3.777060856939116,3.685093,3.698970003973495
2035,S. aureus,LSPAVMASLA,2.301029996,10,3.698970004,2035,2035,train,0,3.7988452556425187,3.3003934835469178,4.435672650167136,3.2533208763275736,4.0160232951202355,3.791526796029995,3.7119260624270756,3.689307,3.6989700039699698
2036,S. aureus,LVKKLLKLAMGFG,1.977723605,13,4.022276395,2036,2036,train,1,4.122319868246153,4.215840764884723,4.790456159190903,4.297564060539457,4.789247923199769,4.4000334964300025,4.641875788190729,4.0904474,4.022276395024894
2037,S. aureus,LVKLVAGIKKFLKWK,1.733983499,15,4.266016501,2037,2037,train,2,4.36601237616708,4.644134736525518,4.87368603866299,4.5833509661321985,4.930660241497859,4.552247361910003,4.936925443051192,4.387024,4.266016501072009
2038,S. aureus,LVKRFKKFFRKLKKS,1.522107633,15,4.477892367,2038,2038,train,3,4.577709840530403,4.462776782733982,4.846659988644872,4.396477287204599,4.932453592598084,4.476829820729995,4.720414650161668,4.4725437,4.477892366813995
2041,S. aureus,LVKRFKKFFRKLKKSVKK,1.4561311,18,4.5438689,2041,2041,train,3,4.643701951983875,4.785281751773404,4.897787374925602,4.6952951812238055,5.008004958059617,4.555166463410003,4.897107349400349,4.597766,4.543868900182791
2042,S. aureus,LVQRGRFGRFLRKIR,1.204119983,15,4.795880017,2042,2042,train,4,4.732276643163447,5.152077277022988,4.779321938279119,5.126036003633833,4.854745108563302,4.8613295163600005,4.925920344604805,4.7752547,4.795880017022735
2043,S. aureus,LWGTRSGIQP,2.0,10,4.0,2043,2043,train,1,4.100093737906761,3.9458427876692768,4.523057698627255,3.8613655087654557,4.358572308951734,4.088641634180001,4.100507388001125,3.9821901,3.999999999972306
2044,S. aureus,LWKTLLKKVLKAAA,0.954242509,14,5.045757491,2044,2044,train,6,4.945615151545829,5.107903238610774,4.767931410481731,5.10229431104556,4.758293471757538,5.056015761960004,4.982452672457178,5.0744452,5.045757491309752
2045,S. aureus,LYRRRFVVGR,1.397940009,10,4.602059991,2045,2045,train,4,4.702255201142776,4.617338816760616,4.775068939588855,4.599130538000525,4.771705168087767,4.6602867778999935,4.629003048279826,4.6199203,4.6020599912696865
2046,S. aureus,MAIVGTIIKIIKAIIDIFAK,1.806179974,20,4.193820026,2046,2046,train,2,4.293926082757997,4.3881549344523725,4.800187832529365,4.433606431101381,4.858401743808055,4.5448655764000065,4.491133712734611,4.225157,4.193820026052129
2047,S. aureus,MGIIAGIIKVIKSLIEQFTGK,1.806179974,21,4.193820026,2047,2047,train,2,4.29399507290406,4.37650007076542,4.686165704377738,4.354432739707144,4.6690258705175305,4.386564172710006,4.641429685221354,4.2140775,4.193820026071746
2048,S. aureus,MIHGLVTRR,1.965642952,9,4.034357048,2048,2048,train,1,4.13445511810315,4.6100313787295715,4.6309566818825765,4.647871347738448,4.599852108003045,4.148442696690003,3.991349672744878,4.0171337,4.034357048001179
2049,S. aureus,MKTFLRLYRSLINKVLH,0.875207238,17,5.124792762,2049,2049,train,6,5.02438300964493,4.725702671007222,4.9030340309162845,4.69960637133424,4.9366095894031,5.067540917550004,4.95142160548985,5.1243606,5.124792762029608
2050,S. aureus,MKTFLRLYRSLINKVLHV,0.855474945,18,5.144525055,2050,2050,train,6,5.044383654175544,4.727704743623311,4.93991375125942,4.7818299545897975,4.985830208928285,5.053884114429994,4.910201969288964,5.1581197,5.144525054911438
2051,S. aureus,MMRVMRRKTKVIWEKKDFIGLYSID,-0.006234127,25,6.006234127,2051,2051,train,9,5.9063074548971475,5.599041327471107,4.87482533853616,5.4794056364978045,4.888450276542752,5.4834630301700065,5.27736885283599,5.9462566,6.006234126964771
2052,S. aureus,MPLSWFFPRTWGKR,1.839437141,14,4.160562859,2052,2052,train,2,4.260532584798408,4.521042812336851,4.713867667234027,4.589528461930866,4.746402759195578,4.3869859665499975,4.590478539848826,4.1546593,4.160562859009207
2053,S. aureus,MWITNGGVANWYFVLAR,1.096910013,17,4.903089987,2053,2053,train,5,4.802924979302061,4.13306111919779,4.90177057405473,4.122551771940256,4.893645576503364,4.8409314238499945,4.69856386906107,4.88203,4.90308998695283
2054,S. aureus,MWSKILGHLIR,1.653212514,11,4.346787486,2054,2054,train,3,4.4466228692935985,4.355370421962953,4.748552531420676,4.314441733190599,4.786577321609636,4.497265498389997,4.710565845555653,4.424132,4.346787485981019
2055,S. aureus,NFAEIFAAVNKLIKQGVVKG,1.698970004,20,4.301029996,2055,2055,train,2,4.40116348832183,3.8119954909690503,4.651916894402428,3.8038796304322444,4.609096154611056,4.454713593350003,4.3755544688806935,4.3108773,4.301029995997883
2056,S. aureus,NFLDTLINLAKKFI,1.698970004,14,4.301029996,2056,2056,train,2,4.401147534728745,4.679989675432547,4.604269107079969,4.685813657165256,4.559640002543609,4.437607321730006,4.7634702598968826,4.2826495,4.301029995986528
2057,S. aureus,NFLGTLINLAKKIM,1.681241237,14,4.318758763,2057,2057,train,3,4.418780244919068,4.200356841639698,4.765234716309398,4.259348492619437,4.699838846695443,4.508811714950005,4.733312019903427,4.407884,4.3187587630038005
2059,S. aureus,NGVQPKY,2.39529341,7,3.60470659,2059,2059,train,0,3.7048770375390507,2.946663642057604,4.432080510246262,2.954351861693386,4.14495554468015,3.764902244679996,3.566162145446637,3.5587308,3.6047065899440294
2060,S. aureus,NGVQPKYKWWKWWKKWW,1.276287636,17,4.723712364,2060,2060,train,4,4.695993315050754,4.765000285480539,4.974132760323784,4.81916910747451,5.0285839224597675,4.659599247879999,4.807146284572114,4.6613846,4.723712362906291
2061,S. aureus,NGVQPKYKWWKWWKKWWW,1.540566319,18,4.459433681,2061,2061,train,3,4.559274636598535,4.8970888945696025,5.030912994219308,4.919237065260354,5.109345134746039,4.523387552620004,4.945033265788162,4.5171995,4.459433682244419
2062,S. aureus,NGVQPKYRWWRWWRRWW,1.553030812,17,4.446969188,2062,2062,train,3,4.54697162034083,4.8107454392364035,5.007867192505156,4.729121896734133,5.084069365975382,4.561047601850008,4.799818949923735,4.4567833,4.446969189214405
2063,S. aureus,NGVQPKYRWWRWWRRWWW,1.522385521,18,4.477614479,2063,2063,train,3,4.57770435740265,4.910737859973295,5.063764503978825,4.91858154396051,5.163142465044842,4.525491299100005,4.937705931139783,4.495813,4.477614478596644
2064,S. aureus,NGVQPKYRWWRWWRRWWWW,1.493760865,19,4.506239135,2064,2064,train,3,4.606294735402648,5.107916153183788,5.123020280889413,5.09184263354601,5.255304878799125,4.5907807678399974,5.0129240148199505,4.5057507,4.506239134120808
2065,S. aureus,NGVQPWYKWWKWWKKWW,1.562340664,17,4.437659336,2065,2065,train,3,4.537091881427019,4.397905455145409,5.05819595420822,4.5796295633163195,5.1766599505283,4.575629469260005,4.912218018574359,4.5032544,4.437659335957237
2066,S. aureus,NILNTIINLAKKIL,0.681241237,14,5.318758763,2066,2066,train,7,5.2186964482455656,4.776641198166406,4.768397429143367,4.87431125360906,4.653789891652048,5.017546117930003,4.908516366754268,5.246448,5.318758762928342
2067,S. aureus,NILSSIVNGINRALSFFG,1.290357649,18,4.709642351,2067,2067,train,4,4.732276643163447,5.146245723259745,4.768460656519992,5.1887615279748935,4.812436918845057,4.719392066850005,4.7430461869021805,4.7740088,4.709642351034993
2068,S. aureus,NIRRIIRKIIHIIKKY,0.682436475,16,5.317563525,2068,2068,train,7,5.217558479262004,4.908370460785331,4.949649107091645,4.7383138354092385,4.976609650572438,5.219950897590008,5.029916839269397,5.287237,5.317563525003819
2070,S. aureus,NLLGSLLKTGLKVGSNLL,1.40654018,18,4.59345982,2070,2070,train,4,4.693578063904717,4.503229358098226,4.709280917985406,4.397865939136131,4.676641641638783,4.552372053940003,4.613148969638642,4.61817,4.593459819870645
2071,S. aureus,NLLKSALKTVNKLLAAS,2.10720997,17,3.89279003,2071,2071,train,1,3.9929469841827387,4.083074802394107,4.628390215968544,4.40517337121937,4.41962574204982,4.146193963429999,4.425203213167005,4.0017614,3.8927900302151897
2072,S. aureus,NLLNDALGTVNGLLGRS,1.505149978,17,4.494850022,2072,2072,train,3,4.59499430953368,4.13016064262724,4.397222908848884,3.914864846336495,4.287614441191688,4.506780987459994,4.434135239221187,4.4206357,4.494850022008052
2073,S. aureus,NLLNKALGTVNGLLGRS,1.505149978,17,4.494850022,2073,2073,train,3,4.594922678415045,4.5957147904805735,4.557546758441463,4.391914703790402,4.4682347405750615,4.479402658859994,4.548953253645467,4.479185,4.494850021926378
2074,S. aureus,NLRRIIRKIIHIIKKY,0.682436475,16,5.317563525,2074,2074,train,7,5.217529268538443,4.961495253570949,4.929440839085738,4.756615258182794,4.962945171157881,5.232629730000009,5.071105888030251,5.2332015,5.317563525075835
2075,S. aureus,NLVSGLIEARKYLEQLHRKLKNRKV,1.963787827,25,4.036212173,2075,2075,train,1,4.136383682077845,3.79930788606975,4.711746678217237,3.8694845315214144,4.735633344833673,4.361009123890007,4.845983956680054,4.217542,4.03621217305501
2076,S. aureus,NLWAGILKHIIK,1.564666064,12,4.435333936,2076,2076,train,3,4.535506760686001,4.541012912057569,4.741680023843708,4.646906568642738,4.718217230124328,4.587278793110003,4.691561482621166,4.5556397,4.435333935982483
2077,S. aureus,NQHGQVVKIFHH,3.204119983,12,2.795880017,2077,2077,train,0,2.8959249134467333,3.5316201683650554,4.593626220312119,3.580624124111732,4.479773183619067,3.359820784920001,3.8345993860052228,2.8901958,2.7958800170022724
2078,S. aureus,NTVKETIKYLKSLFSHAFEVVKT,0.77815125,23,5.22184875,2078,2078,train,7,5.122020109022351,5.604923260227035,4.6954032114973545,5.583884981147303,4.648937079002291,5.0318116399999955,4.825883624657794,5.185899,5.221848749982487
2079,S. aureus,NVLSSVANGINRALSFFG,1.303148362,18,4.696851638,2079,2079,train,4,4.732276643163447,4.677230748241009,4.6945067467519435,4.7141740021970255,4.644878437366397,4.68563881179,4.639197207902291,4.675613,4.69685163800712
2080,S. aureus,NVWKKILGKIIKVAK,1.294466226,15,4.705533774,2080,2080,train,4,4.732276643163447,4.853861770954291,4.789742364468934,4.739641762376207,4.7990095820408065,4.833365802060002,4.791987294567485,4.68427,4.705533774006118
2081,S. aureus,NWRKILGQIASVGAGLLGSLLAGYE,1.286176732,25,4.713823268,2081,2081,train,4,4.732276643163447,5.511560709148707,4.68128430007785,5.519581136907176,5.105542125641603,4.68601021216,4.562273665390645,4.67873,4.713823267989716
2082,S. aureus,NWRKLYRRK,1.937016107,9,4.062983893,2082,2082,train,2,4.163285733872468,4.361072441041191,4.709814964551053,4.456670262447784,4.553639329569719,4.144168726870006,4.398631080823592,4.140304,4.062983893077866
2083,S. aureus,NWVKEWIKYLKSLFSHAFEVVKT,0.77815125,23,5.22184875,2083,2083,train,7,5.121735056032144,4.797901557773895,4.806688410393658,4.8187714981467895,4.828461035817397,5.047387838889997,5.1926839404134295,5.228154,5.221848749996814
2084,S. aureus,PFKISIHL,1.020376063,8,4.979623937,2084,2084,train,5,4.879764092921972,4.8634409563908,4.72062463164435,4.811545152292798,4.647274846816187,4.834477569750003,4.519323454362722,4.9448647,4.979623936999215
2085,S. aureus,PFKLSLHL,1.108421692,8,4.891578308,2085,2085,train,5,4.791539300102998,4.875126834066968,4.636150528737981,4.836981078107199,4.593618183134954,4.792889362530006,4.64565618032655,4.8816175,4.891578308027575
2086,S. aureus,PGKYGFYTHVFRLKKWIQKVI,0.795880017,21,5.204119983,2086,2086,train,6,5.1042761242347865,4.601539745780015,4.983352000464258,4.680880426729629,5.087877675321537,5.098081809189999,5.151820705497602,5.2094173,5.204119982960521
2087,S. aureus,PKAMRLLRRLLRLQKKG,1.488611223,17,4.511388777,2087,2087,train,3,4.611225147469475,5.522763426964117,4.799068078819167,5.249556222520832,4.833359707866411,4.708277972929995,4.902010786416361,4.604821,4.51138877730164
2088,S. aureus,PKKKRKV,2.698970004,7,3.301029996,2088,2088,train,0,3.400859018735934,3.5241618156397228,4.428505160360994,3.674404907370864,4.231105708889747,3.5369415625100045,3.5843492225572104,3.308517,3.3010299960086
2091,S. aureus,PKLLKFLKWIG,0.903089987,11,5.096910013,2091,2091,train,6,4.997067044763419,4.966108132941348,4.810603519752987,4.861472346989367,4.812904207019539,4.905652294740006,4.832188539983636,5.090788,5.096910012963065
2093,S. aureus,PKLLKKFLKKWIG,1.113943352,13,4.886056648,2093,2093,train,5,4.785448647333857,4.8395171465500475,4.792582863407451,4.726100925795139,4.789852436396892,4.838605738560006,4.908475897833603,4.92155,4.8860566480277825
2094,S. aureus,PKLLKTFLKWIG,1.146128036,12,4.853871964,2094,2094,train,5,4.754047781091394,4.8029716049243225,4.790146343928337,4.660152773417198,4.786239672025076,4.835916179140003,4.67887530437528,4.8486204,4.853871964105043
2096,S. aureus,PKLLKTFLSKWKKIG,1.230448921,15,4.769551079,2096,2096,train,4,4.732276644966849,4.791155901603839,4.7328129539159844,4.865198256871029,4.748511111940936,4.715819298269997,4.868076790515904,4.6910114,4.769551078835586
2097,S. aureus,PKVTITIQGSARF,1.505149978,13,4.494850022,2097,2097,train,3,4.594713138892677,4.7396321061472495,4.569717850839447,4.612684221853514,4.515021390554457,4.571600774659998,4.338975143648088,4.4863853,4.4948500219470775
2098,S. aureus,PLPFPRPGPRPIPRP,2.698970004,15,3.301029996,2098,2098,train,0,3.4011418342315585,4.232339257664285,4.457526920429245,4.208931974556769,4.337751581168173,3.5263783404500044,3.909605869453434,3.4615827,3.301029996268878
2100,S. aureus,PPRLPRPRPRPLPFPRPG,2.698970004,18,3.301029996,2100,2100,train,0,3.401102189646802,3.581380614589672,4.467593794675544,3.7195021601829,4.392371028285939,3.4196820893800055,3.8764235332655623,3.365782,3.301029996043358
2101,S. aureus,PRPFPGRPKPIFRPR,2.0,15,4.0,2101,2101,train,1,4.099849920765433,3.8672724121438558,4.490539199129487,3.917070190600009,4.402917750613335,3.99861140549,4.1416037089925695,3.9999495,3.9999999999657687
2102,S. aureus,PRPGPRP,2.217404889,7,3.782595111,2102,2102,train,0,3.8827682267584063,3.3699246548627784,4.136845999429828,3.380006270488218,4.011163400544559,3.776777930639997,3.6715055807492747,3.7316062,3.7825951109864233
2103,S. aureus,PRPLPFPRPG,2.698970004,10,3.301029996,2103,2103,train,0,3.401133131028197,3.4072583115364585,4.327288988841209,3.3732715592194022,4.183358898973538,3.548964761870004,3.6071744915931707,3.3206375,3.3010299960457883
2104,S. aureus,PRPLPFPRPGPRPI,2.10720997,14,3.89279003,2104,2104,train,1,3.9925680136113786,3.6364339711554297,4.43823445329517,3.633161128508683,4.29578518014025,3.7841568111900012,3.910138118944477,3.8293855,3.8927900297697637
2105,S. aureus,PRPLPRP,2.187083981,7,3.812916019,2105,2105,train,0,3.912801014156935,3.73673817060617,4.1692523673109045,3.619774586071615,4.061887901577398,3.812363683579999,3.6424854464839216,3.8053463,3.8129160189619977
2106,S. aureus,PRPPRLPRPRPRPLPFPRPG,2.698970004,20,3.301029996,2106,2106,train,0,3.4009122524635598,3.88803466443097,4.491981068312561,3.8062257134606496,4.437519683975182,3.5556201412600053,3.9176773504223252,3.362111,3.3010299962430745
2107,S. aureus,PRPRPLPFPRPG,2.698970004,12,3.301029996,2107,2107,train,0,3.401205016157172,3.1310900873557688,4.334379670256395,3.2892294235359514,4.208461961866052,3.524476642940004,3.8958947549530962,3.3141437,3.3010299959797846
2108,S. aureus,PRPRPRP,2.165185439,7,3.834814561,2108,2108,train,1,3.9349838464225995,3.2210034353142745,4.083675046770602,3.3048036572762527,4.017296396516085,3.8450505240199946,3.7653325676671523,3.8241248,3.8348145608731907
2109,S. aureus,PRPRPRPLPFPRPG,2.698970004,14,3.301029996,2109,2109,train,0,3.401201590527399,3.350361421538034,4.356762602511847,3.3916061012719942,4.257643987357504,3.4575691761800043,3.946534751143144,3.3384936,3.3010299960296194
2110,S. aureus,PRPWPRP,2.150533846,7,3.849466154,2110,2110,train,1,3.949645889696699,3.7951963013948777,4.293904358986475,3.8883138824937133,4.262646070724481,3.8261205611600038,3.6951048846664625,3.8508017,3.8494661539695008
2111,S. aureus,PVGRVHRLLRK,1.682123414,11,4.317876586,2111,2111,train,3,4.417467960657572,4.362241007380855,4.676833972980197,4.43286230943408,4.6599175734736615,4.511108446020004,4.576962880514054,4.3353095,4.317876585984287
2113,S. aureus,QAKIRVRLSA,1.748754472,10,4.251245528,2113,2113,train,2,4.351203620848515,4.463808692644699,4.547775770818579,4.418496135314025,4.428406744116765,4.255059932400005,4.175975283164137,4.2471313,4.251245527991133
2114,S. aureus,QFPVGRVHRLLRK,1.600453174,13,4.399546826,2114,2114,train,3,4.499663306564966,5.0199096781341845,4.742305844708537,4.7727314632860995,4.739365991717683,4.532625696360004,4.771621392143234,4.448497,4.3995468261431645
2115,S. aureus,QGDGNFVIYTWKP,2.176091259,13,3.823908741,2115,2115,train,0,3.92374849583184,3.9037959956747224,4.478115704339839,3.9190778718871524,4.3579076494071005,4.032359592670004,4.287711800545446,3.8334727,3.8239087409780437
2116,S. aureus,QHSSGKSDVRRW,2.0,12,4.0,2116,2116,train,1,4.100176574712876,3.6588041013374393,4.24607454958679,3.689666929971832,4.050831637738214,4.137275474429999,3.9705208280283713,4.0046496,4.000000000018157
2117,S. aureus,QIAALEQEIAALEQEIAALQ,2.397940009,20,3.602059991,2117,2117,train,0,3.702189153110245,3.8783321639286408,4.258049566177908,3.9808139731477774,4.190076019769355,4.145295598509994,4.253994107246106,3.666367,3.602059990981601
2118,S. aureus,QKAIRVRLSA,1.748754472,10,4.251245528,2118,2118,train,2,4.351074498963262,4.153195060442551,4.52794444996505,4.210348835271879,4.376573742542399,4.216631146540006,4.033036177564103,4.2294264,4.251245528021284
2119,S. aureus,QKALNEINQF,0.243038049,10,5.756961951,2119,2119,train,9,5.657021490593457,5.318574543932793,4.242222199365893,5.389171273318974,3.9121802705076854,4.948996213859997,4.6882719375542665,5.7095394,5.756961950916229
2120,S. aureus,QKKARVRLSA,1.743078576,10,4.256921424,2120,2120,train,2,4.356801087656465,4.394693126772311,4.467774671098275,4.368962355050276,4.308386992220425,4.250180583379997,4.158042120039755,4.2341743,4.256921424058145
2121,S. aureus,QKKIAVRLSA,1.759546661,10,4.240453339,2121,2121,train,2,4.340543723353828,4.1961636293444515,4.513358165470116,4.209110309244117,4.348562495114324,4.221690696599999,4.030127912746219,4.212511,4.240453338955501
2122,S. aureus,QKKIRARLSA,1.737842396,10,4.262157604,2122,2122,train,2,4.362398677675318,3.9841004775415705,4.475601694911363,3.9543849821774457,4.322667218101185,4.2611621973299965,4.194727854097743,4.234097,4.262157603966678
2123,S. aureus,QKKIRVALSA,1.759546661,10,4.240453339,2123,2123,train,2,4.340397338717286,4.618420099071014,4.536096714809457,4.613384443828117,4.400772793626288,4.25689032579,4.2107543937882115,4.2143703,4.240453339100395
2124,S. aureus,QKKIRVRASA,1.743078576,10,4.256921424,2124,2124,train,2,4.35676099321299,3.9009051587566725,4.45546208397134,3.8933906665727163,4.028912967098308,4.251618445479997,4.009379388406892,4.2106285,4.256921423963828
2125,S. aureus,QKKIRVRLSA,1.949404492,10,4.050595508,2125,2125,train,1,4.15053925888866,4.457296620801469,4.5578998545489915,4.416470111752891,4.430736998875863,4.157289381509998,4.245656261773534,4.189259,4.050595508025928
2126,S. aureus,QKRIRVRLSA,1.717521168,10,4.282478832,2126,2126,train,2,4.3824752686714845,4.63873143325639,4.571443925058445,4.6133589209278165,4.456012417829086,4.282089463739996,4.223587239578987,4.247231,4.282478831922564
2127,S. aureus,QLKVDLWGTR,2.0,10,4.0,2127,2127,train,1,4.100048107633179,3.9768621195111926,4.3835537096820545,4.113393150126109,4.301056984677943,4.06678284761,3.9231277389734687,3.97312,3.9999999999741864
2128,S. aureus,QLKVDLWGTRSGI,2.0,13,4.0,2128,2128,train,1,4.100175046904322,4.478901694899307,4.45696793045507,4.469343471535533,4.40472091016519,4.190115424809999,4.094574292610342,4.0483823,4.000000000006428
2129,S. aureus,QPFSLERW,2.276231958,8,3.723768042,2129,2129,train,0,3.8238494035945645,3.210720755499327,4.36382074685593,3.2506056824317056,4.11231834068318,3.7952718795100013,3.694422490671265,3.720545,3.7237680419588304
2130,S. aureus,QQRFEWEFEQQ,2.517646465,11,3.482353535,2130,2130,train,0,3.582182505963254,3.8367591471383875,3.9893853673376207,3.810106787243297,3.820720113698978,4.01321627152,4.050957379631789,3.5152795,3.4823535349394716
2131,S. aureus,QRFSQPTFKLPQGRLTLSRKF,1.595860529,21,4.404139471,2131,2131,train,3,4.5043115963672635,4.725101010958266,4.6468254348342475,4.587527942913676,4.675212471630759,4.439906939990003,4.464675312780046,4.3832726,4.4041394710542425
2132,S. aureus,QRFSQPTFKLPQGRLTLSRKFR,1.569904198,22,4.430095802,2132,2132,train,3,4.529596203425589,4.405494595249068,4.680067276071047,4.3027729008998,4.727819307301596,4.4381396496499965,4.628505666317237,4.458473,4.430095801965593
2133,S. aureus,QRKIRVRLSA,1.717521168,10,4.282478832,2133,2133,train,2,4.38211843902612,3.9747547639448664,4.564931001871992,3.9599949677412996,4.438993720808798,4.275200258339995,4.223587239578987,4.2359047,4.282478831998535
2134,S. aureus,QRPYTQPLIYYPPPPTPPRIYRA,2.301029996,23,3.698970004,2134,2134,train,0,3.798855676226965,3.5539568791538745,4.835363956747851,3.6122025226134786,4.815470869257618,3.981593880459995,4.1665194441424545,3.7288008,3.6989700040317826
2135,S. aureus,QRRIRVRLSA,1.70771322,10,4.29228678,2135,2135,train,2,4.39211818041399,4.129116669896376,4.57858477911676,4.127266420496068,4.464555810683195,4.296718359709995,4.361193941542517,4.289315,4.292286780018035
2136,S. aureus,QTRRLTYKPRTVTYTRGR,1.010299957,18,4.989700043,2136,2136,train,6,4.89006105816347,4.7985877588069,4.683796118893216,4.898890553206861,4.670240088034473,4.805096514490007,4.680646173002298,4.9440804,4.989700042959846
2137,S. aureus,QVFTLIKGATQLIRKTLGEQ,0.551697469,20,5.448302531,2137,2137,train,8,5.348304711829806,4.923670945223309,4.599268404228323,4.81756627056516,4.530826418192461,5.106059761300007,4.859992337932641,5.3837423,5.448302530957699
2139,S. aureus,RAGLQFLVGRVHRLLRK,1.19991782,17,4.80008218,2139,2139,train,5,4.7322765208520785,5.145332768952271,4.7920201891255045,5.124575373372326,4.837507455928962,4.7982501219700024,5.035556388302111,4.9194546,4.800082180111564
2140,S. aureus,RAGLQFPVGKLLKKLLKRLKR,-0.090453671,21,6.090453671,2140,2140,train,9,5.990643245632599,5.2606447267062615,4.855948211303911,5.112688968185926,4.915876876196377,5.663837535109994,5.222852696714364,5.9750843,6.090453670919957
2141,S. aureus,RAGLQFPVGRLLRRLLRRLLR,-0.23217383,21,6.23217383,2141,2141,train,9,6.132058807165186,5.638805973384942,4.917425152799394,5.491143529097533,5.004714839693076,5.94275005877,5.347528319327141,6.111344,6.232173829664471
2143,S. aureus,RAGLQFPVGRVHRLLR,1.533125223,16,4.466874777,2143,2143,train,3,4.567046208913207,4.416777454174308,4.733787767757837,4.563949827608402,4.749760209859549,4.542365078499994,4.708477850642703,4.464472,4.466874777013951
2144,S. aureus,RAVAVIIRLRRV,1.208895527,12,4.791104473,2144,2144,train,4,4.732276642913302,4.271574152415628,4.817417366930064,4.301281029170728,4.826772626362179,4.946349327060006,4.770829978230971,4.780954,4.7911044728404475
2146,S. aureus,RERSKGSKYLYVG,1.604099653,13,4.395900347,2146,2146,train,3,4.495733041199647,4.521182122853841,4.555352394828656,4.377107604383509,4.4176797015824665,4.460041956090004,4.417174228906696,4.3946333,4.395900346962049
2147,S. aureus,RFIYMKGFGKPRFGKR,1.099434813,16,4.900565187,2147,2147,train,5,4.800671243757995,4.612022739570757,4.717469745687195,4.430222469590006,4.742957604829394,4.8084618990399965,4.608733177569139,4.8310146,4.900565186941081
2148,S. aureus,RFRPPIRRPPIRPPFRPPFRPPVR,1.094162624,24,4.905837376,2148,2148,train,5,4.805428750663449,4.899479805258407,4.848210628253527,4.824769179455922,4.922452474435614,4.800817506390006,4.8410042203897605,4.9014673,4.905837375919173
2149,S. aureus,RFRRLFRIRVRVLKKI,0.301029996,16,5.698970004,2149,2149,train,9,5.598813951819404,5.069671926296567,4.976004422543509,5.149766672837702,5.058701097121175,5.526336217349996,5.103050470679631,5.621352,5.698970003500815
2150,S. aureus,RFRRLRDKTRDRLKKI,2.10720997,16,3.89279003,2150,2150,train,1,3.9929836622570773,3.8167490397438875,4.629110692151789,3.86243469197316,4.5714105271336525,3.964506618130002,4.113898406537672,3.8506637,3.8927900299558136
2151,S. aureus,RFRRLRIKTRIRLKKI,1.806179974,16,4.193820026,2151,2151,train,2,4.293927199893855,4.755565186651668,4.873782298918901,4.853958503383943,4.931473665388515,4.408100084140006,4.913592158473354,4.3898687,4.193820026899595
2152,S. aureus,RFRRLRKKFRKRLKKI,2.10720997,16,3.89279003,2152,2152,train,1,3.992685684025224,4.442833023870863,4.855374682191646,4.429621285661394,4.9184950254595705,3.9610990162899986,4.378009090151184,3.8696604,3.89279002922785
2153,S. aureus,RFRRLRKKIRKRLKKI,2.408239965,16,3.591760035,2153,2153,train,0,3.69118122506564,4.460598941005197,4.845926923733536,4.472927634183385,4.9038060813293525,3.758483112729997,4.343340431999733,3.6713889,3.5917600353268937
2154,S. aureus,RFRRLRKKKRKRLKKI,2.10720997,16,3.89279003,2154,2154,train,1,3.9929871098814718,4.31189576903198,4.796150460121952,4.335914817530994,4.827841204120191,3.9881029533100008,4.325538371627784,3.8861341,3.892790029535059
2155,S. aureus,RFRRLRKKTRKRLKKI,2.10720997,16,3.89279003,2155,2155,train,1,3.992448664193091,4.170566908510527,4.792054795042502,4.139779919837691,4.827069084653517,3.9132639261199995,4.264657283513698,3.843238,3.89279003021638
2156,S. aureus,RFRRLRKKWRKRLKKI,2.10720997,16,3.89279003,2156,2156,train,1,3.9931418732688986,4.542879497812663,4.867253623967112,4.527330019593766,4.93727507224756,4.11909789222,4.460691884257366,3.949987,3.8927900318399975
2157,S. aureus,RFRRLRKWTRWRLKKI,0.903089987,16,5.096910013,2157,2157,train,6,4.996504311190978,4.615099292210032,4.917741209536282,4.762287247763521,5.001823031186885,5.091968576000006,5.027427210723221,5.1078324,5.096910012985258
2158,S. aureus,RFRRLRPKTRPRLKKI,2.10720997,16,3.89279003,2158,2158,train,1,3.9929891475479757,4.0103356839307125,4.693391291270198,4.007285401456386,4.730322866449398,4.00776204248,4.334782788110806,3.8826342,3.8927900299627343
2159,S. aureus,RFRRLRWKTRWRLKKI,0.77815125,16,5.22184875,2159,2159,train,7,5.121684216086392,4.875028949192454,4.915905450165367,4.822317914239883,4.997026071105928,5.154989649399999,5.057567215398227,5.189343,5.221848749276143
2160,S. aureus,RFRRLRWRTRWRLRRI,0.602059991,16,5.397940009,2160,2160,train,7,5.297934996056239,4.767996751297252,4.940362663711925,4.752499221064805,5.035913444607633,5.3057770373900075,5.0989275281199635,5.3340406,5.397940008893038
2161,S. aureus,RFRRLRWWTRKRLKKI,0.903089987,16,5.096910013,2161,2161,train,6,4.997013016568546,4.584738116672923,4.916062696485984,4.726117719049906,4.997436966092942,5.103759305930005,5.022314043431816,5.082717,5.096910012964988
2163,S. aureus,RGARIVVIRVAR,1.356014843,12,4.643985157,2163,2163,train,4,4.7322766837349235,4.929853019537788,4.664227179833609,4.9640012524645405,4.750533656505002,4.602156392529995,4.6677870579939515,4.6163416,4.643985156938534
2164,S. aureus,RGDWLWLW,1.946428125,8,4.053571875,2164,2164,train,2,4.1537459129453955,4.135749545758616,4.521877087509046,4.2195448828575906,4.552990510529481,4.0159607207099945,4.10243235457596,4.0386252,4.053571874961122
2165,S. aureus,RGGRLTYTRPRFTVTVGR,1.378118801,18,4.621881199,2165,2165,train,4,4.721526475588572,5.130901207124989,4.664951473740651,5.261723043013346,4.671893452762252,4.658825453839993,4.690738238640427,4.657343,4.6218811990269435
2166,S. aureus,RGGRLYRRRFVVGR,0.301029996,14,5.698970004,2166,2166,train,9,5.598798732082734,4.7398068212674245,4.703008948107456,4.811577574610769,4.701779345379853,5.330368560309996,4.901846313530904,5.61868,5.698970003966949
2167,S. aureus,RGKRWWRRKK,1.397940009,10,4.602059991,2167,2167,train,4,4.702131936067675,4.579229763887821,4.589185986380662,4.595217839815428,4.549641382214964,4.581434429449995,4.56176584692439,4.610816,4.602059991006133
2168,S. aureus,RGLRALGRKIAHGVKAYG,1.016989242,18,4.983010758,2168,2168,train,5,4.883177988424906,4.438427177595752,4.619289607842482,4.569011589486514,4.679849799847805,4.849584725459997,4.647153317955265,4.9690723,4.983010757956139
2169,S. aureus,RGVRPVVQGVKEKVR,1.573938057,15,4.426061943,2169,2169,train,3,4.525707387864726,4.131651673409777,4.610594929694946,4.165589939019452,4.4893220380729115,4.5057977226899935,4.412812150437654,4.3865876,4.426061942914036
2170,S. aureus,RHWRRFWH,2.0,8,4.0,2170,2170,train,1,4.0999778102975135,4.593167998236143,4.769848186406773,4.542534183876958,4.705755917477936,4.316857020679999,4.73771383886836,4.068516,4.000000000105334
2171,S. aureus,RHWRRFWHR,1.096910013,9,4.903089987,2171,2171,train,5,4.8031050147473735,4.271214989554231,4.75676271535062,4.293963552231068,4.692281532234841,4.827558266289994,4.804377055882022,4.813102,4.90308998685306
2176,S. aureus,RIGVLLARLPKLFSLFKLMGKKV,1.316269962,23,4.683730038,2176,2176,train,4,4.732276643163454,5.06739620848485,4.955531422937041,5.09839963953704,5.064950648305614,4.897053578030005,4.987687735088847,4.8041973,4.683730038042673
2177,S. aureus,RIIDLLARVRRPQKPKFVTVWVR,0.494850022,23,5.505149978,2177,2177,train,8,5.40500567908523,5.290051020310989,4.786646186376468,5.30575365213569,4.84214865722951,5.351275257890006,5.285154751707559,5.4278154,5.505149977897423
2178,S. aureus,RIIDLLWRVRRPQKPKFVTVAVR,0.795880017,23,5.204119983,2178,2178,train,6,5.10394951503694,5.198177851365677,4.787505555803092,5.128344641515455,4.844394246112029,5.18583717423,5.119648209722106,5.2321353,5.20411998293335
2179,S. aureus,RIIDLLWRVRRPQKPKFVTVWVR,0.569178765,23,5.430821235,2179,2179,train,8,5.33020797639967,5.218354112262452,4.84884992530951,5.373748660388324,4.931817228549871,5.398680942480002,5.299880381484743,5.3798285,5.430821235114696
2180,S. aureus,RIIRKIIHII,1.195641124,10,4.804358876,2180,2180,train,5,4.732842307829226,4.641377671612156,4.885340998112414,4.575033981206119,4.917997814311314,4.756654930409996,4.856470454038165,4.824646,4.80435887583804
2181,S. aureus,RIIRKIIHIIK,1.154029223,11,4.845970777,2181,2181,train,5,4.746061460932732,5.085276029721857,4.868538456860868,5.078113896910477,4.910057299082326,4.890933593069997,4.9689386622363765,4.8703713,4.845970777365356
2183,S. aureus,RIKRFWPVVIRTVVAGYN,0.63459355,18,5.36540645,2183,2183,train,7,5.265393808023802,5.123611065242757,4.922063040160035,5.154366703554593,4.948862298967482,5.215025499410006,4.984649616140767,5.3426285,5.365406449960844
2184,S. aureus,RIKRFWPVVIRTVVAGYNL,0.612562845,19,5.387437155,2184,2184,train,7,5.287639102999942,5.3333008484823985,4.943023556577852,5.252611904434118,4.989816569312561,5.2382115316099975,5.119953806784918,5.340612,5.3874371548470465
2190,S. aureus,RIKRFWPVVIRTVVAGYNLYRAIKK,0.488000729,25,5.511999271,2190,2190,train,8,5.412268290016796,5.910762381749024,5.056285705595553,5.895096440855592,5.168796407620323,5.507904399909994,5.526538655489542,5.5426307,5.511999272334531
2191,S. aureus,RIKRWWWWR,0.113943352,9,5.886056648,2191,2191,train,9,5.7859402145360175,5.684221372061277,4.941801970684911,5.597661247399488,5.00549209144169,5.649086270980004,5.301633918305881,5.701045,5.886056647394203
2193,S. aureus,RIRFPWPWRWPWWPPFRG,0.966141733,18,5.033858267,2193,2193,train,6,4.934035551500161,4.768835818659058,4.991792197500501,4.7813564655352225,5.196404879745004,4.975948196540008,5.008655149562221,5.0168333,5.033858266962678
2196,S. aureus,RIRKKLR,2.698970004,7,3.301029996,2196,2196,train,0,3.401044442456226,4.0328713297507655,4.6528433109932426,3.9899871918138645,4.581891413873752,3.717856913500003,3.9885794074055663,3.356822,3.3010299962019243
2197,S. aureus,RIRRWKFRW,0.113943352,9,5.886056648,2197,2197,train,9,5.786185245665042,4.837473516486453,4.819907161357372,4.697506500155439,4.82157237483215,5.617023475050007,5.069985348593786,5.8489456,5.886056647806441
2198,S. aureus,RIRWILRYWRWS,0.929418926,12,5.070581074,2198,2198,train,6,4.970539166848514,5.133449450752662,4.996661937508863,4.9746772663018,5.075732439640388,5.0451044795700035,5.097021645064466,5.051933,5.070581073988746
2199,S. aureus,RIVQRIKKWLLKWKKLGY,1.257740059,18,4.742259941,2199,2199,train,4,4.732276643163447,5.202577897084615,4.980479014350615,5.2838726740651225,5.158752159384741,4.932427417429994,5.013625632611909,4.806389,4.742259940948457
2200,S. aureus,RIWFQNRRMRWRR,1.505149978,13,4.494850022,2200,2200,train,3,4.595027247394515,4.334446611072067,4.820251661789473,4.412172556120557,4.83296445381393,4.528945233739995,4.555089527251785,4.531459,4.494850021973274
2201,S. aureus,RIWKIWWKR,1.84501963,9,4.15498037,2201,2201,train,2,4.2548613551234835,5.018401825346415,4.908491764212992,5.029378696114429,4.958257661934682,4.573754476569995,5.149640104917639,4.3446407,4.1549803701780705
2202,S. aureus,RIWKRWWFR,1.524781195,9,4.475218805,2202,2202,train,3,4.575294890693716,4.644872419719719,4.917490204341695,4.61517746255846,4.957931128629163,4.687001441499999,4.995397442538208,4.5155463,4.475218805147638
2203,S. aureus,RIWVIRWR,0.899741948,8,5.100258052,2203,2203,train,6,4.999675319475288,4.625602909136537,4.9049216210513125,4.7198688063294005,4.926744061836356,5.042601929780002,4.813451686360939,5.0864058,5.100258051984481
2204,S. aureus,RIWVIWRR,0.598711953,8,5.401288047,2204,2204,train,8,5.301116550398394,5.682918735552553,4.938151791177815,5.524374699012054,5.0135766838595766,5.187321038979994,4.909022228279848,5.33777,5.401288046806616
2205,S. aureus,RKFRNKIKEKLKKIG,1.816804523,15,4.183195477,2205,2205,train,2,4.283032260206864,4.09274719826873,4.644685766297845,3.9969266149247984,4.532582421165926,4.186965713930006,4.223390804032108,4.1443796,4.1831954770082
2206,S. aureus,RKFRWWVIR,0.146128036,9,5.853871964,2206,2206,train,9,5.753262285739145,5.122972592764402,4.886316030812665,5.135151051978102,4.900026269216334,5.692181464209999,5.216567701874448,5.755219,5.85387196406747
2207,S. aureus,RKGLQKLVGRVHRLLRK,0.890772012,17,5.109227988,2207,2207,train,6,5.009326009966054,5.152130411978581,4.761551081894572,5.017428007136813,4.800308984193045,5.027135589849995,4.954122663035929,5.0762744,5.10922798798215
2208,S. aureus,RKGWFKAMKSIAKFIAKEKLKEHL,0.892094603,24,5.107905397,2208,2208,train,6,5.008009011068436,4.9455792857521,4.805579483981437,5.037492314125271,4.767726137568763,4.966496746130008,4.940849682591329,5.109681,5.10790539699069
2209,S. aureus,RKKKAKIIKKII,1.795880017,12,4.204119983,2209,2209,train,2,4.3041859251230346,4.620005878901655,4.703778292753373,4.609176673859181,4.627406645427368,4.260262386759998,4.5137059950829865,4.205972,4.204119983277045
2210,S. aureus,RKKKIKIIKKII,1.795880017,12,4.204119983,2210,2210,train,2,4.3040035495804725,4.817967782599473,4.780253142212668,4.734532455193815,4.749199206051353,4.329293997419999,4.622949974935326,4.227116,4.204119982419242
2211,S. aureus,RKKKIKIIKRLI,1.795880017,12,4.204119983,2211,2211,train,2,4.304247570514367,4.833955816408926,4.790820825431796,4.808147282341269,4.7674863811053925,4.351485524609999,4.776237168393378,4.3286595,4.204119984009231
2213,S. aureus,RKKKLKVVKRLV,1.795880017,12,4.204119983,2213,2213,train,2,4.304019370473842,4.434648728835088,4.773894235962627,4.455582748852057,4.74003199921633,4.308524823119999,4.813475208619916,4.2303367,4.204119983376469
2216,S. aureus,RKKRLKLLKRLV,1.397940009,12,4.602059991,2216,2216,train,4,4.7021697110394065,4.617620857293349,4.792536780671413,4.546035379822318,4.768235378469214,4.547750459259994,4.834458922399142,4.593838,4.6020599908747
2218,S. aureus,RKKRLRVVRRLV,1.795880017,12,4.204119983,2218,2218,train,2,4.304352368809874,4.600090694643941,4.798843007615864,4.670145351519469,4.777244151331582,4.3967017839999984,4.824620132122375,4.277846,4.204119982929994
2220,S. aureus,RKKRWWRRKK,0.77815125,10,5.22184875,2220,2220,train,7,5.121845149212442,4.972348773292019,4.672404711552212,4.934895372843163,4.607134096222307,5.102492412669999,4.97037323988006,5.226931,5.221848749994518
2221,S. aureus,RKKTRKR,2.408239965,7,3.591760035,2221,2221,train,0,3.6915981120585792,3.7895054403834165,4.381153619184417,3.812747261362729,4.239004373113129,3.746931569129998,3.796640228765111,3.5805266,3.5917600349880834
2222,S. aureus,RKKTRKRLKKIGKVLKWI,0.77815125,18,5.22184875,2222,2222,train,7,5.121735033051346,4.6551274421474815,4.8459918108125715,4.7084300347270025,4.889662147266747,5.106196180589999,5.011093064703323,5.2375903,5.221848749803112
2223,S. aureus,RKLKHMRF,2.0,8,4.0,2223,2223,train,1,4.10017593594257,4.510070190714514,4.690258279384044,4.590840124932191,4.526221067346666,4.14639240078,4.171017811283921,4.0379095,3.999999999987297
2224,S. aureus,RKRLKWWIY,0.542201982,9,5.457798018,2224,2224,train,8,5.3577931666795,5.390026986248734,4.915910264783682,5.458973870750388,4.937178634344599,5.324094413020001,5.294613169604556,5.4376945,5.457798018001664
2225,S. aureus,RKRLRKFRNKIKEKLKKIGQKI,1.640481437,22,4.359518563,2225,2225,train,3,4.4592260938147055,4.353127538255608,4.816097575073961,4.351198784649596,4.798699541826817,4.408213054289997,4.556180439360589,4.379658,4.359518563233691
2226,S. aureus,RKRWWWWFR,0.29907772,9,5.70092228,2226,2226,train,9,5.600803264938144,5.168112898465304,4.980677261929474,5.163513058904592,5.06954019664458,5.631305788769995,5.37572522839434,5.6852646,5.700922279871703
2227,S. aureus,RKSKEKIGKEFKRIVQRIKDF,1.278332668,21,4.721667332,2227,2227,train,4,4.7322766432016055,4.661842913329536,4.631632103064406,4.839873953446773,4.643819407697562,4.635098483689997,4.732434867985446,4.761312,4.721667332003227
2228,S. aureus,RKVAPALIKSFVFLFKFKKG,1.740807168,20,4.259192832,2228,2228,train,2,4.359022305085497,4.788976208227662,4.863879832048419,4.931239649207712,4.934038464665665,4.475708708759998,4.72775479342366,4.4375496,4.259192832280445
2229,S. aureus,RKWIWRWFL,0.19919619,9,5.80080381,2229,2229,train,9,5.700798722068756,5.224813158458665,4.9738475570063345,5.129391645318243,5.000502861934823,5.548257265100001,5.262804230127742,5.747942,5.8008038098895
2230,S. aureus,RKWKIKWYW,0.414973348,9,5.585026652,2230,2230,train,8,5.484994302888197,5.070619698191316,4.912666287446652,5.045021161749162,4.922348087570067,5.539251319040005,5.306171745679523,5.576628,5.585026651944551
2231,S. aureus,RKWVAWRNR,1.69157185,9,4.30842815,2231,2231,train,3,4.408621172522508,4.252677603925742,4.633215683418358,4.201979291461884,4.5472091497164975,4.3265202570699985,4.610178098015017,4.2869887,4.308428149861392
2232,S. aureus,RKWVKWRNR,1.371465449,9,4.628534551,2232,2232,train,4,4.728597069880869,4.637416311746072,4.659956318389894,4.613338335328361,4.591484370892608,4.534628773399994,4.625783382189956,4.562929,4.6285345509788245
2233,S. aureus,RKWVWWRNR,1.062166281,9,4.937833719,2233,2233,train,5,4.837884013174102,4.743095920211993,4.757292378324877,4.751658830271609,4.754009464736707,4.937393568320007,4.925949431668393,4.9680476,4.93783371902443
2234,S. aureus,RKWVYWRNR,1.36017217,9,4.63982783,2234,2234,train,4,4.732276643163447,4.924477135092732,4.749951666104706,4.898233806259244,4.717842216288461,4.710325525770001,4.79640403522211,4.569112,4.639827829973677
2235,S. aureus,RKWWRWIKW,0.397940009,9,5.602059991,2235,2235,train,8,5.502227404883285,5.848754997873933,4.9393811589244345,5.72873060656793,4.997639729297208,5.552884630309995,5.41127771044071,5.6137657,5.6020599909629105
2238,S. aureus,RLARIVVIRVAG,1.677897156,12,4.322102844,2238,2238,train,3,4.422111619183398,4.9851541660872565,4.727806590402469,4.988819624895571,4.817761126567366,4.425110649090005,4.44249383848915,4.322524,4.322102844019003
2240,S. aureus,RLARIVVIRVRR,0.725009157,12,5.274990843,2240,2240,train,7,5.174663056920678,5.526541673167617,4.832957117612613,5.602972449122568,4.98031432369425,5.3225254113700045,5.155812404065504,5.308654,5.274990843162181
2241,S. aureus,RLARIVVIRWAR,0.724441444,12,5.275558556,2241,2241,train,7,5.175608850173457,5.287647593647784,4.826592146910708,5.220057129409236,4.964099868604999,5.232508449100006,5.201959692371678,5.268984,5.2755585558542055
2242,S. aureus,RLARRVVIRVAR,1.633559906,12,4.366440094,2242,2242,train,3,4.466268989486002,4.83595262561473,4.7587843738454225,4.916392401621507,4.749778381402548,4.499976650429997,4.672281406608374,4.400863,4.366440094230548
2243,S. aureus,RLGTALPALLKTLLAGLNG,1.230448921,19,4.769551079,2243,2243,train,4,4.732276643163447,5.2913044830532385,4.646926880656174,5.276424984971398,4.601300041550752,4.754589176619999,4.671508587108281,4.7153234,4.769551079030688
2244,S. aureus,RLKKIGKVLKWI,1.982271233,12,4.017728767,2244,2244,train,1,4.117557770825339,4.108388676481414,4.823412900175838,4.091857759073857,4.879985500706706,4.3924476800099965,4.823229828165553,4.079887,4.017728766946005
2245,S. aureus,RLKKWMQKVIDRFGG,2.10720997,15,3.89279003,2245,2245,train,1,3.9927767753261323,4.469606378859109,4.669840591697672,4.268911544784249,4.589306486536211,4.080642270340002,4.422486518205412,3.9331558,3.8927900301934475
2246,S. aureus,RLKLLLLLRL,0.805949963,10,5.194050037,2246,2246,train,6,5.093455934188448,4.69920003618105,4.943850094364063,4.744415764903746,4.986782615382383,5.121316603970005,5.030673834157697,5.159969,5.194050034111279
2247,S. aureus,RLKLLLLLRLK,1.337609113,11,4.662390887,2247,2247,train,4,4.728948954193879,4.3606447581427785,4.921560006145262,4.506686950364684,4.969205866727372,4.806914504130001,5.0698905008806205,4.7162914,4.662390887879637
2248,S. aureus,RLKLLLLLRW,0.480265665,10,5.519734335,2248,2248,train,8,5.41956347034473,4.9040638277137045,4.972209564636637,4.844776587500516,5.03690476010238,5.411855121970001,5.196903639317127,5.500076,5.5197343347486045
2249,S. aureus,RLKLLLLRL,1.148166821,9,4.851833179,2249,2249,train,5,4.79237826182073,4.609197231528325,4.883063790687639,4.619420000099291,4.876140683395946,4.7631121226299955,4.597977825803565,4.850382,4.851833180216291
2251,S. aureus,RLKLLLRL,2.09676287,8,3.90323713,2251,2251,train,1,4.003430619434368,4.371489639404811,4.875264569817521,4.4502593575640566,4.9112773799620175,4.083435103739996,4.4944485648098915,3.9884963,3.903237132060554
2252,S. aureus,RLKLLLRLK,1.482419838,9,4.517580162,2252,2252,train,3,4.617545162070669,4.1970307039385135,4.844171800483709,4.206149877713781,4.877680470257048,4.49271931221,4.630918147195248,4.487476,4.517580160859448
2253,S. aureus,RLKLLRL,2.147601311,7,3.852398689,2253,2253,train,1,3.9525640025707283,4.4893426289962415,4.759254636445134,4.551976563190082,4.673299809191477,4.013784924669998,4.209983045360353,3.8526735,3.8523986882152066
2254,S. aureus,RLKRWWKFL,0.380211242,9,5.619788758,2254,2254,train,8,5.519672298449243,4.955152337318012,4.910337740459725,5.046029686258176,4.9750447381607215,5.454097424820008,5.2174073761023045,5.526922,5.619788757859063
2255,S. aureus,RLLFRKIRRLKR,1.888387673,12,4.111612327,2255,2255,train,2,4.211714256417357,4.790957130140065,4.834363467298905,4.855896136078786,4.875302151315574,4.422537863889994,4.989443270795954,4.30738,4.111612327299797
2257,S. aureus,RLLRKFFRKLKKSV,1.421339233,14,4.578660767,2257,2257,train,4,4.678761915161746,4.6787418652963435,4.836952437390429,4.725736286871039,4.898588432214837,4.687792778139992,4.782232938667842,4.6013174,4.578660766818745
2258,S. aureus,RLLRPLLQLLKQKLR,0.422877438,15,5.577122562,2258,2258,train,8,5.477280851713063,5.29472533308224,4.838630478296677,5.349550043806633,4.881207486728315,5.407833769179999,5.012109346620312,5.507548,5.577122561986184
2259,S. aureus,RLLRRLLRRLLRRLLRRLLR,1.124639278,20,4.875360722,2259,2259,train,5,4.775451691446063,5.4755980252491,5.067521082550633,5.438221681328239,5.207934740374068,4.991160168539995,5.007819108632379,4.8814716,4.875360722530044
2260,S. aureus,RLPRPRPRPLPFPRPG,2.698970004,16,3.301029996,2260,2260,train,0,3.400906130094804,3.7137940788944954,4.4454914759415685,3.7234155655846797,4.373368848914881,3.4982235999500046,3.891271545456524,3.2862048,3.301029996068831
2261,S. aureus,RLPWRWPRRPWRR,1.990093258,13,4.009906742,2261,2261,train,1,4.109742809075081,4.886421370926979,4.7357447939803485,4.968493684053549,4.867469074025065,4.3787579545799975,4.555372097095746,4.1855555,4.009906742481678
2262,S. aureus,RLRKAVRLIK,1.0,10,5.0,2262,2262,train,6,4.900162831216705,4.347544416884056,4.743560150221073,4.3157091492230535,4.7543311195747515,4.890211725210001,4.686883055809249,4.9735622,4.999999999811132
2267,S. aureus,RLSRIVVIRVSR,0.43956175,12,5.56043825,2267,2267,train,8,5.460614067091395,5.289916990300772,4.726608825244042,5.351655588291497,4.883511916281796,5.249592540550002,5.0245864747591025,5.5139623,5.560438249932774
2268,S. aureus,RLTYKPRTVTYTRGR,1.62283548,15,4.37716452,2268,2268,train,3,4.477290482939866,4.366931322463339,4.6389721331133735,4.289947990021462,4.63043005305788,4.401600943420003,4.512331252333253,4.417964,4.377164519971004
2269,S. aureus,RLWKRWWIR,1.836239497,9,4.163760503,2269,2269,train,2,4.263589728034349,4.591191231849567,4.908019975052365,4.635469213515245,4.946382548917213,4.494237315929996,4.987237280625632,4.38549,4.163760503403277
2270,S. aureus,RLWLAIGRG,1.329058719,9,4.670941281,2270,2270,train,4,4.732276643163447,4.329306171066485,4.629982297553226,4.366352896570721,4.620771721584354,4.516856038600006,4.425181067201552,4.6018815,4.670941280943456
2273,S. aureus,RLWLAWKRR,0.669006781,9,5.330993219,2273,2273,train,7,5.231164651958421,5.41016606965348,4.810318515064727,5.270083813764254,4.845914962295753,5.124490851139996,4.945511463566515,5.1958723,5.330993218925305
2275,S. aureus,RLWRIVVIRVKR,-0.045757491,12,6.045757491,2275,2275,train,9,5.945962925460316,5.752079131330029,4.920146714939482,5.682597847584614,5.096927422811131,5.764812288450005,5.428597615336504,5.9303994,6.045757490196744
2276,S. aureus,RLWRRWRRWLR,0.636822098,11,5.363177902,2276,2276,train,7,5.263343179155064,4.831050209206111,4.932894680443467,4.859970901191411,5.041813382069194,5.345159118440002,5.214524898451304,5.3497353,5.363177901920785
2277,S. aureus,RLWRRWRRWRR,0.669006781,11,5.330993219,2277,2277,train,7,5.231092067945997,5.030148669617256,4.874254294908098,4.955424220890459,4.959678082187786,5.247750999679997,5.076480369842654,5.2912617,5.33099321958788
2278,S. aureus,RLWWKIWLK,0.146128036,9,5.853871964,2278,2278,train,9,5.754047719018061,4.836857689301413,4.980189775365656,4.797840361757611,5.057088328524411,5.6274364076499985,5.271831916321077,5.7562227,5.853871963518134
2279,S. aureus,RLWWWWRRK,0.322219295,9,5.677780705,2279,2279,train,9,5.5779374857197155,5.318115563739826,4.966072757427465,5.299768989662049,5.068913254902471,5.601386917779996,5.275115009756732,5.6669135,5.6777807049928475
2281,S. aureus,RLYRRLYR,1.243038049,8,4.756961951,2281,2281,train,4,4.732277080816764,5.325355803812216,4.833183136500935,5.436608037065947,4.7944228351924165,4.630486447989997,4.48827683662273,4.7145066,4.756961951051065
2282,S. aureus,RLYRRLYRRLYRRLYR,0.041392685,16,5.958607315,2282,2282,train,9,5.858553038163441,5.4223559258825285,5.0288765025193785,5.355832092853653,5.089483669349211,5.511889647879997,5.02498523365558,5.8299074,5.958607314856483
2283,S. aureus,RLYRRRFVVGR,0.903089987,11,5.096910013,2283,2283,train,6,4.9970013222779714,4.505583209640232,4.77339509839469,4.57281780515232,4.762092560317506,4.913006182660004,4.720491273127266,5.0642915,5.096910012755016
2284,S. aureus,RPKHPIKHQGLPQEVLNENLLRF,2.0,23,4.0,2284,2284,train,1,4.100176782668934,4.083477969572112,4.4370835749957465,4.170014038730131,4.211182755436712,4.28466660591,4.462292745087318,4.040745,4.000000000042747
2285,S. aureus,RPKPQQFFGLM,2.569082147,11,3.430917853,2285,2285,train,0,3.530755930058579,3.883560381126694,4.417390493537478,3.927466099792631,4.1383271505157815,3.72466371676,4.2053065009623,3.5040345,3.430917853018949
2286,S. aureus,RPPQFTRAQWFAIQHISLN,1.0,19,5.0,2286,2286,train,6,4.900172421687126,4.904100555902455,4.677807535374558,4.878921335511819,4.528224925567395,4.779121409170002,4.813961683653104,4.91877,4.9999999999724585
2287,S. aureus,RPRPNYRPRPIYRP,0.626234356,14,5.373765644,2287,2287,train,7,5.273923933713064,5.378616210632891,4.542349220284828,5.395757051646416,4.416054569857278,4.914367686960003,4.34387862812055,5.2635317,5.373765643947303
2288,S. aureus,RPRRRATTRRRITTGTRRRR,1.875061263,20,4.124938737,2288,2288,train,2,4.224803969448349,4.6794356557781995,4.674494509105036,4.534444071594901,4.66065020611146,4.326461836059995,4.489131073295734,4.1422515,4.124938736970803
2289,S. aureus,RPWAGNGSVHRYTVLSPRLKTQ,0.383815366,22,5.616184634,2289,2289,train,8,5.516024127353475,5.431559873257926,4.755779760499932,5.171361873255029,4.783139763012501,5.257001004529993,4.866566698481058,5.5707507,5.616184633925436
2290,S. aureus,RQIKIWFQNRRLKWKK,1.806179974,16,4.193820026,2290,2290,train,2,4.293680908576836,4.247745231369503,4.854159566804445,4.248307092590635,4.890800342962062,4.321638523390006,4.606152921056723,4.268867,4.1938200259975735
2291,S. aureus,RQIRIWFQNRRMRWRR,1.204119983,16,4.795880017,2291,2291,train,4,4.732276643101781,4.64815637981249,4.888495869974155,4.718607970588225,4.930435589540691,4.72086374643,4.553231606509497,4.6873484,4.79588001698597
2292,S. aureus,RQRRVVIWW,0.431363764,9,5.568636236,2292,2292,train,8,5.468828592915136,5.330169353479295,4.894306055451014,5.405154937595004,4.905476120149382,5.353283306179992,5.099038336912238,5.5497427,5.5686362359538775
2293,S. aureus,RQRVEELSKFSKKGAAARRRK,1.639474436,21,4.360525564,2293,2293,train,3,4.460528321029718,4.328446523690967,4.520923228720643,4.493202841923919,4.488814991249875,4.523767376569999,4.602628594723766,4.373074,4.360525564025018
2294,S. aureus,RQRWLWLW,1.160640406,8,4.839359594,2294,2294,train,5,4.739279116671996,5.088616366542307,4.95258621551629,4.971825731248255,4.984815248517355,4.914617543999992,4.9993779993924505,4.881265,4.83935959400081
2295,S. aureus,RQWQSKIRRT,2.477121255,10,3.522878745,2295,2295,train,0,3.622873846275101,3.0674454075225217,4.534069920749879,3.135312436426915,4.410644766635156,3.7959716021100047,3.93422347897509,3.5432343,3.5228787449809027
2296,S. aureus,RRAAVVLIVIRR,0.888560376,12,5.111439624,2296,2296,train,6,5.011429022067618,5.261167658275003,4.817541701230086,5.302308235791637,4.943901622017584,5.001132996960006,4.944573070421901,5.0874734,5.11143962396435
2297,S. aureus,RRARIVVIRVAR,1.038339339,12,4.961660661,2297,2297,train,5,4.8617894526186936,5.317001994511302,4.758799001410131,5.351253472250305,4.854501861444239,4.881354505339997,4.871136476957206,4.9139013,4.961660660806259
2298,S. aureus,RRFFFRFRRF,1.176091259,10,4.823908741,2298,2298,train,5,4.732276643163447,4.750371264036599,4.896328161769249,4.88847568001812,4.940681592957603,4.970817431980007,5.118003781478294,4.8789043,4.823908740985086
2299,S. aureus,RRFKFIRWW,0.498981311,9,5.501018689,2299,2299,train,8,5.400847529926038,5.053454757055858,4.911667679790005,5.130952570821174,4.9465148531912515,5.450976821899997,5.357366822385443,5.5146217,5.50101868921932
2300,S. aureus,RRFPWWWPFRR,0.374182075,11,5.625817925,2300,2300,train,9,5.525989089398291,5.307357803501259,4.904065044808176,5.390272942337248,5.016037863749531,5.582388695649995,5.360302777385402,5.630882,5.6258179250052835
2301,S. aureus,RRFWHRAH,2.0,8,4.0,2301,2301,train,1,4.100103003664677,3.972488633111464,4.620946301464976,3.9131218883474896,4.528246214368013,4.207789869619999,4.566426658127402,4.027435,4.000000000010551
2302,S. aureus,RRIIIRWRRI,1.051152522,10,4.948847478,2302,2302,train,5,4.848280018184779,5.058571892357567,4.862314581764313,4.94885769962933,4.882944493873585,5.0481015573200025,5.042680939085972,5.015763,4.948847478007198
2303,S. aureus,RRIIRKIIHII,1.14544208,11,4.85455792,2303,2303,train,5,4.754386255312753,4.6836558496733955,4.87071176618349,4.717464591244148,4.889542175685952,4.861452336659997,5.010880080697183,4.8467417,4.8545579202954015
2304,S. aureus,RRIIRKIIHIIK,1.108183351,12,4.891816649,2304,2304,train,5,4.79196721072142,5.0554579356640525,4.861695811578034,5.098243979261194,4.892794830159964,4.925078805430005,4.961763858654152,4.918388,4.891816648559513
2305,S. aureus,RRIIRKIIHIIKK,1.07387007,13,4.92612993,2305,2305,train,5,4.826283935281604,5.108572766955116,4.8579205336682545,5.118283645484785,4.896209679436275,4.969580923400002,4.962800193943519,4.9466877,4.926129930099702
2306,S. aureus,RRIRPRP,2.698970004,7,3.301029996,2306,2306,train,0,3.400606209613234,3.3362799081806216,4.341030174089816,3.4673749640261953,4.213659950090762,3.5485793156900036,3.735267639694945,3.333546,3.3010299960168283
2307,S. aureus,RRIRPRPPRLPRP,2.10720997,13,3.89279003,2307,2307,train,1,3.9929880355344243,4.086051788441997,4.433490944143169,4.133317285962462,4.320704558371178,3.9481714477999996,4.142442700673633,3.9012642,3.8927900294830318
2308,S. aureus,RRIRPRPPRLPRPRP,2.496929648,15,3.503070352,2308,2308,train,0,3.60340319671605,4.199457739479525,4.441054914590478,4.12758934940799,4.356728329118957,3.7726047810700023,4.046289988473368,3.6629126,3.5030703527295626
2311,S. aureus,RRIRPRPPRLPRPRPRPLPFPRPG,0.414973348,24,5.585026652,2311,2311,train,8,5.484994061638093,4.337688757636337,4.635756669089133,4.171303777428079,4.710731069062865,5.117984037310006,4.743229828049057,5.492129,5.585026651434542
2315,S. aureus,RRLLRRLRR,2.0,9,4.0,2315,2315,train,1,4.100103153740693,4.366735234103236,4.728917191138255,4.405911495155228,4.672370389020239,4.1843493221,4.466291126641902,4.0353823,4.00000000016914
2316,S. aureus,RRLRKKTRKRLKKIGKVLKWI,0.602059991,21,5.397940009,2316,2316,train,7,5.29746251830484,4.877792255060096,4.925999927280526,4.969591492075888,5.040504404459389,5.195520644790007,5.050283882470613,5.3287997,5.397940008535667
2317,S. aureus,RRLRRLLRRLLRRLRR,0.954242509,16,5.045757491,2317,2317,train,6,4.945902426679763,5.12215089069217,4.9214355246608505,5.1251952817512025,5.018109092581047,4.978608177630003,4.890758509924171,5.0277534,5.04575749051401
2318,S. aureus,RRLTLRQLLGLGSRRRRRSR,0.495544338,20,5.504455662,2318,2318,train,8,5.404294796759709,5.163783956616786,4.735426305362369,4.979095962661677,4.822797404995314,5.263224223930001,4.8355327957291925,5.4217043,5.504455661922115
2319,S. aureus,RRPRPRPRPFFF,1.602059991,12,4.397940009,2319,2319,train,3,4.498129333158628,4.207069566569214,4.511662887024851,4.234693369674941,4.443023723591085,4.453735808860006,4.351483506184523,4.429506,4.3979400060832035
2320,S. aureus,RRPRPRPRPFFFF,1.301029996,13,4.698970004,2320,2320,train,4,4.767580875713985,4.511172278953032,4.602336923383376,4.403220727046997,4.592351496892965,4.807915405419995,4.492542607321041,4.728131,4.698970005435736
2321,S. aureus,RRPRPRPRPFFFFF,1.0,14,5.0,2321,2321,train,6,4.900003505374837,4.40570255272505,4.676761297196128,4.575809510813654,4.693136932657919,4.951487127839998,4.800211067443811,4.9587708,5.000000001527157
2322,S. aureus,RRPRPRPRPWWW,1.602059991,12,4.397940009,2322,2322,train,3,4.498115543374906,4.258946899113265,4.553962834486277,4.244150840294848,4.55774236655936,4.489609160790007,4.4587863442966595,4.439426,4.397940012205772
2323,S. aureus,RRPRPRPRPWWWW,0.91805797,13,5.08194203,2323,2323,train,6,4.9815986486847965,4.3631797203717815,4.654568638225011,4.275581525385479,4.717305018887182,4.917444215469996,4.730103420198336,4.97295,5.081942026816546
2324,S. aureus,RRPWRWPRWPWRR,1.371801381,13,4.628198619,2324,2324,train,4,4.728291607311301,5.272097135057859,4.776904006810247,5.294295424167716,4.895069925766817,4.672621078949995,4.720017775185813,4.691782,4.628198618734002
2325,S. aureus,RRPWRWPWWPWRR,1.189210888,13,4.810789112,2325,2325,train,5,4.732272409692234,5.402995978322638,4.875558105691346,5.552140054073801,5.06250191684083,4.939430516340004,5.243155242775266,4.985573,4.810789112202089
2326,S. aureus,RRRIKIRWY,1.362113828,9,4.637886172,2326,2326,train,4,4.732276643163447,4.481618478396136,4.817178907770964,4.362053236610835,4.785951602797046,4.741023717619996,4.941048494175444,4.6809173,4.637886172008331
2327,S. aureus,RRRRRFRRVIRRIRLPKYLTINTE,0.903089987,24,5.096910013,2327,2327,train,6,4.997086893069303,5.414673706901141,4.908431962703015,5.591039747061063,4.88472244703182,4.992927080740005,4.966824542587322,5.0906315,5.0969100130016916
2328,S. aureus,RRRRRRRRRRRRRRRWWW,1.414973348,18,4.585026652,2328,2328,train,4,4.684982664081797,4.972440350711946,4.897682055010028,4.992090281871511,4.899766295045706,4.721482151380005,4.743812411659422,4.6123567,4.5850266520257685
2329,S. aureus,RRRRRRRWWWRRRRRRRR,0.954242509,18,5.045757491,2329,2329,train,6,4.945901006951113,5.333165753539342,4.912982487695104,5.30521345297143,4.98842300701338,4.980853699340005,5.046490435562966,5.048685,5.045757491009707
2330,S. aureus,RRRRWWW,1.187488511,7,4.812511489,2330,2330,train,5,4.732185599780705,4.973269959339655,4.842362082104907,4.987062966144669,4.819709931315541,4.652061181079992,4.61121258882411,4.8067594,4.812511488860636
2331,S. aureus,RRRRWWWW,1.495226158,8,4.504773842,2331,2331,train,3,4.604316306856644,5.034626913319439,4.932426054781668,5.140710716032814,4.9889625472068095,4.726097764370006,5.004782985181608,4.561171,4.504773842218139
2332,S. aureus,RRRWLWLW,0.895677727,8,5.104322273,2332,2332,train,6,5.004462691854917,4.745732368467658,4.976266512274432,4.771495159786969,5.0476116515322325,5.087585265179993,4.992188361823125,5.0904937,5.104322273060188
2333,S. aureus,RRRWWKLMM,0.740362689,9,5.259637311,2333,2333,train,7,5.159494987329671,5.531825962865256,4.896899208311592,5.544331048753648,4.868581510413856,5.341610034550002,5.171011288683213,5.310325,5.259637310943163
2334,S. aureus,RRRYIGRYVRFWK,1.100370545,13,4.899629455,2334,2334,train,5,4.799732742316895,4.856523887163116,4.882684176039774,4.810937988242189,4.912701725118659,4.914853814660007,5.000947002281855,4.9098935,4.899629454972517
2337,S. aureus,RRWKIVVIRWRR,-0.031513151,12,6.031513151,2337,2337,train,9,5.9313570695853155,5.6882561653972346,4.916366729528909,5.84471511589832,5.111201313481639,5.8261118403100065,5.411765556694595,5.865375,6.031513150739031
2338,S. aureus,RRWPLKPKKWPLI,0.861851009,13,5.138148991,2338,2338,train,6,5.038213602660503,5.3164663586405325,4.702319291944206,5.257684427963829,4.730189848403504,5.188679598679995,5.174896315054865,5.241929,5.138148991213037
2339,S. aureus,RRWPLKPWKKPLI,0.560821014,13,5.439178986,2339,2339,train,8,5.3393357147768565,5.128403690793853,4.693458644622041,5.07064198369132,4.739251853695627,5.291506918099999,5.14336801128351,5.36489,5.439178985763677
2340,S. aureus,RRWPLLPWKWPLI,0.550080045,13,5.449919955,2340,2340,train,8,5.350091484781928,5.795742522015266,4.844612222019461,5.778111350971104,4.936249890990843,5.449861875809998,5.323406755452057,5.4600835,5.449919955069996
2341,S. aureus,RRWPWWPWKWPLI,-0.08728742,13,6.08728742,2341,2341,train,9,5.987328590458284,5.722405634751577,4.940392814580985,5.700459859059493,5.091996608610789,5.881702381650001,5.41064367547179,5.93054,6.087287419716401
2344,S. aureus,RRWRIVVIRVRR,0.415070791,12,5.584929209,2344,2344,train,8,5.484889522276533,5.935155071019249,4.893050019083582,5.931589394016979,5.071757083323345,5.548445432590001,5.38577430848571,5.6219645,5.5849292100776236
2345,S. aureus,RRWRRWRRWRR,0.823908741,11,5.176091259,2345,2345,train,6,5.075930823746644,4.810918844808694,4.8147874519666995,4.779031864840532,4.805688180728964,5.139509544879992,4.740782524406296,5.155508,5.17609125841912
2346,S. aureus,RRWRVIVKW,0.113943352,9,5.886056648,2346,2346,train,9,5.786186087168051,5.723336070553308,4.902758991098646,5.571026678578189,5.144329562781779,5.5985756635500055,5.354235321076656,5.8553085,5.88605664783645
2347,S. aureus,RRWSFRVSYRGFSYRKSR,1.125899372,18,4.874100628,2347,2347,train,5,4.774191481437025,4.59146432385559,4.823566926111469,4.43426035624303,4.881424235678531,4.841694932950003,4.829394894417598,4.8739586,4.874100627973891
2348,S. aureus,RRWVAWRNR,1.982271233,9,4.017728767,2348,2348,train,1,4.117884866962967,4.266315135945364,4.64048187598852,4.249650267118251,4.55555389233908,4.182406469109996,4.550271319724712,4.067237,4.01772876711289
2349,S. aureus,RRWVIWRR,1.115110334,8,4.884889666,2349,2349,train,5,4.784787649692163,5.404095438879241,4.842609548158646,5.271515923895937,4.850965576441036,4.891872276099996,4.935554999080025,4.958006,4.884889665937473
2350,S. aureus,RRWVRRVRRWVRRVVRVVRRWVRR,0.22183507,24,5.77816493,2350,2350,train,9,5.678332626764301,6.009771951921006,5.177952598022931,5.999571690508771,5.394752097595293,5.613402784440002,5.480929405942013,5.726505,5.778164929868403
2351,S. aureus,RRWWHWWRR,1.053078443,9,4.946921557,2351,2351,train,5,4.84716062131441,5.15402860754909,4.908859622773196,5.086917908266007,4.995405867754657,5.039257685709998,5.344382824964785,5.0171046,4.946921557024715
2352,S. aureus,RRWWKWWRK,0.698970004,9,5.301029996,2352,2352,train,7,5.201008436888264,5.185566345720379,4.89530538258205,5.043414689023993,4.971933949651529,5.336630485780006,5.379834611918984,5.3927784,5.301029997067717
2353,S. aureus,RRWWKWWWR,-0.15490196,9,6.15490196,2353,2353,train,9,6.055159982431969,5.47567321554811,4.986463217569392,5.502719109162728,5.080860915108767,5.8944007263500025,5.430662148680395,6.0892515,6.154901959809452
2357,S. aureus,RRWWRWVVW,0.113943352,9,5.886056648,2357,2357,train,9,5.786361236163364,5.670016625296428,5.0092259432412,5.58223760752252,5.083461580057211,5.693636865760006,5.416632597131774,5.8789964,5.8860566478976555
2360,S. aureus,RRWWWRWRRW,0.875061263,10,5.124938737,2360,2360,train,6,5.024834389690358,5.313804579029888,4.965542422688088,5.358676788340656,5.045943024065107,5.075492498849994,5.298101883167055,5.131433,5.1249387372998365
2361,S. aureus,RRWYRWAWRMR,0.462679535,11,5.537320465,2361,2361,train,8,5.437089598512996,4.881818134075255,4.90840795092018,4.877962007145024,4.941314209156348,5.353645110829997,5.022843930384481,5.458437,5.537320464946362
2363,S. aureus,RRWYRWWRRRWYRWWR,1.301029996,16,4.698970004,2363,2363,train,4,4.732276643163447,5.0060946346599815,5.1324528613396225,5.024631747118918,5.2782897237361315,4.893777515529994,5.19433114891965,4.777106,4.698970003994136
2364,S. aureus,RRYHWRIYI,0.491361694,9,5.508638306,2364,2364,train,8,5.408724812416122,4.880557036031497,4.885419576009889,4.832551634386077,4.835639531620267,5.321544308540005,5.023310189411631,5.413732,5.508638305916911
2365,S. aureus,RSARAGLQFPVGRIHRHLK,0.477121255,19,5.522878745,2365,2365,train,8,5.422309477464243,5.0714520925122155,4.682900853520574,5.148248771328638,4.699873681651141,5.2927193658700045,4.781621282385045,5.4249096,5.5228787449738315
2366,S. aureus,RSITRPVLVRRRWRVRPVF,1.861262834,19,4.138737166,2366,2366,train,2,4.238581083559929,4.407119179916482,4.897793248562024,4.407090437548425,4.968920064709852,4.482258772949999,4.649280410797945,4.2802825,4.138737166016722
2367,S. aureus,RSTEDIIKSISGGGFLNAMNA,1.467439569,21,4.532560431,2367,2367,train,3,4.632479953671995,4.90533670071976,4.499024292693256,4.962740437117392,4.332652695472914,4.5802214852199965,4.323964559624698,4.519103,4.532560431000528
2368,S. aureus,RTKKWIVWI,1.441744909,9,4.558255091,2368,2368,train,4,4.658429652193612,5.174142095358161,4.864623204077138,5.05803297243994,5.0446639905397195,4.758534844689995,4.9376889314916115,4.593594,4.558255091006493
2369,S. aureus,RVKRVWPLVIRTVIA,1.113943352,15,4.886056648,2369,2369,train,5,4.78592188670164,4.837862221287222,4.877680843078785,4.863871391158377,4.900350120014015,4.936709810950005,5.095073226062174,4.8800364,4.886056647995296
2371,S. aureus,RVMFKWA,0.931275363,7,5.068724637,2371,2371,train,6,4.968561510340788,5.088991446025733,4.806718262167071,5.149080289740985,4.763902139512991,4.725817951010002,4.562624649778828,5.078597,5.068724636921325
2372,S. aureus,RVVRPVVQGVKEKVR,1.563362181,15,4.436637819,2372,2372,train,3,4.53679485076403,4.508755275353521,4.692200549491753,4.449023942739364,4.589931088417398,4.467471001819998,4.344514602445364,4.400417,4.436637819065108
2373,S. aureus,RVVRPVVQGVKQKVR,1.56360677,15,4.43639323,2373,2373,train,3,4.5365651445103445,4.93416460951567,4.746931573917907,4.923788244890828,4.751676491545952,4.561997820720003,4.47778705170681,4.4596105,4.4363932300252
2376,S. aureus,RVVRQWPIGRVVRRVVRRVVR,-0.421967677,21,6.421967677,2376,2376,train,9,6.321833649380881,6.3132412246444645,5.004334957798514,6.092044564276369,5.127412648739674,6.32079000455,5.636925419019086,6.3938503,6.4219676764803575
2377,S. aureus,RVVRQWPIGRVVRRVVRRVVRF,-0.144478606,22,6.144478606,2377,2377,train,9,6.0444541499074695,6.038350299935725,5.051209071980891,6.172155678120982,5.196899612303394,6.0896286486100015,5.861630347719218,6.1487117,6.144478606299679
2378,S. aureus,RVVRQWPIGRVVRRVVRRVVRL,-0.139149883,22,6.139149883,2378,2378,train,9,6.039382710077528,5.801147081333014,5.042579977920428,6.147075667332349,5.181590338990402,6.12291308534,5.7708192102134275,6.1469226,6.139149883206921
2379,S. aureus,RVVRQWPIGRVVRRVVRRVVRY,-0.146962521,22,6.146962521,2379,2379,train,9,6.0470682776449545,6.122518612805981,5.053831146903851,6.1332054707447385,5.189017854841889,6.083910100089993,5.831490343044212,6.1408477,6.14696252105699
2380,S. aureus,RWFKIQLQIRRWKNKK,1.204119983,16,4.795880017,2380,2380,train,4,4.730151287594735,4.815463737228878,4.847986734497464,4.810852485866709,4.881515410927214,4.6885887015700005,4.831044957709453,4.719089,4.795880016875662
2381,S. aureus,RWFKIQMQIRRWKNKK,1.806179974,16,4.193820026,2381,2381,train,2,4.2939969982320445,3.8450410360084115,4.851083534832791,3.9917938663031447,4.871759957201878,4.340349201380007,4.5565619403499324,4.21232,4.193820025949456
2382,S. aureus,RWFRIQLQIRRWRNRR,1.204119983,16,4.795880017,2382,2382,train,4,4.732276643163397,5.109206369851474,4.879478562823069,5.060182779625382,4.930444384099317,4.796883523110001,4.865135765202699,4.8396893,4.795880017052838
2383,S. aureus,RWGKWFKKATHVGKHVGKAALTAYL,1.350671471,25,4.649328529,2383,2383,train,4,4.732276643163447,4.626053903457173,4.879392878937973,4.750453609316788,4.968262579500307,4.75195070384,4.940788178443726,4.6868873,4.649328529069605
2384,S. aureus,RWKIFKKIPKFLHSAKKF,0.77815125,18,5.22184875,2384,2384,train,7,5.121713211647358,5.250864199339081,4.850955953371641,5.433498889529769,4.944991854326409,5.251734193149998,5.210493762564472,5.254824,5.2218487504083155
2385,S. aureus,RWKKWWRWL,0.442273751,9,5.557726249,2385,2385,train,8,5.457900622016199,5.112657887071624,4.955314233783152,5.127987194648718,5.047438957022838,5.524417944439994,5.393643355852531,5.5250125,5.557726248966691
2386,S. aureus,RWKLLLLLRL,0.17923567,10,5.82076433,2386,2386,train,9,5.720928497631151,4.931522018627038,4.971898728886582,4.955947085445871,5.0324890119508385,5.580947217159994,5.273245627605637,5.699909,5.820764329442483
2387,S. aureus,RWKRWWRLL,0.93314951,9,5.06685049,2387,2387,train,6,4.966715728027925,5.189675496169328,4.937743186540008,5.180043184445491,5.016043528627508,5.198581858629995,5.326861632654923,5.1393127,5.066850490440665
2388,S. aureus,RWKRWWRRKK,0.77815125,10,5.22184875,2388,2388,train,7,5.121960358159333,4.666763284991667,4.776340443220774,4.666690967692772,4.762085175695706,5.174902680939998,4.972443469372748,5.2197027,5.221848750353275
2389,S. aureus,RWKRWWRWI,0.610024608,9,5.389975392,2389,2389,train,7,5.289845523207167,5.479118451524415,4.970333035648812,5.4891571604610565,5.07604177807496,5.412265244749998,5.410399640537753,5.3924494,5.389975391861172
2390,S. aureus,RWLKKRRWKYYVPP,1.510310732,14,4.489689268,2390,2390,train,3,4.589626921875517,4.361144779990216,4.896929319364242,4.374788647210791,4.905786821716472,4.6661401532900015,4.7355724523288005,4.5210447,4.489689267994149
2391,S. aureus,RWLLKLGHHGR,1.806179974,11,4.193820026,2391,2391,train,2,4.294009494839411,4.239087663729697,4.605433585966233,4.124635696223533,4.646689674416426,4.390264445270005,4.717787345798552,4.246098,4.193820026009647
2392,S. aureus,RWLLKLGHHGRAPP,2.10720997,14,3.89279003,2392,2392,train,1,3.9927555031585196,4.367480873499788,4.573860577972867,4.443478145139551,4.57220536687817,4.106217808310003,4.349257546038883,3.9860425,3.8927900303806275
2393,S. aureus,RWRRKWWWW,-0.15490196,9,6.15490196,2393,2393,train,9,6.055042737147705,5.354604261075701,4.985077255813263,5.48851016879023,5.0894082243449805,5.904829569280001,5.375164284485142,6.0573134,6.154901959427668
2394,S. aureus,RWRRLLKKLHHLLH,0.923921262,14,5.076078738,2394,2394,train,6,4.976248794374361,4.947684222151751,4.880455477484641,5.189099081208896,4.9447473592013464,5.1372515552899936,5.214018032900854,5.1825504,5.076078738266515
2395,S. aureus,RWRRWKWWL,0.132903353,9,5.867096647,2395,2395,train,9,5.767093102834367,5.736336083759357,4.940902375455339,5.562697518882128,4.999137525621688,5.750581483929999,5.473968789460442,5.8750167,5.867096646752073
2396,S. aureus,RWRRWRRWRRWR,0.775479778,12,5.224520222,2396,2396,train,7,5.12437882364584,4.982531816216318,4.885392687967384,5.085905600844521,4.965520284707068,5.222817942170005,5.087984310440631,5.2350492,5.224520222320325
2397,S. aureus,RWRWRWF,1.428736789,7,4.571263211,2397,2397,train,4,4.671395684508579,4.91355928067118,4.916626466431861,4.965630529441441,4.961213014698288,4.626690801029992,4.9047920405222225,4.581101,4.571263210964592
2398,S. aureus,RWRWRWFGGGFIKHFIHRF,1.091849711,19,4.908150289,2398,2398,train,5,4.807639871433826,4.717709725393912,5.020620228743636,4.647814998354487,5.123110486019427,4.927079217479997,4.9216789106928625,4.908027,4.908150289072252
2399,S. aureus,RWRWRWFSATFIKHFIHRF,1.368051898,19,4.631948102,2399,2399,train,4,4.732276638968445,4.888669405570085,5.020676637855122,4.8567136792798395,5.1295457302242315,4.7112293184500045,4.897840258415477,4.6741476,4.631948101970451
2400,S. aureus,RWRWRWFSGGFIKHFIHRF,1.08684388,19,4.91315612,2400,2400,train,5,4.813084886212312,5.1630302946843205,5.0253821438460395,5.112729512729943,5.126869641329593,4.929580636209997,4.918360653548682,4.8917856,4.9131561199674625
2401,S. aureus,RWRWRWK,1.439332694,7,4.560667306,2401,2401,train,4,4.660832771720962,4.581468820197656,4.831252239796072,4.553357587231472,4.818471037873794,4.5513255041300065,4.627870572076855,4.5682807,4.560667305663219
2402,S. aureus,RWRWRWRW,0.900367129,8,5.099632871,2402,2402,train,6,4.999652147194455,5.31905837083897,4.933343934467125,5.354235666951692,5.0324315380261195,5.107929866959995,5.123083633864938,5.117533,5.099632871243708
2403,S. aureus,RWRWRWRWRW,0.556302501,10,5.443697499,2403,2403,train,8,5.34357716328232,5.441998434315533,4.992427886622285,5.440416485060551,5.1271486473548595,5.348874396369996,5.235839158265402,5.435833,5.443697498704132
2404,S. aureus,RWRWWWRVY,0.51851394,9,5.48148606,2404,2404,train,8,5.381757987155996,5.282130217183841,5.044114186578495,5.25424311416884,5.1351843892538955,5.44076200047,5.4187462378398425,5.4731236,5.481486059975976
2405,S. aureus,RWSVYAYVRVRGVLVRYRRSW,1.722491811,21,4.277508189,2405,2405,train,2,4.377674419977179,4.4234920604665815,5.04299774151825,4.36309777184326,5.15888991682103,4.69952268577,4.905242149298957,4.369401,4.277508189010798
2406,S. aureus,RWWIRIRWH,0.113943352,9,5.886056648,2406,2406,train,9,5.786227760030531,5.067421910351591,4.91782595198574,5.033625277144905,4.9707023052700325,5.677593568860007,5.20110879531669,5.7986474,5.886056647896347
2407,S. aureus,RWWKIWVIRWWR,0.630960402,12,5.369039598,2407,2407,train,7,5.268997712634909,5.502487936154176,5.072564374592687,5.5363098938266955,5.176939931256994,5.340421362229994,5.314811741983391,5.380311,5.369039598258476
2408,S. aureus,RWWLRRIW,1.096910013,8,4.903089987,2408,2408,train,5,4.803057773363945,4.739183710630837,4.917990294475826,4.655232718832679,4.9227123987244985,4.927089430509994,5.061029006268122,4.9095345,4.903089987252702
2409,S. aureus,RWWRKIWKW,0.342422681,9,5.657577319,2409,2409,train,9,5.557409444716408,5.227758522654207,4.946281712575662,5.192234266239161,5.027840248779335,5.549819134569997,5.270574086772923,5.578583,5.657577318517161
2410,S. aureus,RWWRRWWRWWRRWWRR,0.698970004,16,5.301029996,2410,2410,train,7,5.201020655933258,5.498516989003033,5.153863688746715,5.544880671502158,5.354912396919772,5.324361712430007,5.245762610956101,5.2974186,5.301029997386848
2413,S. aureus,RWWRWWRRWW,1.713524406,10,4.286475594,2413,2413,train,2,4.386570165284907,5.429501677878539,5.063445338325003,5.539105026434327,5.206198223195931,4.480419548370006,4.898409611665802,4.3846755,4.286475594203565
2414,S. aureus,RWWRWWRRWWRR,0.666309623,12,5.333690377,2414,2414,train,7,5.2339148395680715,5.4630784514053765,5.034759620295052,5.533312644163085,5.176265385914702,5.274080482769997,5.284182713116903,5.3295393,5.333690375256957
2415,S. aureus,RWWRWWRRWWRWWR,1.72427587,14,4.27572413,2415,2415,train,2,4.375843929921292,5.656255130419465,5.164424971796469,5.672773466568058,5.367580033220367,4.506439478360005,5.061456919532011,4.307612,4.275724130797211
2416,S. aureus,RWWRWWRRWWW,1.66984781,11,4.33015219,2416,2416,train,3,4.430336146909982,5.439926621672989,5.115286040807086,5.506580551514041,5.271988292735438,4.489998132549996,4.7980912555596,4.3697515,4.330152190794618
2418,S. aureus,RWWVAWRNR,1.973127854,9,4.026872146,2418,2418,train,1,4.127029108377403,4.680599949219657,4.748737463177165,4.704310127993724,4.769382128558013,4.371439315510002,4.751904332949842,4.235243,4.026872146034482
2419,S. aureus,RYRRKKKMKKALQYIKLLKE,2.544068044,20,3.455931956,2419,2419,train,0,3.556019701645088,4.003528837321824,4.8721741599103545,3.967982872317173,4.792877700546379,3.843829143639994,4.411528909182006,3.5601199,3.4559319560576935
2421,S. aureus,SADQTGMNKAALSPIRFISKSV,1.935232929,22,4.064767071,2421,2421,train,2,4.164770078550525,4.52349714437977,4.51541040646682,4.44485625703958,4.423502867461495,4.1572068836600025,4.239153280087772,4.071759,4.064767070988549
2422,S. aureus,SAVGRHGRRFGLRKHRKH,1.369215857,18,4.630784143,2422,2422,train,4,4.730978069213726,5.127794686213038,4.607063324881503,5.248419472843923,4.5841210151591465,4.721220053540005,4.797465545526894,4.719117,4.630784143103181
2423,S. aureus,SAVGRHLRRFGLRKHRKH,0.972202838,18,5.027797162,2423,2423,train,6,4.927696639661178,5.101510518366103,4.697424102674831,5.067122385674575,4.735445577248729,5.017677940070006,4.859405967379831,5.0486856,5.027797162000237
2424,S. aureus,SAVGRHLRRFLLRKHRKH,0.495544338,18,5.504455662,2424,2424,train,8,5.404006902746757,5.213448091251093,4.770435305182134,5.350457376106383,4.820841671729232,5.38161724486,4.953152355149395,5.485955,5.504455662137954
2425,S. aureus,SAVLRHLRRFLLRKHRKH,0.193124598,18,5.806875402,2425,2425,train,9,5.7067576560142665,4.9638172132038205,4.843815083035375,5.0277532235366476,4.9075628520606775,5.616558092119996,5.109049901326537,5.619301,5.806875401593592
2426,S. aureus,SAVWRHWRRFWLRKHRKH,0.795880017,18,5.204119983,2426,2426,train,6,5.104285296686926,5.15834651622665,4.907892385108936,5.100870222199255,5.011183513478712,5.26283585354,5.198085274846233,5.272428,5.204119983220678
2427,S. aureus,SAVWRRWRRFWLRKRRKR,0.795880017,18,5.204119983,2427,2427,train,6,5.1040060905164895,5.608756919800957,4.93209754397603,5.410250823907436,5.054948902793546,5.19546157481,5.223912306276925,5.2441053,5.204119983784813
2428,S. aureus,SAVWRWRRFWLRKRK,0.495544338,15,5.504455662,2428,2428,train,8,5.404567320583857,5.418550764265154,4.886073094929493,5.197656641558879,4.969354765632049,5.370068822089999,5.184107617958144,5.382725,5.504455661351378
2430,S. aureus,SFVFKLASKVVPSVFSALTR,2.069068809,20,3.930931191,2430,2430,train,1,4.031106317969047,4.441207753108464,4.82313134432042,4.491401474695996,4.738162628749765,4.0828776588800055,4.408944657374267,3.977743,3.9309311910705986
2431,S. aureus,SGIQPEQHSS,2.0,10,4.0,2431,2431,train,1,4.099828167537273,3.970014586857182,4.034527417333401,3.922631465956229,3.809408440321249,3.8084836687499988,3.842272616988633,4.0005774,3.9999999999601354
2432,S. aureus,SGKLWWRRKK,1.698970004,10,4.301029996,2432,2432,train,2,4.401223404254836,4.99586210541572,4.65476516682043,5.077177236371238,4.606323146518661,4.427577548470004,4.7191347549747515,4.329379,4.301029996131049
2433,S. aureus,SGKLYYRRKK,2.0,10,4.0,2433,2433,train,1,4.100199694569873,3.930510981410394,4.633241011271617,3.8535948978874823,4.522927533854416,4.17792293109,4.427626383639371,4.084971,3.9999999999743228
2434,S. aureus,SGKRWWRRKK,1.698970004,10,4.301029996,2434,2434,train,2,4.400858570194973,4.7993775911291925,4.59147134847779,4.898172768122933,4.519819582355272,4.435496758580004,4.558469156752114,4.274661,4.3010299958756715
2436,S. aureus,SHHWLWLW,1.234959093,8,4.765040907,2436,2436,train,4,4.732276643163447,4.77310458669991,4.856889166241735,4.7562703349681605,4.8723046319262195,4.7304256603800034,4.76085203420449,4.767298,4.765040906960718
2437,S. aureus,SHKWLWLW,0.93728677,8,5.06271323,2437,2437,train,6,4.9625955557203305,5.15570100044097,4.867584716832186,5.138738325441813,4.901503519438304,4.901504492749994,4.831728126185724,5.0310893,5.062713229969702
2438,S. aureus,SIKILKIYFIQGKRHWSF,1.725613697,18,4.274386303,2438,2438,train,2,4.3745786599151355,4.644217318683801,4.922646389943332,4.828384988900892,4.979882900758125,4.611207889560003,4.860833749288863,4.4045753,4.274386303018831
2439,S. aureus,SILGKLWKGVKSIF,0.6775231,14,5.3224769,2439,2439,train,7,5.222437252631716,4.8860607660102175,4.734419018306555,4.826927460240564,4.788552988064495,5.193571721190008,4.886643993612726,5.2392144,5.322476899862962
2440,S. aureus,SILPTIVSFLSKFL,1.380211242,14,4.619788758,2440,2440,train,4,4.7199605356407535,4.671878637899211,4.789872574014331,4.6204278343445,4.917795906168953,4.580901445590005,4.773136061846618,4.6201553,4.619788757965747
2441,S. aureus,SILPTIVSFLTKFL,1.397940009,14,4.602059991,2441,2441,train,4,4.702163930049143,4.581999840368083,4.8391988801522245,4.543383845561269,4.951545336695805,4.6023253890599936,4.743617062935801,4.580453,4.602059991020615
2442,S. aureus,SILPTIVTFLSKFL,1.397940009,14,4.602059991,2442,2442,train,4,4.702146497416122,5.072134079564861,4.792476795523236,4.986819375239729,4.919423461309415,4.606543587119995,4.756249257698603,4.626283,4.6020599909867155
2444,S. aureus,SKSWLWLW,0.956524899,8,5.043475101,2444,2444,train,6,4.943588941673134,4.873958250869143,4.809272100787983,4.929040077001999,4.855614767622118,4.774822291260007,4.579864827921572,4.969356,5.043475100991457
2448,S. aureus,SKVLRHLRRFLHRAHRKL,0.369215857,18,5.630784143,2448,2448,train,9,5.530940484300652,5.095763776919888,4.853140155537035,5.180474920789818,4.92992084820698,5.425664396450006,5.077587463496993,5.5951257,5.630784142971246
2449,S. aureus,SKVWRHW,2.0,7,4.0,2449,2449,train,1,4.099679966023304,4.289877632078884,4.677133480943053,4.346442095563585,4.585777918454849,4.09108100618,4.33971081873523,4.0017896,3.999999999971781
2450,S. aureus,SKVWRHWRRFW,0.795880017,11,5.204119983,2450,2450,train,6,5.104218344409566,5.2227635464404765,4.854937616190892,5.25013999274223,4.9261648829246365,5.14530257498,5.0952630546500295,5.1103334,5.204119982968116
2451,S. aureus,SKVWRHWRRFWHR,0.495544338,13,5.504455662,2451,2451,train,8,5.404431037519043,4.920674855626882,4.850128344756646,4.918266579999108,4.919673611395221,5.3244360119500005,5.094664467000505,5.399258,5.5044556619942915
2452,S. aureus,SKVWRHWRRFWHRAHRKK,0.586587305,18,5.413412695,2452,2452,train,8,5.313242085440989,4.972731010603502,4.874978667931889,5.1341693024435475,4.972838189433764,5.302134461679994,5.013972844311359,5.3753996,5.413412695094389
2453,S. aureus,SKVWRHWRRFWHRAHRLH,0.495544338,18,5.504455662,2453,2453,train,8,5.404421043192011,5.304278854881442,4.912202380051458,5.178754591744271,5.020922198719281,5.37710185,5.187132908263105,5.466522,5.504455661849385
2455,S. aureus,SLLSLIRKLIT,1.342422681,11,4.657577319,2455,2455,train,4,4.732276643163447,4.876713653159491,4.709434956954175,4.809401742298875,4.718748480349942,4.672282278729997,4.580489098255703,4.62911,4.657577318924835
2456,S. aureus,SLSRFLRFLKIVYRRAF,1.096910013,17,4.903089987,2456,2456,train,5,4.80292962957342,5.026143069125201,4.9192087207232325,4.8888165119161116,5.089471429597677,4.986623474349996,4.989758948645336,4.9042706,4.903089987158338
2457,S. aureus,SLSRFLSFLKIVYPPAF,1.401110426,17,4.598889574,2457,2457,train,4,4.698773114449286,4.9013142322525205,4.8194040859931935,4.8217327492189375,4.945452233475065,4.659449056009999,4.742546105755797,4.6139812,4.598889574064629
2458,S. aureus,SLWETIKNAGKGFIQNILDKIR,0.567026366,22,5.432973634,2458,2458,train,8,5.332803023349245,5.339573950065899,4.560280466053108,5.260401309707056,4.542304258399086,5.100989039000002,4.760095010340982,5.349547,5.432973634036373
2459,S. aureus,SLWETIKNAGKGFIQNLDKIR,0.586277288,21,5.413722712,2459,2459,train,8,5.31369055311404,5.078539748060397,4.490190185267055,5.094806350547384,4.4686195822011845,5.102520037489997,4.7468615898454685,5.3927855,5.41372271194182
2460,S. aureus,SMLSVLKNLGKVGLGFVA,2.301029996,18,3.698970004,2460,2460,train,0,3.798799755545921,4.328976424766181,4.696032508475433,4.319996494939289,4.712512004819482,4.003346721339997,4.509048898351069,3.7613115,3.6989700040207265
2461,S. aureus,SMLSVLKNLGKVGLGFVAAKIAKQA,2.0,25,4.0,2461,2461,train,1,4.1001722027022,4.814758570702029,4.788988349432377,4.885453787240619,4.8448642909903805,4.080304871149999,4.444475689009698,4.0366507,4.000000000246119
2462,S. aureus,SPEEARVKILTAIPEMREEDLSEE,2.0,24,4.0,2462,2462,train,1,4.1001755145939605,4.054633865927266,4.384095028554515,4.1551405159565675,4.327770029852567,4.27038028464,4.242068693455816,4.0457478,3.9999999999890887
2463,S. aureus,SPGRPRPFPGRPKPIFRPR,2.0,19,4.0,2463,2463,train,1,4.099641232928881,4.189092349898862,4.525080236396428,4.121077368672149,4.458065165931817,4.02667929089,4.108113988965552,3.9912794,3.9999999999052025
2464,S. aureus,SPRRRTPSPRRRRSQSPRRR,2.0,20,4.0,2464,2464,train,1,4.100160981619035,4.186243125045672,4.554648999678075,4.266224358278068,4.646259802759474,4.246544156130001,4.480856562454236,4.0625,3.9999999999602305
2465,S. aureus,SRSEKAGLQFPVGRIGRMLKK,0.823908741,21,5.176091259,2465,2465,train,6,5.075525799279163,4.690877762118791,4.622360915488393,4.738265644389911,4.61757973425714,4.898503086229991,4.483955232315902,5.0702877,5.176091258963397
2466,S. aureus,SRWPSPGRPRPFPG,2.0,14,4.0,2466,2466,train,1,4.100008438205841,3.7518898680166446,4.4526515808517635,3.861193246956885,4.31552383342672,4.10083145798,4.133126539928715,3.9669054,4.000000000019604
2467,S. aureus,SRWPSPGRPRPFPGRPKPIF,2.0,20,4.0,2467,2467,train,1,4.100134404047267,4.229331757290556,4.600332168937653,4.293582222303024,4.62971117810481,4.11092327895,4.220622242865397,3.9907572,3.99999999988605
2468,S. aureus,SRWPSPGRPRPFPGRPKPIFRPR,2.0,23,4.0,2468,2468,train,1,4.100021481729009,4.116447636863775,4.650651192384306,4.346225095615442,4.718308365622599,4.17078791491,4.413217952899535,4.024105,4.000000000350241
2469,S. aureus,SSMKLSFRARAYGFRGPGPQL,1.633263735,21,4.366736265,2469,2469,train,3,4.466564615784856,3.9008932932857268,4.658597872374502,3.844990197105387,4.612966742976413,4.392775782359995,4.214852334668703,4.359859,4.366736264980445
2470,S. aureus,STIGKLVKWIIKTVNKFTKK,0.681241237,20,5.318758763,2470,2470,train,7,5.218492187235343,4.989694592359801,4.860253087979621,5.052203640664691,4.900360305069082,5.188370744220002,4.981976529056403,5.3313456,5.318758762981018
2471,S. aureus,STVLTSKYR,0.301029996,9,5.698970004,2471,2471,train,9,5.598834466496308,5.274290128502473,4.57738717439506,5.265329775691109,4.420981775888856,5.057599508279996,4.947584066650836,5.636478,5.698970003930676
2472,S. aureus,SVAGRAQGM,1.960589401,9,4.039410599,2472,2472,train,1,4.139608603054105,3.2422708954816715,4.294617371895998,3.2392775307270907,4.051570759551276,4.0078007003600025,3.967194317119245,4.0568414,4.039410598958132
2473,S. aureus,SVKKFWGGVKAIFKGARKGLK,1.204119983,21,4.795880017,2473,2473,train,4,4.733674723940372,4.856299168424864,4.770635273169169,4.890517578774676,4.849474580545019,4.813853994830001,4.876983881674455,4.83467,4.795880017033064
2474,S. aureus,SVPSVGAVLFFKRAAVMKLI,2.079118658,20,3.920881342,2474,2474,train,1,4.0208463425664185,4.686247579396526,4.880405292419855,4.790450646509961,4.892766360043171,4.172615794509995,4.495910128493889,3.9936652,3.9208813420632023
2475,S. aureus,SWFKHKSK,1.059147548,8,4.940852452,2475,2475,train,5,4.840950935045644,4.477618921421378,4.508125213623554,4.31138908116076,4.46541386392585,4.719245720360004,4.5751493998101145,4.8996897,4.940852451943304
2476,S. aureus,SWFKTKSK,1.199293917,8,4.800706083,2476,2476,train,5,4.732276643163447,4.857039501927644,4.4933680730406955,4.840181325504849,4.4427557715390416,4.654529798920005,4.455291572135623,4.800725,4.800706082978471
2477,S. aureus,SWKSMAKKLKEYMEKLKQRA,1.74723839,20,4.25276161,2477,2477,train,2,4.352834597272357,4.540882651366027,4.653524503899397,4.659008626144509,4.590166003558934,4.511668871469996,4.374268084340187,4.3114123,4.252761609968585
2478,S. aureus,TESYFVFSVGM,2.127871881,11,3.872128119,2478,2478,train,1,3.9722315510374155,4.123285820393867,4.494535059007964,4.038238233803555,4.421954811381262,4.020078299270004,4.21259821658227,3.909133,3.872128118948375
2479,S. aureus,THIHMNARLLIRSPFTDPQL,2.035192598,20,3.964807402,2479,2479,train,1,4.064238133667521,3.6624993706973497,4.562741273554628,3.564089100490958,4.312401023756929,4.274699069580003,4.5214082209343776,4.0459037,3.964807401998902
2480,S. aureus,THSWLWLW,1.947582841,8,4.052417159,2480,2480,train,2,4.152589593801112,4.458811025360469,4.847661245118683,4.5204405994163235,4.864094753966517,4.179869529580002,4.441823050466206,4.0831122,4.052417158962129
2482,S. aureus,TIAMRAINNYRWRSKNQNTFLR,0.176091259,22,5.823908741,2482,2482,train,9,5.723737443101762,5.312390469960827,4.835553930228661,5.13036225392257,4.83941381041534,5.542865977820006,5.085218060319693,5.716118,5.823908740975624
2483,S. aureus,TKKTKLTEEEKNRL,0.361727836,14,5.638272164,2483,2483,train,9,5.538315637246154,5.283069808789656,4.364582454853054,5.2281737684197145,4.037646774085126,5.198614108399999,4.973961321233469,5.5570054,5.638272163939563
2484,S. aureus,TKPTLLGLPLGAGPAAGPGKR,0.903089987,21,5.096910013,2484,2484,train,6,4.9967384011660805,4.4279227517413755,4.455264349338339,4.543593191566688,4.423292908888713,4.848880577870005,4.406746479136702,5.0597377,5.096910012898826
2485,S. aureus,TLKQFAKGVGKWLVK,1.768765206,15,4.231234794,2485,2485,train,2,4.331067021248399,4.253697696112102,4.731612100171696,4.529442512142255,4.746371625496399,4.4124335131799945,4.8291949889304115,4.3117375,4.231234794026228
2486,S. aureus,TLLKKVLKAAA,0.477121255,11,5.522878745,2486,2486,train,8,5.422711005967907,4.789655602362415,4.631477347689727,4.75103337788521,4.5487940809892935,5.1652660580300065,4.575773130155678,5.4149833,5.522878744731587
2487,S. aureus,TLLKKVLKAAAKAALNAVLVGANA,1.027081194,24,4.972918806,2487,2487,train,5,4.872797078785354,4.71739963941593,4.732777672945471,4.738002818091193,4.699610658002033,4.744272373379997,4.669746875065436,4.959797,4.972918805788311
2488,S. aureus,TMSLRFWRWKVR,1.730631944,12,4.269368056,2488,2488,train,2,4.369203739283925,4.861529008148577,4.823148806853267,4.844883435701959,4.86042639718062,4.559805444480003,4.828034260102998,4.2993717,4.269368056007593
2489,S. aureus,TPFKISIHL,1.152727708,9,4.847272292,2489,2489,train,5,4.747375192401542,4.9296757316531234,4.6869530071786745,4.9796155177991555,4.591230897322661,4.693844435180008,4.545056429335573,4.8273506,4.847272291976391
2490,S. aureus,TPFKLSLHL,1.303242706,9,4.696757294,2490,2490,train,4,4.732276643163447,5.03818906008801,4.613147247267807,5.059934712955861,4.544420301454304,4.692320122950005,4.601455758191579,4.7052426,4.6967572939979325
2491,S. aureus,TRKRLKKIGKVLKWI,1.505149978,15,4.494850022,2491,2491,train,3,4.594684870932149,4.366190665173688,4.818764959559835,4.434695296607269,4.858048719258336,4.607354152329995,4.880738651773058,4.5485044,4.494850022442293
2492,S. aureus,TRSRWRRFIRGAGRFARRYGWRIA,1.622552704,24,4.377447296,2492,2492,train,3,4.477276668675657,4.595940557214887,4.887216489713789,4.732351579892448,5.073433615085973,4.508020602760006,4.7456231372847295,4.4298005,4.377447296149571
2493,S. aureus,TRSSRAGLQFPVGRVHR,2.123995578,17,3.876004422,2493,2493,train,1,3.9760532544379457,4.277074602851594,4.591035465454295,4.176713011594873,4.554249025930223,4.071741034049998,4.214407282361628,3.9614034,3.876004422016311
2494,S. aureus,TRSSRAGLQFPVGRVHRLLRK,1.282219325,21,4.717780675,2494,2494,train,4,4.731533213693326,4.682725045321404,4.745816938677386,4.672742997744462,4.780285124073756,4.728742769849992,4.934967454322239,4.750766,4.71778067501374
2495,S. aureus,TSFLNELNKYNEKKFI,0.620608674,16,5.379391326,2495,2495,train,7,5.279235232061001,4.79821037383412,4.441101979221001,4.652094215107813,4.248064698636978,5.187656463570004,4.603367292892552,5.3401723,5.379391325964127
2496,S. aureus,TWLKKRRWKKVKPP,1.538705308,14,4.461294692,2496,2496,train,3,4.561508326149178,4.839545259894496,4.7306407116363545,4.8939428066612205,4.728288356606733,4.650732411890005,4.458318879198368,4.4431844,4.461294692094367
2497,S. aureus,TWLPAVIKIQAHWRGYRQRKIYL,0.204119983,23,5.795880017,2497,2497,train,9,5.69597934117027,5.454043591333498,4.984181640181455,5.291643759559401,5.08641264956612,5.467353045369999,5.466917471252545,5.7441483,5.795880016931703
2498,S. aureus,VALNENLLR,3.096910013,9,2.903089987,2498,2498,train,0,3.0032018250146004,3.019669369197774,4.218830652618243,2.97787952806951,3.780401293916061,2.892403363509995,2.887309874907332,2.895159,2.9030899871302926
2499,S. aureus,VANENLLR,3.397940009,8,2.602059991,2499,2499,train,0,2.702200409854917,2.6084866584667763,4.088514685761018,2.6002708916517125,3.5661222406365147,2.71827629823,2.827078989724372,2.6411166,2.6020599910060085
2500,S. aureus,VDKGRYLEAPTPPRPIYNRN,1.301029996,20,4.698970004,2500,2500,train,4,4.732276643163447,4.69283973474799,4.438419065311243,4.719664444162519,4.368833261968256,4.683566337589995,4.586367774182793,4.7219124,4.698970004022562
2501,S. aureus,VDKGSYLPRPTPTPRYRPIYNRN,1.301029996,23,4.698970004,2501,2501,train,4,4.732276643163447,5.002737440262695,4.673468259091446,4.991947323466582,4.678067742317158,4.825416619499994,4.797491526775251,4.7339215,4.698970003983453
2502,S. aureus,VDKGSYLPRPTPYSPRPPIYNRN,1.301029996,23,4.698970004,2502,2502,train,4,4.732276643163447,4.6846181079386895,4.655465112774436,4.74267766538763,4.646190811836785,4.747364130019995,4.582618534531637,4.7127013,4.698970004020599
2503,S. aureus,VDKPDYRPRPRPPNM,2.176091259,15,3.823908741,2503,2503,train,0,3.924065267081307,3.8240494982806426,4.223003968549621,3.824047534708763,4.042207863311851,3.9658354739600044,4.181060259331336,3.8646016,3.82390874093408
2504,S. aureus,VDKPPYLPRPRPPRRIYNR,0.621458588,19,5.378541412,2504,2504,train,7,5.277955473950485,4.676454979156314,4.582734477380643,4.757243708547662,4.579233554400279,5.2131649550500025,4.619054126346574,5.2308106,5.378541411916683
2505,S. aureus,VDNANDLLSKVKKDKSD,0.916876777,17,5.083123223,2505,2505,train,6,4.983235532423324,4.612445631610778,4.1299769520890175,4.460742336460618,4.1056829165807,4.799654709539992,4.508933032627686,4.9998264,5.083123222946185
2506,S. aureus,VFLGNIVSMGKKI,2.15312283,13,3.84687717,2506,2506,train,1,3.9470175888549166,4.034999219273559,4.704782008759354,4.043690274001741,4.805489079540495,4.288595296100007,4.542077493692538,3.946512,3.846877169982159
2509,S. aureus,VFRLKKWMQKVIDRFGG,1.505149978,17,4.494850022,2509,2509,train,3,4.594938222075538,4.237642349164795,4.776442104608829,4.298730566737067,4.732850009172711,4.625235861739996,4.70929765987799,4.5039234,4.494850021904797
2510,S. aureus,VGALAVVVWKWKWKW,0.397940009,15,5.602059991,2510,2510,train,8,5.501949108644328,5.280031522156575,4.945584026422016,5.199275595058179,5.016682832579907,5.482987340949995,5.273951873658557,5.5072575,5.602059989802292
2511,S. aureus,VGALAVVVWKWKWLW,0.698970004,15,5.301029996,2511,2511,train,7,5.2008491060858075,5.299285021472253,4.984721697729867,5.273174904485812,5.060228713835258,5.369198963420003,5.231984440903193,5.4011064,5.301029996957398
2512,S. aureus,VGALAVVVWKWLWKW,0.698970004,15,5.301029996,2512,2512,train,7,5.200982867713234,5.1944332987549675,4.9858443633212435,5.159759514389118,5.0631623129285925,5.354390889060005,5.218157926263503,5.337092,5.301029996922571
2513,S. aureus,VGALAVVVWKWLWLW,0.397940009,15,5.602059991,2513,2513,train,8,5.502173693803059,5.145393226603109,5.024618081260864,5.109745639748424,5.106703329136829,5.510367643549996,5.178048845818104,5.5070486,5.6020599909305755
2514,S. aureus,VGALAVVVWLWLWKW,0.397940009,15,5.602059991,2514,2514,train,8,5.502223716625984,5.214862678507406,5.022065571219233,5.127079542545201,5.100033452370877,5.5490211003599965,5.18708111994747,5.5735655,5.602059990388346
2515,S. aureus,VGALAVVVWLWLWLW,0.397940009,15,5.602059991,2515,2515,train,8,5.502200777754171,4.90333614852622,5.061386087085941,4.844309157595247,5.12947124117226,5.416623505549994,5.113404919272197,5.5494323,5.60205999075039
2516,S. aureus,VGALAVVVWRWRWRW,0.397940009,15,5.602059991,2516,2516,train,8,5.502227224271034,5.333857262777511,4.974925690762526,5.26496101489753,5.0677416585253505,5.507037925289995,5.303920819389003,5.597843,5.60205999086018
2517,S. aureus,VGKTWIKVIRGIGKSKIKWQ,0.447158031,20,5.552841969,2517,2517,train,8,5.452502894756897,5.224049137130506,4.810421963150232,5.220182169787083,4.884245829070466,5.3412928972,4.947166307251574,5.535161,5.5528419689055895
2518,S. aureus,VGRIHRHLK,1.079181246,9,4.920818754,2518,2518,train,5,4.820654239949172,4.639569786922147,4.62574384725402,4.7879653989604805,4.54236201532171,4.582501848739996,4.316393889476516,4.857872,4.920818753975392
2519,S. aureus,VGVGGGFGR,2.191171701,9,3.808828299,2519,2519,train,0,3.9089215350889077,4.362499546883421,4.486642069138816,4.290296588858554,4.326102672764146,3.818523878850006,4.0749113374518116,3.813931,3.8088282989594426
2520,S. aureus,VIDKAKMESLGITSRDTT,1.200741275,18,4.799258725,2520,2520,train,5,4.732276643163447,4.432474849696217,4.279021399684825,4.5418548291563665,4.19270992689039,4.666143143610004,4.613300307114042,4.8041844,4.799258724951732
2522,S. aureus,VINENLLR,3.096910013,8,2.903089987,2522,2522,train,0,3.0032192948898064,3.522487314308578,4.235385145913939,3.6121627383202135,3.8095776105232657,2.928718413669995,2.940475166413301,2.876149,2.9030899870112905
2523,S. aureus,VIPIVSGLLSSLL,0.579621152,13,5.420378848,2523,2523,train,8,5.32054680573327,4.994826827014549,4.739593084094232,5.0720517135653305,4.808170673769016,5.099457819389997,4.986988487038102,5.383094,5.420378847905999
2524,S. aureus,VIRRRRILAAVV,2.2451077,12,3.7548923,2524,2524,train,0,3.8550663626672064,4.69340337604844,4.820810961942432,4.787535001893646,4.838869097911917,4.272035967789998,4.667448366669305,3.816538,3.754892300039257
2525,S. aureus,VKGSWSKKFEVIA,2.0,13,4.0,2525,2525,train,1,4.1001717915057805,3.7593247084186414,4.450537052318241,3.910427243535671,4.372343006365071,4.0925060624,4.213360827008593,4.023862,3.999999999967953
2526,S. aureus,VKKFPWWWPFLKK,0.747098253,13,5.252901747,2526,2526,train,7,5.152934789605377,5.229419763006033,4.949604535313459,5.184235224735297,5.079802039496643,5.403720816400005,5.317251814809549,5.413624,5.252901747444259
2527,S. aureus,VKKLVYPLKVKLYP,0.948680972,14,5.051319028,2527,2527,train,6,4.9516798056523825,4.77828953010068,4.880899916745348,4.750548273200417,4.858270335981191,4.977107470520006,4.977283678051517,5.036512,5.051319027981843
2528,S. aureus,VKKVYPLKVKLYP,0.404782329,13,5.595217671,2528,2528,train,8,5.495388246850263,4.846072028766247,4.828345315269606,4.882759143314999,4.794897012044201,5.18628008413,4.905501357468183,5.4733486,5.595217670851967
2540,S. aureus,VKLVKYPKLKVKLYP,1.245957757,15,4.754042243,2540,2540,train,4,4.732276643135816,5.202736546712133,4.874988549074772,5.0117543063320245,4.861964145589268,4.801746442710002,4.894486108356267,4.7872334,4.7540422430558404
2542,S. aureus,VKLYPKVKLYP,1.074531201,11,4.925468799,2542,2542,train,5,4.825541455415046,5.034689244557407,4.807916114728556,4.962064045354891,4.774328121124927,4.790745987189994,4.872464030285657,4.897935,4.925468798947612
2545,S. aureus,VKRFKKFFRKFKKSV,1.704772772,15,4.295227228,2545,2545,train,2,4.395109303924907,4.872840532770381,4.852610441310776,4.867498842445208,4.940339174924439,4.459942264479993,4.702459551084593,4.32253,4.295227227769234
2546,S. aureus,VKRFKKFFRKLKKS,1.554653469,14,4.445346531,2546,2546,train,3,4.545359403514391,4.2770328529105495,4.796864799158463,4.404678241750094,4.865737366130746,4.459979786569996,4.77658709069491,4.4763775,4.445346531242607
2547,S. aureus,VKRFKKFFRKLKKSVK,1.497444502,16,4.502555498,2547,2547,train,3,4.602547805793053,4.512276012648001,4.848230332277845,4.67182444745006,4.940906601229913,4.475728835309996,4.732691717081206,4.462829,4.502555497312086
2548,S. aureus,VKRFKKFFRKLKKSVKK,1.471323859,17,4.528676141,2548,2548,train,3,4.62843599640422,4.516785754119964,4.8530030212324125,4.554770157616395,4.946860976976579,4.541720056600003,4.762079386638044,4.52847,4.52867614172428
2549,S. aureus,VKRFKKFFRKLKKSVKKL,1.4561311,18,4.5438689,2549,2549,train,3,4.643989444481602,4.882350538394498,4.898014102178584,4.91983602179109,5.00659529898782,4.653871281200005,4.866612494470239,4.624442,4.54386889993943
2550,S. aureus,VKRWKKFWRKWKKWW,0.313852767,15,5.686147233,2550,2550,train,9,5.586340635449256,5.255601365054567,5.016099069894645,5.341871828004807,5.1684443293746245,5.648646573399999,5.319482181970923,5.7052226,5.686147233010781
2551,S. aureus,VKRWKKWRWKWKKWV,-0.279871987,15,6.279871987,2551,2551,train,9,6.180210810746712,4.937969491405545,4.975629226363663,5.013903377989694,5.075576017009679,5.896220644079993,5.25032674702899,6.0894732,6.279871985833597
2552,S. aureus,VKRWKKWWRKLKKSV,1.68686134,15,4.31313866,2552,2552,train,3,4.412530354003833,4.732129871389162,4.878340210544925,4.720310230015493,4.980111207334697,4.504089235049996,4.685757805294398,4.401774,4.313138660275798
2553,S. aureus,VKWRWKKWRWKWKWKV,1.617093313,16,4.382906687,2553,2553,train,3,4.482974852213952,5.2133831034406315,5.039037479382902,5.317664068356287,5.156904898704731,4.631024117140003,5.1209569234909535,4.468666,4.382906688356734
2554,S. aureus,VKWRWKWKWRWKWKWKV,1.584834302,17,4.415165698,2554,2554,train,3,4.514998661994932,5.4973580064783745,5.123671978469106,5.529323436956726,5.312486831374161,4.621266499790004,4.969761015663526,4.4352593,4.415165697722366
2555,S. aureus,VLHTGYRKFLHRSKRFFHLR,1.62181401,20,4.37818599,2555,2555,train,3,4.478014493398392,4.151089010032167,4.923364306587813,4.189114483030732,5.022325432615558,4.682553891500005,4.947269130778092,4.487465,4.378185989986705
2556,S. aureus,VLIKTRLFIKRK,0.84509804,12,5.15490196,2556,2556,train,6,5.054730081277197,4.7519623865669685,4.834493940029417,4.757158845956406,4.856432191459849,5.158898477600004,5.151846459826872,5.136228,5.154901959787015
2557,S. aureus,VLNANLLR,3.096910013,8,2.903089987,2557,2557,train,0,3.0032326522617794,4.031369368084432,4.513233707961301,4.083347487275308,4.324343272083613,3.1249429250299943,3.5552936755681115,2.9474459,2.9030899870295475
2558,S. aureus,VLNDNLLR,3.397940009,8,2.602059991,2558,2558,train,0,2.7018892160344365,3.1786839848979405,4.270913515763887,3.2582247338416552,4.04384096857474,2.72515338619,2.943349747945295,2.7095423,2.6020599909849738
2559,S. aureus,VLNEALLR,3.096910013,8,2.903089987,2559,2559,train,0,3.0032228904651674,3.6951271932302485,4.2618442681867945,3.801363501438963,4.068991633239287,2.923454639439994,3.0020310124102076,2.8928757,2.903089987007031
2560,S. aureus,VLNENAAR,3.096910013,8,2.903089987,2560,2560,train,0,3.003265578291991,3.1127706425269825,3.981561657576241,3.171908407109916,3.4325792287164547,2.9218829641499946,2.999549525604081,2.9138186,2.9030899870190368
2561,S. aureus,VLNENALR,2.971971276,8,3.028028724,2561,2561,train,0,3.1278601239663644,3.06808043135496,4.0865070525047775,3.240811023128575,3.499016692058107,2.9892465445399985,2.8434692773943975,2.9203238,3.028028723969179
2562,S. aureus,VLNENARL,3.038918066,8,2.961081934,2562,2562,train,0,3.0610400486347853,2.4283704818615517,4.110485287953162,2.411536385400451,3.543494405530513,2.9899690745599976,2.941602047082825,2.9862916,2.961081933952143
2563,S. aureus,VLNENLAA,2.870403905,8,3.129596095,2563,2563,train,0,3.2295756652062444,3.1080224722133076,4.0498929733464495,3.1716658516169414,3.4196626755584223,3.0315061684100004,2.9234221794742488,3.0857012,3.1295960949535684
2564,S. aureus,VLNENLAR,3.038918066,8,2.961081934,2564,2564,train,0,3.0610782303027175,2.6773233474621376,4.088602451149268,2.600277242104779,3.51816670850748,2.9464063276599965,2.8125931453996276,2.9176502,2.9610819339681336
2565,S. aureus,VLNENLL,3.096910013,7,2.903089987,2565,2565,train,0,3.0032608150428795,2.817168568681402,4.114052382809589,2.8770069250332693,3.5214460861348016,2.9200889908199947,2.9352846643668182,2.8975267,2.903089986963374
2566,S. aureus,VLNENLLA,3.096910013,8,2.903089987,2566,2566,train,0,3.0030100469125958,3.224509419401633,4.154545816980816,3.1135984615847816,3.6220817016600173,2.9390939920699957,2.8282718081446374,2.9225042,2.903089987085329
2567,S. aureus,VLNENLLH,3.096910013,8,2.903089987,2567,2567,train,0,3.003230405854917,3.2454691114604275,4.175556506745786,3.1980944844880113,3.684386933537304,2.8972456569499947,2.9688425980889295,2.9327807,2.9030899870125277
2568,S. aureus,VLNENLLK,3.096910013,8,2.903089987,2568,2568,train,0,3.003149532600008,2.587523637913527,4.177497459858209,2.4865912176308766,3.6907094815398036,2.9003488015499936,2.932339072578574,2.8688264,2.90308998703312
2569,S. aureus,VLNENLLR,3.149932625,8,2.850067375,2569,2569,train,0,2.9499477375566454,2.578516410373119,4.193624640792525,2.599607827200115,3.72155086004369,2.856633782709999,2.8984753166744626,2.82887,2.8500673748761263
2570,S. aureus,VLNENLRR,3.096910013,8,2.903089987,2570,2570,train,0,3.0032611347547644,2.759487381890761,4.1479075400616345,2.663198097260003,3.6343754482859896,2.9071227726399957,3.005288561778729,2.8984134,2.903089987054657
2571,S. aureus,VLNNLLR,3.006679928,7,2.993320072,2571,2571,train,0,3.093467838338215,3.4181505290343352,4.667018514497687,3.464105187977422,4.493197847784691,3.3568536195400007,3.8175565789383774,2.9961574,2.993320071973914
2572,S. aureus,VLPKVMAHMK,2.0,10,4.0,2572,2572,train,1,4.100173975229854,3.8749685455450544,4.677750858421289,3.9488409105381894,4.6072330130385035,4.05159549692,4.188623589160123,3.9911494,4.000000000034933
2573,S. aureus,VLPLISMALGKLL,1.77815125,13,4.22184875,2573,2573,train,2,4.321733038778181,4.330119398322636,4.709927869004587,4.349812402324047,4.693436123540556,4.423365028599998,4.658824473151794,4.285148,4.221848750061924
2574,S. aureus,VLPLVGNLLNDLLGK,1.801918983,15,4.198081017,2574,2574,train,2,4.29822375470624,3.721929487713339,4.473362491430509,3.887524049959839,4.354483509097604,4.344373266609997,4.313739996438533,4.173768,4.198081017002755
2577,S. aureus,VNWKKILG,2.0,8,4.0,2577,2577,train,1,4.100162113603346,4.17315201488338,4.68005712529934,4.128550972562541,4.5900771558175615,4.136996563319999,3.8864423101415095,3.9976897,3.999999999941895
2578,S. aureus,VNWKKILGKI,2.0,10,4.0,2578,2578,train,1,4.100062735373966,4.31581360861151,4.7007128330703685,4.300251873401284,4.664392684806228,4.19403842024,4.350569369223546,4.017641,4.000000000020336
2589,S. aureus,VQLRIRVRVIRK,0.892811124,12,5.107188876,2589,2589,train,6,5.007017915061843,5.2541230094241325,4.848905595346737,5.107492261501635,4.878383022526917,5.173626500600005,4.949623522539063,5.152147,5.107188876003333
2590,S. aureus,VQRWLIVWRIRK,0.480689663,12,5.519310337,2590,2590,train,8,5.419202284142132,5.502911541660742,4.9486136757276,5.431574462520128,5.150853715438162,5.422202487429997,5.385768239079147,5.479766,5.519310337007719
2592,S. aureus,VQWRIRIAVIRK,1.017192874,12,4.982807126,2592,2592,train,5,4.883174835397564,5.2256795296128935,4.846859413125012,5.1846227054387874,4.873464224555766,5.044456885060007,5.104097341534028,5.002858,4.98280712596179
2593,S. aureus,VQWRIRVAVIRK,1.021172092,12,4.978827908,2593,2593,train,5,4.878665778055101,5.129015417006842,4.84083080513424,5.07866171625559,4.863303045237059,5.01860998482001,5.049747129121362,4.9970083,4.978827908042135
2595,S. aureus,VRLIVAVRIWRR,0.512321088,12,5.487678912,2595,2595,train,8,5.387111452184269,5.586391254185245,4.91499545980838,5.5170090175718585,5.114485486086557,5.3441209626099955,5.37875086732634,5.4858637,5.487678911930025
2596,S. aureus,VRLRIRVAVIRA,1.2451077,12,4.7548923,2596,2596,train,4,4.734409103541209,4.509878290599222,4.805141183248467,4.5807946461978215,4.812927317412298,4.812270474479997,4.8400148119662445,4.779053,4.754892300283626
2598,S. aureus,VRLRIRVAVRRA,0.913400602,12,5.086599398,2598,2598,train,6,4.986709338105806,4.426490650517073,4.767524343758743,4.583637708146971,4.778741200326188,4.960906842979994,4.812699806578021,5.024854,5.086599397821424
2599,S. aureus,VRLRIRVRVIRK,0.383488763,12,5.616511237,2599,2599,train,8,5.516386547627058,4.940526287983193,4.86489510061613,5.010211988447358,4.918941166531385,5.38363157937,4.9577013932761975,5.5455976,5.616511236603209
2600,S. aureus,VRLWIRVAVIRA,1.537062046,12,4.462937954,2600,2600,train,3,4.562898946113997,4.722125027383151,4.8696301046852275,4.811318523822,4.892133936086859,4.668496898279998,5.067435488725043,4.5331974,4.462937954215169
2601,S. aureus,VRRFAWWWAFLRR,0.431756069,13,5.568243931,2601,2601,train,8,5.468519684316682,5.342002043493017,4.9645236828758685,5.315043843290577,5.06972898011721,5.443083812709995,5.302585356267294,5.5238943,5.56824393096478
2602,S. aureus,VRRFAWWWPFLRR,0.328776901,13,5.671223099,2602,2602,train,9,5.571051434322642,5.32140722986729,4.973692464298109,5.2794909052241685,5.0840419470675124,5.629716298959995,5.426272601010041,5.6322985,5.6712230989693175
2603,S. aureus,VRRFGWWWGFLRR,0.943541435,13,5.056458565,2603,2603,train,6,4.956119490756896,5.117504636241713,4.955459177097976,5.160231606912649,5.0567803607327315,5.226311178380006,5.249498459704061,5.1538253,5.056458565024158
2604,S. aureus,VRRFPAAAPFLRR,1.61393086,13,4.38606914,2604,2604,train,3,4.486275771260348,4.557276958980902,4.652352197087724,4.4958238068479766,4.6518569493829585,4.441104048510002,4.538193910153595,4.4015455,4.386069139991127
2605,S. aureus,VRRFPFFFPFLRR,0.526477485,13,5.473522515,2605,2605,train,8,5.373696087297131,5.133401645667501,4.943705744045009,5.252126673453908,5.016783436813919,5.424256752470008,5.182468345721383,5.437185,5.473522515099191
2606,S. aureus,VRRFPWWWAFLRR,0.425686914,13,5.574313086,2606,2606,train,8,5.474162485341016,5.033998877969097,4.9736010420186805,5.019280131232706,5.116030138350185,5.53917494369,5.308881598624399,5.518087,5.574313085912038
2607,S. aureus,VRRFPWWWPFLRR,0.118671411,13,5.881328589,2607,2607,train,9,5.781211862731208,5.599692993329123,4.982890500849766,5.586730794189913,5.130687185079682,5.736234812450002,5.4579716685530455,5.770431,5.8813285887322735
2608,S. aureus,VRRFPYYYPFLRR,1.037833343,13,4.962166657,2608,2608,train,5,4.862279406575396,5.026246807333947,4.948001653450549,4.999368587705558,4.9591403028954035,4.923652495920005,4.962176802260426,4.985334,4.962166656934289
2609,S. aureus,VRRVRKWVRRVLKLV,0.944482672,15,5.055517328,2609,2609,train,6,4.9552616336244375,4.87274760419062,4.964464166632183,4.98822265701261,5.045143462894172,5.094301171260003,5.153078132877905,5.0900536,5.055517328135615
2610,S. aureus,VRRYPWWWPYLRR,0.41245668,13,5.58754332,2610,2610,train,8,5.487717881193613,5.446855086323685,4.992662307887042,5.507752933537156,5.110388828714341,5.482774076490005,5.416923808007708,5.566224,5.587543319966786
2612,S. aureus,VRVKVRVKVRVK,1.62978299,12,4.37021701,2612,2612,train,3,4.470388911065771,4.797107817853466,4.848423430218432,4.799380486200705,4.911329271821037,4.556743131079994,4.774256385443167,4.3950295,4.370217010075496
2613,S. aureus,VRWRIRVAVIRA,0.90458886,12,5.09541114,2613,2613,train,6,4.995294732390021,5.043368833223891,4.833209068610422,4.961829452571893,4.861051773753525,5.028867150780002,5.06668493321147,5.088636,5.095411139694071
2614,S. aureus,VTRRRHGV,2.008716805,8,3.991283195,2614,2614,train,1,4.0911122376439035,3.4287548957257523,4.505066984546877,3.337946431770609,4.327544667644363,3.940766222589998,3.7468841435355764,3.9723704,3.9912831949485987
2615,S. aureus,VVKFSYRKGSPAPQKN,2.04429472,16,3.95570528,2615,2615,train,1,4.055623324631892,4.589845754583412,4.492337922402809,4.648645685606752,4.329392729701185,4.271031666190002,4.487347505272371,3.995369,3.9557052800255645
2616,S. aureus,VWLSALKFIGKHLAKHQLSKL,0.491361694,21,5.508638306,2616,2616,train,8,5.408737630170272,5.482878831153519,4.831860500281755,5.601165265727585,4.907405620280249,5.411787549150005,5.138134980189465,5.3776617,5.50863830596215
2618,S. aureus,VWRHWRRFW,1.397940009,9,4.602059991,2618,2618,train,4,4.702124562292276,5.043056310220727,4.942739691410282,5.091495786844396,5.041333902951566,4.850045655779995,5.108795713895188,4.7337418,4.602059991010782
2619,S. aureus,VWRHWRRFWH,1.096910013,10,4.903089987,2619,2619,train,5,4.8030851357791935,5.001227477119822,4.915723073321917,5.009113551295991,5.004084217822864,4.956960897479996,5.1480486668030485,4.924876,4.9030899869942814
2621,S. aureus,VWRKWRRFW,0.795880017,9,5.204119983,2621,2621,train,6,5.104039239318204,4.99098350301906,4.947744123744249,5.032624016156634,5.055714720957065,5.122446762749997,5.127107937431631,5.1149006,5.204119982135696
2622,S. aureus,VWRKWRRFWKR,0.795880017,11,5.204119983,2622,2622,train,6,5.103948986802235,4.926023799663634,4.91085098948739,5.1608702526455374,5.007527102588434,5.28504519356,5.3517581593707515,5.26225,5.20411998377087
2623,S. aureus,VWRRWRRFW,1.096910013,9,4.903089987,2623,2623,train,5,4.8026579693447555,5.07192755359337,4.957932172364931,5.122252954998547,5.071694465780213,4.998029530329992,5.095098398629278,4.9646854,4.903089988041155
2624,S. aureus,VWRRWRRFWRR,0.495544338,11,5.504455662,2624,2624,train,8,5.404334651142496,5.160510795525955,4.930070184549985,5.189602601626409,5.038376868916789,5.4033339846900015,5.383686571532756,5.471067,5.504455661212921
2625,S. aureus,WALRLYLVY,2.0,9,4.0,2625,2625,train,1,4.100103287099971,4.0948074291235645,4.977499261640142,4.2297921487034325,4.963406678713054,4.29309689782,4.525780924813078,4.0232115,4.000000000015307
2627,S. aureus,WFKKIPKFLHLAKKF,0.494850022,15,5.505149978,2627,2627,train,8,5.405334673935778,5.222683596538163,4.8786239736989545,5.217942227733246,4.954127281415109,5.4891142945300055,5.23300562371626,5.4915204,5.505149977611199
2628,S. aureus,WFKKIPKFLHLLKKF,0.494850022,15,5.505149978,2628,2628,train,8,5.405136764358006,5.34687280406649,4.940596248130346,5.529345824296312,5.031271234203129,5.517752614460004,5.306315670319518,5.505585,5.505149980484358
2629,S. aureus,WFKKLLKKALRLWKKVL,0.657809275,17,5.342190725,2629,2629,train,7,5.2423688048749515,5.199037279039339,4.991781153728879,5.2032270459907215,5.093218828966445,5.334456179460006,5.286481657507173,5.380019,5.342190724546236
2630,S. aureus,WFKMRWWGR,0.462397998,9,5.537602002,2630,2630,train,8,5.437484250464605,5.1388280711941565,4.843101160717337,5.1894200159421615,4.866310608051982,5.321211633869996,4.9283196033862735,5.459037,5.537602001929914
2631,S. aureus,WFWKLLWKALRLWWKVL,0.527803578,17,5.472196422,2631,2631,train,8,5.372378777477435,5.5675651812245315,5.167549446193433,5.523643724710316,5.326767467866354,5.339494165730006,5.41967115561655,5.4474607,5.472196421818819
2632,S. aureus,WFWKWWRRRRR,0.230448921,11,5.769551079,2632,2632,train,9,5.669745662902736,5.419126531847884,4.948606693275666,5.530608699629365,5.064348828032451,5.565970800170003,5.512881406472516,5.7097373,5.769551079001109
2633,S. aureus,WGEAFSAGVHRLANGGNG,1.852174904,18,4.147825096,2633,2633,train,2,4.247978435422978,3.8302835693839863,4.41156028561681,3.8564105705048206,4.322144638122811,4.310845520150003,4.390289360479588,4.174963,4.1478250959874785
2634,S. aureus,WGIHRILKYGKPS,0.903089987,13,5.096910013,2634,2634,train,6,4.996739402354526,4.982729676039174,4.696534535288833,4.787340608404241,4.767758922956655,4.883365557460005,4.964463967934878,5.0179486,5.096910012963211
2635,S. aureus,WGIRDILKYGKPS,1.176091259,13,4.823908741,2635,2635,train,5,4.7322767154751855,5.327799262913807,4.5399826260113745,5.029463908753008,4.571281054463472,4.816152963970008,4.810599397737643,4.868518,4.823908740980472
2636,S. aureus,WGIRRILKYGKRS,0.602059991,13,5.397940009,2636,2636,train,7,5.297712564502656,5.231315913825797,4.73087417510938,5.309967834926689,4.841908861863978,5.219853043120008,5.136513638663515,5.343948,5.397940009037913
2637,S. aureus,WGRAFRRGVRRLARGGRR,1.429375405,18,4.570624595,2637,2637,train,4,4.670800339911295,5.093481530763094,4.688093273144046,4.978488291193096,4.766945000689128,4.632079114300005,4.879828688176946,4.5449734,4.5706245949975495
2638,S. aureus,WGRAFRRLVRRLARGLRR,1.332236415,18,4.667763585,2638,2638,train,4,4.732276552670737,5.173878282969223,4.818883052017022,4.985706763963987,4.932178610495809,4.801420109639997,5.071881455870901,4.751857,4.667763585057487
2639,S. aureus,WGRAFSAGVHRLANGGNG,1.84565606,18,4.15434394,2639,2639,train,2,4.2544449744075585,4.381536984619766,4.5632803804932,4.406446019181011,4.492160184735455,4.284043303039997,4.476568225805153,4.1499047,4.1543439400160524
2640,S. aureus,WGRAFSRGVRRLARGGRG,1.678123662,18,4.321876338,2640,2640,train,3,4.421891316847932,4.6715378555052185,4.603817259794174,4.72318320065963,4.666602387359059,4.409400661559997,4.650319955417099,4.351985,4.321876338024996
2641,S. aureus,WHWRIRKKLR,2.0,10,4.0,2641,2641,train,1,4.10010328720131,4.441368792775644,4.824761859972776,4.408053743919803,4.890677104862089,4.487391529890001,4.87326503454271,4.073958,4.000000000082685
2642,S. aureus,WHWTWLPKKKRKV,2.397940009,13,3.602059991,2642,2642,train,0,3.7022210235895128,4.306557267041519,4.786674978203708,4.314598612565797,4.8528422867521055,4.182646367659995,4.898372240027272,3.815154,3.6020599912983786
2643,S. aureus,WHWTWLPRRRK,1.193124598,11,4.806875402,2643,2643,train,5,4.732276615945073,4.367115558274233,4.749823515449626,4.406850960355276,4.811738101160574,4.809437781220002,5.040327777856099,4.8121157,4.806875401820535
2644,S. aureus,WHWTWLRIRKKLR,0.799340549,13,5.200659451,2644,2644,train,6,5.100520334184263,4.7792076565086274,4.920981876589112,4.597362382544979,5.015938600402337,5.213730274869993,5.126278464520563,5.137952,5.200659450883026
2645,S. aureus,WKIVFWWRR,0.146128036,9,5.853871964,2645,2645,train,9,5.753580057359239,5.580161306173591,4.99882823933148,5.544012064707587,5.282259733729361,5.663745337279998,5.4076153765450865,5.793565,5.853871963905377
2646,S. aureus,WKKAWKPGAKKWAK,2.028028724,14,3.971971276,2646,2646,train,1,4.071941271048799,4.343832555567893,4.61141706406243,4.366475422223317,4.514884634977435,4.090774178419995,4.483438460511161,4.0539923,3.971971276102311
2647,S. aureus,WKKILSKIKKLLK,0.495544338,13,5.504455662,2647,2647,train,8,5.404513023687665,5.064754209852382,4.789527422321434,5.067952978362558,4.852489773450425,5.43480433345,5.210126298959388,5.507977,5.504455662237613
2648,S. aureus,WKKIPKFLHLAKKF,0.494850022,14,5.505149978,2648,2648,train,8,5.40514702781932,5.158976110140317,4.822608700672705,5.115555333571834,4.876881612509922,5.396610638410003,5.143669228462678,5.4757833,5.505149977150086
2649,S. aureus,WKKIPKFLHLLKKF,0.494850022,14,5.505149978,2649,2649,train,8,5.405029629777894,5.658561080416434,4.888745190041411,5.37663779299457,4.966971051672698,5.474353169170004,5.223130783811721,5.518839,5.505149978311929
2650,S. aureus,WKKIWKPGIKKWIK,1.726998728,14,4.273001272,2650,2650,train,2,4.373176765855134,5.022522760239922,4.832982973969337,5.221261353098021,4.88474108881099,4.520621121369996,4.773448832289532,4.373915,4.273001272353307
2651,S. aureus,WKKIWSKIKKLLK,0.495544338,13,5.504455662,2651,2651,train,8,5.404291526772935,5.200712261583025,4.837778497622515,5.202751872462555,4.905192541472323,5.507887112570001,5.239732321984191,5.5487895,5.504455661981556
2652,S. aureus,WKKKWLWL,1.703526007,8,4.296473993,2652,2652,train,2,4.396442320970147,5.003806926616041,4.922205817473417,5.009055832866538,4.976813636436423,4.490777415350002,4.761214975795143,4.370061,4.296473993095855
2656,S. aureus,WKKWWKKW,1.795880017,8,4.204119983,2656,2656,train,2,4.303949149767586,4.792104721811668,4.869720178394728,4.819006466992999,4.925068673034311,4.4607450884099995,4.645547125236582,4.252713,4.204119983955082
2657,S. aureus,WKKWWKKWWK,1.193124598,10,4.806875402,2657,2657,train,5,4.759696207168869,5.288366318491356,4.919946261762404,5.051616435998253,4.9992821708175335,4.9990914483000015,5.175827638514179,4.8983865,4.80687540377584
2658,S. aureus,WKKWWKKWWKWWKKWWKK,0.602059991,18,5.397940009,2658,2658,train,7,5.297779038212504,5.172338486460106,5.142155643231018,5.259080112022059,5.327469817761443,5.303472131680005,5.130388682479632,5.3924108,5.397940008898755
2659,S. aureus,WKKWWKRRW,0.011814798,9,5.988185202,2659,2659,train,9,5.888287094877087,5.182157924423245,4.840466692688715,5.063810814839751,4.863616976991803,5.708941396770002,5.1577621504482485,5.875815,5.988185200512101
2660,S. aureus,WKKWWKWWKKWWKK,0.397940009,14,5.602059991,2660,2660,train,8,5.502235430564015,4.95742607190469,5.038408617545079,5.094966170495141,5.1924239331538615,5.458164963279995,5.430277914398376,5.5890965,5.602059990998157
2661,S. aureus,WKLFKKIPKFLHLAKKF,0.494850022,17,5.505149978,2661,2661,train,8,5.404831745790821,5.338150842034638,4.925857844902293,5.433224985749238,5.012263081328735,5.467461323080005,5.363532758572807,5.4996524,5.505149973638498
2662,S. aureus,WKRLVAASAKKK,0.858330877,12,5.141669123,2662,2662,train,6,5.041864316761432,4.338562502678527,4.557824744257115,4.203657124003159,4.271093915565267,4.938436439419995,4.673387867728421,5.101146,5.141669122804504
2663,S. aureus,WKRWWKKWR,0.43778353,9,5.56221647,2663,2663,train,8,5.462375524999155,5.413046291117828,4.8724608335973505,5.469887472989814,4.947219773303145,5.4788950030200025,5.155060453851817,5.59264,5.562216470599656
2664,S. aureus,WKSDVRRWRSRY,2.0,12,4.0,2664,2664,train,1,4.099968512995799,4.535834784709461,4.466460268829004,4.531018161727889,4.478254040499408,4.1719750620800005,4.3113119082597064,4.069507,4.000000000051305
2665,S. aureus,WKSYVRRW,2.0,8,4.0,2665,2665,train,1,4.099860879047121,3.983821652701465,4.781585835093335,4.068756236251313,4.794245571865313,4.066056636100001,4.289976734735073,4.0183015,3.9999999999878373
2666,S. aureus,WKSYVRRWR,1.806179974,9,4.193820026,2666,2666,train,2,4.293923745084471,4.399460700469293,4.77710108126951,4.360370859113241,4.797857209974847,4.429147095410006,4.532933226824866,4.2443223,4.193820025969219
2667,S. aureus,WKSYVRRWRS,2.0,10,4.0,2667,2667,train,1,4.0999964574689,3.898374877613279,4.712638931525405,3.8192978018015196,4.725397480894662,4.17853105784,4.354108201440522,4.057861,4.0000000000467235
2668,S. aureus,WKSYVRRWRSRY,1.505149978,12,4.494850022,2668,2668,train,3,4.595151862872457,4.2377677882631115,4.768068549940757,4.376147703474517,4.806625386993544,4.468493932569997,4.640619040238535,4.5186763,4.494850022027796
2669,S. aureus,WKTLLKKVLKAAA,0.954242509,13,5.045757491,2669,2669,train,6,4.945820230536251,5.217912603776593,4.719111599146935,5.0212147150058035,4.693704807749667,4.995671780190006,4.858851973905575,5.0204816,5.045757491123785
2670,S. aureus,WKWKPGKWKW,1.380211242,10,4.619788758,2670,2670,train,4,4.719935062325748,4.6240867215353365,4.704229967747782,4.629726837893695,4.7126890088634195,4.708011857570009,4.644760948264476,4.607771,4.619788758326287
2671,S. aureus,WKWKWKPGKWKWKW,0.602059991,14,5.397940009,2671,2671,train,7,5.297768364697235,5.086564716901016,4.8741776150288505,5.23107144392363,4.966785837044658,5.247215425820006,5.065562643936664,5.3613353,5.3979400083589715
2672,S. aureus,WKWKWKWKPGKWKWKWKW,0.477121255,18,5.522878745,2672,2672,train,8,5.422973698824412,5.8028496417728155,5.018439583599961,5.625472152142638,5.174855943408777,5.351082704810004,5.149392351619576,5.4864154,5.522878745018367
2673,S. aureus,WKWKWKWKWKPGKWKWKWKWKW,1.301029996,22,4.698970004,2673,2673,train,4,4.732276643374326,5.253529617597009,5.149689818608212,5.336994932765707,5.375585893417248,4.822017890489995,5.087159864681718,4.7193556,4.698970004032987
2674,S. aureus,WKWLKKWIK,1.096910013,9,4.903089987,2674,2674,train,5,4.80292016860035,5.00876519280233,4.898556091282309,5.012227549711222,4.9657486068270185,5.002935872399993,5.0173150411551415,4.9295115,4.9030899871760125
2675,S. aureus,WKWRVRVTI,0.431363764,9,5.568636236,2675,2675,train,8,5.468828891028124,5.203881250230224,4.871750893476799,5.137630677210413,4.9182952346589985,5.202821960929993,4.777246538246527,5.519097,5.568636235932055
2676,S. aureus,WKWWKKWWKK,0.698970004,10,5.301029996,2676,2676,train,7,5.200893112877065,4.894536972788231,4.919642739794703,4.911476459212243,4.998489047935623,5.2764008844900046,5.205733493330935,5.2325387,5.301029992860435
2677,S. aureus,WLGALFKVASK,1.913827383,11,4.086172617,2677,2677,train,2,4.185953596331099,4.113965345977271,4.585736857470523,4.137516851501967,4.333202908003841,4.096731178799995,4.1293989977080265,4.073842,4.086172616825306
2678,S. aureus,WLGSALKIGAKLLPSVVGLFKKKKQ,0.903089987,25,5.096910013,2678,2678,train,6,4.996742273966662,5.413214652573002,4.873882455137223,5.377133592262539,4.974367072990538,5.083847108280006,5.002418152257748,5.1316743,5.096910013012611
2679,S. aureus,WLLKRWKKLL,1.380211242,10,4.619788758,2679,2679,train,4,4.719967573912973,5.507770120066218,4.917892145257859,5.530131181935503,4.970297770594108,4.809342909100008,5.12967282096917,4.700235,4.619788758605912
2682,S. aureus,WLRRIGKGVKIIGGAALDHL,1.46899925,20,4.53100075,2682,2682,train,3,4.630870874090765,4.48015358873687,4.615242262402865,4.508489485569754,4.608607091292919,4.614350445629992,4.704770547920602,4.6064615,4.53100074994593
2683,S. aureus,WLRRIKAWLRR,1.220510399,11,4.779489601,2683,2683,train,4,4.732467538464961,4.959144453240709,4.850606493364244,4.969864034272284,4.905318162085091,4.942213405250005,5.014285668487471,4.8252373,4.7794896012305506
2684,S. aureus,WLRRIKAWLRRIKA,0.538390911,14,5.461609089,2684,2684,train,8,5.361782905843207,5.158861793226002,4.86649622750883,5.167154978749366,4.92628644954657,5.338504550849997,5.164461622015444,5.3551764,5.46160908877493
2685,S. aureus,WMQKVIDRFGG,2.10720997,11,3.89279003,2685,2685,train,1,3.9928207770725987,3.7284466339122444,4.56723852783572,3.7578892373338326,4.454708532644912,4.049463447900002,4.0103014618387025,3.8963587,3.892790029908881
2686,S. aureus,WPSPGRPRPFPGRPKPIFRPR,2.0,21,4.0,2686,2686,train,1,4.100168604526788,4.134002475148602,4.619570656495933,4.058149586431775,4.673919910474342,4.07893345453,4.43961509394557,4.058103,3.999999999926614
2689,S. aureus,WRKAWRPGAKRWAK,1.873126764,14,4.126873236,2689,2689,train,2,4.226754931449767,4.099484417637305,4.6360624816089055,4.224931909622917,4.552995357172516,4.232726213249995,4.53061623348418,4.1010942,4.126873235986392
2690,S. aureus,WRKFWKYLK,-0.096910013,9,6.096910013,2690,2690,train,9,5.997057744910593,5.814453115032711,4.914523234366917,5.8255789996875595,4.967505532235335,5.795079041420003,5.2835064596339185,5.9787493,6.096910012943056
2691,S. aureus,WRKIWRPGIKRWIK,1.505149978,14,4.494850022,2691,2691,train,3,4.59494888070036,4.906707031979673,4.85747845897755,5.175573284504952,4.9224600274138,4.633279839489996,4.867291900007985,4.5108232,4.494850022221096
2692,S. aureus,WRKLWRGGLKRWLK,0.970036777,14,5.029963223,2692,2692,train,6,4.929907274559167,4.430525437587301,4.826085777873833,4.662478939337083,4.90880398842591,5.0238856135499965,4.903515817788855,5.0211945,5.029963223048538
2695,S. aureus,WRKWRKRWWWRKWRKRWW,0.84509804,18,5.15490196,2695,2695,train,6,5.055075526951982,5.410866180934727,5.11559165314329,5.254884089488501,5.279873612275399,5.248930621660005,5.34141034497597,5.2233357,5.154901960571348
2696,S. aureus,WRNGRWWRNGRWWRNGRW,0.301029996,18,5.698970004,2696,2696,train,9,5.5988562871435335,5.27757806537844,4.825276010171841,5.295659852728648,4.898618050555345,5.500972546079995,5.099145463312307,5.626093,5.6989700039053774
2697,S. aureus,WRPGRWWRPGRW,0.84509804,12,5.15490196,2697,2697,train,6,5.0547720913448755,5.097992479963647,4.665228376687714,4.9882010671183545,4.7070637546056044,5.061800630560005,4.991093608794553,5.1293015,5.154901960035377
2698,S. aureus,WRPGRWWRPGRWWRPGRW,0.301029996,18,5.698970004,2698,2698,train,9,5.599044450382162,5.225761950178491,4.815663661704094,5.121585460239413,4.936825309663877,5.518139913119995,5.19810113341613,5.6571193,5.698970003898576
2699,S. aureus,WRPGRWWRPGRWWRPGRWWRPGRW,0.477121255,24,5.522878745,2699,2699,train,8,5.423049516367234,6.009209215803491,4.962808155570954,5.91065620122457,5.137197752158239,5.251907951730003,5.364464747643777,5.512008,5.522878744882624
2700,S. aureus,WRRRRRRRR,1.342671961,9,4.657328039,2700,2700,train,4,4.735889186304707,4.980687195782625,4.602938576447853,5.00413805320776,4.5640714590794556,4.703059007009998,4.644271810611963,4.721694,4.657328039892124
2701,S. aureus,WRRRYRRWRRRRRWRRRPRR,0.193124598,20,5.806875402,2701,2701,train,9,5.707048100442387,5.584605503342758,4.939463067899672,5.664839331666391,5.079799348099426,5.5554463077600005,5.260029784710042,5.7582855,5.806875401918589
2702,S. aureus,WRRWWRRWWRWWRRWWRR,0.903089987,18,5.096910013,2702,2702,train,6,4.99687731206465,5.567532491930403,5.210855899148561,5.586584035705396,5.434884997556331,5.296396214860007,5.377689491879928,5.159349,5.096910016085475
2703,S. aureus,WRRWWRWWRRWWRR,-0.301029996,14,6.301029996,2703,2703,train,9,6.20105702785157,5.383831930404648,5.097749132227378,5.451256273590853,5.286142726457549,5.975451466350006,5.579290008765357,6.1403503,6.3010299887177394
2704,S. aureus,WRWKWRWK,1.671515722,8,4.328484278,2704,2704,train,3,4.428314006548051,5.078525043028236,4.911540967582708,5.098923021773527,5.011749134368347,4.6106646350800045,4.982024086706799,4.3581824,4.328484278410913
2705,S. aureus,WRWWKIWKR,0.162433055,9,5.837566945,2705,2705,train,9,5.737448255793026,5.909000511794531,4.9500190553586805,5.875328921994229,5.049775090034316,5.614110455830001,5.299879653670839,5.7608514,5.8375669444559986
2706,S. aureus,WRWWRRWWRR,0.397940009,10,5.602059991,2706,2706,train,8,5.502153327931487,5.3412522795303765,4.968628838841579,5.321446102516744,5.075912305062809,5.518723976719996,5.270485397850993,5.5538673,5.6020599937019835
2707,S. aureus,WWHSWWSTW,1.962904297,9,4.037095703,2707,2707,train,1,4.137302334260347,4.529829254655831,4.8514337937411245,4.4826943888144415,4.9099331308714245,4.466184112989994,4.360215262799527,4.048477,4.037095702974804
2708,S. aureus,WWKDWWERW,2.529406009,9,3.470593991,2708,2708,train,0,3.5704242175853333,3.8039273723199845,4.5448486229804415,3.841833131149673,4.526224784767763,3.886289248089995,3.9804301205680637,3.5659897,3.470593990983154
2709,S. aureus,WWKKWWKK,1.447158031,8,4.552841969,2709,2709,train,4,4.652812335646972,4.290311814096825,4.848802760861593,4.299639997556036,4.870410084064043,4.519148006169998,4.644966167681702,4.545381,4.552841969027627
2710,S. aureus,WWKRWKKLRRIFLML,0.26746166,15,5.73253834,2710,2710,train,9,5.632665858923948,5.097185778544999,5.069322257354387,5.0910364687057195,5.1962293752994455,5.574755862160004,5.431982116583067,5.6367216,5.7325383400498735
2711,S. aureus,WWKRWKRIRRIFMMV,0.562101976,15,5.437898024,2711,2711,train,8,5.337817404424486,5.335980636830524,5.0795195693831845,5.290875129259803,5.202799944024614,5.424352976339996,5.300099350559755,5.4410214,5.437898023947429
2712,S. aureus,WWKWWKRLRRLFLLV,0.864332406,15,5.135667594,2712,2712,train,6,5.035553717820699,5.123702067138616,5.136440367284553,5.24674763742235,5.307485612796224,5.2305128699099965,5.343827950918284,5.2016234,5.135667594196146
2713,S. aureus,WWRLRRIW,1.096910013,8,4.903089987,2713,2713,train,5,4.802979438889644,4.775360392149392,4.9591961442596295,4.8115806757033415,5.044076166976588,4.924772448869993,4.996238614696815,4.9160376,4.903089987128271
2714,S. aureus,WWRRRRRRRR,0.739419662,10,5.260580338,2714,2714,train,7,5.160693856465843,5.132133814709867,4.714944765864427,5.128515410801939,4.7216380878269,5.170406421940003,4.885807188053033,5.226406,5.260580336804171
2715,S. aureus,WWRRWWRR,0.903089987,8,5.096910013,2715,2715,train,6,4.996746886343891,4.723156881581158,4.891713885306775,4.714522635217744,4.937339649398051,5.077752329440005,4.9728208957413615,5.1190715,5.096910013450258
2716,S. aureus,WWSYVRRWRSR,0.903089987,11,5.096910013,2716,2716,train,6,4.997083118753767,4.185297117361592,4.8125256275986255,4.107986130145826,4.876635115613504,4.943801261040007,4.884274950038781,4.9658184,5.096910012946588
2717,S. aureus,WWSYWWTQW,1.942015054,9,4.057984946,2717,2717,train,2,4.158083308876283,4.609426231317557,4.977305288892543,4.691226442235916,4.99189878078452,4.324516952929996,4.497059243955929,4.0845795,4.057984945947625
2718,S. aureus,WWVAARAARR,1.301029996,10,4.698970004,2718,2718,train,4,4.732276643163447,4.420277145145833,4.656551235428156,4.479424651337792,4.62222330370235,4.6663928874499945,4.590119460314623,4.6599402,4.69897000398577
2719,S. aureus,WWWLKKIW,1.096910013,8,4.903089987,2719,2719,train,5,4.803207215935296,5.241438937400224,5.02219213218026,5.236767088071559,5.099413444979732,4.912737547629992,5.0931639250939735,4.933929,4.903089987147631
2721,S. aureus,WWWLRKIW,0.794720352,8,5.205279648,2721,2721,train,7,5.105455803501956,4.902277767747303,5.031020158325041,4.865158811366846,5.111181651528259,5.093430557529991,5.074674454510819,5.1400237,5.20527964781425
2722,S. aureus,WWWLRRIR,1.096910013,8,4.903089987,2722,2722,train,5,4.803199793244194,5.087787912905981,4.961993666010128,5.0836912337754665,5.051386275466492,4.958459182759994,4.998159382390867,4.931535,4.90308998700182
2724,S. aureus,WWWLRRRW,0.491361694,8,5.508638306,2724,2724,train,8,5.408796784724771,5.017647869900172,4.983226234248756,4.977959169312504,5.075730208052569,5.383231353630005,5.1790624908157135,5.449203,5.508638305679752
2726,S. aureus,WWWRRRIW,1.096910013,8,4.903089987,2726,2726,train,5,4.802948588645797,5.2786124872167495,4.967362640322404,5.17380799140332,5.034277592850993,4.982857053199994,5.019132650609462,4.9427624,4.90308998703308
2727,S. aureus,WWWRRRRRRRR,0.738468166,11,5.261531834,2727,2727,train,7,5.161897602009226,5.210564650167581,4.810428437683571,5.216029321146237,4.854036216405871,5.215064076529997,5.078307926394501,5.2770014,5.261531833799165
2728,S. aureus,WWWWRRRRRRRR,0.650541042,12,5.349458958,2728,2728,train,7,5.249641300306581,5.43858078167042,4.894739701816106,5.452385888099217,4.999072157506473,5.273130722300005,5.320262407454662,5.3813066,5.349458958847461
2729,S. aureus,WWYNWWQDW,2.531783509,9,3.468216491,2729,2729,train,0,3.568051221181064,3.8916557726971104,4.655030227314097,3.903852785151748,4.608524459824412,3.7650330510600036,3.9424290771680637,3.5037842,3.4682164909483735
2730,S. aureus,YKFRWRIYI,0.462397998,9,5.537602002,2730,2730,train,8,5.4371325845083955,5.445533203173048,4.980365130719765,5.421487722237309,5.009125973455268,5.402209767759993,5.347551441667481,5.560839,5.5376020019748164
2731,S. aureus,YKLLKKLLKKLKKLLKKL,1.126873236,18,4.873126764,2731,2731,train,5,4.7729630958458715,4.9931490955091435,4.970528295646743,4.938273595782431,5.047221938801909,4.808627149570004,4.95190483069875,4.846833,4.873126763976009
2738,S. aureus,YKLLKWLLLKLKALLEKL,1.430456347,18,4.569543653,2738,2738,train,4,4.6697113497643,5.111328913279325,4.911205468167363,5.238786959939093,4.87082842444011,4.802940255019996,5.158285470189178,4.6231127,4.56954365312396
2739,S. aureus,YKWKIRFKR,0.612783857,9,5.387216143,2739,2739,train,7,5.287100899455593,5.4122244274601,4.813422262070203,5.159466946951333,4.819996642096097,5.1891562625599965,4.849024785093529,5.369232,5.387216142920267
2740,S. aureus,YPELQQDLIARLL,0.712148839,13,5.287851161,2740,2740,train,7,5.187923101166744,4.581412200699806,4.31945702432934,4.491963750248487,4.267039996256527,5.077338101569997,4.7662899967576315,5.2623634,5.287851160946411
2741,S. aureus,YPLKVKYPKLKV,2.329265833,12,3.670734167,2741,2741,train,0,3.7705796795504147,4.20488384945956,4.753652794745746,4.372730659958101,4.702651343761349,3.936640998409996,4.430850348002435,3.713032,3.670734167149029
2742,S. aureus,YPLPFIP,1.169527792,7,4.830472208,2742,2742,train,5,4.732276643163447,4.40306262074592,4.640090516579302,4.395187088613171,4.512746755297822,4.553561690940001,4.479031318624424,4.8122134,4.830472207941074
2743,S. aureus,YPVKLKYPKVKL,2.254201153,12,3.745798847,2743,2743,train,0,3.84557150193363,3.852237975436123,4.779044890801251,4.008401617574673,4.715840830636765,3.905410864449999,4.063096769776937,3.7281926,3.7457988469565944
2744,S. aureus,YQWQRRMRKL,2.488550717,10,3.511449283,2744,2744,train,0,3.6116103627472596,3.8080045718178805,4.800641460133284,3.826781032521412,4.763343703941462,3.793904007829996,4.353736889776818,3.5542095,3.5114492829572583
2745,S. aureus,YRLRVKWKW,0.988588034,9,5.011411966,2745,2745,train,6,4.911509987984856,4.597216331877177,4.90812520216182,4.513774085274478,4.959169504934488,4.982806072690008,5.088876278336714,4.999468,5.011411966075382
2746,S. aureus,YRWARWWRR,0.541924787,9,5.458075213,2746,2746,train,8,5.358045093146552,4.735344523237416,4.856290838993628,4.633412346670097,4.8912117996134175,5.191009933859991,4.989027140874504,5.3593216,5.4580752128676995
2747,S. aureus,YRWWRWARRW,1.72427587,10,4.27572413,2747,2747,train,2,4.375822599089597,4.716980316642075,4.937182630027837,4.837068879672962,5.013417801275985,4.5971540409800085,5.094878591835956,4.3722444,4.275724130270862
2748,S. aureus,YRWWRWARRWYRWWRWARRW,1.72427587,20,4.27572413,2748,2748,train,2,4.3758573231805284,5.184018471248761,5.2148557506684465,5.119249503761848,5.429041060729238,4.560363167390007,5.125859009783624,4.292126,4.2757241299117545
2749,S. aureus,YSKSLPLSVLNP,1.60723838,12,4.39276162,2749,2749,train,3,4.4927575219799785,4.081006940289426,4.501656833767756,4.173069785847206,4.3719676315585065,4.3445818245199925,4.198464571691984,4.3352723,4.392761619942849
2750,S. aureus,YSLQMGATAIKQVKKLFKKKGG,0.819543936,22,5.180456064,2750,2750,train,6,5.080199398846806,5.668555044202133,4.770216115193381,5.463843759409732,4.803512256889809,5.009655788299999,4.881098483065406,5.0629406,5.180456063964863
2751,S. aureus,YVLAKRKRAIFI,2.301029996,12,3.698970004,2751,2751,train,0,3.7988522835588583,4.002043076523339,4.837799507347601,4.212483561687254,4.858142504478082,4.031910227109994,4.464060262947821,3.7025242,3.6989700040728137
2753,S. aureus,YVLLKRKRLIFI,2.301029996,12,3.698970004,2753,2753,train,0,3.798799504716838,4.363161923586802,4.988198431974044,4.5218472782193055,5.050452333024225,4.176582852319997,4.837896711368962,3.8217888,3.698970004043611
2755,S. aureus,YVPPVQKPHPNGPKFPTFP,2.124830149,19,3.875169851,2755,2755,train,1,3.9753439073375176,4.0879842494697005,4.668923935847044,4.002156533318045,4.604083673478987,4.0319498481800045,4.078935538505008,3.914554,3.8751698509932044
2756,S. aureus,YWKKWKKLRRIFMLV,0.58177279,15,5.41822721,2756,2756,train,8,5.318318165560408,4.663282011536069,5.051372769475613,4.613839849920906,5.1516030934910795,5.3647359275,5.289243071552915,5.4201083,5.4182272099155435
