,bacterium,Sequence,value,length,Activity,Idx,ID,dataset,label_binned,SVM-pred,LR-pred,L1-pred,L2-pred,ElasticNet-pred,RF-pred,GB-pred,XGBoost-pred,GP-pred
0,S. aureus,AAGMGFFGAR,1.404833717,10,4.595166283,0,0,train,4,4.695233073640857,3.862910838295134,4.410499124714051,3.834867153970115,4.278027612846113,4.339597756680005,4.053254480234138,4.5336814,4.595166282961003
1,S. aureus,AAHHIARPIVHVGKTIHRLVTG,1.806179974,22,4.193820026,1,1,train,2,4.2939820750223054,4.47550448281608,4.789460341716115,4.710438195437751,4.883463080610318,4.413333820460005,4.5645879998143695,4.2575746,4.193820026225262
2,S. aureus,AAKHAAHRA,2.729534801,9,3.270465199,2,2,train,0,3.370121438248952,3.499292215701739,4.307951683516162,3.532766343922651,4.129410567280635,3.5920964776,3.6485478388610684,3.284236,3.270465198967718
4,S. aureus,ADADDDDDK,3.255272505,9,2.744727495,4,4,train,0,2.8446125489996876,2.783510012363145,3.5616192927455526,2.8791724779032104,3.3192987551493314,2.9784242363700026,3.1367485426568047,2.785656,2.744727494957346
8,S. aureus,AFKMALKLLKKVL,0.511883361,13,5.488116639,8,8,train,8,5.387523767879481,5.09920569066208,4.845991753075951,4.9987255893984806,4.843407056358155,5.329581355689999,5.048815172870658,5.4374795,5.488116638862717
9,S. aureus,AGLQFPVGRIGRLLRK,1.22184875,16,4.77815125,9,9,train,4,4.732276958934055,4.930513262653118,4.684781671519899,5.063404416911592,4.696697667088947,4.822666605380004,4.791241240203071,4.7892375,4.778151250187823
14,S. aureus,AGYLLPKINLKPLAKLPKKIL,1.739487737,21,4.260512263,14,14,train,2,4.360589800384021,4.949942596920493,4.777376493755572,5.060237258536782,4.817103962656772,4.491812774380005,4.74004335712537,4.3028502,4.2605122632318375
15,S. aureus,AIFIFIRWLLK,1.204119983,11,4.795880017,15,15,train,4,4.732276952898313,5.136024494456288,4.986764856273786,5.093229241974725,5.031424082146587,4.90776915223,5.029652115031267,4.8142805,4.7958800169409255
16,S. aureus,AIFIFIRWLLKLGHHGRAPP,0.301029996,20,5.698970004,16,16,train,9,5.598807289174743,5.682414693192269,4.849994886628343,5.531566812750363,4.936391756829443,5.479537785909996,5.121218804063685,5.6404066,5.6989700038292135
22,S. aureus,AIHDILKYGKPS,1.0,12,5.0,22,22,train,6,4.900101761742253,4.8063685850575935,4.351782243535575,4.93146016221798,4.372381060860499,4.92006612809,4.603729193747283,4.8876724,4.999999999976397
23,S. aureus,AIHKLAHKLLKKLLKAVKKLAK,1.397940009,22,4.602059991,23,23,train,4,4.702172628310125,5.073594506051562,4.8872731716283075,4.985974974768875,4.9448631835885655,4.7041389808199945,4.953982943067027,4.659719,4.602059990949408
24,S. aureus,AIHKLAHKLLKKLLRAVKKLAN,1.477121255,22,4.522878745,24,24,train,3,4.62271838063416,5.044812328854029,4.875926412316802,5.0887290452769225,4.91648262704721,4.571555163980005,4.862750967978328,4.5419683,4.522878745075021
25,S. aureus,AIHKLAHKLLKKTLRAVKKLAN,1.477121255,22,4.522878745,25,25,train,3,4.62305976555924,4.686775156549428,4.836205413590069,4.632470612769328,4.875688162008717,4.570059755720006,4.87860822340045,4.5248036,4.522878744971543
26,S. aureus,AIHNLAHKLLKKLTRAVKKLAN,1.740362689,22,4.259637311,26,26,train,2,4.359737070757346,4.187194124178078,4.804167747705142,4.104115616044608,4.833015506856575,4.522452931930003,4.9445475785685495,4.3163023,4.2596373110396355
27,S. aureus,AILTTLANWARKFL,1.597969275,14,4.402030725,27,27,train,3,4.501968484518649,4.580452594497002,4.7557035839304564,4.529280230608044,4.730637946654385,4.460491418909992,4.831326212479459,4.476214,4.402030725029968
28,S. aureus,AINPKSVQSLL,2.301029996,11,3.698970004,28,28,train,0,3.7988049476757055,3.6109091215849496,4.50027754268303,3.593281876905783,4.3683831261813255,3.8227431267699954,3.894700334902174,3.7125518,3.6989700040313553
31,S. aureus,AIPWSIWWHLLFKG,0.822821645,14,5.177178355,31,31,train,6,5.077061494328832,5.1598914193741985,4.898648910956399,5.321884293823775,4.96832405270875,5.096320088310007,4.973656751783584,5.1173067,5.177178355000243
32,S. aureus,AIPWSIWWRLLFKG,0.77815125,14,5.22184875,32,32,train,7,5.1220348530050215,5.23941448772786,4.9142299051591305,5.374582411191343,5.001730989518318,5.154790324439998,4.9900064801574695,5.1922317,5.22184875005158
33,S. aureus,AIRRWRIRK,1.534986227,9,4.465013773,33,33,train,3,4.564783840881018,4.109160827308087,4.679525507551482,3.989746609556386,4.5610675599607475,4.504817336520003,4.591818612805565,4.508072,4.465013772991517
34,S. aureus,AKAKAYPAKAKAYP,2.13142941,14,3.86857059,34,34,train,1,3.9687359993720177,3.98233328819837,4.497426336018599,3.8488439732955824,4.270664650051523,4.081430426169996,4.057690174953997,3.8867,3.868570589920654
35,S. aureus,AKHQGLPQE,3.397940009,9,2.602059991,35,35,train,0,2.70189042995358,2.747083138868943,3.90473147451591,2.8626792455756322,3.332600252332746,2.753761130100001,2.7418502599243983,2.6537104,2.6020599911389612
36,S. aureus,AKKFFKKPRVIGVSIPF,1.122180125,17,4.877819875,36,36,train,5,4.77770427385369,4.7659103393362425,4.793070131100883,4.720645565137583,4.8121059328814795,4.756723915399999,4.6357516838703745,4.8382564,4.877819875014714
37,S. aureus,AKKFGKAFVKIL,2.153062243,12,3.846937757,37,37,train,1,3.946804350779004,3.9271061716239553,4.702704164578863,3.9380569403582797,4.672354910080659,3.924142146919998,4.126153093260413,3.8284526,3.8469377570469443
38,S. aureus,AKKIRVRLSA,1.748738073,10,4.251261927,38,38,train,2,4.351364303511294,4.243146815632126,4.534791458683077,4.274925261308631,4.404264925020547,4.204664980129993,4.060991498656455,4.21621,4.2512619270611385
39,S. aureus,AKKVFKRLEKLFS,2.0,13,4.0,39,39,train,1,4.10016362250072,4.281255091494617,4.633113763927713,4.268508007859492,4.539831723579092,4.1886802115499995,4.531895228785775,4.070907,3.9999999999095084
40,S. aureus,AKKVFKRLEKLFSKI,2.0,15,4.0,40,40,train,1,4.099856273821198,4.609094268825537,4.682300224844187,4.556926332349747,4.633964094782861,4.207516247809999,4.72087962484663,4.081255,4.000000000486708
42,S. aureus,AKKVFKRLEKLFSKIQN,2.0,17,4.0,42,42,train,1,4.100157564306074,4.208941570580637,4.684500974723983,4.121703014523812,4.624154927700737,4.16355126419,4.4588255684717,4.0644116,4.0000000000120215
48,S. aureus,AKKVFKRLEKSFSKIQNDK,1.714462064,19,4.285537936,48,48,train,2,4.385641210482899,4.006454875719078,4.537718077374029,4.054454856742289,4.442679460868172,4.382608723580006,4.389290601723168,4.261618,4.2855379359663885
49,S. aureus,AKKVFKRLGIGAVLKVLKKG,0.193124598,20,5.806875402,49,49,train,9,5.706712899870534,4.910053628904647,4.794933532674563,5.009572803126104,4.836193254791959,5.420691511220001,5.142459996102829,5.658918,5.806875401290763
51,S. aureus,AKKVFKRLGIGAVLWVLTTG,0.494154594,20,5.505845406,51,51,train,8,5.406008875468125,5.054562382292742,4.8410500652498145,5.00934107613692,4.872932023608415,5.288521288089997,4.92298300309756,5.5070376,5.505845406050783
52,S. aureus,AKKVFKRLGIGAVLWVLTWG,0.494154594,20,5.505845406,52,52,train,8,5.406006575835039,4.762838863480777,4.9007971263085475,4.78596941071755,4.963707747139223,5.34890215432,5.01272049212717,5.4293523,5.505845406010417
54,S. aureus,AKKVFKRLRKLFKKI,2.0,15,4.0,54,54,train,1,4.100075718560779,4.827811104109141,4.848535569138649,4.842957697140196,4.88873772387281,4.34185103095,4.969682880246123,4.161652,4.000000000488352
55,S. aureus,AKKVSKRLEKLFSKIQNDK,1.714691003,19,4.285308997,55,55,train,2,4.385466565180966,4.050805559256332,4.52943331779951,4.221610957837223,4.430380071643231,4.285884593390004,4.405947513304437,4.3159814,4.28530899696834
56,S. aureus,AKLKAYPLKAKLYP,2.095828935,14,3.904171065,56,56,train,1,4.004052533101133,4.348717002950341,4.690100063009508,4.457080873935168,4.598156915877264,4.103988703830005,4.4090777577083005,3.9805095,3.904171065120979
57,S. aureus,AKLWLKAAKLWLKA,1.204119983,14,4.795880017,57,57,train,4,4.732276952898313,4.639736183246635,4.79419549429445,4.683417548365337,4.797473306156981,4.820275276870002,4.92943530823654,4.810949,4.7958800169458495
58,S. aureus,AKRHHGYKRKFH,1.912751771,12,4.087248229,58,58,train,2,4.187046847735515,4.410401025162643,4.570351122798646,4.320752197649746,4.414590196739439,4.341034674220003,4.332220022130306,4.0912137,4.087248229013509
62,S. aureus,ALFKTMLKKLGTMAL,1.537819095,15,4.462180905,62,62,train,3,4.562247698745761,4.745390286264414,4.777443878588752,4.788423669390309,4.74213087425514,4.468527765930005,4.64898316148497,4.449808,4.462180905169271
63,S. aureus,ALFKVASKVLPSV,2.167916809,13,3.832083191,63,63,train,1,3.9321946141076043,4.287682705362395,4.650243700198681,4.267318200461329,4.402649059323655,4.032656018729996,4.333727118981198,3.8521397,3.832083191268336
64,S. aureus,ALGALFKVASKVL,0.977446003,13,5.022553997,64,64,train,6,4.9221049930766645,4.767748008702995,4.61708184174611,4.781886047777498,4.39680885183946,4.774599161699994,4.59458652577146,4.8727756,5.022553996289637
65,S. aureus,ALHKTMLKKLGTMAL,1.653212514,15,4.346787486,65,65,train,3,4.446656693791336,4.192074132227982,4.720716618833185,4.230668225529559,4.660598722443652,4.419451473819997,4.568933759151811,4.3683434,4.346787486004713
66,S. aureus,ALKYRLFKKLKKF,-0.226118693,13,6.226118693,66,66,train,9,6.125795740529769,5.228662171214255,4.850386093709592,5.190405998163701,4.869628101729615,5.831666527799995,5.139939333077256,6.0764627,6.226118692678804
67,S. aureus,ALLKLAPRLLAGIF,1.096910013,14,4.903089987,67,67,train,5,4.802927987581476,5.043987495475133,4.726176629293328,4.93465124917849,4.7376921076832685,4.838842298259994,4.828673648419658,4.9119997,4.903089987090877
69,S. aureus,ALLLAIRKR,1.579489271,9,4.420510729,69,69,train,3,4.520399975862054,4.636168614123519,4.718379947618476,4.760768920577975,4.700217942194573,4.53636195465,4.589801587724209,4.505473,4.420510729189039
70,S. aureus,ALLLAIRRR,1.196479183,9,4.803520817,70,70,train,5,4.732276938396158,4.667868463005623,4.731950620577995,4.758117305407032,4.725036707087215,4.728082527969996,4.588651863022176,4.7832894,4.803520816936063
72,S. aureus,ALRLAIRKR,1.641282787,9,4.358717213,72,72,train,3,4.458828113583651,4.182544236462986,4.6412331686119,4.3231528102140215,4.53852787216439,4.406296711069993,4.379515771799851,4.3813734,4.358717213016832
73,S. aureus,ALRLAIRRR,1.347024309,9,4.652975691,73,73,train,4,4.726356751097354,4.166687974552414,4.648148299629058,4.267006835330414,4.5459552678392185,4.567052498049996,4.39031763219052,4.608304,4.652975690911329
74,S. aureus,ALRSAVRTVARVGRAVLPHVAI,0.799340549,22,5.200659451,74,74,train,6,5.100251135398313,5.227758045365343,4.7640817032009615,5.0617450716831405,4.803869132586073,5.028757039369995,4.702880436816046,5.2016363,5.2006594509875566
75,S. aureus,ALWHHLLHHLLHSAHHLG,1.176091259,18,4.823908741,75,75,train,5,4.732276952898313,4.864677119229242,4.772063098010425,4.905593270419957,4.800672300193144,4.828916342840007,4.857633525614318,4.886177,4.823908740980787
78,S. aureus,ALWKKLLKKLLKSAKKLG,0.273001272,18,5.726998728,78,78,train,9,5.627101472694457,5.375878927973502,4.7806378954343804,5.271822458497786,4.833695678258547,5.567040936690006,5.084824144790862,5.567194,5.72699872767034
79,S. aureus,ALWKNMLKGI,2.176091259,10,3.823908741,79,79,train,0,3.9237611508722128,4.666758337734402,4.659645416347198,4.4988949967708125,4.597221678068399,4.057381405130004,4.309935524430357,3.910413,3.823908740905725
80,S. aureus,ALWKNMLKGIGK,2.176091259,12,3.823908741,80,80,train,0,3.924011469711026,3.854054891729867,4.616825669097975,4.047513427089145,4.576888255654728,4.086295699310005,4.296602145887812,3.8448865,3.8239087410095594
81,S. aureus,ALWKNMLKGIGKLAG,2.176091259,15,3.823908741,81,81,train,0,3.9237330811682627,4.642605088652164,4.634296183705269,4.699241413351632,4.608365943472214,4.1391397722200045,4.5802552316766585,3.9532218,3.8239087416094626
82,S. aureus,ALWKNMLKGIGKLAGK,1.77815125,16,4.22184875,82,82,train,2,4.321713695267291,4.434243996134367,4.6300889176648035,4.534123073327662,4.629279705351514,4.344757693139998,4.640352749293223,4.225075,4.221848749942278
83,S. aureus,ALWKNMLKGIGKLAGKAALG,0.903089987,20,5.096910013,83,83,train,6,4.996769379479479,4.917312055439893,4.660798492051747,4.75659801217012,4.6702950696640615,4.918284882470008,4.701154892134744,5.0508537,5.096910012565517
84,S. aureus,ALWKTLLKKV,1.698970004,10,4.301029996,84,84,train,2,4.401176354944163,3.881583251861624,4.757938438748044,4.060094521118717,4.714783627955198,4.383057510530005,4.418999336156673,4.3111143,4.301029995962623
86,S. aureus,ALWKTLLKKVLKAAA,0.653212514,15,5.346787486,86,86,train,7,5.246791684198424,5.110902946152432,4.752081397232777,5.024725508088035,4.7306577467705715,5.207027489679996,4.899672968094977,5.205493,5.346787485034317
87,S. aureus,ALWKTLLKKVLKAAAK,1.146968071,16,4.853031929,87,87,train,5,4.783745262903453,4.767231909009575,4.7610532188638715,4.844876623120329,4.75851362514959,4.9443571729899976,4.995952476427471,4.9776325,4.853031929869636
88,S. aureus,ALWKTMLKKLGT,1.73239376,12,4.26760624,88,88,train,2,4.367759364432094,4.571424039092929,4.694211176208745,4.5473067583793165,4.633763084321491,4.435097973580004,4.4393747307858895,4.306052,4.267606240149082
89,S. aureus,ALWKTMLKKLGTM,1.704150517,13,4.295849483,89,89,train,2,4.39576518357519,4.332404102325516,4.755505828237262,4.241719497473899,4.713115598316724,4.431412708539998,4.692969828040191,4.390704,4.295849483028658
90,S. aureus,ALWKTMLKKLGTMA,1.451786436,14,4.548213564,90,90,train,3,4.648305892203428,3.9482790843311246,4.7425447557116875,3.995279185065846,4.701196027261653,4.565030960819995,4.625705027009559,4.5146775,4.548213563693055
91,S. aureus,ALWKTMLKKLGTMALHAGK,1.029383778,19,4.970616222,91,91,train,5,4.870992553663441,4.866598873010708,4.7535140610455615,4.849765713427364,4.764432425935186,4.820106812489994,4.689218153171109,4.925912,4.970616221990677
92,S. aureus,ALWLAIRKR,1.550368313,9,4.449631687,92,92,train,3,4.549793736022317,4.551818429779834,4.746906990629498,4.689481869326422,4.745595947594877,4.495545665510005,4.6320087483955135,4.5405755,4.4496316869120545
93,S. aureus,ALWLAIRRR,1.168088503,9,4.831911497,93,93,train,5,4.732240821993428,4.578437033342777,4.756926822256032,4.648564602900513,4.761136130338894,4.798640689860005,4.783235076411396,4.7980967,4.83191149702534
95,S. aureus,ALWRRLLRRLLRSARRLG,0.574031268,18,5.425968732,95,95,train,8,5.3260909469630295,5.28030211886946,4.840290174422009,5.187925222124676,4.9334908123528995,5.342229486610003,5.112311638971935,5.3953815,5.42596873191923
96,S. aureus,ALYKTMLKKLGTMAL,1.653212514,15,4.346787486,96,96,train,3,4.4466155509208365,4.651821007760759,4.77976199269905,4.626086535794913,4.727717446753142,4.386937557549998,4.606913983312436,4.458012,4.346787486032401
97,S. aureus,ALYLAIRKR,1.434403704,9,4.565596296,97,97,train,4,4.665631643850838,4.929901515434391,4.733675026722984,4.958116814697603,4.693723728323794,4.502904034110005,4.641358870316436,4.579787,4.5655962959610745
98,S. aureus,ALYLAIRRR,1.213565458,9,4.786434542,98,98,train,4,4.730890500281651,4.924096332419141,4.744020321664282,4.919052357713008,4.710114368133956,4.6728679242699975,4.6067019809504774,4.761783,4.786434542018895
99,S. aureus,ANLDAIIKIQAWARMWAARRQYL,1.041392685,23,4.958607315,99,99,train,5,4.858766583607414,4.705713623689941,4.7912138433095395,4.608158597044403,4.835920116634931,4.972326151519997,5.0697610431239415,4.984435,4.958607314969764
100,S. aureus,ANVGFVIQLQARLRGFLVRQKFA,0.230448921,23,5.769551079,100,100,train,9,5.669695814084543,5.491216735961333,4.926602986107763,5.565029991014362,4.976716087830601,5.445505238829998,5.130835032515781,5.6763215,5.769551078907029
101,S. aureus,APKAMRLLRRLLRLQKKGI,-0.05343728,19,6.05343728,101,101,train,9,5.953590655284911,5.13265887681501,4.82248670990062,5.155135160932016,4.8736365664623,5.597668180700008,5.032652715150798,5.9583726,6.053437279700416
102,S. aureus,APKAMRLLRRLLRRLLR,0.676793101,17,5.323206899,102,102,train,7,5.222649337056135,5.17334561013672,4.853884230847924,4.9936046312029,4.905752616923759,5.168997105480007,5.037972223230105,5.293187,5.32320689896812
103,S. aureus,APKGVQGPNG,1.539472085,10,4.460527915,103,103,train,3,4.560909310185112,3.9175059979327274,4.231798770196155,3.96344479491755,3.957678997852272,4.25068764553,3.7510553802039297,4.4555326,4.46052791495102
104,S. aureus,AQKIISTIGKLVKWIIKTVNKFTKK,1.012837225,25,4.987162775,104,104,train,5,4.887231615649246,5.24057598861602,4.959301571746539,5.357211387653334,5.052280244753163,5.177499045180001,5.125488646453442,4.993837,4.987162775094136
105,S. aureus,ARRARKWARRALKLA,1.193820026,15,4.806179974,105,105,train,5,4.732276952898312,4.681219409852762,4.678095716028129,4.73960256923835,4.589200128461505,4.8264509902399935,4.753205073663719,4.824746,4.80617997397377
106,S. aureus,ARWWWKIKS,1.297401259,9,4.702598741,106,106,train,4,4.732276952898313,4.616492492971493,4.75765326063617,4.756102349509887,4.777458328333983,4.802377136829993,4.808769755365673,4.6979837,4.702598741063518
107,S. aureus,ASPTVFRSSVFLSLFVVAKK,2.069068809,20,3.930931191,107,107,train,1,4.031096408542739,3.9582120026310923,4.8043507430113,3.9504942428267267,4.703628031501302,4.123005614780006,4.53542954749099,3.9669263,3.9309311909484017
108,S. aureus,ASVVNKLTGGVAGLLK,1.131475391,16,4.868524609,108,108,train,5,4.7686906123780375,3.986831052807065,4.595267828496631,3.842059675985115,4.3726702610931,4.765581886080004,4.458524585256927,4.8183684,4.868524608852117
109,S. aureus,AVAGEKLWLLPHLLKMLLTPTP,2.214311877,22,3.785688123,109,109,train,0,3.8858495910591557,4.437363461296797,4.797587483055843,4.633705142842258,4.789632152967499,4.061698001510001,4.523415099745093,3.8444903,3.7856881230677835
110,S. aureus,AVDLAKIANKVLSSLF,2.176091259,16,3.823908741,110,110,train,0,3.9238730653425122,4.503124400681207,4.517604368328537,4.31485467059553,4.51752260331372,4.0232759777500045,4.565474163648864,3.9057114,3.823908741060241
111,S. aureus,AVNIPFKVHFR,2.876940771,11,3.123059229,111,111,train,0,3.222620494701456,3.6812072910017966,4.7647105953177284,3.7545374982333914,4.688040468758407,3.7066895064399965,4.024581306689431,3.1933515,3.1230592290031316
112,S. aureus,AVVDILKGAAKDIAGHLASKVMNKL,2.0,25,4.0,112,112,train,1,4.100046586422989,3.940647578705776,4.5754152611532035,3.9618630092663967,4.417234472910068,4.02621549542,4.023010024888013,3.9899507,4.0000000003223795
113,S. aureus,AVVKVPLKKFKSIRE,1.457882814,15,4.542117186,113,113,train,3,4.641945715773512,4.275878599336552,4.6683127664863235,4.299199475517625,4.528236680534134,4.544141214869999,4.657038344378805,4.527215,4.542117185979115
114,S. aureus,AVWKFVKRV,2.270282518,9,3.729717482,114,114,train,0,3.829885662848114,3.659788389430087,4.819595987449376,3.7276714376191986,4.822987609574762,4.0099483942200065,4.530830458503592,3.7780933,3.7297174820837
116,S. aureus,AWASFFKKAAHVGKHVGKAALTHYL,0.465469177,25,5.534530823,116,116,train,8,5.43443888928772,5.045984339213028,4.840777338408487,5.096411965760851,4.798800981252076,5.119023827220005,4.8089243649596325,5.464882,5.534530823012007
118,S. aureus,AWLDKLKSLGKVVG,2.230448921,14,3.769551079,118,118,train,0,3.8696534973798142,4.4158630856518455,4.504354199668505,4.46288477905583,4.506503556202659,4.056440079959997,4.378146467430731,3.8300786,3.769551079116249
119,S. aureus,AWLLAIRKR,1.346248331,9,4.653751669,119,119,train,4,4.7322769525734065,4.634591597866139,4.743509738725952,4.678097285972687,4.736718704735894,4.575959950369996,4.597636768627828,4.682156,4.653751668949185
120,S. aureus,AWLLAIRRR,0.979032266,9,5.020967734,120,120,train,6,4.921247829648313,4.826297900772385,4.756915851582501,4.818782291047149,4.761107463246777,4.876806266660003,4.74886309664371,4.942732,5.020967733945663
121,S. aureus,AWRFKNIRK,2.174262571,9,3.825737429,121,121,train,1,3.925566304647175,4.239666207381162,4.6321844689003475,4.116561781462646,4.479413147547002,4.033068607620004,4.152693239378513,3.8272228,3.825737428993916
122,S. aureus,DAAVEPELYHWGKVWLPN,1.973803393,18,4.026196607,122,122,train,1,4.126176936903487,4.713161118718287,4.386433536325317,4.793512282601813,4.352637452903602,4.273337858609994,4.545895441400518,4.060744,4.0261966070038255
123,S. aureus,DANVENGEDAEDLTDKFIGLMG,1.929321034,22,4.070678966,123,123,train,2,4.170840621075978,3.772639242271594,4.126299342427119,3.7858837596251598,4.031956364853181,4.159912214500002,4.268217121177106,4.073605,4.07067896595684
124,S. aureus,DDALHHLLHHLLHHL,2.0,15,4.0,124,124,train,1,4.100162259760637,4.48596075568962,4.641663617805473,4.47749895975394,4.585480551518795,4.319265339929999,4.545832455897831,4.041539,3.9999999999484914
125,S. aureus,DDALKHLLKHLLKHL,1.342422681,15,4.657577319,125,125,train,4,4.732276952898313,4.466828371416427,4.648293807775113,4.4218486804598145,4.60722808749903,4.565956755669998,4.660775443669741,4.603065,4.65757731900997
126,S. aureus,DDALKKLLKKLLKKL,1.397940009,15,4.602059991,126,126,train,4,4.702164757583639,4.519381773069532,4.64522226545185,4.401985731771254,4.603624358350224,4.569292498719994,4.6978937551180175,4.5930543,4.602059991052348
127,S. aureus,DDALRHLLRHLLRHL,2.0,15,4.0,127,127,train,1,4.0996641028349075,4.613739216271838,4.677437999992059,4.557925439963832,4.657770905786363,4.27711161125,4.653327258005417,4.059395,4.0000000000311395
128,S. aureus,DDALRRLLRRLLRRL,1.491361694,15,4.508638306,128,128,train,3,4.608522074725777,4.548892595616097,4.69920648897027,4.496088655605124,4.693462939117546,4.5386516073900065,4.6732814863201835,4.514666,4.508638305995785
129,S. aureus,DDDDDDD,2.973127854,7,3.026872146,129,129,train,0,3.126701019742002,3.0178055463659073,3.914098986807458,3.004399681633859,3.331734946935928,3.2487241337199992,3.3521076527228844,3.0358312,3.0268721459461845
131,S. aureus,DIFGAIWPLALGALKNLIK,0.903089987,19,5.096910013,131,131,train,6,4.996748527739987,5.2999629461270334,4.696363501898826,5.076372131496183,4.735711042544792,4.980312164450009,5.014794781536444,5.1270638,5.096910013149516
132,S. aureus,DKGRYLEAPTRPRPERNRK,1.301029996,19,4.698970004,132,132,train,4,4.732276952898313,4.266249412592553,4.261911654974517,4.165472139523924,4.135766123093969,4.660527821149995,4.499127211025826,4.6644177,4.698970004004296
133,S. aureus,DLYPWFN,2.168421013,7,3.831578987,133,133,train,1,3.9317588769548117,3.8328531466427482,4.5356765178068,3.8162059617344433,4.484890334803175,3.92775163321,3.8703260865348437,3.8356261,3.831578986942855
134,S. aureus,DNGEAGRAAR,1.531478917,10,4.468521083,134,134,train,3,4.56867326953723,3.9594760427878213,3.824912334229478,3.979984610340214,3.64934149535744,4.2850968800099976,4.017210074676797,4.4324636,4.468521082942837
135,S. aureus,DNTDSVVKIQSWFRMATARKSYL,1.414973348,23,4.585026652,135,135,train,4,4.685002311243373,4.820272688572407,4.71052822889606,4.757508986443535,4.72133908771361,4.5338384015200015,4.513776622607541,4.6156216,4.585026651988291
136,S. aureus,DSHAKRHHGYKRKFHEKHHSHRGY,-0.783373731,24,6.783373731,136,136,train,9,6.683522062133664,5.487946466975166,4.60183886698309,5.480708077411742,4.478202288895981,5.888927659019996,5.723246660264935,6.6500225,6.783373730886844
137,S. aureus,DVIKKVASVIG,2.957851505,11,3.042148495,137,137,train,0,3.142224213710696,3.2153286137204793,4.515333886176187,3.292356096949757,4.182833530091232,3.3223795657999973,3.457346732778073,3.040227,3.0421484948772544
138,S. aureus,DVIKKVASVIGGL,2.89683429,13,3.10316571,138,138,train,0,3.203302295507708,3.3262800185347876,4.544529089729239,3.460426188408875,4.270586685249659,3.5142124125899996,3.5718520957465354,3.1854973,3.103165710392123
139,S. aureus,EEEEWWW,2.088444507,7,3.911555493,139,139,train,1,4.011491700121252,3.6219996662347285,4.402978084344492,3.607626872826814,4.109914314698563,3.872227351369998,3.8838202930090464,3.915835,3.9115554929235024
140,S. aureus,EEEEWWWW,2.091680987,8,3.908319013,140,140,train,1,4.008178780047715,4.313331062964926,4.546725949778952,4.350008128275587,4.361549178337636,4.208811521259997,4.495230530670896,3.9307868,3.9083190130207233
142,S. aureus,EIEKFDKSKLK,3.882032364,11,2.117967636,142,142,train,0,2.2180669673058238,2.6414840703649887,4.122582941637479,2.5779102274421635,3.9122873425115463,2.697231771620002,2.8247245097260345,2.1634555,2.117967635985997
144,S. aureus,ELLKAVRLIK,1.301029996,10,4.698970004,144,144,train,4,4.732276476734941,4.466240115082429,4.624915212274229,4.422755874167712,4.590883431484787,4.608751876379997,4.529458801574247,4.684442,4.69897000391584
145,S. aureus,ELLVDLL,1.895567254,7,4.104432746,145,145,train,2,4.2043105998497285,3.8703290868318483,4.171702567173953,3.980615706952815,4.066994667548167,3.9471377042899944,3.922522453362116,4.123924,4.104432745943516
146,S. aureus,ELSKAVRLIK,1.602059991,10,4.397940009,146,146,train,3,4.498043429177837,4.347070625262572,4.479294472124303,4.3844441449676035,4.448047304727837,4.410330680920003,4.3236303672635135,4.4094086,4.397940009028303
147,S. aureus,EMLKKKKEVKMERKT,2.020824783,15,3.979175217,147,147,train,1,4.078998408091186,3.9435639155509916,4.418707095250825,3.88812539253255,4.263908332553784,4.029191249469995,4.0658953839871925,3.9704607,3.9791752169558072
148,S. aureus,ENMFNIKSSVESDSFWG,2.004998987,17,3.995001013,148,148,train,1,4.094838510869314,3.9769118284510045,4.304286058805584,3.960503213594888,4.080538435313981,4.275320393679996,4.03939813895437,3.9547613,3.995001012973931
149,S. aureus,EPFKISIHL,1.44238053,9,4.55761947,149,149,train,4,4.65778944022983,4.665935949512767,4.497988577971909,4.716136249701675,4.399283898623128,4.5870554607800065,4.290813755161208,4.5563097,4.557619469982718
150,S. aureus,EPFKLSLHL,1.44238053,9,4.55761947,150,150,train,4,4.657782458788263,4.680408028226908,4.424285211014001,4.712756462818138,4.352740862281201,4.536729427310007,4.4036703869563185,4.5935626,4.557619469993036
151,S. aureus,EPILGIITSLLKSL,1.620707597,14,4.379292403,151,151,train,3,4.479485835456643,4.947436345217089,4.569628631890782,4.92117790388157,4.555499828940111,4.471811801910004,4.4942623681216745,4.4144087,4.3792924030209575
152,S. aureus,EQEENVVKIQAFWKGYKQRKEYM,1.505149978,23,4.494850022,152,152,train,3,4.594286944061759,4.583010884355541,4.699737150200817,4.714809565060491,4.6199520928939535,4.592896372829997,4.607620893125314,4.490468,4.494850021993863
153,S. aureus,EQHSSGKSDV,2.0,10,4.0,153,153,train,1,4.100102376511311,3.821192559309625,3.881963167607473,3.700540998823326,3.571248910003013,3.960125479829999,3.8530462470702456,4.0046887,3.9999999999519162
154,S. aureus,EWKRWVQRWKDWLRNLV,0.823908741,17,5.176091259,154,154,train,6,5.076054662066764,4.76158436767229,4.756475724541696,4.744981438829016,4.759733225765633,5.077348425859993,4.94382455276467,5.1449933,5.176091259000627
157,S. aureus,FAKGIAGMAGKLF,2.301029996,13,3.698970004,157,157,train,0,3.798797333910572,4.292194604366539,4.533846721800856,4.286026280552701,4.503025815149932,3.919528651729998,4.169678818076689,3.7966623,3.698970004070302
158,S. aureus,FAKKLAKKLKKLAKKLAK,1.794254079,18,4.205745921,158,158,train,2,4.305742183066313,5.021020521652135,4.755307859001946,5.002365329700024,4.78239137877389,4.456992800590002,4.694219237796571,4.3199906,4.2057459216430715
159,S. aureus,FAKKLAKLAKKLAKLAL,0.634652341,17,5.365347659,159,159,train,7,5.26550870062772,5.300561817967208,4.766574867599308,5.267244799215352,4.783882156994117,5.270196389080002,5.08249846990152,5.373185,5.365347658829385
160,S. aureus,FAKLLAKALKKLL,0.438630248,13,5.561369752,160,160,train,8,5.461532415902961,5.143126147716122,4.778145052109648,5.112690036609473,4.779815522830253,5.443249784350002,5.150842373523532,5.532717,5.5613697515854295
163,S. aureus,FALKALKKLKKALKKAL,0.621489724,17,5.378510276,163,163,train,7,5.278461345860047,5.2638176376939825,4.782149276816415,5.166542108481605,4.808004251295157,5.161587069249995,5.175051375431676,5.3542004,5.378510275949977
165,S. aureus,FASGIAGMAGKLF,2.301029996,13,3.698970004,165,165,train,0,3.7988089761331243,4.068959286277766,4.507357412782598,3.9472602019581675,4.2468188129578355,3.8970382283799956,4.114910497441485,3.7225907,3.698970003955645
166,S. aureus,FAVTWATKWWKG,2.0,12,4.0,166,166,train,1,4.099827880234621,4.255838242590923,4.727377076648638,4.1911884027026725,4.725921910363049,4.082011943400001,4.49760040717745,4.0543776,4.000000000015689
167,S. aureus,FDIMGLIKKVAGAL,1.477121255,14,4.522878745,167,167,train,3,4.622987253353682,3.86925642413651,4.517641723647515,3.842080160350242,4.530497958845402,4.563268179280005,4.521504854965451,4.5281277,4.5228787449200665
168,S. aureus,FDLLGLVKKVASAL,1.698970004,14,4.301029996,168,168,train,2,4.401156576997796,4.615701494355911,4.485669912905141,4.680408177532037,4.322552552105209,4.410477777020005,4.434545417931623,4.3303328,4.3010299961716925
169,S. aureus,FDLLGLVKSVVSAL,1.397940009,14,4.602059991,169,169,train,4,4.702163265486992,4.772560689038249,4.532769357682091,4.677385658330016,4.551972137871579,4.5882912896599946,4.591985815442722,4.590497,4.602059990917153
170,S. aureus,FDVMGIIKKIAGAL,1.477121255,14,4.522878745,170,170,train,3,4.62299138239127,4.5853162635101326,4.540234818814813,4.595443749824458,4.544764495785676,4.580166008150005,4.628774593094047,4.514298,4.522878744961749
173,S. aureus,FFFDTLKNLAGKVIGALT,1.675319983,18,4.324680017,173,173,train,3,4.424398477345117,3.908477113892548,4.594705921280732,4.053213368315553,4.595453582487339,4.460018717279996,4.746409774407658,4.346527,4.324680016967855
174,S. aureus,FFFFFFF,0.456663883,7,5.543336117,174,174,train,8,5.443251855573446,5.449497885928717,5.126851020169855,5.546911119798407,5.186160560079632,5.107861279490009,4.838443927658105,5.5148134,5.543336116918902
176,S. aureus,FFFLRRIF,2.0,8,4.0,176,176,train,1,4.100162363429148,4.840263814259361,4.977341754791686,4.9331057694101625,5.027722001098464,4.25165003802,4.465983518729537,4.105868,4.00000000015875
177,S. aureus,FFFLSRIF,1.640978057,8,4.359021943,177,177,train,3,4.4591245203656165,5.0464113921384985,4.867584600569726,5.213825133803694,4.940994445668661,4.290995051440003,4.417024457195185,4.3503904,4.359021943002601
178,S. aureus,FFGAIAAALPHVISAIKNAL,1.204119983,20,4.795880017,178,178,train,4,4.732276952898326,4.8738155801868706,4.697884807917538,4.89746053840426,4.7026552763012095,4.820083510820001,4.830380859075496,4.838453,4.795880017222963
179,S. aureus,FFGHLFRGIINVGKHIHGLLSG,0.698970004,22,5.301029996,179,179,train,7,5.201127028995422,6.0710562245299755,4.837641638218774,5.8755834052466795,4.912267780456863,5.156224678880005,5.073077572389997,5.312989,5.301029996066424
180,S. aureus,FFGKVLKLIRKIF,0.491361694,13,5.508638306,180,180,train,8,5.4087600955064,5.267363952273102,4.915874484184993,4.915112082612858,4.9881314997660215,5.3825659933600045,5.157052100821061,5.4254255,5.50863830594994
181,S. aureus,FFGRLKSVWSAVKHGWKAAKSR,0.477121255,22,5.522878745,181,181,train,8,5.422770976626414,5.070767921572907,4.779313988262574,5.167351516394614,4.886727429718263,5.2408376686700056,4.905312853078859,5.3986506,5.522878744979933
182,S. aureus,FFGSIIGALAKGLPSLISLIKK,1.096910013,22,4.903089987,182,182,train,5,4.802984011660584,5.237923280603428,4.801129364708354,5.013294631454615,4.876998729791229,4.924135246699994,4.944492057536403,4.9375057,4.903089986901994
183,S. aureus,FFGSLLKLLPKLL,-0.107905397,13,6.107905397,183,183,train,9,6.0080691752700055,5.2490133686213145,4.81779927687875,5.2099033211607795,4.856604349414768,5.9194082612400045,5.200272688533331,5.9704432,6.107905396924661
184,S. aureus,FFGSLLSLGSKLLPSVFKLFQRKKE,0.63896272,25,5.36103728,184,184,train,7,5.260929511626414,4.848155747226168,4.872074336686609,4.9693431000975625,4.8759157162505735,5.220101346960003,5.229153812708761,5.3289657,5.361037279907606
185,S. aureus,FFGSMIGALAKGLPSLISLIKK,1.096910013,22,4.903089987,185,185,train,5,4.802963105545583,4.791642121572561,4.791268116132221,4.805719927551928,4.862320769555218,4.920618736549994,4.908634057393034,4.945835,4.903089987023043
186,S. aureus,FFGSTIGALANFLPSLISKIRN,1.432026689,22,4.567973311,186,186,train,4,4.667799980620079,4.8026114354398715,4.786178291005062,4.757326846414818,4.817955179865141,4.75992216862,4.763364620515112,4.614873,4.5679733110868055
187,S. aureus,FFGSVLKLIPKIL,0.494154594,13,5.505845406,187,187,train,8,5.40600657582414,5.1312907975345095,4.86281804260326,5.1731930684641085,4.882049572743441,5.53111648428,5.004336037699542,5.4312515,5.505845405980188
188,S. aureus,FFGWLIKGAIHAGKAIHGLIHRRRH,0.315270435,25,5.684729565,188,188,train,9,5.584889671917637,5.305165844808126,4.875508134629863,5.203734230412004,5.005699730031495,5.6245867573399995,5.4178858589646826,5.631256,5.684729564988498
189,S. aureus,FFGWLIKGAIHAGKAIHPLIHRRRH,0.531478917,25,5.468521083,189,189,train,8,5.3685563329520685,5.613695293194861,4.885051388840019,5.556390047775773,5.014114928826855,5.5023769599399985,5.4653773352898405,5.5437956,5.468521083010147
190,S. aureus,FFGWLIKGAIHAPKAIHGLIHRRRH,0.315270435,25,5.684729565,190,190,train,9,5.58491152879906,5.319457234535231,4.886854236190339,5.167219896912066,5.0188258876314595,5.643380676259999,5.4653773352898405,5.6739163,5.684729565007983
191,S. aureus,FFGWLIKGAIHAPKAIHPLIHRRRH,0.441956838,25,5.558043162,191,191,train,8,5.458307646955159,5.644416401087797,4.895688053512133,5.555342483490479,5.025382299247085,5.512853342809994,5.457848195468898,5.5795336,5.55804316195161
192,S. aureus,FFGWLIKPAIHAGKAIHGLIHRRRH,0.230448921,25,5.769551079,192,192,train,9,5.6697492284835445,5.428881988693457,4.886956629143299,5.268557102932325,5.019093447157887,5.679538468210001,5.4653773352898405,5.696596,5.76955107886388
219,S. aureus,FFIYVWRRR,0.278753601,9,5.721246399,219,219,train,9,5.621240547443589,5.958594041886948,4.987347122302316,5.846064740075118,5.060116833922795,5.440700898639999,5.3718965814256245,5.658985,5.721246398932596
221,S. aureus,FFLLSLIPSAISAIKKI,0.698970004,17,5.301029996,221,221,train,7,5.200993399020168,4.919697004712653,4.8000018977993415,4.922610282236398,4.841990852670965,5.119710073400004,4.832607932306547,5.272415,5.301029996098705
222,S. aureus,FFPFLLGALGSLLPKIF,1.096910013,17,4.903089987,222,222,train,5,4.803145814619067,4.934067330230236,4.811612826448888,4.963654807907379,4.878695849145685,4.989776189039997,5.0314409825878625,4.9177446,4.9030899869572515
223,S. aureus,FFPIVGKLLFGKLL,0.673020907,14,5.326979093,223,223,train,7,5.2271428537613565,5.3436274425897485,4.86824866661622,5.355860964532132,5.002052824229639,5.242570097399997,5.11815148479483,5.3033977,5.326979092715025
224,S. aureus,FFPIVGKLLFGLFGLL,0.146128036,16,5.853871964,224,224,train,9,5.75371083524544,5.391866144612678,4.922875705047298,5.457942374763776,5.08532825172028,5.680871295059998,5.450025638630076,5.896145,5.85387196368211
225,S. aureus,FFPIVGKLLFGLL,0.709565932,13,5.290434068,225,225,train,7,5.190535228505216,5.259744377687295,4.88478573687897,5.333879526749289,5.037950432036115,5.288795638690004,5.219097003543345,5.309966,5.290434068751794
226,S. aureus,FFPIVGKLLFGLSGLL,-0.137789226,16,6.137789226,226,226,train,9,6.037675437839831,5.657936096200216,4.840082215364216,5.5431442963071325,4.981213696040162,5.850367675339998,5.442872775755969,6.023197,6.137789225666488
227,S. aureus,FFPIVGKLLS,1.126752702,10,4.873247298,227,227,train,5,4.7730777715499295,4.834154234095076,4.742895071713572,4.749283685286082,4.8967157315811525,4.756019562370008,4.613574831419412,4.86833,4.873247298021713
230,S. aureus,FFPIVGKLLSGLSGLL,0.178269598,16,5.821730402,230,230,train,9,5.72186857479068,5.5351536702937505,4.758525905377744,5.474734413804375,4.879747777495495,5.738180563880004,5.473806414842285,5.8832593,5.821730402164959
231,S. aureus,FFPLLFGALSSHLPKLF,0.366733199,17,5.633266801,231,231,train,9,5.533427313216043,5.667860227678089,4.782522290477792,5.583930920254807,4.843513082308042,5.448681028909996,5.124415902129463,5.586577,5.633266800894825
232,S. aureus,FFPLLFGALSSMMPKLF,0.108703584,17,5.891296416,232,232,train,9,5.791135627200173,5.730992847135257,4.826201825147399,5.839094447225589,4.865013313824627,5.567526145769993,5.072465790819943,5.8123713,5.891296415951436
233,S. aureus,FFPLVLGALGSILPKIF,1.038085385,17,4.961914615,233,233,train,5,4.8620353826439535,4.8598964468304455,4.797113901929971,4.9195644920498545,4.855304468458114,4.973393677350003,4.935515199440345,5.003468,4.961914615110139
234,S. aureus,FFPLVLGALGSILPKVFGK,0.973127854,19,5.026872146,234,234,train,6,4.9267642935675875,4.721226193366759,4.772956485018886,4.467769980125158,4.834587171846894,5.019564730870004,4.928406885925625,5.011704,5.02687214599044
235,S. aureus,FFPMLADLVSKIF,2.176091259,13,3.823908741,235,235,train,0,3.9240773002312266,3.728121774912001,4.591062803732831,3.68590386384762,4.592687727522452,4.064737603350004,4.424240133893258,3.8662422,3.8239087409545953
236,S. aureus,FFPVIGRILNGIL,1.079181246,13,4.920818754,236,236,train,5,4.820693588799167,4.951094851214826,4.833359073083097,4.865766774290051,4.78179698654151,4.926645176699996,4.860131203967444,4.934306,4.920818754015325
237,S. aureus,FFRHIKSFWKGAKAIFRGARQG,1.150514998,22,4.849485002,237,237,train,5,4.7496391836115786,5.079093662074891,4.805639226401905,5.051859258469711,4.926934303866496,4.8494005770199955,4.959037179438766,4.894488,4.849485002081556
238,S. aureus,FFRLLFHGVHHGGGYLNAA,1.481202196,19,4.518797804,238,238,train,3,4.61863400555199,4.425065474607654,4.768892874986298,4.256702890945966,4.745788520955643,4.5340787338599915,4.767725186792045,4.535497,4.518797803994474
239,S. aureus,FFRLLFHGVHHVGKIKPRA,1.452128977,19,4.547871023,239,239,train,3,4.647951975790935,4.684972531176686,4.822887776662158,4.8382499581866085,4.896770176121521,4.773767060640006,4.903576218194216,4.6481986,4.54787102304457
240,S. aureus,FFSALLSGIKSLF,0.602059991,13,5.397940009,240,240,train,7,5.298093773068658,5.443366027546418,4.710946342607837,5.388641620099743,4.748906526645778,5.117321765140008,4.980200930447473,5.3212557,5.3979400089868195
241,S. aureus,FFSLIPSLVGGLISAFK,1.638489257,17,4.361510743,241,241,train,3,4.461473973421683,4.8162679333531795,4.781766273249659,4.913448799924438,4.819598247031638,4.488380222609997,4.819725499284681,4.4012103,4.361510743060352
242,S. aureus,FFSLLPSLIGGLVSAIK,1.35601973,17,4.64398027,242,242,train,4,4.732276959692083,4.6753186665598365,4.752739001391969,4.741551761968751,4.789724879005662,4.627783707889993,4.850838358892239,4.652305,4.6439802699846275
243,S. aureus,FFSMIPHIATGIASLVKNL,1.191393897,19,4.808606103,243,243,train,5,4.732277460879989,4.791486357374552,4.758121193159069,4.628830789641194,4.629103525867355,4.936476674009994,4.836808787738258,4.84908,4.808606103092023
244,S. aureus,FFSMIPKIAGGIASLVKNL,0.600660931,19,5.399339069,244,244,train,8,5.299206360756345,5.004465393209151,4.736022493358184,4.882047509494076,4.61987032566636,5.351364272050005,4.848042745153318,5.345782,5.399339069138195
245,S. aureus,FFSMIPKIAGGIASLVKNLG,0.588484546,20,5.411515454,245,245,train,8,5.3113990699704425,4.813105327866019,4.714073378271805,4.826433710066218,4.606871744546616,5.262405827689995,4.881489032133549,5.2980204,5.411515453877966
246,S. aureus,FFSMIPKIATGIASLVKNL,0.591228964,19,5.408771036,246,246,train,8,5.308608567563827,4.723367749495256,4.7631114252229345,4.709141957906485,4.644576275633257,5.266815438010003,4.859522174263445,5.3809166,5.408771035883071
247,S. aureus,FFWHHIGHALDAAKRVHGMLSG,1.397940009,22,4.602059991,247,247,train,4,4.702162943572175,4.932928407674924,4.66501385003609,4.898939860686769,4.706816505692012,4.6781983193299945,4.648462686515708,4.6925454,4.6020599911468585
248,S. aureus,FGPVIGLLSGILKSLL,1.698970004,16,4.301029996,248,248,train,2,4.40120916079846,4.735279617611138,4.7635402884075395,4.926023075922314,4.767240088132266,4.563528139420004,4.629374176307146,4.3497424,4.30102999614479
249,S. aureus,FGVLAKVAAHVVPAIAEHF,1.806179974,19,4.193820026,249,249,train,2,4.294194485720107,4.340681869324943,4.626210087340073,4.141810833128595,4.528145207211905,4.432309162000006,4.479473774412359,4.1916375,4.193820025936368
250,S. aureus,FHEAIAPVVHAAVKALVGFLG,1.668262653,21,4.331737347,250,250,train,3,4.431619598822682,4.774519663019373,4.687216631436877,4.845536162398344,4.688792421138541,4.4089276360700005,4.610119430362244,4.390069,4.331737347013177
251,S. aureus,FHFHLHF,1.512105363,7,4.487894637,251,251,train,3,4.587734542351392,4.119148079093988,4.803368411579731,4.083500932073178,4.715574037808853,4.433604447060005,4.45912016330247,4.476518,4.487894636934271
253,S. aureus,FHFHLHFGGGFIKHFIHRF,1.72001579,19,4.27998421,253,253,train,2,4.379813427980532,4.101706360328627,4.953708543226179,4.121755344128294,4.994047715636614,4.429974032500004,4.512461191317389,4.2755637,4.279984209966718
256,S. aureus,FHFHLHFPYPFIKHFIHRF,2.289376845,19,3.710623155,256,256,train,0,3.810671855167131,4.842828661810601,5.034812560374123,4.634461500284714,5.07415719659705,4.1322955690700045,4.3172467022777,3.7658625,3.710623155139012
257,S. aureus,FHFHLHFSATFIKHFIHRF,1.704240402,19,4.295759598,257,257,train,2,4.395590500832217,4.08207610129651,4.955688477096833,4.372098374762141,5.005509257904787,4.348004798690004,4.5400892504454005,4.303772,4.295759598002518
258,S. aureus,FHPSLWVLIPQYIQLIRKILKSG,1.397940009,23,4.602059991,258,258,train,4,4.7021696013200405,4.480666553749816,4.936000704546178,4.507307032297692,4.9477602513464145,4.749482621299997,5.048503772293977,4.6295958,4.60205999099872
259,S. aureus,FIFHIIKGLF,0.704378369,10,5.295621631,259,259,train,7,5.195712259502784,5.269205307957721,4.856691009205344,5.31602570586622,4.915022867713059,4.950469556910004,4.817419133160879,5.224834,5.295621630986869
260,S. aureus,FIFHIIKGLFH,0.658630599,11,5.341369401,260,260,train,7,5.241491406442783,5.280880191939029,4.840720596585607,5.2626638979992615,4.894517413476628,5.207160329360005,5.052896861430255,5.3440905,5.341369400972204
261,S. aureus,FIFHIIKGLFHA,0.636689777,12,5.363310223,261,261,train,7,5.26320458573997,5.010696990843534,4.814835464552215,5.137061032491546,4.8603715221518735,5.255598622909997,4.961832180319858,5.271075,5.363310223003664
262,S. aureus,FIFHIIKGLFHAG,0.619847102,13,5.380152898,262,262,train,7,5.279951075027629,5.2665962451869515,4.759049652945614,4.995863299422603,4.794974863347906,5.227762931790003,4.963979601413018,5.323604,5.380152897800785
263,S. aureus,FIFHIIKGLFHAGKMI,1.176711434,16,4.823288566,263,263,train,5,4.73227695299449,5.288124128461195,4.83898454952531,5.20125190430173,4.897663979463494,5.026029567959995,4.976470744380337,4.92399,4.823288566147052
265,S. aureus,FIFHIIKGLFHAGKMIHGLVTRRRH,0.096910013,25,5.903089987,265,265,train,9,5.803046411013181,5.796626393590172,4.955817930750818,5.85607595695449,5.1043285506836105,5.622322233749995,5.3540625233605965,5.805612,5.903089987017894
266,S. aureus,FIFPKKNIINSLFGR,1.02893484,15,4.97106516,266,266,train,5,4.871166419045645,4.964457093546377,4.750642996813176,5.139506274367034,4.736683293317975,4.911537597460006,4.952022896202352,4.992393,4.971065159985005
267,S. aureus,FIGAIARLLSKIF,0.690327733,13,5.309672267,267,267,train,7,5.209775583203163,4.941674919370102,4.75686454700428,4.686251790181432,4.810623201849062,5.2063104836899985,4.968898292670752,5.2770104,5.309672266841599
269,S. aureus,FIGALLRPALKLLA,0.977367371,14,5.022632629,269,269,train,6,4.922289406148772,5.065403600075254,4.726176629293328,5.071430898155883,4.737784352284782,5.019877577089991,4.9742103577734404,5.012446,5.022632629124817
270,S. aureus,FIGALLRPALKLLAGK,1.204119983,16,4.795880017,270,270,train,4,4.73232642192633,4.4281298699628024,4.676309299159213,4.778294920661425,4.704028855186715,4.870397981480002,4.851510983969598,4.841805,4.795880017023189
271,S. aureus,FIGGIISFFKRLF,0.306649924,13,5.693350076,271,271,train,9,5.593178199421291,5.426496607679737,4.911464343374493,5.220635147108259,4.95463057357712,5.5176291646000015,5.276862703030418,5.6274095,5.693350075622399
272,S. aureus,FIGGIISFIKKLF,0.32444735,13,5.67555265,272,272,train,9,5.575705428227178,5.106185718991362,4.887488207557412,5.091427437669614,4.9119505196396105,5.546135819509994,5.225947682392375,5.597212,5.6755526501704345
273,S. aureus,FIGKLISAASGLLSHL,0.977723605,16,5.022276395,273,273,train,6,4.922111289148313,5.371625519822694,4.621794525228332,5.307752049311772,4.466326060899786,5.007315445440003,4.80964783031584,5.044839,5.022276395037298
274,S. aureus,FIGPIISALASLFG,1.77815125,14,4.22184875,274,274,train,2,4.321742774163235,4.554207036847832,4.674739491532937,4.4849354856653205,4.457124470822119,4.330122408119998,4.3629673610348965,4.229684,4.221848750024368
275,S. aureus,FIHHIFRGIVHAGRSIGRFLTG,0.336863136,22,5.663136864,275,275,train,9,5.562999826114885,5.165102582529741,4.841284632849134,5.024703151861944,5.009206752309073,5.402016790320005,5.037278849814114,5.566108,5.6631368639299575
276,S. aureus,FIHHIIGALGHLF,1.220108088,13,4.779891912,276,276,train,4,4.732276952898313,4.731688577483651,4.746125523243151,4.638333398428268,4.776260262963695,4.820646587129996,5.0293463416840725,4.8017774,4.77989191201877
277,S. aureus,FIHHIIGGLFSAGKAIHRLIRRRRR,0.698970004,25,5.301029996,277,277,train,7,5.2009103195548185,5.278186610117488,4.926988902701332,5.336241242112313,5.066326747682309,5.2779076590400065,5.241285690579617,5.2809777,5.301029996055894
278,S. aureus,FIHHIIGGLFSVGKHIHGLIHGH,0.698970004,23,5.301029996,278,278,train,7,5.200869014571924,5.186820298853814,4.8398960232667205,5.285520504280953,4.937289429028627,5.103564172550004,4.856102613679727,5.263306,5.3010299959304445
279,S. aureus,FIHHIVHAIGRLF,0.302459524,13,5.697540476,279,279,train,9,5.5977086869025605,5.105792102762252,4.829814589414305,4.8822455643019085,4.988295831947503,5.456120312569996,5.215939915207485,5.6620784,5.6975404759108885
280,S. aureus,FIITGLVRGLTKLF,0.898793817,14,5.101206183,280,280,train,6,5.001091529691779,4.490593763431938,4.807985089262957,4.553433513516103,4.867254678224133,5.036140859259994,4.935130226508405,5.0804667,5.101206182944359
281,S. aureus,FIKELLPHLSGIIDSVANAIK,1.740362689,21,4.259637311,281,281,train,2,4.359537166656908,4.888301949773406,4.59183594884445,4.891029361493556,4.567841689822699,4.362620567820002,4.458137084612437,4.3361764,4.259637311021547
282,S. aureus,FIKHFIHRF,2.603979117,9,3.396020883,282,282,train,0,3.496123949668221,3.9020886057082493,4.829913978779671,3.859181051332255,4.795278452693602,3.8743777094000023,4.03789900049505,3.4301708,3.3960208830295193
283,S. aureus,FIKHFIHRFGGGFKKFWKWFRRF,0.716466178,23,5.283533822,283,283,train,7,5.18363904296456,5.095829078093364,5.114221541108094,4.927486418404953,5.291038355787447,5.2442668071399945,5.20480328773064,5.270743,5.283533821867806
284,S. aureus,FIKHFIHRFGGGIKQLLHFFQRF,1.337333977,23,4.662666023,284,284,train,4,4.732276952898313,5.116572440334986,5.050496980955373,5.253917584189407,5.160399279797475,4.7040916183099934,4.79202999737109,4.6982656,4.662666023092304
285,S. aureus,FIKHFIHRFGGGRWRWRWF,1.091849711,19,4.908150289,285,285,train,5,4.807601242639377,4.70177779227329,5.000662313930426,4.790635996455703,5.115196810212648,4.858210678539995,4.9481495506795365,4.8917923,4.908150289036195
286,S. aureus,FIKHFIHRFSATRWRWRWF,1.669081894,19,4.330918106,286,286,train,3,4.430874724856482,4.558427246893258,5.01825211900469,4.665113540851841,5.134739616652148,4.529237474810006,4.8875796979163395,4.4950504,4.330918106102383
287,S. aureus,FIKHFIHRFSGGRWRWRWF,1.08684388,19,4.91315612,287,287,train,5,4.812993150990639,5.075277560636359,5.0063165104800476,5.188658050357897,5.121294111848247,4.841680791929998,4.93665002112014,4.8944783,4.9131561199844604
288,S. aureus,FIKRIARLLRKIF,0.396346746,13,5.603653254,288,288,train,8,5.50348066590981,5.294224360868607,4.915993465984247,5.2648488782401905,4.998443945001718,5.4330558562199975,5.173154441414546,5.4494605,5.60365325396383
289,S. aureus,FIKWKFRWWKWRK,-0.15490196,13,6.15490196,289,289,train,9,6.054785301540123,5.395403303452876,4.993465342789144,5.321359507700022,5.09161315921803,5.85986085974,5.398286337413039,6.1138616,6.154901959925824
290,S. aureus,FILGKLWKGVKSIF,0.728216524,14,5.271783476,290,290,train,7,5.1716207611864355,4.989555352245815,4.803988744991445,4.980781696667234,4.881603262947695,5.187681676839998,5.054944438138296,5.247146,5.271783476108728
291,S. aureus,FILPLIASFLSKFL,1.079181246,14,4.920818754,291,291,train,5,4.8207830783425125,4.549945804454457,4.800906392344996,4.766343243420753,4.6612631102101565,4.772559319049994,4.721944353282037,4.855385,4.920818753788638
292,S. aureus,FIPLVSGLFSRLL,0.550473621,13,5.449526379,292,292,train,8,5.349667304433074,5.306747811041183,4.796989507414325,5.178931405298321,4.814961184690156,5.236659662310005,4.985528783044832,5.3905787,5.449526379054936
293,S. aureus,FIRSLFFF,2.0,8,4.0,293,293,train,1,4.099832931714733,4.737152955906641,4.867584600569726,4.971002621798916,4.940994445668661,4.087799460540001,4.324410296080033,4.0461054,4.000000000085858
294,S. aureus,FISAIASFLGKFL,2.113943352,13,3.886056648,294,294,train,1,3.986218697022192,4.426433975282856,4.698608500004015,4.320389266630968,4.516752552212497,4.1493644345300025,4.34349782579256,3.957016,3.886056648224241
295,S. aureus,FISAIASMLGKFL,2.0,13,4.0,295,295,train,1,4.100109095076684,4.023906874226768,4.665528003536875,4.062702756493078,4.464662306222594,4.1123529955899985,4.483489356453703,3.9983795,3.9999999998512847
296,S. aureus,FISGLIGGLMKAL,1.397940009,13,4.602059991,296,296,train,4,4.702162213911557,4.691582968919277,4.718540170783532,4.60059510907207,4.6824415946005935,4.618352533499994,4.7606280090324695,4.5732656,4.602059990926103
297,S. aureus,FISQIISTARI,-2.397408385,11,8.397408385,297,297,train,9,8.297372473341094,7.044627775350156,4.692906537700353,7.014284474567642,4.801534449695239,7.050108605969995,7.253206872295812,8.2420225,8.397408384852131
298,S. aureus,FITGLIGGLMKAL,2.0,13,4.0,298,298,train,1,4.099968044005494,4.332285427939694,4.724065269627067,4.344587645707804,4.691405990524742,4.246156289389998,4.703029173407679,4.0517817,4.000000000005576
299,S. aureus,FKAFRWAWRMKKLAAPS,1.491827041,17,4.508172959,299,299,train,3,4.607836936002728,4.622018372338148,4.812812435530903,4.695269643637766,4.849544606579446,4.68609604101,5.012070250539999,4.575841,4.508172959162289
300,S. aureus,FKAFRWAWRWKKLAAPS,1.186167883,17,4.813832117,300,300,train,5,4.732276949102434,4.240542975270565,4.832638291346186,4.310883699820495,4.895603990825474,4.810406490760004,5.007882649611488,4.7812324,4.813832116861986
301,S. aureus,FKARRWQWRMKKLGA,0.602059991,15,5.397940009,301,301,train,7,5.297775954402759,5.00288101809247,4.755327334320407,4.974475760067039,4.776080579675466,5.105938686210006,4.894496871364748,5.3231783,5.397940008933349
302,S. aureus,FKAWRWAWRMKKLAAPS,1.227196663,17,4.772803337,302,302,train,4,4.732276952898313,4.695274479605276,4.823371439031479,4.713188446017413,4.8653086234267615,4.751109530220007,5.010358315115565,4.7678323,4.7728033369108935
303,S. aureus,FKHHIFRGIKHVGKTIHRLVTG,0.795880017,22,5.204119983,303,303,train,6,5.103994317414619,5.271216012067319,4.873506034826057,5.237774779471747,4.93934151579016,5.107461564409999,5.00486680894005,5.232903,5.2041199829710365
306,S. aureus,FKKALHLFKPIKKFLKWK,0.193124598,18,5.806875402,306,306,train,9,5.7067023623675865,5.577274742532152,4.926434113265949,5.506457693138678,5.0019512857451645,5.674712204239998,5.378092246766295,5.730239,5.806875402016095
307,S. aureus,FKKFFKKLKNSVKKR,1.095465448,15,4.904534552,307,307,train,5,4.804202817743801,5.142279529321537,4.774554402865296,5.064058305174968,4.791296290485514,4.744013884859992,4.794881872723098,4.8628683,4.904534551962845
308,S. aureus,FKKFWKWFRRFGGGFIKHFIHRF,1.017496174,23,4.982503826,308,308,train,5,4.882388879999697,5.176682311563998,5.114426327014012,5.102265393754667,5.282061421789983,5.031221903050009,5.134085733589391,5.0165186,4.982503825943308
309,S. aureus,FKKLKKLFKKILKLK,1.204119983,15,4.795880017,309,309,train,4,4.732310505598991,4.940507814551128,4.892422770336029,4.950732978303377,4.96131584988698,4.862099626650001,5.155331064049832,4.8652787,4.795880016808842
310,S. aureus,FKKLKKLFSKLFSFK,0.0,15,6.0,310,310,train,9,5.900159858241489,4.9247589329665615,4.856109748072913,4.848093222591988,4.917872793778944,5.637667226000001,5.137273404518514,5.7974195,5.99999999987629
312,S. aureus,FKLFKKIPKFLHLAKKF,0.494850022,17,5.505149978,312,312,train,8,5.4053507550644495,5.403277508908706,4.91434073591331,5.524496763877719,4.9941481756910155,5.450701804210005,5.330996677952078,5.52953,5.505149977824164
313,S. aureus,FKRIVQRIKDFLR,1.204119983,13,4.795880017,313,313,train,4,4.732276952898313,4.727920998125244,4.7042723909414335,4.858482106426871,4.804012244643449,5.005741866770001,4.989451590998166,4.848687,4.79588001693264
314,S. aureus,FKRLEKLF,2.0,8,4.0,314,314,train,1,4.100165819901859,4.6639756051601715,4.593620783694306,4.629687139238645,4.543512429450574,3.9014013276199995,4.12237037198972,4.0632358,3.999999999962289
316,S. aureus,FKRLEKLFSKIQNDK,2.0,15,4.0,316,316,train,1,4.099867961443857,4.15063480783005,4.492892219250768,4.085868411266913,4.393267235709747,4.075226194440001,4.204752409023904,4.0225034,3.9999999999425166
320,S. aureus,FKRLKKLISWIKRKRQQ,0.176091259,17,5.823908741,320,320,train,9,5.7239098047086285,5.721351012330545,4.886376454358469,5.700341689672023,4.962197620244802,5.514175596820005,5.295889612022347,5.783744,5.8239087409821595
321,S. aureus,FKVKFKVKVK,0.902875533,10,5.097124467,321,321,train,6,4.9970019749218295,4.740702255024818,4.810272777809078,4.617599796756165,4.844214636444428,4.914526344990005,4.732867443168411,5.0350046,5.097124466848014
323,S. aureus,FKVTWKTKWWKG,0.792391689,12,5.207608311,323,323,train,7,5.107750299503896,5.080047130386866,4.766631194360112,5.1254780571934475,4.784682123731383,5.154526230710003,4.731041511292935,5.234358,5.207608310993669
325,S. aureus,FLFKLIPKAIKGLVKAIRK,0.26284534,19,5.73715466,325,325,train,9,5.637210177690932,4.845310328440348,4.869572423922817,4.806660074378212,4.955426162105802,5.640110992979994,5.111721580473763,5.633789,5.737154659593143
326,S. aureus,FLFKLIPKAIKKLISKFK,0.698970004,18,5.301029996,326,326,train,7,5.200913962609834,4.996839834794863,4.904806275002386,5.189887926711698,4.986356714547933,5.259188666860005,5.1602352290247895,5.288659,5.301029996185767
327,S. aureus,FLFKLIPKVIKGLVKAIRK,0.257301944,19,5.742698056,327,327,train,9,5.642762129428661,5.004643003660989,4.915147266273647,5.093402015550986,5.016250343734216,5.628766314639997,5.094468050349237,5.6743608,5.74269805619969
328,S. aureus,FLFPLITSFLSKVL,2.041392685,14,3.958607315,328,328,train,1,4.058874599856704,4.96398108653574,4.855692251493189,5.087101010503949,4.893633210569392,4.194975008709998,4.633371840375647,4.0431347,3.9586073151269456
329,S. aureus,FLFRVASKVFPALIGKFKKK,0.837717181,20,5.162282819,329,329,train,6,5.061881107989367,4.79744932131646,4.857096574746374,4.853938370099228,4.818040553932373,5.128246276249997,4.760425658622292,5.0606036,5.162282818970014
332,S. aureus,FLFSLIPSAIAGLVSAIRN,1.079954832,19,4.920045168,332,332,train,5,4.819931347673109,5.0206372863279745,4.745964986697125,5.0464939813085445,4.769512699721647,4.923089885240001,4.913207364510035,4.9671583,4.920045168010522
336,S. aureus,FLFSLIPSVIAGLVSAIRN,1.077929929,19,4.922070071,336,336,train,5,4.822227250774339,5.292277548822503,4.807642230081733,5.031137066847947,4.840282798322004,4.8826375271800035,4.862313388617769,4.9035244,4.92207007097146
337,S. aureus,FLGAIAAALPHVINAVTNAL,1.204119983,20,4.795880017,337,337,train,4,4.732276952898313,5.114384068904294,4.680795445128706,5.055902189041991,4.640271759631508,4.79217411952,4.844071472033451,4.811875,4.795880016992532
339,S. aureus,FLGALAKIISGIF,0.602059991,13,5.397940009,339,339,train,7,5.298081431981261,5.089904440461503,4.737609092382127,5.017073710413338,4.74728174046631,5.201226930310009,4.999865026285866,5.361289,5.397940008921539
341,S. aureus,FLGALFKALSKLV,0.893174743,13,5.106825257,341,341,train,6,5.0066625353935015,4.878175326187265,4.707540216456673,4.850799926684494,4.739071729744525,5.0597751103600075,5.0018292495933405,5.116398,5.1068252568492385
342,S. aureus,FLGALFKALSKVL,0.96572541,13,5.03427459,342,342,train,6,4.934400928387742,5.288282852406273,4.7081874861950235,5.19752162319702,4.7407630881794445,4.996570602229999,4.98310066502432,5.0714912,5.034274589870504
343,S. aureus,FLGALFKAVSKLL,0.930963303,13,5.069036697,343,343,train,6,4.969205193558996,5.149801944566552,4.731895522261454,5.0426398160617705,4.75422557426971,5.071555979060003,5.067811973055108,5.1747365,5.069036697033147
344,S. aureus,FLGALFKFASK,1.609601596,11,4.390398404,344,344,train,3,4.490362732270857,4.314187155578416,4.593312151090889,4.346935675658109,4.349700391509169,4.301839588729998,4.266775948000385,4.2919,4.390398403917683
347,S. aureus,FLGALFKVA,2.316417857,9,3.683582143,347,347,train,0,3.783683402045645,4.162651455343745,4.656250848295857,4.36587462612428,4.62150909144731,3.972139818150004,4.192999081467397,3.7120383,3.683582143100816
349,S. aureus,FLGALFKVASKV,2.193966252,12,3.806033748,349,349,train,0,3.9063874758902943,4.373905838631682,4.6369610179057394,4.512630863603151,4.419456991966275,4.079038561210003,4.311950852120151,3.8504345,3.806033748741882
350,S. aureus,FLGALFKVVSKLL,0.746296682,13,5.253703318,350,350,train,7,5.153584786094839,5.414803208437809,4.796943998704621,5.4265757842529645,4.832173863062951,5.275669801900007,5.08715915440158,5.2007833,5.25370331781211
351,S. aureus,FLGALFKVWSK,2.188569079,11,3.811430921,351,351,train,0,3.911287666586633,4.955270568767541,4.727041908849776,4.916785040997509,4.7716988918757,4.023543224220004,4.673762662137089,3.8984632,3.8114309211954733
352,S. aureus,FLGALFWVASK,2.208142506,11,3.791857494,352,352,train,0,3.8919357264729677,4.294570728736077,4.650900322561422,4.214160545349374,4.411775721329894,3.9275571584299995,4.203453664006993,3.8077564,3.7918574940136596
353,S. aureus,FLGALIKGAIHGGRFIHGMIQNHH,1.086010115,24,4.913989885,353,353,train,5,4.813883208930424,4.884932699316756,4.7636598727428145,5.207235838674749,4.8397618348043,4.972942792449996,4.81075387179407,4.950673,4.913989885019824
355,S. aureus,FLGALVKALSKLL,0.707510669,13,5.292489331,355,355,train,7,5.192566587365026,5.0299328961597345,4.698663619820463,4.885015971626137,4.7268244472825645,5.184795291700006,5.114034380971904,5.286637,5.292489331020997
358,S. aureus,FLGALWKVASK,1.913827383,11,4.086172617,358,358,train,2,4.185846270145369,3.935281516054604,4.587331262023747,3.9299780667300928,4.33736919205822,4.104803299869994,4.1624112557696336,4.083802,4.086172617009441
363,S. aureus,FLGAWFKVASK,2.202908983,11,3.797091017,363,363,train,0,3.8969589765178214,3.9610875633376197,4.601552902685404,3.9165533715380203,4.3626630111609295,3.9470969181900055,4.174749219506035,3.842608,3.7970910170614447
367,S. aureus,FLGGILNTITGLL,1.477121255,13,4.522878745,367,367,train,3,4.623041405151337,4.639212068590754,4.694848282323621,4.694150501828405,4.58938092197741,4.639278445670007,4.669040000756249,4.5233097,4.522878744990547
368,S. aureus,FLGGLIKPWWPWRR,1.236651493,14,4.763348507,368,368,train,4,4.735124078588993,4.949918582006499,4.833130010998695,5.128941589451957,4.998415502733961,4.910526369839997,5.2313617063786015,4.9054875,4.7633485076662865
369,S. aureus,FLGGLIKWKWPWWPWRR,0.528520391,17,5.471479609,369,369,train,8,5.371474910763959,5.642311450138589,4.978528448336946,5.616291818722384,5.16877537334558,5.401780997620007,5.244094682394135,5.4285393,5.47147960882689
370,S. aureus,FLGGLIKWPWWPWRR,0.59197335,15,5.40802665,370,370,train,8,5.308337331703321,5.338851167413393,4.91456695451635,5.492954289265562,5.082084916972451,5.283726000860005,5.243317796091196,5.3002367,5.40802664987236
371,S. aureus,FLGGLIKWWPWRR,0.658373463,13,5.341626537,371,371,train,7,5.241789715204149,5.488933798430319,4.865033051634792,5.444075134860726,4.995030717622048,5.369261598170007,5.332020868291972,5.39463,5.341626536787354
372,S. aureus,FLGGLLASLLGKI,0.437881673,13,5.562118327,372,372,train,8,5.462273956786342,4.688217429563924,4.605910131336728,4.550974105674664,4.409401094249981,5.099152926740003,4.677897312612992,5.415494,5.5621183267669165
379,S. aureus,FLGKVFKGAVKVFPAVFGKV,1.777072853,20,4.222927147,379,379,train,2,4.3228743728715795,4.436126877217438,4.810487441307702,4.40391359038141,4.891703876756443,4.395780557650003,4.696366297297547,4.2605505,4.222927146916575
382,S. aureus,FLGKVFKKASKVFPAVVGKV,1.774839851,20,4.225160149,382,382,train,2,4.325281837341832,4.428292312863449,4.775806807802511,4.545144640626084,4.717349562570973,4.366452865329994,4.505642529580668,4.2215104,4.225160149008179
393,S. aureus,FLGLIFHGLVHAGKLIHGLIHRNRG,0.176091259,25,5.823908741,393,393,train,9,5.723915148328382,5.011025332032083,4.833146760266675,5.0077212836877205,4.953241494944033,5.607799524280003,5.246273122003192,5.777306,5.823908740893841
394,S. aureus,FLGLIGSLL,2.137720904,9,3.862279096,394,394,train,1,3.9623972989174536,4.237913144575915,4.692199506723357,4.310677483749368,4.673084645073039,4.084659657740004,4.331397742701288,3.892452,3.862279095992344
395,S. aureus,FLGLLFHGVHHVGKWIHGLIHGHH,0.463886132,24,5.536113868,395,395,train,8,5.435967571022812,5.293232320253815,4.87924061013459,5.226272435787693,5.010638007740094,5.418260589959994,5.149612123408345,5.463009,5.536113867915023
399,S. aureus,FLGMIPGLIGGLISAFK,0.698970004,17,5.301029996,399,399,train,7,5.201104626005669,4.963019221853377,4.746303822208128,5.092163520914648,4.765151285309438,5.0338273708300045,4.921524843079728,5.1837864,5.301029995935154
400,S. aureus,FLGSIVGALASALPSLISKIRN,1.397940009,22,4.602059991,400,400,train,4,4.702140943791167,4.7515586971491715,4.714144977240286,4.984571953241802,4.6966110589179255,4.712136483679996,4.824525846998892,4.624445,4.602059991071729
401,S. aureus,FLGSLIGAAIPAIKQLLGLKK,1.176091259,21,4.823908741,401,401,train,5,4.732276952898625,4.594245528675229,4.749772217658619,4.761452809488869,4.793373012172597,4.880359424600008,4.911901896665319,4.8440385,4.823908740943157
423,S. aureus,FLGWLFKWAKK,0.943478106,11,5.056521894,423,423,train,6,4.95643002059094,5.074022485256129,4.844958594126286,5.08716132701733,4.912900745002764,5.104854182180008,5.015057090102297,5.1035295,5.056521894017034
425,S. aureus,FLGWLFKWAWK,0.628556352,11,5.371443648,425,425,train,7,5.271407736341206,5.1003205613492435,4.9257274206715165,5.1473986045602045,5.016878461627165,5.282705674610006,5.001087463042075,5.3199716,5.371443647943673
426,S. aureus,FLHHIVGLIHHGKLDMYRSNN,1.0,21,5.0,426,426,train,6,4.900162363429148,5.00000000003757,4.690794896537926,5.000474470988504,4.723928968109275,4.86792115281,4.862955088981966,5.0059443,4.9999999999114575
427,S. aureus,FLIIRRPIVLGLL,0.817311161,13,5.182688839,427,427,train,6,5.082527023389906,5.049063433262338,4.887034239539375,5.103625039769116,5.058636335942091,5.198074884049996,5.187828026074923,5.154004,5.18268883883016
428,S. aureus,FLKALFKALKKLL,0.768701516,13,5.231298484,428,428,train,7,5.131452568631393,5.48825133769913,4.857344634290819,5.4491195700160535,4.887787034151363,5.334596786489997,5.269896749455807,5.34031,5.231298485446117
429,S. aureus,FLKALFKALSKLL,0.604411274,13,5.395588726,429,429,train,7,5.295748279571141,5.428987872415799,4.790320060176428,5.3909312124605595,4.826596636032487,5.374908655550005,5.23150471539977,5.431553,5.395588726377829
430,S. aureus,FLKALFKVALKVL,0.318196412,13,5.681803588,430,430,train,9,5.5819566931747655,5.40643941556727,4.891892540687568,5.351753799670801,4.9124744891416166,5.520469580099995,5.255001865677381,5.5917435,5.681803587805814
431,S. aureus,FLKALFKVASKVL,0.325865799,13,5.674134201,431,431,train,9,5.57429398955108,4.791338879382364,4.769305145711573,4.7480718801644555,4.580596543025409,5.474549687950002,4.925842641401002,5.4749227,5.674134200057692
432,S. aureus,FLKALWNVAKSVF,0.494154594,13,5.505845406,432,432,train,8,5.406009560003207,4.990056608443144,4.816504335736847,4.827212782627989,4.811692145366914,5.315666992119999,5.029109079201489,5.357701,5.505845405943033
433,S. aureus,FLKGIKGMLGKLF,0.77815125,13,5.22184875,433,433,train,7,5.121884651675246,4.910670656408444,4.69275968992534,4.885241226094695,4.721501590501766,5.162115761819997,4.883503508355435,5.1785455,5.221848749503718
434,S. aureus,FLKGIKGMLGKLL,1.079181246,13,4.920818754,434,434,train,5,4.820497687581301,4.953164893996455,4.682372797232979,4.918748464694996,4.699525431832017,5.063635019169995,4.989873231613381,4.977571,4.9208187544645305
435,S. aureus,FLKGIVGKLGKLF,0.77815125,13,5.22184875,435,435,train,7,5.122010302496963,5.409055040029276,4.710970408842064,5.307317970146933,4.868932686479312,5.227530598999998,5.235630895836486,5.2858844,5.221848749833904
436,S. aureus,FLKGIVGMLGKLF,0.477121255,13,5.522878745,436,436,train,8,5.422991350393415,5.306014538671332,4.764718690382842,5.281122005653097,4.909262647986235,5.471895759480004,5.2415539976999215,5.5095105,5.522878745169419
437,S. aureus,FLKGIVGMLGKLL,0.477121255,13,5.522878745,437,437,train,8,5.422563729949678,5.133585430552665,4.7543720234934295,5.1757540245189455,4.887361806100525,5.456772238290005,5.252103839732053,5.4551554,5.52287874455779
438,S. aureus,FLKGIVGMLGKLW,0.477121255,13,5.522878745,438,438,train,8,5.423068748813842,5.1534608038022265,4.777835129352084,5.10778723017321,4.930779881676682,5.4836525262000055,5.244787544080424,5.5108414,5.522878744935168
439,S. aureus,FLKKAKKFGKAF,2.559200679,12,3.440799321,439,439,train,0,3.5407955836416845,3.8293618602671256,4.673179466314253,3.718868247253298,4.6859910193418415,3.674512035279995,3.879351651930494,3.4983597,3.440799321052775
441,S. aureus,FLKLIPRKIVTAL,0.996558023,13,5.003441977,441,441,train,6,4.903585169130132,5.123610307151055,4.81964610057206,4.9575446631806095,4.9494404333630015,5.000444026750006,5.054239549936597,5.0470924,5.003441977047331
442,S. aureus,FLKLLKKLL,0.84509804,9,5.15490196,442,442,train,6,5.054864776647343,5.174578283393618,4.896205639116355,5.160696606790917,4.9267330936566385,4.893272265550005,4.81649342988127,5.1051645,5.15490195945263
443,S. aureus,FLKPLFNAALKLLP,1.346517699,14,4.653482301,443,443,train,4,4.732276952898313,4.91033092513963,4.722282550292515,4.93046757282871,4.70277641758982,4.680375316789998,4.792453793763402,4.8155437,4.653482301027409
447,S. aureus,FLKWLFKWAKK,0.624738576,11,5.375261424,447,447,train,7,5.27541454432329,5.356047189197844,4.899371642328294,5.264435656698253,4.967915342839388,5.316826470779995,5.261358024286234,5.384546,5.375261423764468
448,S. aureus,FLKWLFKWLKK,0.910251771,11,5.089748229,448,448,train,6,4.989829363814263,5.172965564952274,4.975824974101959,5.144734046722237,5.06400505741564,5.209661312190004,5.3021123604563725,5.177313,5.08974822907613
449,S. aureus,FLNALKNFAKTAGKRLKSLLN,0.72427587,21,5.27572413,449,449,train,7,5.175694934437495,4.556028716391775,4.712420697853616,4.656697485791549,4.6964241171027235,5.089549286110007,4.8301031570567545,5.213552,5.2757241299246385
450,S. aureus,FLPAALAGIGGILGKLF,0.795880017,17,5.204119983,450,450,train,6,5.104279251607411,5.09453329474858,4.679357806211497,5.220454868770054,4.684736900418909,5.087599182149998,4.915736181170309,5.175193,5.204119982978012
453,S. aureus,FLPFLAGLFGKIF,2.176091259,13,3.823908741,453,453,train,0,3.924092600087815,4.491668557654297,4.777529923088498,4.422028008231334,4.814635234165869,4.232265757170007,4.688288525760118,3.9368963,3.8239087412691504
454,S. aureus,FLPFLASLLSKVL,1.903089987,13,4.096910013,454,454,train,2,4.197005763301046,4.580949857016165,4.734392141970725,4.634818437273846,4.550780972457913,4.2235638131400055,4.3909351343106025,4.1106215,4.0969100131620335
455,S. aureus,FLPFLATLLSKVL,2.0,13,4.0,455,455,train,1,4.100162667738235,4.527398521004741,4.7967177345064895,4.449398486908943,4.812536811658026,4.172022907390002,4.602442916278993,4.044393,4.000000000034783
456,S. aureus,FLPFLIPALTSLISSL,1.698970004,16,4.301029996,456,456,train,2,4.401174732559413,4.594633117211381,4.784711435938059,4.545014436292479,4.775370722633993,4.402252055210004,4.606591317220874,4.3410926,4.301029995997171
458,S. aureus,FLPFVGNLLKGLL,0.954242509,13,5.045757491,458,458,train,6,4.945902226084543,4.467242530493692,4.764206204282888,4.408631746582967,4.751470920669072,5.064609052660004,4.979707503941569,5.006919,5.045757490909851
459,S. aureus,FLPGLIAGIAKML,1.015674605,13,4.984325395,459,459,train,5,4.884294311483802,4.826885195085189,4.70609970449783,4.751763163818063,4.680974096036312,4.851556101609997,4.89557980082314,4.830413,4.9843253949610835
460,S. aureus,FLPGLLAGLL,1.432434775,10,4.567565225,460,460,train,4,4.667423323844922,4.566861151912845,4.6224084432961146,4.440921222217371,4.570275924122842,4.341594748270005,4.310147695617881,4.5678563,4.567565224970784
461,S. aureus,FLPIAGKLLSGLSGLL,-0.10741706,16,6.10741706,461,461,train,9,6.007583655359831,5.043533211941815,4.654753762510112,5.1378551025469195,4.668388938056442,5.819467389959995,5.240065319385437,5.9372435,6.107417059611194
462,S. aureus,FLPIALKALGSIFPKIL,0.939329318,17,5.060670682,462,462,train,6,4.960336557056842,5.0052929376151285,4.816455985898774,5.103973695923574,4.844006641129031,5.030768426060006,5.033689492117977,5.063509,5.060670682146556
463,S. aureus,FLPIASLLGKYL,2.301029996,12,3.698970004,463,463,train,0,3.798964176148652,4.66708980691969,4.681965570333078,4.531247751460694,4.4605497371247935,4.047745863609996,4.467824432682773,3.8167226,3.698970004113277
465,S. aureus,FLPIIAKVLSGLL,1.176091259,13,4.823908741,465,465,train,5,4.732277938024909,4.982814379235819,4.777946714343097,5.0264452778275714,4.778766340649768,4.847515994170007,4.856245458287928,4.872884,4.8239087414098485
466,S. aureus,FLPIIGKLLSG,0.543440729,11,5.456559271,466,466,train,8,5.356660990855061,4.933688233932029,4.669236078006469,4.890383795585079,4.646680284703659,4.948800184200001,4.639332183364461,5.3807015,5.456559270862318
470,S. aureus,FLPIITNLLGKLL,0.77815125,13,5.22184875,470,470,train,7,5.122001144967374,4.897462754990861,4.768299012928725,4.884092001794835,4.755097362073662,5.143858266309996,4.96325505378798,5.1680293,5.221848749890669
471,S. aureus,FLPILASLAAKFGPKLFSLVTKKS,0.477121255,24,5.522878745,471,471,train,8,5.4230321202847716,4.982476595808915,4.83679544507619,5.0505402400121575,4.8145770198151645,5.261382905780005,4.868718610488184,5.3827405,5.522878744871735
476,S. aureus,FLPILINLIHKGLL,2.096910013,14,3.903089987,476,476,train,1,4.002976198842452,4.859339560043219,4.827079487279349,5.061539575601212,4.834947352605771,4.346805734739994,4.8547297783676,4.065818,3.903089987121595
477,S. aureus,FLPIPRPILLGLL,0.710151054,13,5.289848946,477,477,train,7,5.189677069401766,5.534871950529632,4.759936432502476,5.4127320296971995,4.778126239829339,5.113896172960004,5.058945231262095,5.220102,5.289848946022956
479,S. aureus,FLPIVAKLLSGLLGRKKRRQRRR,0.176091259,23,5.823908741,479,479,train,9,5.723735925287128,5.84757916056912,4.8640998046235255,5.7693998437577925,5.040842076757633,5.512039543500004,5.475873038337582,5.729254,5.823908740992579
482,S. aureus,FLPIVGKLLSGLSGLL,0.089637291,16,5.910362709,482,482,train,9,5.810330227442656,5.527847262709351,4.728452993319538,5.500142401490752,4.850305004450265,5.826049204770005,5.4817468943387535,5.9414587,5.910362708966643
483,S. aureus,FLPIVGKLLSGLSGLS,0.193344967,16,5.806655033,483,483,train,9,5.70685279389004,5.1553226391700235,4.6539024091478085,5.163391770410648,4.763557020694756,5.662010273140006,5.389881459339414,5.8329797,5.80665503301434
486,S. aureus,FLPIVTNLLSGLLGK,1.763427994,15,4.236572006,486,486,train,2,4.336664770957103,5.112918514252664,4.688909717189292,5.293773429373977,4.789035452301742,4.394910404420003,4.643232675589626,4.2961183,4.236572006136487
487,S. aureus,FLPKLFAGIISKNF,1.119530908,14,4.880469092,487,487,train,5,4.780298899136638,4.834979038992336,4.701928027381926,4.920385467517161,4.710559291901782,4.890857157359999,4.967254732474096,4.9279265,4.880469091976755
488,S. aureus,FLPKLFAKITKKNMAHIR,0.011694568,18,5.988305432,488,488,train,9,5.888140326148313,4.911474947214202,4.779473469451586,4.903420068070928,4.807526776685319,5.5770386653,5.066024213136547,5.828856,5.988305431881211
489,S. aureus,FLPKMSTKLRVPYRRGTKDYH,0.158119229,21,5.841880771,489,489,train,9,5.741852329517251,5.724843016412425,4.715672589109788,5.6049310968002475,4.679263262556098,5.470628892779995,5.005236807579033,5.783591,5.841880770951323
492,S. aureus,FLPLAMALGKLL,1.602059991,12,4.397940009,492,492,train,3,4.498039880289023,5.240627432680245,4.698205643076211,5.0314883698311075,4.6795429903144115,4.504863745410007,4.531546788611807,4.4039016,4.397940009054922
493,S. aureus,FLPLFASLIGKLL,2.146128036,13,3.853871964,493,493,train,1,3.953968602447182,4.295139787287292,4.733679244739102,4.340712990395695,4.553599837453648,4.196198521090004,4.70358788444749,4.0629926,3.853871964284895
494,S. aureus,FLPLIGKILGTIL,0.698970004,13,5.301029996,494,494,train,7,5.201067316475758,4.549147199741434,4.7628428794913376,4.539276888111357,4.782418433275936,5.116566516350007,4.988011975719781,5.2076645,5.3010299959184115
501,S. aureus,FLPLIGRVLSGILGWKRKRFG,1.0,21,5.0,501,501,train,6,4.899787938565647,5.138245947365646,4.8842428902810955,5.279040809378451,5.000266019229906,5.009118008839999,5.204379861571798,5.0277524,5.000000000032842
502,S. aureus,FLPLILPSIVTALSSFLKQG,1.248570124,20,4.751429876,502,502,train,4,4.732276952898313,5.229694633443039,4.812273129673667,5.256691139285236,4.924206175572987,4.803476173699992,4.803105269038235,4.7863545,4.751429876012842
503,S. aureus,FLPLKKLRFGLL,0.495544338,12,5.504455662,503,503,train,8,5.404293773085955,5.073822596390846,4.791517304490788,5.010988273644481,4.830988922222606,5.29282181708,5.021398188587274,5.4561534,5.504455661988805
504,S. aureus,FLPLLAGLAAKWF,1.274157849,13,4.725842151,504,504,train,4,4.732276952897962,4.79012100963219,4.723018455585368,4.608233756829158,4.7618084407635015,4.762803005109998,4.85107471029212,4.7532153,4.725842151023802
507,S. aureus,FLPLLASLFSRLL,0.301029996,13,5.698970004,507,507,train,9,5.59879851665585,4.882133713550347,4.751897451821046,4.8441829061731,4.5821314156036355,5.243741314389996,5.017749485022906,5.621686,5.698970003782771
508,S. aureus,FLPLLFGAISHLL,1.488056526,13,4.511943474,508,508,train,3,4.6117708103911,5.204802262821131,4.759019738536223,5.174382626486607,4.771133263577616,4.505690655670006,4.802954709265948,4.5010695,4.511943474047966
509,S. aureus,FLPLLFGALSTLLPKIF,1.397940009,17,4.602059991,509,509,train,4,4.702162568365614,4.923846342952004,4.808258336837397,5.056518218152241,4.86590641243496,4.807796783789991,4.9619359217114924,4.7337456,4.60205999107461
511,S. aureus,FLPLLVGAISSILPKIF,1.096910013,17,4.903089987,511,511,train,5,4.8030532105062465,4.6645900361956105,4.8103660243246,4.834725670266274,4.8538434666169055,4.889653597299994,4.9545142917824885,4.899594,4.903089986960787
513,S. aureus,FLPLVLGALSGILPKIL,0.424703786,17,5.575296214,513,513,train,8,5.475400111503413,5.119790101072197,4.755077239841407,5.285606193971085,4.797538091411427,5.331632867599996,4.9606750227790855,5.366775,5.57529621374405
514,S. aureus,FLPLVTGLLSGLL,1.806179974,13,4.193820026,514,514,train,2,4.293711999776453,4.744491285932939,4.704328765436356,4.657247202345916,4.683715362230262,4.3200680014300055,4.59612811333801,4.220242,4.193820026094975
515,S. aureus,FLPLVTMLLGKLF,0.875061263,13,5.124938737,515,515,train,6,5.024766185983074,4.690824721447111,4.830282787811737,4.657775054492645,4.848325695548633,5.109133565789993,4.871202768856631,5.090837,5.124938736947165
516,S. aureus,FLPPSPWKETFRTS,1.098697885,14,4.901302115,516,516,train,5,4.8014184765328345,4.763789400228071,4.545693675044606,4.799744075669981,4.46574513268455,4.669660474200006,4.423107743254033,4.8080673,4.901302114953277
519,S. aureus,FLPVILPVIGKLLNGIL,1.397940009,17,4.602059991,519,519,train,4,4.702167129555721,4.851173551698135,4.872650169552869,4.589534543962351,4.860383569447815,4.709784793169993,4.711718312506379,4.6501455,4.6020599908742605
520,S. aureus,FLPVILPVIGKLLNGILGK,1.397940009,19,4.602059991,520,520,train,4,4.702164337977631,4.574130395345222,4.827678153221013,4.529140109785847,4.84492210652018,4.656385079119996,4.79325646599254,4.640064,4.60205999108889
521,S. aureus,FLPVILPVIGKLLSGIL,1.522878745,17,4.477121255,521,521,train,3,4.577238869641939,4.7645210645230325,4.865073361311497,4.864029240421962,4.901337585782864,4.573908117829992,4.713628576267055,4.493526,4.477121255177666
522,S. aureus,FLPVLAGVLSRA,1.529982483,12,4.470017517,522,522,train,3,4.570170892284773,4.345380142254671,4.630517933213081,4.2553689108405415,4.626343605355809,4.378825443959994,4.407576099595004,4.4836736,4.470017516999945
523,S. aureus,FLPVLGKVIKLVGGLL,0.491361694,16,5.508638306,523,523,train,8,5.4086167603407205,4.657754584432764,4.832466049286375,4.591057221181388,4.879354937949367,5.273726012850005,5.059919005982609,5.4358807,5.508638305617573
525,S. aureus,FLQHIIGALGHLF,1.222716471,13,4.777283529,525,525,train,4,4.732276952898323,4.294587700553196,4.74236936924667,4.4477943604666175,4.760351409486336,4.816657341719994,5.00200035298422,4.82125,4.777283529013885
526,S. aureus,FLQHIIGALSHFF,1.103803721,13,4.896196279,526,526,train,5,4.79626542385095,4.961892942627641,4.764984245762313,4.981324617009202,4.781283755900029,4.834204502459994,4.935277014519603,4.8676248,4.8961962789790485
527,S. aureus,FLQHIIGALTHIF,1.509874285,13,4.490125715,527,527,train,3,4.589991038927748,4.7061194056478275,4.804709240754001,4.587030989758624,4.810269813682184,4.631528493199994,4.947362311572774,4.56858,4.490125714973343
528,S. aureus,FLSAIASMLGKFL,2.301029996,13,3.698970004,528,528,train,0,3.798597181312451,3.992631259659509,4.640708272552599,4.068563429787403,4.448224122899348,4.007464432299995,4.228402687060731,3.742665,3.6989700041336326
529,S. aureus,FLSAITSLLGKLL,0.77815125,13,5.22184875,529,529,train,7,5.1219660279885115,5.105532944917723,4.662476895569783,5.093614349208433,4.6823079647450605,4.9779860174599975,4.883396128385756,5.1732335,5.2218487499820245
530,S. aureus,FLSGIVGMLGKLF,0.632023215,13,5.367976785,530,530,train,7,5.26810007783857,5.383702268551708,4.74821969638061,5.348491801952054,4.881000163568648,5.175489303589999,5.12178088008799,5.3479495,5.367976785060782
531,S. aureus,FLSGIVGMLGKLFGK,0.477121255,15,5.522878745,531,531,train,8,5.423035682014835,4.782444078824396,4.713157105180615,4.986008607968226,4.8375790678692505,5.262776873050004,5.15285570475044,5.5045824,5.522878744899602
532,S. aureus,FLSGLIGGLAKMLGK,0.973127854,15,5.026872146,532,532,train,6,4.926766168462912,4.759083213501773,4.64790025175144,4.872464711879884,4.653007798489465,4.827142417360005,4.7925039638361415,4.9201164,5.026872146008738
533,S. aureus,FLSHIAGFLSNLF,1.0,13,5.0,533,533,train,6,4.900161530081696,4.833639215720831,4.691864480942674,4.726003794512881,4.70406639894124,4.85529177469,4.854072010455773,4.987945,4.999999999986083
534,S. aureus,FLSHIAGFLSNLFGK,0.782274918,15,5.217725082,534,534,train,7,5.117554062054891,4.7125019456450294,4.664518158646598,4.862660919582974,4.681954732520899,5.083196222900003,4.852688852630997,5.113428,5.217725081890476
535,S. aureus,FLSIIAKVLGSLF,0.875061263,13,5.124938737,535,535,train,6,5.024879250186665,5.090450836561179,4.78615294810478,4.928701217162964,4.820540063808722,5.015472398299995,4.872550592740122,5.0949864,5.124938736907932
536,S. aureus,FLSLIPAAISAVSALANHF,1.517872518,19,4.482127482,536,536,train,3,4.581937130898313,4.680383846118973,4.6721815402421445,4.79884747274806,4.665417667856143,4.644723888290003,4.629591193067228,4.5692368,4.482127482020028
537,S. aureus,FLSLIPHAIKAVGVHAKHF,1.788000754,19,4.211999246,537,537,train,2,4.3118340322718325,3.8521149586733276,4.783194305970384,4.060272934532822,4.803506476748916,4.245122563380004,4.503472595725214,4.1725984,4.2119992458111035
538,S. aureus,FLSLIPHAINAVGVHAKHF,2.393000622,19,3.606999378,538,538,train,0,3.706895103031341,4.405586787245178,4.758203868337468,4.353953889054542,4.753332774812109,4.0258915961800055,4.240918357617636,3.8219185,3.606999378239781
539,S. aureus,FLSLIPHAINAVSAIAKHF,0.62324929,19,5.37675071,539,539,train,7,5.276587433555349,4.970976716279862,4.739151051062168,4.824172568638442,4.742450851007925,5.246326981120003,4.917739110778357,5.2871656,5.376750709779861
540,S. aureus,FLSLIPHAINAVSAIAKHFG,0.77815125,20,5.22184875,540,540,train,7,5.121736543961123,4.592397940712339,4.733335193384409,4.616730403431981,4.733893113107092,5.065475550949998,4.882362734882934,5.1501174,5.2218487500752335
541,S. aureus,FLSLIPHAINAVSAIAKHN,0.897627091,19,5.102372909,541,541,train,6,5.00253557261851,5.088316268205004,4.673527095620759,4.831152569067512,4.656505587614189,5.0828704988699975,4.857594210204341,5.063432,5.102372908972082
542,S. aureus,FLSLIPHAINAVSALANHG,0.788875116,19,5.211124884,542,542,train,7,5.111131991478324,5.18681625188435,4.6163629579869765,5.101779414819166,4.59436901190233,5.141061862200007,4.788278338743049,5.1599092,5.2111248839682505
543,S. aureus,FLSLIPHAINAVSTLVHHF,0.67669361,19,5.32330639,543,543,train,7,5.223472209452881,4.144750762675164,4.807814438507039,4.258243199141721,4.819733904116647,5.113736458510008,5.0250549905214985,5.231197,5.32330638995268
544,S. aureus,FLSLIPHIATGIAALAKHL,0.278753601,19,5.721246399,544,544,train,9,5.621302120198939,4.9960360538176625,4.755901841603445,5.188231556167452,4.770646353548214,5.577259818270001,5.227784387085828,5.6169324,5.721246398828997
545,S. aureus,FLSLIPHIVSGVAALAKHLG,1.091080469,20,4.908919531,545,545,train,5,4.808802342396966,5.476043944635654,4.768931225757005,5.4432434271927805,4.873021356362733,4.889885478739995,4.907205754901023,4.9439774,4.9089195311928915
549,S. aureus,FLSLIPKAIKAVGVKAKKF,2.129431306,19,3.870568694,549,549,train,1,3.9707339856673993,4.515492657469078,4.782857255694547,4.779450425447521,4.818665488183801,4.05147428774,4.67691196522807,3.9719112,3.870568694424088
550,S. aureus,FLSLIPKIAGGIAALAKHL,0.616772114,19,5.383227886,550,550,train,7,5.283192150645881,5.512705637286153,4.733559280572437,5.334133956191433,4.759142471607368,5.313355288409992,5.188447336113018,5.461339,5.3832278860623655
551,S. aureus,FLSLIPKIATGIAALAKHL,0.301029996,19,5.698970004,551,551,train,9,5.598859063970051,5.154783465819915,4.760277715949554,5.107355366106717,4.78360869608616,5.548922642899994,5.229368723306272,5.6608343,5.698970003966954
552,S. aureus,FLSLIPKLVKKIIKAFK,0.397940009,17,5.602059991,552,552,train,8,5.502155742381126,4.832716803669928,4.875061128565429,4.579232455913169,4.961287417212044,5.495149748389995,5.1017570308595515,5.4801292,5.602059990548395
553,S. aureus,FLSLIPSLVGGSISAFK,2.079181246,17,3.920818754,553,553,train,1,4.0209614464540735,4.601711591748056,4.715910486060744,4.771498461286311,4.7220931805535855,4.155143491759996,4.527912668733629,4.018968,3.920818754070874
554,S. aureus,FLSMIPHIAGGIASLVKNL,1.208176921,19,4.791823079,554,554,train,4,4.732277461136533,4.775425229220835,4.7059978309476715,4.652365738473524,4.580378972579244,4.9095289239099955,4.880176370413215,4.8583446,4.791823079031993
555,S. aureus,FLSMIPHIVSGVAALAKHL,0.795880017,19,5.204119983,555,555,train,6,5.104285867554394,5.588533297320901,4.798221353590531,5.660322926791707,4.8921687966946905,5.1109335393099995,5.038463623995838,5.205759,5.204119982933611
556,S. aureus,FLSMIPKIAGGIASLVKNL,0.608086824,19,5.391913176,556,556,train,7,5.292023705769877,4.925065866803154,4.710190860734924,4.783562861405012,4.593723886487371,5.297990869520001,4.883490419305199,5.332321,5.391913175835315
557,S. aureus,FLSSIGKILGNLL,1.403335041,13,4.596664959,557,557,train,4,4.696629082559189,4.84964333253533,4.698588239620903,4.757297679857093,4.684631314269586,4.7050257519700045,4.92055671175194,4.640641,4.596664959019213
558,S. aureus,FLSTIWNGIKGLL,0.977723605,13,5.022276395,558,558,train,6,4.922011858794188,5.363464566520595,4.7483443398831175,5.4116121509770965,4.744798069953544,4.991309023580004,4.910960497024885,5.0049176,5.022276395001142
559,S. aureus,FLSTIWNGIKSLF,0.903089987,13,5.096910013,559,559,train,6,4.996825761759835,5.130135097890816,4.7681836359953245,5.116946846938182,4.783956958922868,5.006645654690005,4.9318706039710465,5.0621552,5.096910013003582
560,S. aureus,FLSTIWNGIKSLL,1.079181246,13,4.920818754,560,560,train,5,4.820707565756045,5.32178121703025,4.754962652640695,5.322328938389881,4.752041679013392,4.964996722259998,4.916803072086784,4.959777,4.920818753981115
561,S. aureus,FLSTLWNAAKSIF,1.056169428,13,4.943830572,561,561,train,5,4.843933512721333,4.964995623475759,4.701546333031805,4.913047362687181,4.692494895814242,4.796434270360007,4.789354436890276,4.8780603,4.943830571981098
562,S. aureus,FLTGLIGGLMKALGK,2.176091259,15,3.823908741,562,562,train,0,3.9233415929111333,3.7311743374308284,4.669571390328521,3.8896898184388906,4.662960213452555,4.1967156848100045,4.7687260746244915,3.98455,3.8239087410727737
564,S. aureus,FLWGLIPGAISAVTSLIKK,0.637851065,19,5.362148935,564,564,train,7,5.262411450731139,5.322719801743238,4.789364850744756,5.108978184704038,4.833338166915076,5.214534908389997,4.996750558945981,5.254984,5.362148934942939
565,S. aureus,FLWWLFKWAWK,0.59226113,11,5.40773887,565,565,train,8,5.3077541913520685,5.527651025425644,5.05531059502658,5.473997851103343,5.151284416384598,5.249693070390001,5.210862665839489,5.37833,5.407738870081021
566,S. aureus,FLYIVAKLLSGLL,0.176091259,13,5.823908741,566,566,train,9,5.723873260256211,5.152698958510734,4.8773358376392215,5.064760042421577,5.00735719786816,5.544230366130006,5.079270945609533,5.74975,5.823908740926228
567,S. aureus,FMPIIGRLMSGSL,-0.064693135,13,6.064693135,567,567,train,9,5.96487230757872,5.852909807680096,4.705322842440988,5.707199238027253,4.679487579064024,5.725486515640007,4.9115742783222505,5.949881,6.064693134909517
568,S. aureus,FPFSLIPHAIGGLISAIK,1.681241237,18,4.318758763,568,568,train,3,4.418597547619771,4.678137401024548,4.731553283890297,4.691291275998025,4.733597193128474,4.601163023110002,4.691156103150872,4.4057355,4.318758763115263
569,S. aureus,FPISTLLKWWKG,1.927890158,12,4.072109842,569,569,train,2,4.172275555664536,4.7008795400292005,4.796981279247877,4.605797999688059,4.81723437081755,4.3258542594099945,4.718592282009596,4.18622,4.072109842032896
571,S. aureus,FPVGRVHRLLRK,1.335533875,12,4.664466125,571,571,train,4,4.731938149221693,4.391816664167481,4.742904242341251,4.4897621449309515,4.755975641970151,4.652913908199997,4.655597703998814,4.609671,4.664466124913541
572,S. aureus,FPVKLKFPKVKL,1.986603041,12,4.013396959,572,572,train,1,4.11336025392492,4.245331105603956,4.771106657048198,4.215694390317588,4.745085378991062,4.298132416319995,4.303623281532865,4.0086927,4.01339695899078
573,S. aureus,FPVTFRFFKFFKG,1.702085896,13,4.297914104,573,573,train,2,4.397907483721468,4.373002741680756,4.875406135930227,4.332334205950263,4.935848242521504,4.535410649430008,4.7490029164634375,4.3463182,4.297914103952068
575,S. aureus,FPVTWKWWKWWKG,1.301029996,13,4.698970004,575,575,train,4,4.732276954712457,4.74286101862624,4.932511421517336,4.8003166832893776,5.0272901738750155,4.695751601139996,4.884363857046587,4.7041206,4.698970004160856
576,S. aureus,FPVTWPTKWLKG,2.233666999,12,3.766333001,576,576,train,0,3.86616094972074,3.9847333160272256,4.7228306383175696,3.9820863480791826,4.708770762412366,3.9617035107100036,4.093250711295708,3.77834,3.7663330010589022
577,S. aureus,FPVTWPTKWRKG,2.221050469,12,3.778949531,577,577,train,0,3.8791158112264363,3.7314461001373105,4.683277382253452,3.7845473066537583,4.6704500721209925,3.949188910690004,4.234232068846108,3.8285897,3.7789495309819205
578,S. aureus,FPVTWPTKWWEG,2.212192342,12,3.787807658,578,578,train,0,3.887973810010262,3.635142775422148,4.496595313141024,3.8064472105928577,4.396541956239746,3.8872387383400047,3.9191156179011952,3.7592711,3.7878076579756224
580,S. aureus,FPVTWPTKWWKS,2.204033855,12,3.795966145,580,580,train,0,3.8957933543575685,3.5043992874106724,4.750660532678378,3.5307632200149426,4.745865727142506,3.8934472907600037,4.182712823885984,3.8283918,3.7959661450317794
583,S. aureus,FPVTWRWWTWWKG,1.241253198,13,4.758746802,583,583,train,4,4.732276952898313,4.689391436726589,4.931970872397502,4.687991239867214,5.027874285283989,4.716709081940007,4.766475223344142,4.7037315,4.75874680194739
584,S. aureus,FQNRRMKWKK,2.408239965,10,3.591760035,584,584,train,0,3.691754207148652,3.781134041940417,4.617371658114059,3.5712458673204326,4.445887942855043,3.8869201386099967,3.7632231021228395,3.582019,3.591760034903928
587,S. aureus,FQWQRNMRKVRGPPVS,2.698970004,16,3.301029996,587,587,train,0,3.400860759922735,3.165266276552262,4.716707449426367,3.196838116546597,4.685983237826957,3.795087069930004,3.838528319342516,3.3287468,3.3010299960540683
589,S. aureus,FRFKFRFK,2.327744531,8,3.672255469,589,589,train,0,3.7722195124893343,5.02182512028798,4.847531555630775,4.9891871154069,4.912593885769958,4.076279527749998,4.566723749866064,3.7213132,3.672255469138841
590,S. aureus,FRIRVRV,2.10720997,7,3.89279003,590,590,train,1,3.9927410992411034,4.255326457985226,4.835159501253885,4.278423815219874,4.875185932398694,4.01510356482,4.362740601420113,3.9246519,3.892790030106333
591,S. aureus,FRIRVRVFKRIVQRIKDFLR,0.602059991,20,5.397940009,591,591,train,7,5.298105894219945,5.2276855086470215,4.93557827000747,5.2322475455475175,5.0605775163408815,5.308120853990008,5.104165752349091,5.3654585,5.397940009037981
592,S. aureus,FRIRVRVKWKLFKKI,0.602059991,15,5.397940009,592,592,train,7,5.297779533333184,5.401320683839833,4.982033575872148,5.394969264998765,5.082251958092563,5.299450467570007,5.214056842789246,5.4050517,5.397940009100515
593,S. aureus,FRKLFRVYSNFLRGKLKL,1.041392685,18,4.958607315,593,593,train,5,4.858767530302039,5.34442841027079,4.942505084237977,5.407254161012831,5.0076751894598015,5.068645111459998,5.19592701745429,5.021906,4.958607314931657
594,S. aureus,FRPALIVRTKGTRL,1.477121255,14,4.522878745,594,594,train,3,4.623036946874247,4.733717390133144,4.656454864591661,4.693592062240508,4.766331063439346,4.542335338630007,4.783739492082471,4.4951644,4.522878744946311
597,S. aureus,FRRFFKWPRRFFKFF,0.957447649,15,5.042552351,597,597,train,6,4.942694675614482,5.811185509903405,5.020361896034803,5.872735894958413,5.159631987924115,5.115882693779997,5.259512754866062,5.0426335,5.042552350937425
598,S. aureus,FRRFFKWPRRPFKFF,0.806632129,15,5.193367871,598,598,train,6,5.092813748308922,5.44080306514502,4.934145878438035,5.376995165284334,5.068759668816342,5.202342708760003,5.179038735498991,5.1977634,5.193367870796782
599,S. aureus,FRRFRKWFRRFLKLF,1.193820026,15,4.806179974,599,599,train,5,4.7322769529334785,4.87271806602949,5.038909958476102,4.907357653229629,5.1680572049684335,5.022236092309993,5.267422503329799,4.9379168,4.80617997433303
600,S. aureus,FRRPFKWPRRFFKFF,0.7981901,15,5.2018099,600,600,train,6,5.101815066724359,5.387853862841075,4.9346029898351755,5.311259341683607,5.069954130987895,5.21242396566,5.192299116756926,5.217365,5.201809900596266
601,S. aureus,FRRWWKWFK,0.032057099,9,5.967942901,601,601,train,9,5.868106371428105,5.4787994294367675,4.9543030591611394,5.386425819944151,5.063739004191518,5.756930565750006,5.3260808398946855,5.8517394,5.967942900653689
602,S. aureus,FRVTWRTKWWKG,0.477121255,12,5.522878745,602,602,train,8,5.423041338604156,4.4813194267324565,4.788662499136761,4.643454055850796,4.823597619695707,5.338633114630004,4.781184999638844,5.4355054,5.522878744948583
603,S. aureus,FSEAIKKIIDFLG,2.237759456,13,3.762240544,603,603,train,0,3.862231223085735,3.710682459315682,4.326858329017992,3.678964980051526,4.305613808380342,4.044475590430004,4.292393181433267,3.8499868,3.762240543977365
604,S. aureus,FSFLSRIF,2.0,8,4.0,604,604,train,1,4.099968044005495,4.879930324790531,4.754673786320483,4.933693899521512,4.793795450529859,4.089407317680001,4.215139008422402,4.027113,4.000000000011324
605,S. aureus,FSIARLLKWWKG,1.144735173,12,4.855264827,605,605,train,5,4.755094044980533,4.574919253049835,4.809182419870528,4.722145648758678,4.848734743839741,4.887415168709998,4.994315601130797,4.8911457,4.855264826985059
606,S. aureus,FSTKTRNWFSEHFKKVKEKLKDTFA,1.906084061,25,4.093915939,606,606,train,2,4.194078188836813,4.003025664278655,4.706726031959506,4.04183234889379,4.701781865312313,4.418216455259998,4.6479399808298645,4.1718287,4.093915939026944
607,S. aureus,FSVTWRWWKWWKG,0.846036903,13,5.153963097,607,607,train,6,5.054060258384641,5.393250412139063,4.93914044894288,5.360127751223187,5.050235425614027,5.0657392754499915,5.041928680679199,5.0911927,5.153963096945312
608,S. aureus,FTVATFI,0.850606277,7,5.149393723,608,608,train,6,5.0492398239175325,4.949999901148886,4.710205896625094,5.006836709995799,4.623888646674069,4.862819188350002,4.85227287310249,5.131907,5.149393722918962
609,S. aureus,FVDLKKIANIINSIF,1.158362492,15,4.841637508,609,609,train,5,4.7415691982713914,4.826424084051836,4.66065565772242,4.584663195534831,4.647643273375381,4.847169416040003,4.70369903005666,4.8170247,4.841637507964036
610,S. aureus,FVDLKKIANIINSIFGK,1.158362492,17,4.841637508,610,610,train,5,4.741573827629909,4.634950664662875,4.648632939146594,4.70343113117952,4.645423837339457,4.821394585580004,4.690798908754633,4.77499,4.841637508011664
611,S. aureus,FVGAIAAALPHVISAIKNAL,1.204119983,20,4.795880017,611,611,train,4,4.732276952898315,4.6975134746408935,4.683362208323536,4.739898103741702,4.678314122560674,4.766028612300001,4.789521800797619,4.760677,4.795880016854791
613,S. aureus,FVKKFWGGVKAIFKGARKGLK,0.892094603,21,5.107905397,613,613,train,6,5.0080178695232505,4.750466468720723,4.819000780911577,4.886122752505146,4.912432365587907,5.047734024310007,4.926195058749674,5.093688,5.107905396957611
614,S. aureus,FVPWFSKFLGRIL,0.977723605,13,5.022276395,614,614,train,6,4.922042364159306,5.182938874935936,4.859585428519751,5.130171337325869,4.968793430914561,5.142341822570002,5.194803049209115,5.037869,5.022276394936957
615,S. aureus,FVPWFSKFLKRIL,0.971971276,13,5.028028724,615,615,train,6,4.928095522130643,5.073002700588676,4.934563080671369,4.963794972287767,5.040715267634222,5.118181739960006,5.169421321044772,5.1055183,5.028028723979121
618,S. aureus,FVQWFSKFLGKIL,0.954242509,13,5.045757491,618,618,train,6,4.945879435644475,5.059040375880733,4.858533733172568,5.089658527986424,4.923888151306359,5.093986714760003,5.075159350490979,5.053601,5.045757490989495
621,S. aureus,FVQWFSRFLGRIL,0.77815125,13,5.22184875,621,621,train,7,5.122015966688567,5.539134313651564,4.882428331144954,5.546833930246403,4.968279671987395,5.218957133109998,5.207111942366394,5.2196584,5.2218487499880295
622,S. aureus,FVRWFSKFLGRIL,0.77815125,13,5.22184875,622,622,train,7,5.121689028545271,5.550199347060975,4.882665910362225,5.6374201626863805,4.97642911161997,5.211803628599998,5.227122539123748,5.1986637,5.221848750045767
623,S. aureus,FVRWFSRFLGRIL,0.77815125,13,5.22184875,623,623,train,7,5.121738181661373,5.569610953999355,4.8962514965957675,5.5919264096977646,5.002905824383334,5.223908407579997,5.225060193475771,5.2313786,5.221848750111463
624,S. aureus,FVVKKKKKVF,1.902875533,10,4.097124467,624,624,train,2,4.197016057399216,4.476565802191491,4.808810021338229,4.374930791778041,4.840392357495458,4.363277892500005,4.652965005114623,4.095795,4.097124467040093
628,S. aureus,FWGALAKGALKLIPSLVSSFTKKD,0.748188027,24,5.251811973,628,628,train,7,5.151878763640857,5.120448559640836,4.767155377825929,5.090893836327629,4.725529160762974,5.009831964379995,4.843752538061795,5.1420436,5.251811972981443
631,S. aureus,FWGFLGKLAMKAVPSLIGGNKK,0.698970004,22,5.301029996,631,631,train,7,5.200865027101457,4.82392255998266,4.822017695578666,4.924566666300699,4.864866314093082,5.158839594230005,4.869397909593909,5.26263,5.301029995907072
632,S. aureus,FWGFLGKLAMKAVPSLIGGNKSSSK,1.0,25,5.0,632,632,train,6,4.900163689655677,4.838038094481128,4.803647911308127,4.751084005022732,4.860198445274743,4.930055674949999,4.804790712390217,4.9190955,5.000000000071294
633,S. aureus,FWGKLWEGVKNAI,1.505149978,13,4.494850022,633,633,train,3,4.595008902576693,4.5313367679245165,4.488605981586906,4.557745104276426,4.451670219589647,4.630648893539995,4.5869902058266785,4.4972897,4.49485002208629
634,S. aureus,FWGLKGLKGPGKFSKKL,1.903089987,17,4.096910013,634,634,train,2,4.197071964159058,4.5065430556005515,4.656911175437874,4.520394761678462,4.70651700058427,4.3542094971300065,4.728031647176717,4.1714787,4.096910012961639
635,S. aureus,FWGLKGLKKFSKKL,2.477121255,14,3.522878745,635,635,train,0,3.6228416766793345,4.486770815941425,4.715421611806823,4.723806673057754,4.774995157877642,4.019166045400006,4.697340584335693,3.710984,3.522878745261855
638,S. aureus,FWQKMSFA,1.374036408,8,4.625963592,638,638,train,4,4.726125078423361,4.6285528866357355,4.701560975054371,4.694743617802507,4.6323015561340455,4.367727196090002,4.085096733220989,4.5890536,4.625963591950953
640,S. aureus,GAARKSIRLHRLYTWKATIYTR,1.302220212,22,4.697779788,640,640,train,4,4.732276952898313,4.96391711655598,4.857563500628547,4.9813064322300455,4.895156149015276,4.638545794819995,4.854326127424736,4.6764026,4.697779787991162
641,S. aureus,GAHDILKYGKPS,1.477121255,12,4.522878745,641,641,train,3,4.622973249219879,4.1544110399077425,4.244451772412973,4.111556775710316,4.192887109231546,4.650505100470005,4.501682941800276,4.538221,4.522878744977424
642,S. aureus,GAKALTKAATAFTKFYKTIW,1.761325425,20,4.238674575,642,642,train,2,4.338501663266349,3.995867961958801,4.764311052332056,4.08173993827821,4.767023183394,4.372611911160002,4.459981971167444,4.319988,4.238674574993764
643,S. aureus,GAKYAKIIYNYLKKIANALW,0.70963328,20,5.29036672,643,643,train,7,5.190198592383291,5.347869148097466,4.877496820529176,5.410197402231033,4.866189090761046,5.098221003620003,4.963318885096568,5.1790476,5.290366720030698
644,S. aureus,GAKYAKYIYNFYKYIAKYIW,1.697786165,20,4.302213835,644,644,train,3,4.40237588402211,4.670142410649195,5.038458106614527,4.631655119105648,5.052862238729889,4.706909329459995,4.931016947050076,4.3502626,4.302213834974473
645,S. aureus,GALFKVASKVL,2.247031938,11,3.752968062,645,645,train,0,3.8531294913380547,4.558658702995775,4.585108713123711,4.529140317123464,4.2788503885400315,3.9395081988499965,4.09747276953205,3.7895615,3.7529680625215702
646,S. aureus,GALFKVASKVLPS,2.181580169,13,3.818419831,646,646,train,0,3.9182503641500506,3.894617720820113,4.550176887003342,3.8851946902984342,4.272993972928969,4.118596180290004,4.236062191803445,3.8131893,3.8184198308007558
648,S. aureus,GANAAKKFATIAKKFINYLW,0.850846749,20,5.149153251,648,648,train,6,5.049028931296002,5.041604010988265,4.782307453801274,5.170561061123893,4.756738350166977,4.955398806229993,4.875848995704914,5.112717,5.14915325098732
649,S. aureus,GANAAKKLATFAKKIFTAYW,1.463642911,20,4.536357089,649,649,train,3,4.636196107571919,4.715769410252435,4.730129465968811,4.773685697002954,4.706094445921801,4.559931996999995,4.623985320334708,4.5497327,4.536357089033212
650,S. aureus,GANALKKYFTILKKFFKLAW,0.826103265,20,5.173896735,650,650,train,6,5.073892139710684,5.314750603103783,4.895097219546352,5.25933950872984,4.9369810877305875,5.096943730169996,4.943203959271001,5.1258655,5.173896735019059
651,S. aureus,GANLAKKFYTYINKFINYAW,1.722358773,20,4.277641227,651,651,train,2,4.377782152433073,4.754670568111097,4.880717318144409,4.604862587245569,4.8577349863705965,4.5436573561100015,4.7421919011800595,4.35224,4.27764122699981
652,S. aureus,GATAIKQVKKLFKKKGG,0.301029996,17,5.698970004,652,652,train,9,5.59860174597005,5.183813120753259,4.618415930658285,5.153439851515254,4.571699147158808,5.430382336949993,4.730465752315635,5.561546,5.698970003391589
653,S. aureus,GATAIKQVKKLWKKKGG,0.908485019,17,5.091514981,653,653,train,6,4.991350281846466,5.151487679432333,4.632163743265312,5.066045807613449,4.595643028193705,5.1632104117299935,4.744874752569214,5.1581917,5.091514981597258
654,S. aureus,GAVDILKGAAKDIAGHLASKVMNKL,2.0,25,4.0,654,654,train,1,4.099979583611216,3.7452603113434577,4.523362043805399,3.780451685435181,4.347156694555182,4.03952094018,4.005433355383492,4.0289235,3.99999999967012
655,S. aureus,GAWKNFWSSLRKGFYDGEAGRAIRR,1.589949601,25,4.410050399,655,655,train,3,4.510249587329685,4.372336790182774,4.599260551851842,4.409594500944833,4.638864341051635,4.629019811859999,4.684172823234042,4.4501643,4.410050398972852
659,S. aureus,GEKLKKIGKKIKNFFQKL,1.096910013,18,4.903089987,659,659,train,5,4.803026517653305,4.466982379140654,4.683659274922445,4.514224272481722,4.681911718945838,4.771638967709992,4.676577680370925,4.6723695,4.903089986997266
660,S. aureus,GEKLKKIGQKIKKFFQKL,1.397940009,18,4.602059991,660,660,train,4,4.702153146592759,4.152244986066397,4.704160586423422,4.178169006979529,4.714353366634351,4.628123414939994,4.766337743617415,4.664626,4.602059990953944
664,S. aureus,GFFALIPKI,1.997724881,9,4.002275119,664,664,train,1,4.10243616322669,4.813119932377466,4.723878848018935,4.809256155122657,4.684834712509269,4.1708243794999955,4.308391543459573,4.057232,4.002275119031871
665,S. aureus,GFFALIPKIISSPLFKTLLSA,1.64517004,21,4.35482996,665,665,train,3,4.454498225119181,4.9054518451384945,4.842029773459105,4.935512850500247,4.886651787622026,4.508813211200003,4.833956605923333,4.4670687,4.354829960217878
666,S. aureus,GFGKAFHSVSNFAKKHKTA,2.0,19,4.0,666,666,train,1,4.09995050316638,4.07018998933884,4.647009397114036,4.142755455668283,4.616912360967278,4.20330962057,4.497702466416092,4.044862,4.000000000010984
667,S. aureus,GFGKALKLLKKVL,1.0,13,5.0,667,667,train,6,4.900103164497146,4.662097657195414,4.740363033077764,4.68827403748069,4.737267192190545,5.04390450028,4.926075550969702,4.969905,4.999999999995624
669,S. aureus,GFGSKPLDSFGLNFF,1.264185151,15,4.735814849,669,669,train,4,4.732276952898313,4.7592284630814135,4.421170351287125,4.7419468160893326,4.328555420317481,4.659684137260004,4.404918832158322,4.683594,4.735814848984581
670,S. aureus,GFGSLLGKALKIGTNLL,0.77815125,17,5.22184875,670,670,train,7,5.1220125966757,4.5407976501829825,4.675964858299392,4.560545012684208,4.6525589517293096,5.0588080221599965,4.870835639463791,5.1683135,5.221848749927477
671,S. aureus,GFGSLLGKALRLGANVL,0.924308038,17,5.075691962,671,671,train,6,4.975844285559006,4.607855849431252,4.637622422778035,4.5995970994659565,4.631006446019079,4.982657360870002,4.904442168663385,5.106422,5.075691961960496
672,S. aureus,GFGSVLGKALKFGANLL,1.096910013,17,4.903089987,672,672,train,5,4.803088657116321,4.625073392145809,4.656099897077572,4.666904903997254,4.643014102672298,4.830016709609994,4.887121717881837,4.9623485,4.903089986975475
673,S. aureus,GFGVLAKVAAHVVPAIAEHF,1.806179974,20,4.193820026,673,673,train,2,4.293684995201178,4.1393803606210895,4.622420251297251,4.127889362752759,4.515260989154025,4.377829823330005,4.38992404410488,4.2279305,4.193820026055706
674,S. aureus,GFIFHIIKGLFHAGK,1.171334407,15,4.828665593,674,674,train,5,4.732277206220574,4.793250355709653,4.7254361509521265,4.824971248914716,4.7654577233231175,4.820928038149998,4.893935134027635,4.859502,4.828665593129747
683,S. aureus,GFKDWIKGAAKKLIKTVASSIANQ,1.397940009,24,4.602059991,683,683,train,4,4.702172627213627,4.477628114351439,4.681582971714375,4.340817471133496,4.58891857313504,4.452033951299995,4.309656086953347,4.4477854,4.602059990928046
684,S. aureus,GFKEVLKADLGSLVKGIAAHVAN,2.330413773,23,3.669586227,684,684,train,0,3.7694333285047765,3.5591663069030144,4.5497603478472195,3.6146641156096058,4.526641926630419,3.7769728599000034,4.172121089673389,3.7023308,3.669586226987982
685,S. aureus,GFKEVLKAGLGSLVKGIPAHVAN,2.63748973,23,3.36251027,685,685,train,0,3.462228690986237,3.777910271219339,4.641925985517172,3.7805098623908857,4.627279669126686,3.6140229254299965,4.220437419420237,3.4973018,3.3625102700421503
687,S. aureus,GFKMALKLLKKVL,0.982271233,13,5.017728767,687,687,train,6,4.918024063184612,5.341967290352086,4.841823360859127,5.254625794826039,4.838047415933291,5.0938211280899965,4.9831458452706725,5.081617,5.017728767161837
692,S. aureus,GFLDIVKGVGKVALGAVSKLF,0.577049239,21,5.422950761,692,692,train,8,5.322835814999686,4.9411398507449755,4.659496305440673,4.9359173607530575,4.791949213629584,5.065302894479995,4.65653478345491,5.1780005,5.422950760868002
693,S. aureus,GFLDVIKHVGKAALGVVTHLINQ,0.818539249,23,5.181460751,693,693,train,6,5.0814208231894185,5.098657240563178,4.733983764815712,5.154321289220037,4.769487245603205,4.999725911429993,4.69519849656599,5.108774,5.181460750998423
694,S. aureus,GFLDVVKHIGKAALGAVTHLINQ,1.124612415,23,4.875387585,694,694,train,5,4.775338088162373,4.762331392718589,4.681259994931915,4.898785950314698,4.708064425609862,4.783710596359999,4.50043094784432,4.7850165,4.875387585006025
695,S. aureus,GFLGSLLKTGLKVGSNLL,1.551754873,18,4.448245127,695,695,train,3,4.548246190708639,4.450053168471707,4.7209415460322885,4.43882775598856,4.704103385568324,4.508298900660003,4.768098905886156,4.531185,4.448245127122388
696,S. aureus,GFLSILKKVL,1.037426498,10,4.962573502,696,696,train,5,4.862682426907871,5.074432783091856,4.777665067805886,5.058184172050997,4.765984028572422,4.777112456559999,4.600950279602766,4.960912,4.96257350198353
697,S. aureus,GFLSILKKVLAKVMAHMK,0.672097858,18,5.327902142,697,697,train,7,5.227473096846022,5.323992713581891,4.872370670930151,5.33339877308299,4.889995946027819,5.267264047540006,4.964361790592055,5.2651415,5.327902141913226
698,S. aureus,GFLSILKKVLGKVMAHMK,0.633468456,18,5.366531544,698,698,train,7,5.266498192956359,5.262818471057045,4.834839791275047,5.1639547426602395,4.865180170754586,5.293235857310001,4.96085747397843,5.227555,5.366531543727261
699,S. aureus,GFLSILKKVLKKVMAHMK,1.139879086,18,4.860120914,699,699,train,5,4.760278045211655,4.966375725827004,4.891353194162417,4.974799415690626,4.9218917434114475,4.963520074659997,5.002553905396333,4.99961,4.860120914298207
700,S. aureus,GFLSILKKVLPKVMAHMK,0.832508913,18,5.167491087,700,700,train,6,5.067808611123261,5.099752602470752,4.844582598023644,4.954158484492793,4.869869167674552,5.163653323789992,5.009167501838063,5.144949,5.167491087009762
701,S. aureus,GFMKYIGPLIPHAVKAIKKLI,1.830652814,21,4.169347186,701,701,train,2,4.26947109079939,4.09465268391281,4.900235683105186,4.442161402470099,4.939324686630693,4.363951078699996,4.666452225325087,4.1955075,4.16934718602855
702,S. aureus,GFMKYIGPLIPHAVKAISDLI,1.725298943,21,4.274701057,702,702,train,2,4.374828575313923,4.494966792992384,4.716096006268194,4.481783179079895,4.654722765627961,4.292023297180001,4.455117534338848,4.2562857,4.274701056893104
703,S. aureus,GFMKYIGPLIPHAVKAISKLI,1.920818754,21,4.079181246,703,703,train,2,4.1791456661051445,4.291892154481603,4.871808878729618,4.280299639832222,4.907005203578598,4.154165163180004,4.5619986739493665,4.130966,4.079181246123047
704,S. aureus,GFMKYIGPLIPHKVKAISDLI,2.301029996,21,3.698970004,704,704,train,0,3.7988538752637666,4.087315346119649,4.7331479497215945,4.215197137607223,4.682572347504383,3.922955124529996,4.524702181023243,3.8142521,3.698970004081092
705,S. aureus,GFMKYIKPLIPHAVKAIKKLI,1.920818754,21,4.079181246,705,705,train,2,4.179100213622799,4.661997571105592,4.905046440421024,4.5787658257359,4.9597655241898755,4.525029175750003,4.844923851326902,4.2612095,4.079181246410968
706,S. aureus,GFMKYIKPLIPHAVKAISKLI,1.397940009,21,4.602059991,706,706,train,4,4.701903285940731,4.7466319492188696,4.876645234283695,4.8045547752356645,4.927524104477034,4.496595368519994,4.630052641173406,4.5264177,4.602059990571179
707,S. aureus,GFMSKVANFAKKFAKGGVNAIMNQK,2.10720997,25,3.89279003,707,707,train,1,3.9929498882414802,4.310553304971093,4.782399223834934,4.339507269869307,4.740926254499826,4.061889332780002,4.445017171623593,4.008889,3.8927900300298317
708,S. aureus,GFRDVLKGAAKAFVKTVAGHIAN,1.782950133,23,4.217049867,708,708,train,2,4.317142008825133,4.11017962816384,4.6471394103213735,4.249422355118514,4.664663353810868,4.2943729794500065,4.191621084865673,4.1891575,4.217049866951423
709,S. aureus,GFRDVLKGAAKAFVKTVAGHIANI,1.698970004,24,4.301029996,709,709,train,2,4.401122294815811,4.320595695830073,4.6946612301013335,4.428141154514236,4.713571788145239,4.297727771860005,4.2950367599725725,4.310735,4.301029996078123
710,S. aureus,GFSPNLPGKGLRIS,1.840835588,14,4.159164412,710,710,train,2,4.259038860987461,4.006948268521885,4.497603593465618,4.054803422712574,4.412783671741016,4.306231071589998,4.352152551324362,4.1581926,4.15916441198678
711,S. aureus,GFVALLKKLPLILKHLH,0.204119983,17,5.795880017,711,711,train,9,5.696033803285123,5.138283690782442,4.870714320730258,4.9799567441494865,4.9224804096996575,5.581074167619997,5.121160918286386,5.642972,5.795880016905579
712,S. aureus,GFVALLKKLPLILKHLP,0.492760389,17,5.507239611,712,712,train,8,5.407128857933732,4.998262511650606,4.841128615726037,4.998852609297418,4.881963542296195,5.425511888199997,5.141500429612294,5.4840164,5.507239610998808
713,S. aureus,GFVDFLKKVAGTIANVVT,1.726026326,18,4.273973674,713,713,train,2,4.374094796172125,4.336801201489628,4.633871591621673,4.418742955730113,4.604307494938678,4.337299970509996,4.536937061196149,4.358795,4.273973674038717
714,S. aureus,GFWGKLFKLGLHGIGLLHLHL,0.229727569,21,5.770272431,714,714,train,9,5.6703950116354065,5.682557823865188,4.886163634641254,5.678586648116141,4.977840641612128,5.458258187040005,5.225472900238242,5.6579247,5.770272430953551
715,S. aureus,GFWGKLWEGVKNAI,1.002144011,14,4.997855989,715,715,train,6,4.898034928332203,4.424218843307363,4.484920593429242,4.513255059604404,4.426910917002507,4.908703203730002,4.615257510661444,4.9154506,4.997855988872565
718,S. aureus,GFWSSALEGLKKFAKGGLEALTNPK,2.0,25,4.0,718,718,train,1,4.100168193217315,4.775709252947556,4.5357856446267775,4.684087446159883,4.524060246174667,4.115705666240001,4.3440613913495785,4.0629845,4.000000000033581
719,S. aureus,GFWTTAAEGLKKFAKAGLASILNPK,1.903089987,25,4.096910013,719,719,train,2,4.197013177497144,4.342557259498169,4.621951031949047,4.302168892348612,4.521544675385502,4.227146297000005,4.306131944740393,4.121163,4.096910013008312
720,S. aureus,GGHGGHGGHGGHGGHGGH,1.816597268,18,4.183402732,720,720,train,2,4.283443832754132,4.373715001414748,4.191684030208085,4.393070437207124,4.136880712621412,4.368574193369998,4.381870567597142,4.178834,4.18340273193739
721,S. aureus,GGLRSLGRKILRAWKKYG,0.477121255,18,5.522878745,721,721,train,8,5.422806129777827,5.235875852608997,4.703300680346324,5.345881645882862,4.805073607727878,5.293315800910003,4.92940401024481,5.4099584,5.522878744840829
722,S. aureus,GIADILKYGKPS,1.301029996,12,4.698970004,722,722,train,4,4.732276952898313,4.839696759800359,4.330622538425232,4.837373576813272,4.346003509870228,4.792025105959996,4.843042786711868,4.7456274,4.6989700040144715
724,S. aureus,GIGALSAKGALKGLAKGLAEHFAN,1.146128036,24,4.853871964,724,724,train,5,4.754035669813883,4.316411242092186,4.463260667383303,4.454849529722215,4.396168719291433,4.696482212050005,4.563634436716107,4.802202,4.853871963969702
725,S. aureus,GIGAVLKVLALISWIKRKR,0.770852012,19,5.229147988,725,725,train,7,5.129256431948973,5.496921198376515,4.881067160268943,5.519654269546405,4.930907131139632,5.250496127790004,5.191876357333891,5.272781,5.229147988248838
726,S. aureus,GIGDILKNLAKAAGKAALHAVGESL,1.278753601,25,4.721246399,726,726,train,4,4.732276952898313,4.9742706645341395,4.458414589425755,4.890565135915048,4.4027339649501425,4.572934689559998,4.3733831001213215,4.6593056,4.721246399034168
727,S. aureus,GIGGALLSAGKAALKGLAKVLV,0.671289823,22,5.328710177,727,727,train,7,5.228854913330099,4.739493693965354,4.648961531723584,4.825846497768427,4.650095897875692,5.033024004120003,4.787531304414309,5.2739425,5.328710177019465
729,S. aureus,GIGGALLSAGKSALKGLAKGLAEHL,0.907389595,25,5.092610405,729,729,train,6,4.992440843953257,4.998277505764534,4.4797398116169935,4.887077917314738,4.437713846465235,4.8770418657400025,4.598057179234734,5.0329065,5.0926104049824925
731,S. aureus,GIGGKPVQTAFVDNDGIYD,0.405362634,19,5.594637366,731,731,train,8,5.4948054592597435,5.622922572578015,4.319901394527081,5.593934958512899,4.178129106207813,5.203801954459991,4.712893742619591,5.544106,5.594637365918317
732,S. aureus,GIGHFLHKVKSFGKSWIGEIMNS,1.880813592,23,4.119186408,732,732,train,2,4.219288831530563,3.4940893003122673,4.6846790809151235,3.4496128433438167,4.575128274709858,4.3293950119800035,4.425317004741918,4.1762924,4.119186407959061
733,S. aureus,GIGKALKKAKKGIGAVLKVLTTGL,0.602059991,24,5.397940009,733,733,train,7,5.297814910943113,5.130507981295468,4.762752382097468,5.127182309374021,4.797204437921268,5.231984835190004,4.8916010559412975,5.399651,5.397940009440845
735,S. aureus,GIGKFIHSAKKFGKLFVGEIMNS,1.579783597,23,4.420216403,735,735,train,3,4.520056038618712,4.433667315410851,4.669253451821213,4.400617323187299,4.560577009012402,4.4107130076699965,4.408472625100592,4.3796844,4.4202164029297855
736,S. aureus,GIGKFIHSAKRFGRAWVGEIMNS,1.875061263,23,4.124938737,736,736,train,2,4.224933218444914,4.4055127896106825,4.654936843685976,4.614291947143849,4.551752140620552,4.225788349189997,4.403266122827668,4.233893,4.124938737160982
739,S. aureus,GIGKFLHKVGSFIKSWKGEIMNS,1.86332286,23,4.13667714,739,739,train,2,4.236569113776618,4.457836871339532,4.70014164342018,4.483917760513835,4.59995924848657,4.338522635970001,4.519618821563377,4.1893063,4.136677140060432
741,S. aureus,GIGKFLHSAGKFGKAFIGEIMKS,1.698970004,23,4.301029996,741,741,train,2,4.400542274490918,4.5586267477246745,4.588357528235886,4.526515785140583,4.55544067877526,4.211560048910004,4.179688623469439,4.194169,4.301029995763274
742,S. aureus,GIGKFLHSAGKFGKAFLGEVMKS,2.301029996,23,3.698970004,742,742,train,0,3.7987998111366332,4.442784156019987,4.57073319378261,4.379974250896066,4.53980563024168,3.893598218259997,4.207658130312632,3.8085666,3.698970004107598
743,S. aureus,GIGKFLHSAGKFGKAFVGEIMKS,2.06400391,23,3.93599609,743,743,train,1,4.036323339862197,4.49070632859322,4.584556817499133,4.452343246374928,4.549672420979935,4.0148423534400015,4.179688623469439,4.02551,3.935996090277704
747,S. aureus,GIGKFLHSAKKPGKAFVGEIMNS,2.024992317,23,3.975007683,747,747,train,1,4.075188205674078,4.045229222761657,4.569321667810785,3.7355974048999725,4.442937347777007,4.082729625660001,4.140104282430836,3.9991865,3.9750076830734176
748,S. aureus,GIGKFLHSAKKWGKAFVGEIMNS,1.572615558,23,4.427384442,748,748,train,3,4.527174778808116,4.126880625577224,4.637859721823945,4.169132094634331,4.521329710729326,4.368953934270002,4.304806797622155,4.297189,4.4273844418113155
750,S. aureus,GIGKFLKKAKKF,2.574226373,12,3.425773627,750,750,train,0,3.525689416607878,4.1480694490603485,4.654133747154719,4.242427076508709,4.644067846966898,3.8078767680400056,4.314175015523414,3.4670851,3.4257736270754098
753,S. aureus,GIGKFLKKAKKGIGAVLKVLTTGL,0.301029996,24,5.698970004,753,753,train,9,5.5986165850452165,5.197516442772918,4.812511854336668,5.156085729191677,4.870978409311672,5.447736512369997,4.994483125975695,5.5542865,5.698970003424685
754,S. aureus,GIGKLFLHAAKKFAKAFVAEKMNS,1.583838429,24,4.416161571,754,754,train,3,4.515989565411882,4.423155086789851,4.747713377991388,4.3317872630742675,4.609840941632506,4.440664608989993,4.407682975155724,4.4251986,4.416161571030643
756,S. aureus,GIGSALAKAAKLVAGIV,1.096910013,17,4.903089987,756,756,train,5,4.80315678513317,4.934943429215446,4.621404425437781,4.85534986430795,4.659477880277847,4.760667566739994,4.841084592421092,4.878238,4.903089986869938
758,S. aureus,GIGSLLAKAAKLGANLL,1.096910013,17,4.903089987,758,758,train,5,4.8029192053638585,5.057620374882262,4.58676625641781,4.886075717174603,4.539816326608499,4.8720659307199945,4.702412482674082,4.9290237,4.903089987180175
760,S. aureus,GIHDALKYGKPS,1.301029996,12,4.698970004,760,760,train,4,4.732276952899054,5.0272392084261615,4.244598048060058,5.068208564037173,4.193269337126443,4.794218460299996,4.753156660443558,4.704094,4.698970003996304
762,S. aureus,GIHDILAYGKPS,1.0,12,5.0,762,762,train,6,4.899835846206317,4.903227350982837,4.319213223918717,4.907872749089399,4.314779918858426,4.834544044659999,4.800024032307716,4.9717326,4.999999999965881
763,S. aureus,GIHDILKAGKPS,1.0,12,5.0,763,763,train,6,4.9001235871749875,4.517013096055644,4.234364269573325,4.494836097461764,4.126660167680483,4.874325762039999,4.657363256060431,4.9749703,4.999999999946589
764,S. aureus,GIHDILKYAKPS,1.0,12,5.0,764,764,train,6,4.9001993777490656,4.672909104745081,4.3795769170944485,4.694300608645039,4.298306813850625,4.97520717847,4.840548572674887,5.003528,4.99999999993711
765,S. aureus,GIHDILKYGAPS,1.301029996,12,4.698970004,765,765,train,4,4.73227695289841,4.94928240548465,4.321846185566244,4.914905068110563,4.315654404742687,4.723810954189995,4.751015333697256,4.7372856,4.698970003984699
766,S. aureus,GIHDILKYGKAS,1.0,12,5.0,766,766,train,6,4.900001235190077,4.974641147243041,4.3276463465507655,5.070730515705828,4.115136234625566,4.954258156360001,4.6520590364621,4.9720964,4.99999999989718
767,S. aureus,GIHDILKYGKKS,1.477121255,12,4.522878745,767,767,train,3,4.622984798689541,5.030131209843458,4.363850123953093,4.877412602656382,4.411068384550055,4.675682565790006,4.8109081755501695,4.6350226,4.522878745201802
769,S. aureus,GIHDILKYGKPS,1.0,12,5.0,769,769,train,6,4.900161542289671,5.2921141812348225,4.347571110459832,5.4281414090409505,4.366969063135887,4.950321830669999,4.849804983056835,4.966793,5.000000000106579
770,S. aureus,GIHDILKYGKRS,1.0,12,5.0,770,770,train,6,4.900163974181533,5.116360168958384,4.375364941987095,4.943521859879962,4.4318304852235535,4.9035645299900015,4.796925470950564,4.9411683,4.9999999999285585
772,S. aureus,GIHKILKYGKPS,1.0,12,5.0,772,772,train,6,4.899956424013179,4.582990299828789,4.6019625275225815,4.464931668498534,4.629367845729797,4.994304957220002,4.821181824341062,5.0028334,4.9999999999585665
773,S. aureus,GIHRILKYGKPS,1.0,12,5.0,773,773,train,6,4.900148765650858,4.880430566780191,4.613879603586066,4.787373607376195,4.6511810731142615,5.02685860467,4.834914807343883,5.0532627,5.0000000000884235
774,S. aureus,GIIKVIKSLIEQFTGK,1.806179974,16,4.193820026,774,774,train,2,4.293923092668221,3.9397746925940935,4.561465807296441,4.062910178164812,4.514883501151342,4.378010350440005,4.5357192954667696,4.208524,4.193820025931016
775,S. aureus,GIIPIISIIGKII,1.531478917,13,4.468521083,775,775,train,3,4.568675209249129,4.260255244450902,4.814311490068107,4.356300518594723,4.789850050699477,4.953480631959998,4.788262808151476,4.5302343,4.468521082948501
776,S. aureus,GIKDILKYGKPS,1.176091259,12,4.823908741,776,776,train,5,4.732276952898313,4.8211302045243,4.438443190001671,4.87036928063921,4.4382775871510445,4.8463742946300075,4.8275822756789974,4.8728857,4.823908741016608
777,S. aureus,GIKDWIKGAAKKLIKTVASHIANQ,1.698970004,24,4.301029996,777,777,train,2,4.401153576191989,4.94153073018351,4.672797987172326,4.80529769943048,4.593151041503,4.359329582060004,4.370033994378738,4.3506107,4.3010299961044876
778,S. aureus,GIKDWIKGAAKKLIKTVASNIANQ,1.698970004,24,4.301029996,778,778,train,2,4.4012061149650785,3.972803794843056,4.678906953543316,4.061790951241407,4.565056899605022,4.341687710290004,4.2527508151470155,4.289215,4.301029996038753
779,S. aureus,GIKIAKKAITIAKKIAKIYW,1.151455931,20,4.848544069,779,779,train,5,4.748650329610435,4.901696320165244,4.872906157684921,5.097008036928053,4.913289642008993,4.946105746360005,5.020935730293116,4.8866525,4.8485440690691375
780,S. aureus,GIKKILKYGKKS,0.698970004,12,5.301029996,780,780,train,7,5.200868793511932,5.280485961739325,4.620632961879577,5.255232865186659,4.681126408435369,5.096872572820005,4.785264979221524,5.204177,5.30102999596516
781,S. aureus,GILDAIKAFANALG,0.602503672,14,5.397496328,781,781,train,7,5.297593753894208,4.6693141122054165,4.352262606549802,4.734315924092507,4.287806208944154,5.194386304859994,4.86527714598871,5.3038077,5.397496327966872
782,S. aureus,GILDAIKAIAKAAG,0.785329835,14,5.214670165,782,782,train,7,5.114663776431421,4.929931993830756,4.328103529111659,4.875922175021139,4.257272488035122,5.04576378532999,4.587982441869461,5.194939,5.214670164962394
783,S. aureus,GILDPIKAFAKAAG,0.603127836,14,5.396872164,783,783,train,7,5.297205109481557,4.836108199487253,4.3725330508317395,4.888225605623504,4.299559151684436,5.173366014469999,4.534467322536361,5.3204155,5.396872163954861
784,S. aureus,GILDTLKQFAKGVGKWLVKGAAQ,1.614595872,23,4.385404128,784,784,train,3,4.485232905429117,5.311430904081882,4.66952207669808,5.1992221266808105,4.723670336036373,4.404740916930003,4.530451734164258,4.4351635,4.385404128066094
785,S. aureus,GILGKLWEGFKSIV,1.204119983,14,4.795880017,785,785,train,4,4.732277603863118,5.109368592449643,4.522638860194406,5.099484870093663,4.617983704653016,4.848511975649999,4.951236426444543,4.900571,4.795880017096124
786,S. aureus,GILGKLWEGVKSIF,0.932765995,14,5.067234005,786,786,train,6,4.967407007551083,4.8858483708958165,4.524701346818302,4.817141387557908,4.519387187344484,4.974227798859996,4.870140044004333,5.0310397,5.067234004928945
787,S. aureus,GILGKLWKGVKSIF,0.685877478,14,5.314122522,787,787,train,7,5.214468341299863,4.724074150827854,4.725765176730838,4.8971624301641405,4.775693195235767,5.2131401822699965,5.008544842941799,5.220334,5.314122522163996
788,S. aureus,GILKKFMLHRGTKVYKMRTLSKRSH,-0.558710188,25,6.558710188,788,788,train,9,6.458822675516769,5.406284964066001,4.90794003131622,5.397413894124636,4.999998658158882,5.835797826630002,5.564678899743294,6.4787016,6.558710187852822
789,S. aureus,GILKSLLKKLKKIIAK,1.130333768,16,4.869666232,789,789,train,5,4.7698292407408385,4.527254176664084,4.77413220954751,4.5853680802420715,4.804108844278606,4.880093813899996,5.00468219255375,4.8501635,4.869666231491107
790,S. aureus,GILKTIKSIASKLKRKAK,1.401540339,18,4.598459661,790,790,train,4,4.6982894003385125,4.8686117261267565,4.672087981744436,4.855048061286935,4.544564682497038,4.694162207359996,4.479288044082283,4.6370373,4.598459661171786
791,S. aureus,GILSKLLKKLKKIIAK,1.217483944,16,4.782516056,791,791,train,4,4.732605460819344,4.730618960748527,4.779284769216074,4.804376678773842,4.817572821876352,4.786242275470003,4.994249095490379,4.805778,4.782516056289608
794,S. aureus,GILSSLLKKWKKIIAK,1.301029996,16,4.698970004,794,794,train,4,4.743220123295163,4.868332513788554,4.791291658365154,4.929606763644438,4.841485210673979,4.853186353059994,4.9695996155175575,4.774858,4.698970004714747
796,S. aureus,GILSSLWKKLKKWIAK,0.352182518,16,5.647817482,796,796,train,9,5.547674900892522,4.932581938028557,4.808266658097954,5.052632472898439,4.863582921719002,5.290571381269997,5.010079020959156,5.449706,5.647817481145127
798,S. aureus,GILSSWLKKLKKIIAK,1.204119983,16,4.795880017,798,798,train,4,4.732285618808715,4.739448966801095,4.809703242324349,4.840830338577322,4.8510390312551035,4.83616173543,5.010079020959156,4.9066505,4.795880017188313
799,S. aureus,GIMISLMKKLAAHIAK,1.73239376,16,4.26760624,799,799,train,2,4.367703480616619,4.500932197075961,4.768112032037797,4.482697173438761,4.746222358781113,4.4453326373600035,4.670246364807266,4.307179,4.2676062400334
805,S. aureus,GIMSSLMKKLAKIIKK,1.397940009,16,4.602059991,805,805,train,4,4.702162644332873,4.226139357915494,4.773905913837126,4.252559988510551,4.779252402716675,4.668321530149992,4.741344826759826,4.581495,4.602059991171254
808,S. aureus,GIMSSLMKKLKKIIAK,1.322219295,16,4.677780705,808,808,train,4,4.730517015703694,3.9867510862380957,4.769799225045219,4.002816025943995,4.768331405787446,4.7370967025999935,4.70082825707716,4.587858,4.677780704783645
810,S. aureus,GIRDILKYGKPS,1.0,12,5.0,810,810,train,6,4.900381185228383,4.928946555334657,4.447120260482226,4.944496561616641,4.4516244666635405,4.970473247640001,4.813599571079392,5.00201,4.99999999998371
811,S. aureus,GIRRILKYGKRS,0.342422681,12,5.657577319,811,811,train,9,5.5574227361919615,5.280095870491308,4.651151178795571,5.316200797647198,4.732891887648823,5.464522956319995,4.981032226791831,5.5284834,5.6575773188459335
812,S. aureus,GIRRILRYGRPS,0.698970004,12,5.301029996,812,812,train,7,5.2008656784683325,5.042801371437005,4.649451458142738,4.908979770948318,4.717562341306245,5.163519821220006,4.905728133130203,5.273452,5.301029995936014
813,S. aureus,GIRRILRYGRRS,1.0,12,5.0,813,813,train,6,4.899770067879102,5.405181315874414,4.675398559625555,5.571021276306785,4.777598136220837,5.14268868053,5.089812029237246,5.076227,5.000000000109053
815,S. aureus,GIWDTIKSMGKVFAGKILQNL,1.397940009,21,4.602059991,815,815,train,4,4.702086146987974,4.576652431044884,4.647230769485768,4.598734023816995,4.687898645317085,4.560964052539993,4.641444287362912,4.5681467,4.60205999095977
816,S. aureus,GIWDTIKSMGKVFAGLILQNL,1.397940009,21,4.602059991,816,816,train,4,4.70189978478566,4.569077256072515,4.67826442847728,4.486098546771637,4.723056543919441,4.619950063229994,4.71652723725991,4.603631,4.602059991006737
817,S. aureus,GIWDTLKNVGKAVLGKVLENV,1.698970004,21,4.301029996,817,817,train,2,4.401192059063289,4.376902841154877,4.5301446241091625,4.495479851540217,4.375289638593794,4.445859034650004,4.513046198063343,4.341282,4.3010299959789355
818,S. aureus,GIWGTLAKIGIKAVPRVISMLKKKQ,0.903089987,25,5.096910013,818,818,train,6,4.997066806683294,5.1707415083004244,4.91890951503509,5.283279237827807,4.9982898221439935,5.046536951460005,5.009178550492532,5.113428,5.096910013038928
819,S. aureus,GIWKSLFTKLLKG,0.826571847,13,5.173428153,819,819,train,6,5.073503444316841,5.560277731988183,4.695867933573754,5.475041183611695,4.697992633863726,5.035556291599994,4.870894667901159,5.0741315,5.173428152998481
824,S. aureus,GIWSSLLKKLKKIIAK,1.102090526,16,4.897909474,824,824,train,5,4.797930094282485,4.382297101796306,4.804675016955807,4.5625738729083745,4.83789994736802,4.915179986200003,5.017035725462958,4.9172435,4.897909473970738
826,S. aureus,GKFLHSAGKFGKAFLGEVMIG,2.0,21,4.0,826,826,train,1,4.1003004037303095,4.201742491815673,4.546601026649699,4.139436698564293,4.499998234991065,4.055241779370001,4.238852349271176,4.010624,3.999999999963201
827,S. aureus,GKFLKKAKKFGK,2.569474343,12,3.430525657,827,827,train,0,3.530606873472192,3.9707468685638636,4.573989351836253,4.048465245466409,4.488291796601359,3.724981550579995,4.037787883317843,3.4392555,3.4305256570327844
829,S. aureus,GKGRWLERIGKAGGIIIGGALDHL,1.410347054,24,4.589652946,829,829,train,4,4.689814210611399,4.552430708297346,4.545808264954314,4.540837540464405,4.524181407533088,4.590625747520001,4.517879649191294,4.5782194,4.589652946019335
830,S. aureus,GKIIKLKASLKLL,1.459012698,13,4.540987302,830,830,train,3,4.640919758803961,4.141683556008112,4.675375971183693,4.096018358985528,4.450292215304637,4.710575987210005,4.680087743913759,4.655034,4.5409873019292055
831,S. aureus,GKIIKVVK,2.0,8,4.0,831,831,train,1,4.099847581219135,4.056849470907995,4.6624528000227485,4.1427593229336415,4.612718609262941,4.052168673880001,4.140334352050685,4.0206757,3.999999999906594
835,S. aureus,GKKLLKKWKKLWKKW,2.699285525,15,3.300714475,835,835,train,0,3.4008076291874487,4.504367208707124,4.85695292305969,4.532375220966492,4.92368106696589,3.9892931372400033,4.432371366264093,3.5129676,3.3007144761568896
836,S. aureus,GKKYRRFRWKFKGKWFWFG,0.787631605,19,5.212368395,836,836,train,7,5.112331326750492,4.809865662946748,4.949692437943107,4.783705084014894,5.05823743115038,5.165546984739997,4.944653763451762,5.1668353,5.212368394777779
837,S. aureus,GKKYRRFRWKFRKGRFWFWG,0.758004733,20,5.241995267,837,837,train,7,5.142092247431668,4.864595045237888,4.970952576396025,4.886111321976995,5.091639219249565,5.1056416276499945,5.085821169241815,5.249301,5.241995266835296
838,S. aureus,GKKYRRFWKFKGKWFWFWG,2.125085155,19,3.874914845,838,838,train,1,3.9750739645589364,4.800162069845266,5.003119794549777,4.802413677496281,5.138842283432225,4.310128788559995,4.861752939824922,4.031583,3.8749148453200126
839,S. aureus,GKLFKKILKFL,1.370149679,11,4.629850321,839,839,train,4,4.729814587399717,4.790551281688275,4.813860551839797,4.906711522520592,4.8381680510261535,4.788385766199998,4.867105091948748,4.7576923,4.629850321375102
840,S. aureus,GKLFKKILKIL,0.982726996,11,5.017273004,840,840,train,6,4.917542567167236,5.021152875816199,4.802312098628616,4.979580314177366,4.816583492239028,4.952278580290002,4.890090372699456,4.9720993,5.017273003497383
841,S. aureus,GKLIKKFGRKAISYAVKKARGKH,1.556302501,23,4.443697499,841,841,train,3,4.5439745667117,4.453213398400511,4.769044960394893,4.614925686889715,4.829421132800493,4.494439880879998,4.674076600847197,4.4739637,4.4436974990780636
842,S. aureus,GKLNLFLSRLEILKLFVGAL,0.451544993,20,5.548455007,842,842,train,8,5.448617018707017,5.173975336038096,4.72663395643235,5.058363252871748,4.708893125949827,5.349424932269991,4.911580139513576,5.408944,5.54845500694353
844,S. aureus,GKLWLKGGKLWLKGGKLWLKG,1.505149978,21,4.494850022,844,844,train,3,4.59496768511716,5.027964674704552,4.822536512983761,4.877762422293342,4.921108702309066,4.678470296789996,5.0134499884793495,4.5761046,4.494850022056447
845,S. aureus,GKMKEYFKKFGASFKRRFANLKKRL,0.477121255,25,5.522878745,845,845,train,8,5.4230402750530695,5.666748608916633,4.849268668338255,5.545505836501126,4.818714999323332,5.382528102560006,5.307032674349936,5.4884706,5.522878744945539
846,S. aureus,GKSDVRRWRSRY,2.0,12,4.0,846,846,train,1,4.100182886479414,4.099261889352245,4.337362735842626,3.9978871328358485,4.222838723034874,4.135684745100001,4.22859397422757,3.976568,4.000000000024065
847,S. aureus,GKWKKILGHLIR,1.451786436,12,4.548213564,847,847,train,3,4.648254348254569,4.380942315058658,4.680979867328277,4.503657873901595,4.701936082493016,4.620222787179994,4.704906721392884,4.6067142,4.548213563917184
848,S. aureus,GKWKSLLKHILK,1.301029996,12,4.698970004,848,848,train,4,4.732276952901175,4.8422286134083885,4.675897227800198,4.764400665665602,4.6875740822157335,4.718983807349995,4.844180841975822,4.6589594,4.6989700038759645
850,S. aureus,GKWMHLLKHILK,1.096910013,12,4.903089987,850,850,train,5,4.802805033878856,4.543706083251632,4.804614746765406,4.5944010505050255,4.801356318871534,4.922888239409993,4.927112999531715,4.941571,4.903089986916161
855,S. aureus,GKWMSLLKHIWK,1.086359831,12,4.913640169,855,855,train,5,4.8137377446063265,4.726972708259695,4.759666972716478,4.774458913244204,4.784517946561989,4.857602796410001,4.871638050319165,4.822441,4.91364016886249
856,S. aureus,GKWMSLLKHWLK,1.139879086,12,4.860120914,856,856,train,5,4.76022540698798,4.494701387489326,4.761714831775666,4.577929925655556,4.790021841011719,4.843395150449997,4.886756429747418,4.8151875,4.860120913960425
857,S. aureus,GKWMSLLKKILK,0.799340549,12,5.200659451,857,857,train,6,5.100053970548107,4.908072257933694,4.7358335813715255,4.8789641573038285,4.748991711021982,5.102071842239995,4.92226821480218,5.154901,5.2006594509658415
858,S. aureus,GKWMSLLKQILK,1.033423755,12,4.966576245,858,858,train,5,4.866412446551991,5.101562491679014,4.731406433721436,4.935929666531365,4.728481882433342,5.052589848319999,4.824885111494656,4.930555,4.966576244968297
859,S. aureus,GKWMSLWKHILK,1.431363764,12,4.568636236,859,859,train,4,4.668483448145116,4.818918250416432,4.762906978299408,4.896273990087966,4.793323222649243,4.676843731479992,4.886756429747418,4.689924,4.56863623617608
863,S. aureus,GKWSKILGHLIR,1.367355921,12,4.632644079,863,863,train,4,4.732276952779276,4.4494994596857795,4.639532979137161,4.406637224613148,4.663890611667518,4.600100066759994,4.60756243348281,4.6126857,4.632644079039354
867,S. aureus,GLADFLNKAVGKVVDFVKS,2.0,19,4.0,867,867,train,1,4.100166152010262,4.088361080672757,4.437651168745837,4.05674380751808,4.375805769566479,4.15972171819,4.326391258661846,4.0447593,3.99999999999471
868,S. aureus,GLADVIKKVASVIGGL,1.812519411,16,4.187480589,868,868,train,2,4.287372768229989,4.07652034759237,4.489220937101309,4.079647620802543,4.296141316422574,4.299250695570002,4.342185985675851,4.2866874,4.187480589029457
870,S. aureus,GLARIVVIRVAR,1.677897156,12,4.322102844,870,870,train,3,4.421995863753829,4.959180888235368,4.727773678381874,4.978807026359844,4.826694288499497,4.508354099220005,4.618175388664352,4.3401523,4.322102844211847
871,S. aureus,GLASTIGSLLGKFAKGGAQAFLQPK,2.0,25,4.0,871,871,train,1,4.10016578073543,4.1909716674449475,4.666606904167998,4.184491759598992,4.612130351447111,4.082682338180001,4.3300331739752425,3.9974422,3.9999999999904974
872,S. aureus,GLEETVYIYGANMAS,1.393142113,15,4.606857887,872,872,train,4,4.706735740849728,4.807636279028288,4.416923976232943,4.821605600910605,4.180951298637972,4.5987646954999954,4.293317666751881,4.578311,4.606857886970165
873,S. aureus,GLFAVIKKVAAVIKKL,1.167954573,16,4.832045427,873,873,train,5,4.732544311038598,4.787831590222433,4.81412096452294,4.7001976560143754,4.835002096204449,4.9064854866800065,4.934666911028761,4.804968,4.832045426723555
874,S. aureus,GLFAVIKKVAAVIRRL,1.15385756,16,4.84614244,874,874,train,5,4.745979542376739,4.718504209957431,4.832775935617142,4.692700132299174,4.867068140050264,4.88049687169,4.831406906343895,4.8279686,4.8461424398737005
875,S. aureus,GLFAVIKKVAKVIKKL,1.153593332,16,4.846406668,875,875,train,5,4.746299991930672,4.633313635184797,4.83887566406097,4.688310743772909,4.880518476138748,4.876304041279994,4.883308149202192,4.831253,4.846406668053099
883,S. aureus,GLFDIAKKVIGVIGSL,1.486787675,16,4.513212325,883,883,train,3,4.6131755681953885,4.266685744931899,4.606395609520124,4.3393255642196396,4.5906652364432246,4.571352003959998,4.581694381506971,4.5359797,4.513212325002708
884,S. aureus,GLFDIIKKIAESF,1.744948841,13,4.255051159,884,884,train,2,4.355007578945449,4.071528566078689,4.323779431884217,4.012079961350978,4.291294528703899,4.336594877570003,4.349155665870208,4.2398825,4.255051158970582
885,S. aureus,GLFDIIKKVASVIGGL,1.185968961,16,4.814031039,885,885,train,5,4.732282280067954,4.183844178173993,4.581923936931716,4.130642171268446,4.404255413340302,4.751138353129994,4.46598160794004,4.7365203,4.814031039099329
886,S. aureus,GLFDIIKKVASVVGGL,1.18978482,16,4.81021518,886,886,train,5,4.732276969018452,4.410456902181502,4.577134960976748,4.364596176678903,4.396608058673714,4.7538036744899985,4.46598160794004,4.774469,4.81021517998505
887,S. aureus,GLFDIIKNIFSGL,1.843868762,13,4.156131238,887,887,train,2,4.255958191933629,4.154758013448307,4.540247341839449,4.14573920230333,4.515720073402379,4.254091279430001,4.398645475650268,4.180579,4.156131238040278
888,S. aureus,GLFDIVKKIAGHIAGSI,1.45865384,17,4.54134616,888,888,train,3,4.641172859454454,4.430344385275268,4.534190505729343,4.429216009580869,4.624212027035601,4.537782206189997,4.613476241407539,4.563119,4.541346159943766
889,S. aureus,GLFDIVKKIAGHIASSI,1.451219488,17,4.548780512,889,889,train,4,4.648858765654375,4.172720864287014,4.535411923606081,4.252899779641585,4.466940107389796,4.491277121240003,4.476308052085096,4.490999,4.5487805116960365
890,S. aureus,GLFDIVKKIAGHIVSSI,1.74541676,17,4.25458324,890,890,train,2,4.354745649468733,4.42685795292451,4.610852606820642,4.557270338647606,4.79831518494919,4.367477066789993,4.661983565016956,4.347143,4.254583240350139
891,S. aureus,GLFDIVKKVVGAFGSL,1.481494009,16,4.518505991,891,891,train,3,4.6183353872421575,4.593941825478855,4.592769648776524,4.717180547696051,4.697220611996976,4.563094751259997,4.7664851936295625,4.557766,4.518505990946706
892,S. aureus,GLFDIVKKVVGALGSL,1.189511122,16,4.810488878,892,892,train,5,4.732254994730404,5.0721070529006616,4.563234299721354,5.01250993027418,4.657921545606475,4.748977943939999,4.8865564141915705,4.7990074,4.810488878077019
893,S. aureus,GLFDIVKKVVGTIAGL,1.18575768,16,4.81424232,893,893,train,5,4.732276952895823,4.6886354042480685,4.585719259443546,4.603573083430277,4.672668615592762,4.798054509750003,4.671413579963018,4.834803,4.814242319978763
894,S. aureus,GLFDIVKKVVGTLAGL,1.18575768,16,4.81424232,894,894,train,5,4.73227695288977,4.76186533536628,4.585134156855206,4.650013997675692,4.671139704013174,4.760487797780002,4.808134747160315,4.843658,4.814242320009424
895,S. aureus,GLFDIWAWWRWRR,1.40444324,13,4.59555676,895,895,train,4,4.695606676140176,4.816010765850426,4.734326221270825,4.827405152106269,4.824731086242345,4.711056057540007,4.738691118206649,4.608435,4.595556760048334
896,S. aureus,GLFDIWKKLRWRR,1.722987771,13,4.277012229,896,896,train,2,4.377189346372767,4.339882145759294,4.650012451767174,4.426193720338583,4.698933003910135,4.497978505069997,4.648523025300055,4.321373,4.277012229081043
899,S. aureus,GLFDKWAWWRWRR,1.701727581,13,4.298272419,899,899,train,2,4.39832794002792,4.675554467235716,4.730840432300539,4.695313118910475,4.7769912802362535,4.48865033555,4.661585948405338,4.337973,4.29827241901091
902,S. aureus,GLFDVIK,3.112152958,7,2.887847042,902,902,train,0,2.987631154051657,3.1712685802800564,4.291206333218223,3.0937452275963446,4.242685983753828,3.1025051396799976,3.256278722349114,2.9171095,2.8878470419417486
903,S. aureus,GLFDVIKASVIGGL,2.867707064,14,3.132292936,903,903,train,0,3.232458182468556,3.7723383777164514,4.487285614439185,3.853111003519007,4.248205631411953,3.762606384479999,3.898904157305093,3.254158,3.132292936755121
905,S. aureus,GLFDVIKKLLKKIKGL,0.491361694,16,5.508638306,905,905,train,8,5.408792437581396,4.681743687864393,4.650056301633901,4.492531513436249,4.694531600740343,5.211602319820005,4.863538154136182,5.254632,5.508638305657172
906,S. aureus,GLFDVIKKV,3.002445708,9,2.997554292,906,906,train,0,3.097717106276449,3.3380881958254585,4.437912582240391,3.443348501470372,4.416776449054549,3.1553940596299994,3.2652757341586507,3.0171525,2.9975542921236022
907,S. aureus,GLFDVIKKVAAVIGGL,1.193832458,16,4.806167542,907,907,train,5,4.732279825362794,4.641283585242469,4.599665673555199,4.470442154799112,4.582326411469483,4.755641609470004,4.552320898550863,4.759113,4.806167542254146
911,S. aureus,GLFDVIKKVASVIG,1.646088365,14,4.353911635,911,911,train,3,4.454016216287681,3.766752251724057,4.5432213269659965,3.8053584083003935,4.331611188822441,4.307982591539992,4.26388009089571,4.3253365,4.353911635199882
913,S. aureus,GLFDVIKKVASVIGGA,1.803030067,16,4.196969933,913,913,train,2,4.297093997261061,4.074956275903416,4.518836737762376,4.298461393567096,4.324389627296251,4.299920255969996,4.402991960193382,4.3164487,4.196969933482664
914,S. aureus,GLFDVIKKVASVIGGL,1.131753784,16,4.868246216,914,914,train,5,4.768082162082275,4.284401014866469,4.577131304085571,4.184094247581701,4.396598502976342,4.779591948409994,4.431940362448255,4.722768,4.868246214083801
915,S. aureus,GLFDVIKKVASVIGLASP,1.741321373,18,4.258678627,915,915,train,2,4.358506038915442,3.8326218532029097,4.569597845527609,3.6105690790741733,4.255054155107152,4.356735067489997,4.351453585750896,4.2500386,4.258678626937717
917,S. aureus,GLFDVIKKVLKKIGGL,1.096910013,16,4.903089987,917,917,train,5,4.803194447980604,4.551750208632539,4.640543257966192,4.498594939868969,4.654938117132766,4.862388883119994,4.760257696224801,4.8762527,4.903089987026794
918,S. aureus,GLFDVVIGGL,3.015031128,10,2.984968872,918,918,train,0,3.0851353255595964,3.5617557786907854,4.417580971808478,3.6038686177906545,4.344898113098505,3.1461460729700024,3.4404242452308886,3.004559,2.984968872058038
921,S. aureus,GLFGVLAKVAAHVVPAIAE,1.806179974,19,4.193820026,921,921,train,2,4.2939811958186125,4.390252790029373,4.627896178772199,4.329545550368776,4.490191390104021,4.354746526740008,4.50957150894231,4.259477,4.193820026032415
927,S. aureus,GLFGVLAKVASHVVPAIAEHFQA,1.325738213,23,4.674261787,927,927,train,4,4.732276952892368,4.510402092620555,4.650125440317011,4.534812979790253,4.474656916186993,4.593320344039998,4.466346978483233,4.6335716,4.67426178699762
929,S. aureus,GLFKGKKKNKKTK,2.397940009,13,3.602059991,929,929,train,0,3.7022304992343393,4.478112130389759,4.443586918351354,4.55470380615114,4.384026025364729,4.0253306628499965,4.3862068633560956,3.6525316,3.6020599910813798
930,S. aureus,GLFKKLRRKIKKGFKKIFKRL,1.026647335,21,4.973352665,930,930,train,5,4.873285121345977,5.252727716098096,4.925470153271379,5.284024955071629,5.043902352395461,4.993041680009997,5.053135018624738,4.9839435,4.973352664961374
931,S. aureus,GLFKVIKKVAKVIKKL,1.440721822,16,4.559278178,931,931,train,4,4.6594303118234395,5.168408653822847,4.858956856674638,5.119890823788901,4.91381489062877,4.77391809425,4.914100510578385,4.678342,4.559278178242999
933,S. aureus,GLFKVLGSVAKHLLPHVAPVIAEKL,1.070216618,25,4.929783382,933,933,train,5,4.829880081697114,4.499871653556063,4.782985032497413,4.56326997065374,4.756435292788045,4.793781876499995,4.729261820175939,4.8777246,4.929783381912659
935,S. aureus,GLFLDTLKKFAKAGMEAVINPK,1.903089987,22,4.096910013,935,935,train,2,4.197006896401142,3.772554335828527,4.537824975042132,3.802084047918592,4.515554137235932,4.167633257670006,4.279421657765132,4.0849338,4.096910012991316
936,S. aureus,GLFLDTLKKFAKAGMEAVTNPK,1.903089987,22,4.096910013,936,936,train,2,4.1967674318925186,4.15398330089502,4.500649172574676,3.911174178269327,4.4712862486775355,4.194602229650007,4.272476459162342,4.115448,4.096910012978809
937,S. aureus,GLFRALLRLLRSLWRLLLRA,1.806179974,20,4.193820026,937,937,train,2,4.29390830093563,5.364982983060446,4.988574140992473,5.349181808345807,5.128596118647084,4.556951442850005,5.149077155370909,4.3721128,4.1938200267028005
938,S. aureus,GLFSKFAGKGIKNFLNKGVKHIGKE,0.189650158,25,5.810349842,938,938,train,9,5.710471776450863,4.961863648434338,4.696876692145785,4.796767736550878,4.624806355843213,5.345530084529997,4.832180264275072,5.679481,5.8103498418424575
939,S. aureus,GLFSKFAGKGIVNFLIEGVE,1.029485795,20,4.970514205,939,939,train,5,4.870397718021046,4.312773641547317,4.537422563203146,4.245299387706785,4.539327572198161,4.841392701769991,4.821001109876876,4.926473,4.970514204961283
945,S. aureus,GLGKFLHSAKRFGKAFVGEAMNS,1.875061263,23,4.124938737,945,945,train,2,4.224777755571923,4.133003418405357,4.565628789838944,4.079702481052193,4.457649560203324,4.147933496309995,4.2242331718371,4.090886,4.124938737048577
946,S. aureus,GLGSLVGNALRIGAKLL,1.096910013,17,4.903089987,946,946,train,5,4.803165691815853,5.126751822921646,4.643457485598946,4.884118804044434,4.6276850045896865,4.857620016979994,4.858600340218252,4.9370027,4.903089986972119
947,S. aureus,GLGSVFGRLARILGRVIPKV,0.452297671,20,5.547702329,947,947,train,8,5.447882161161881,5.4696214191554375,4.779684165130473,5.446534748708941,4.851157440448788,5.271710910970001,4.955279409478231,5.5178046,5.547702328949461
948,S. aureus,GLGSVLGKALKIGANLL,0.784141614,17,5.215858386,948,948,train,7,5.115873693186578,4.533239878537178,4.596755826710359,4.430378033710091,4.578946551436899,5.056192475599993,4.823346854325991,5.069624,5.215858385809811
949,S. aureus,GLHKVMREVLGYERNSYKKFFLR,0.110113488,23,5.889886512,949,949,train,9,5.789776105932198,5.711521643160209,4.827030149339585,5.861504584317819,5.469186566252491,5.52201998166999,5.413525799162925,5.8598623,5.889886511938182
950,S. aureus,GLIGSIGKALGGLLVDVLKPKL,1.665210745,22,4.334789255,950,950,train,3,4.434721711355448,4.86699971327278,4.62887057175606,4.624421622103881,4.605626012540498,4.483862748859996,4.597530255348474,4.430684,4.334789255073488
951,S. aureus,GLKALKKVFKGIHKAIKLINKHVK,1.301029996,24,4.698970004,951,951,train,4,4.732276952898575,4.917943209724656,4.898952584482053,5.09241021760645,4.985558521121658,4.734287896169994,5.016231519634134,4.7459035,4.698970004166641
952,S. aureus,GLKALKKVFKGIHKAIKLINKHVQ,1.301029996,24,4.698970004,952,952,train,4,4.732276952898325,5.4880531603482225,4.896503141176084,5.43817359704593,4.972166610015506,4.760437260229994,4.980145202969636,4.6962843,4.698970003936972
956,S. aureus,GLKDIFKAGLGSLVKGIAAHVAN,2.301029996,23,3.698970004,956,956,train,0,3.7988067828081555,3.74527241448438,4.6238865560385065,3.8539172669030624,4.625597160092169,3.7286073634799943,4.267538293768861,3.762571,3.698970003862564
957,S. aureus,GLKEIFKAGLGSLVKGIAAHVAN,2.301029996,23,3.698970004,957,957,train,0,3.7993041567048635,3.8498736198715644,4.641526668535235,3.8830273488756095,4.63505763065994,3.697703936829994,4.217802574567706,3.688333,3.698970004168609
958,S. aureus,GLKEIFKAGLGSLVKGIAAHVAS,2.243038049,23,3.756961951,958,958,train,0,3.8571262212971615,3.8792958163229256,4.629084769116893,3.9203834543153633,4.51871033380929,3.761234251479996,4.084236862362433,3.6900043,3.756961950854906
959,S. aureus,GLKEVAHSAKKFAKGFISGLTGS,2.408239965,23,3.591760035,959,959,train,0,3.6918565024146073,3.6846964134916114,4.61753757422387,3.790412834962105,4.619401113955651,3.8346300721599955,4.140514431768962,3.6348512,3.5917600350661547
960,S. aureus,GLKKIFKAGLGSLKKGIAAHVAS,2.397940009,23,3.602059991,960,960,train,0,3.7020317674881373,3.8174740837706653,4.675574500399877,4.0213128790002255,4.606153276860351,3.775267542629997,4.157851206874516,3.7181053,3.602059991180146
961,S. aureus,GLKKIFKAGLGSLVKGIAAHVAS,2.397940009,23,3.602059991,961,961,train,0,3.7021805215392023,4.078957680846724,4.696302287444801,4.2777754339124145,4.612663271519639,3.707249991359995,4.21627716135784,3.6147072,3.602059991171726
962,S. aureus,GLKKIFKAGLGSLVKGIKAHVAS,2.397940009,23,3.602059991,962,962,train,0,3.701687586247578,4.036219317918891,4.713842004393509,4.124540392156429,4.641821064283396,3.771467835289994,4.300030047885706,3.6116304,3.6020599908771924
963,S. aureus,GLKKIFKKGLGSLVKGIAAHVAS,2.397940009,23,3.602059991,963,963,train,0,3.7021491339394466,4.310861923585718,4.710700734872362,4.445454579018277,4.6336127202404835,3.848088667509994,4.262442267622289,3.6860893,3.602059991215716
964,S. aureus,GLKKLISWIKRAAQQG,0.444385121,16,5.555614879,964,964,train,8,5.455624903032078,5.050532507098203,4.691063995916434,5.157136733445297,4.683071247389011,5.291268398880005,4.763785892462364,5.4698772,5.555614878903957
965,S. aureus,GLKKLLGKLLKKLGKLLLK,2.204119983,19,3.795880017,965,965,train,0,3.8960340323273877,4.8183115524744355,4.812747842449169,4.830199923887279,4.882553535107197,4.29038732362,4.921399400126742,4.0293264,3.7958800180900076
966,S. aureus,GLLALISWIKRKRQQ,-0.178543899,15,6.178543899,966,966,train,9,6.078538047443578,5.721683929976231,4.786161572308683,5.495929314297106,4.799089433903934,5.750128258389995,5.327268429523945,6.028997,6.178543898827045
968,S. aureus,GLLDFVTGVGKDIFAQLIKQI,1.806179974,21,4.193820026,968,968,train,2,4.294006370702457,5.137246990001376,4.645708727054964,5.011780583780421,4.652933445246668,4.327873195410006,4.559350509941252,4.2560945,4.193820026034171
969,S. aureus,GLLDTLKGAAKNVVGSLASKVMEKL,2.301029996,25,3.698970004,969,969,train,0,3.798963034032479,4.219822758501496,4.565795086167417,4.25818104793601,4.410753703544135,3.917710533569996,4.0946210332911575,3.8550208,3.698970004067556
970,S. aureus,GLLGKLLKIAAKVGKKLL,0.477121255,18,5.522878745,970,970,train,8,5.4227665155961065,4.960304750183774,4.746478573243953,5.002175643326098,4.782797830382559,5.332131594380005,4.918897739936232,5.3894696,5.522878743597454
972,S. aureus,GLLGLLGSVVSHVLPAITQHL,1.371708199,21,4.628291801,972,972,train,4,4.728391560757347,4.99535009852759,4.754297853985915,5.159184851820883,4.793655316032486,4.655807899839994,4.660632123551654,4.6533484,4.6282918010532175
973,S. aureus,GLLGLLGSVVSHVVPAIVGHF,0.792391689,21,5.207608311,973,973,train,7,5.107750635617144,4.512924621493305,4.775664731558798,4.561888777431567,4.889291355401078,4.8928328396800005,5.054449122064891,5.162626,5.207608310939737
981,S. aureus,GLLKFIKWLL,0.86923172,10,5.13076828,981,981,train,6,5.030623968070457,5.244164857638885,4.8924493766484085,5.249008270936444,4.924162498672707,5.005804522559996,5.119943122964066,5.1171994,5.1307682802374
985,S. aureus,GLLKKLLKIAAKVGKKLL,0.77815125,18,5.22184875,985,985,train,7,5.1221105046493856,5.347909064595857,4.803763580169696,5.336833363742754,4.841246318743832,5.161979988609996,5.006826407845414,5.1777205,5.221848751186497
986,S. aureus,GLLKKWLKKWKEFKRIVGY,1.473341366,19,4.526658634,986,986,train,3,4.626762531503417,4.9043358037147,4.871545956920658,4.873408626268573,4.9789567957841,4.682517357620001,4.958425478345441,4.6076493,4.5266586340217705
991,S. aureus,GLLKRIK,1.529615921,7,4.470384079,991,991,train,3,4.57054689327645,4.490130633190688,4.600708071072157,4.4998116767987675,4.47640008777873,4.3722587824499985,4.239370550544981,4.4470677,4.47038407899267
996,S. aureus,GLLKRIKKLLKKIKKLL,1.096910013,17,4.903089987,996,996,train,5,4.803202499377934,5.416497734136586,4.891541766304332,5.201194668203171,4.964720551481019,4.952817616889995,5.059276799534155,5.0026174,4.903089987320786
999,S. aureus,GLLKRIKT,1.394098624,8,4.605901376,999,999,train,4,4.705546082791015,4.573385024943966,4.574194585125475,4.537039718649026,4.437870094546539,4.473601934710005,4.161118846654071,4.5730977,4.605901375946399
1001,S. aureus,GLLKRIKTL,1.615879575,9,4.384120425,1001,1001,train,3,4.4842326989133365,4.354955018511184,4.65432889561171,4.340626531315366,4.603111284312534,4.438636558939999,4.350533779060184,4.37849,4.384120424971079
1008,S. aureus,GLLPLLSLLGKLL,0.193124598,13,5.806875402,1008,1008,train,9,5.706705343014419,4.681338454579886,4.664930034916646,4.624272220447885,4.6916039014345134,5.492088834429998,5.032028884197375,5.668824,5.806875401907485
1009,S. aureus,GLLRKWGKKWKEFLRRVWK,1.104602008,19,4.895397992,1009,1009,train,5,4.79548890853137,4.735272716386514,4.839644323985696,4.711820202328528,4.882367072817151,5.006554378010007,5.010105564581807,4.9235444,4.895397991977381
1010,S. aureus,GLLSGTSVRGSI,1.19595075,12,4.80404925,1010,1010,train,5,4.732276952898313,4.596460504357691,4.490212212454862,4.683396954367863,4.400434248853067,4.518695386889996,4.270282159327318,4.7601132,4.804049249962554
1011,S. aureus,GLLSKFGRLARKLARVIPKV,0.56427143,20,5.43572857,1011,1011,train,8,5.335837385640965,5.5057190421492495,4.796467719102833,5.497562273839841,4.887246647795411,5.213340504209994,4.973924690414002,5.408643,5.435728569956876
1012,S. aureus,GLLSLLSLLGKLL,0.494154594,13,5.505845406,1012,1012,train,8,5.406007665772686,4.7294772583686635,4.661151314541566,4.7357299253383305,4.696376341426798,5.350731558319998,5.063745525406441,5.5242357,5.5058454058676105
1013,S. aureus,GLLSNVAGLLKQFAKGGVNAVLNPK,2.10720997,25,3.89279003,1013,1013,train,1,3.992953708798685,4.840481300784155,4.752657044450378,4.805098571025169,4.7538766784704425,4.127445504670001,4.524287967409707,4.0067463,3.8927900300645284
1022,S. aureus,GLMSSIGKALGGLIVDVLKPKTPAS,1.610311233,25,4.389688767,1022,1022,train,3,4.489639836241104,4.840029670312338,4.594399688917988,4.7972253047962194,4.527119110419864,4.355131586939997,4.268905343164375,4.3854785,4.389688767001905
1023,S. aureus,GLMSVLGHAVGNVLGGLFKPKS,1.661225034,22,4.338774966,1023,1023,train,3,4.438432782581671,4.541487089206812,4.691587267534832,4.553467808804637,4.708611822835856,4.394235551960001,4.612464742841047,4.376805,4.338774966052124
1040,S. aureus,GLNTLKKVIQGLHEVIKLVNNHA,0.77815125,23,5.22184875,1040,1040,train,7,5.122003315080827,5.102921895198054,4.705398563478097,5.054448255239354,4.642668770059054,5.173289478329998,4.842351138792824,5.150736,5.2218487499666875
1043,S. aureus,GLPALISWIKRKR,-0.072982853,13,6.072982853,1043,1043,train,9,5.9728201314590095,5.052400740562413,4.678841421317637,5.164448026194807,4.702447500444936,5.698634326419995,5.125718418451044,6.0132866,6.072982852720943
1044,S. aureus,GLPALISWIKRKRGG,0.196964383,15,5.803035617,1044,1044,train,9,5.702929784421881,5.671323850350759,4.629975069997547,5.5597915845921735,4.640024231845573,5.482746089799994,5.039882743478086,5.7164826,5.8030356169357225
1045,S. aureus,GLPALISWIKRKRQ,0.193292486,14,5.806707514,1045,1045,train,9,5.706533314333169,5.360937567534053,4.685167185556474,5.393597174830718,4.699999215606722,5.687644860289994,5.250537353457187,5.8255925,5.8067075140006414
1047,S. aureus,GLPALISWIKRKRQQG,1.130485963,16,4.869514037,1047,1047,train,5,4.769676100095148,5.109363093865307,4.667313410334823,5.104339327849759,4.678759374912581,5.038688925749994,5.001435174323671,5.027661,4.869514037197585
1051,S. aureus,GLPGPLGPAGPK,2.973127854,12,3.026872146,1051,1051,train,0,3.1267009234291177,3.700292479097751,4.243167884610914,3.6277781919590315,4.082327245911204,3.410014653430002,3.574320350676039,3.0852787,3.026872145982767
1053,S. aureus,GLPWILLRWLFFRG,1.146128036,14,4.853871964,1053,1053,train,5,4.754031024887891,4.99555011800254,4.901628179491048,4.9969332729338936,4.989014635238144,4.853858305010005,5.022411788164649,4.907002,4.853871964102092
1055,S. aureus,GLRILLLKV,0.477121255,9,5.522878745,1055,1055,train,8,5.423107584320928,4.512968822655748,4.787225973424527,4.571576330977752,4.748067333393705,5.040996780790007,4.634369472124481,5.4485574,5.5228787445830205
1056,S. aureus,GLRKALRKFRNKIKEALKKI,0.301029996,20,5.698970004,1056,1056,train,9,5.598817105504704,4.5413414419343505,4.695190394831867,4.462454445035,4.661214341594007,5.125246529869995,4.799575775407388,5.616978,5.698970003856628
1062,S. aureus,GLRRALLRLLRSLRRLLLRA,1.505149978,20,4.494850022,1062,1062,train,3,4.594683193879841,5.081870873253364,4.902775325351369,5.0658149379744275,4.9883095801839294,4.646083134539996,5.016173450803449,4.5010166,4.494850022004796
1063,S. aureus,GLRRLFADQLVGRRNI,1.423844618,16,4.576155382,1063,1063,train,4,4.675639959952798,4.429495833737051,4.50169036370854,4.390751591684983,4.448324888994003,4.607339495980004,4.867125341365634,4.5723634,4.576155381945334
1065,S. aureus,GLTFLKKILNFAKKIYTAIW,0.829573566,20,5.170426434,1065,1065,train,6,5.070585800552097,5.144830325715932,4.939897644487407,5.238214317301558,4.9798933704600445,5.061246727769995,5.067262183593831,5.1832433,5.1704264340376005
1066,S. aureus,GLTRLFSVIK,1.175454279,10,4.824545721,1066,1066,train,5,4.732276952898313,4.050846636797364,4.7177907581593335,4.055629283565938,4.70843630816042,4.733831224629997,4.528330458481233,4.8040457,4.824545720905293
1069,S. aureus,GLVSSIGRALGGLLADVVKSKGQPA,1.620915675,25,4.379084325,1069,1069,train,3,4.478922509389906,4.31915460037504,4.5339349284922354,4.197987016208169,4.524296249308533,4.424938275840003,4.475943639928729,4.3766484,4.3790843249963185
1070,S. aureus,GLVTGLLKTAGKLLGDLFGSLSG,1.096910013,23,4.903089987,1070,1070,train,5,4.803051109430415,5.015189646692952,4.575399480239544,4.990639199942622,4.56248932157867,4.837639987319992,4.559684025234916,4.909217,4.903089987256204
1071,S. aureus,GLVTGLLKTAGKLLGDLFGSLTG,1.096910013,23,4.903089987,1071,1071,train,5,4.803254554633826,4.550260021553831,4.592377695433213,4.565871131422984,4.575777333383258,4.821799279859993,4.552984533976959,4.896542,4.903089986793759
1072,S. aureus,GLVTSLIKGAGKLLGGLFGSVTG,0.795880017,23,5.204119983,1072,1072,train,6,5.104263175130132,4.63249622495427,4.686874505146636,4.6414774505833085,4.726044730865462,4.967862112759998,4.581086281545432,5.0767694,5.2041199829672715
1073,S. aureus,GLWEKIKEKASELVSGIVEGVK,1.619828534,22,4.380171466,1073,1073,train,3,4.479863093615309,4.616964859057856,4.487263932791722,4.475831259975815,4.462755282087639,4.3765989413499975,4.313543467051018,4.373513,4.380171465969377
1074,S. aureus,GLWEKVKEKANELVSGIVEGVK,1.617482474,22,4.382517526,1074,1074,train,3,4.482344710287126,4.918801019934593,4.4961037556505445,4.8577484530546045,4.578215087353248,4.453232240570001,4.5221413568696915,4.39849,4.382517526020776
1075,S. aureus,GLWSKIKEAAKTAGLMAMGFVNDMV,1.342422681,25,4.657577319,1075,1075,train,4,4.732276952898313,4.657577318994711,4.654924724634308,4.655988411940837,4.6066512985699095,4.547223207729998,4.273741024911864,4.532421,4.657577318950196
1076,S. aureus,GLWSKIKEVGKEAAKAAAKAAGK,2.0,23,4.0,1076,1076,train,1,4.100087686157519,4.409831878732335,4.481391732472471,4.326152669587922,4.436208981805672,4.1877136214,4.318991360121167,4.0529532,4.000000000034255
1080,S. aureus,GMASKAGAIAGKIAKVALKAL,1.458611969,21,4.541388031,1080,1080,train,3,4.641219070120481,4.132296773143973,4.581175809296932,4.268115465504011,4.447480218383722,4.425684075009999,4.29432855873967,4.4924164,4.541388030888954
1081,S. aureus,GMASKAGSIVGKIAKIALGAL,1.698970004,21,4.301029996,1081,1081,train,2,4.400865690423638,4.801110654704363,4.610428204291604,4.672345905831403,4.549413038341267,4.299875252750005,4.33659319235608,4.2799664,4.30102999613579
1082,S. aureus,GMASKAGSVAGKIAKFALGAL,1.903089987,21,4.096910013,1082,1082,train,2,4.197071901402355,4.1894953075737345,4.5590093050493525,4.302137118609835,4.4219126685187815,4.098056345900005,4.231468236960587,4.107469,4.096910012903819
1083,S. aureus,GMASKAGSVLGKITKIALGAL,2.0,21,4.0,1083,1083,train,1,4.100099860630793,4.426361127031413,4.6032708380984655,4.480538148218604,4.478758558011096,4.141256092300001,4.3069610099407205,4.015232,4.000000000145838
1084,S. aureus,GMASKAGSVLGKLAKVAIGAL,2.0,21,4.0,1084,1084,train,1,4.099837531930991,4.231059338615849,4.605077073297666,4.166004989637256,4.466956707963689,4.095879324710001,4.154148723839468,4.022692,4.000000000094225
1085,S. aureus,GMASKAGSVLGKVAKVALKAAL,1.574031268,22,4.425968732,1085,1085,train,3,4.525823056851097,4.527155082148088,4.64095806121082,4.598505642536357,4.521514928747169,4.40846709045,4.330212357582221,4.442245,4.425968732044963
1090,S. aureus,GMASTAGSVLGKLAKAVAIGAL,2.301029996,22,3.698970004,1090,1090,train,0,3.7988098809649418,4.155715924316547,4.614267413140072,4.221645442414167,4.469718229899633,3.951315092089995,4.178032877079666,3.8075056,3.6989700040927875
1091,S. aureus,GMATAAGTTLGKLAKFVIGAV,1.903089987,21,4.096910013,1091,1091,train,2,4.197011804809523,4.005453777394619,4.64911486506268,4.055173919759946,4.637103184048019,4.160512717320003,4.386388260384121,4.141842,4.096910013011752
1092,S. aureus,GMATKAGTAFGKAAKAIIGAAL,2.408239965,22,3.591760035,1092,1092,train,0,3.6916520601884786,3.9790708148255813,4.593009774991837,4.106213414346993,4.551554949031542,3.9386262456399983,4.129597941912061,3.6738799,3.5917600349982615
1093,S. aureus,GMATKAGTALGKVAKAVIGAAL,2.0,22,4.0,1093,1093,train,1,4.0999938235831745,4.366411383056798,4.605313752119364,4.49246858244605,4.572387425445242,4.02578132735,4.107109193320287,3.9628024,4.000000000037857
1095,S. aureus,GMWKKILGKLIR,1.176091259,12,4.823908741,1095,1095,train,5,4.732276952898311,4.499152163125211,4.7303697467447865,4.621739041497104,4.7462370336318775,4.862128019980007,4.703206587597236,4.793741,4.823908740951033
1100,S. aureus,GMWSKILGHLIR,1.487986331,12,4.512013669,1100,1100,train,3,4.611849515193064,4.584748334661626,4.6935599825323635,4.579537554968473,4.717479342743633,4.578513844039998,4.5455365116499635,4.414061,4.512013668983473
1104,S. aureus,GMWSKIPGHLIR,2.0,12,4.0,1104,1104,train,1,4.0998290612923345,4.341113598977783,4.651376527994025,4.2170062181404635,4.6287642279678884,4.169112185740001,4.418749025938336,4.076792,4.000000000009039
1105,S. aureus,GNNRPVYIPQPRPPHPRI,2.0,18,4.0,1105,1105,train,1,4.099681188861238,3.8628962156075133,4.470390897320188,3.8708818062549635,4.267194237263995,4.134357398190001,4.306297391851661,4.0267067,3.999999999984068
1106,S. aureus,GPIRRPEPRPRPE,1.301029996,13,4.698970004,1106,1106,train,4,4.732276952898313,4.187323499500424,3.9780919794106295,4.177293024650607,3.7880879894430297,4.608575521209994,4.430400167487908,4.694452,4.698970003950844
1107,S. aureus,GPIRRPKPRPRPE,1.301029996,13,4.698970004,1107,1107,train,4,4.732276952898313,4.606558482084213,4.170648468772684,4.6083969675162,3.9717642817902847,4.634090541669994,4.414541181495863,4.7055597,4.698970004003679
1108,S. aureus,GPIRRPKPRPRPRPE,1.301029996,15,4.698970004,1108,1108,train,4,4.732276952898313,4.702062898453008,4.216227586919777,4.658192899929739,4.055561291207471,4.574905521779994,4.4478651435070695,4.64213,4.698970003958384
1109,S. aureus,GPIRRPKPRPRQRPE,1.301029996,15,4.698970004,1109,1109,train,4,4.732276952898313,5.206606358085927,4.265339148215457,5.138177536270894,4.091521606666417,4.679794406349994,4.549461096487407,4.6772194,4.698970004037975
1110,S. aureus,GRFKRFRKKFKKLFKKLS,0.522878745,18,5.477121255,1110,1110,train,8,5.377122893991084,5.231677705016976,4.836878002314537,5.175508745823737,4.911854377304875,5.298368476609997,5.099794200760421,5.388686,5.477121254750609
1111,S. aureus,GRFRRLRKKTRK,2.10720997,12,3.89279003,1111,1111,train,1,3.9929705303557723,4.440825198178546,4.595154627749884,4.534246492896862,4.5270888146541886,4.05962862466,4.3999641927822895,3.9574895,3.8927900300004747
1112,S. aureus,GRFRRLRKKTRKRLKKIGKV,1.669006781,20,4.330993219,1112,1112,train,3,4.4308691444526715,4.721478750637226,4.803859959081318,4.553084913423188,4.873118424362119,4.404342211259998,4.594230607196412,4.389905,4.330993219148421
1118,S. aureus,GRIKRIRKKIKKLIKKLS,0.602059991,18,5.397940009,1118,1118,train,7,5.298224304821204,5.15296816600197,4.79832298078846,5.098975646155814,4.849274203688882,5.159307813380005,4.910643279762004,5.2979784,5.397940008868631
1119,S. aureus,GRILSFIKGLAEHL,1.80859197,14,4.19140803,1119,1119,train,2,4.291290281822681,4.747860694179265,4.465443183437701,4.8793311273487125,4.406771052837755,4.423497821449996,4.654659509893864,4.2569222,4.191408030003142
1120,S. aureus,GRKKRRQRRRGGWMWVTNLRTD,1.657848051,22,4.342151949,1120,1120,train,3,4.441586799014027,4.792861333014829,4.721609759360038,4.8923559786730095,4.6215631972764815,4.4414762953600055,4.7341421074128816,4.364435,4.342151949015305
1121,S. aureus,GRKKRRQRRRPPQ,0.602059991,13,5.397940009,1121,1121,train,7,5.29812010187767,4.826345295687468,4.334941584975279,4.83031964352623,4.1160093623991685,5.044769033370007,4.565421952059451,5.2894835,5.397940008934924
1122,S. aureus,GRKLWRKWLKRWLP,0.726998728,14,5.273001272,1122,1122,train,7,5.172876106799166,5.381919209660817,4.8331483405011175,5.521267662313306,4.875277300511382,5.218410800389994,5.108755043646114,5.239449,5.27300127214153
1123,S. aureus,GRPRPFPGRPKPIFRPR,2.0,17,4.0,1123,1123,train,1,4.100232803334219,4.163400261945559,4.4923534250585595,4.189986122911175,4.428521848788881,4.02113034996,4.166138994603959,4.024441,3.999999999999108
1124,S. aureus,GRRGPRRANQNGTRRRRRRT,2.0,20,4.0,1124,1124,train,1,4.099963278545892,4.037649738851939,4.543818711962494,3.9723711013346357,4.537112139088126,4.224219827980001,4.341394651600787,4.0860295,4.000000000001987
1125,S. aureus,GRRPRPRPRP,2.204119983,10,3.795880017,1125,1125,train,0,3.896039900742208,4.101773541946689,4.16021599445548,4.077011976134739,4.105571269308425,4.046324799500001,3.9480805759938096,3.8287954,3.7958800170200666
1126,S. aureus,GRRPRPRPRPFFF,1.602059991,13,4.397940009,1126,1126,train,3,4.498017444446588,4.602666376343962,4.482093033060875,4.658160670177488,4.407356531043497,4.481736901830007,4.3993502280282915,4.4433656,4.397940012724031
1127,S. aureus,GRRPRPRPRPFFFF,1.0,14,5.0,1127,1127,train,6,4.9593717193984865,4.76392802858193,4.570722593167293,4.764173242216741,4.551794033774164,4.816134994430002,4.533048091535653,4.935067,4.999999998850273
1128,S. aureus,GRRPRPRPRPFFFFF,0.397940009,15,5.602059991,1128,1128,train,8,5.50223198350748,5.0805479456256855,4.644533450955845,4.956982931260777,4.6521038725898505,5.331883854419994,4.8417133852559004,5.358087,5.602059988359009
1129,S. aureus,GRRPRPRPRPWWW,1.602059991,13,4.397940009,1129,1129,train,3,4.49810915267216,4.648676065042815,4.522586956907042,4.673202282771666,4.5149986839696,4.441775050720008,4.509088810641621,4.448146,4.397940005303777
1130,S. aureus,GRRPRPRPRPWWWW,1.602059991,14,4.397940009,1130,1130,train,3,4.497572203924577,4.672659880896092,4.621154622010863,4.660782532187824,4.670500859950271,4.4902971309800055,4.6747962129513345,4.5202003,4.397940011682632
1131,S. aureus,GRRPRPRPRPWWWWW,1.301029996,15,4.698970004,1131,1131,train,4,4.69212105495074,5.213647724578122,4.706792813392025,4.939460190914669,4.787823505324242,4.800220940309994,4.949816547650016,4.7321844,4.698970005006535
1132,S. aureus,GRRYKKFRWKFKGRWFWFG,0.481963504,19,5.518036496,1132,1132,train,8,5.417863518834678,5.155817722445043,4.955887457643718,5.245925900395368,5.066552433887195,5.313970668809995,5.052976053790404,5.4974103,5.51803649596107
1133,S. aureus,GRWKRWRKKWKKLWKKLS,0.602059991,18,5.397940009,1133,1133,train,7,5.298094482443377,5.19058135214956,4.883799609356156,5.0958469427503825,4.9875401982506915,5.326926719060006,5.155991749724673,5.404867,5.397940008869357
1134,S. aureus,GSAQPYKQLHKVVNWDPYG,0.836324116,19,5.163675884,1134,1134,train,6,5.063363497077465,5.147954166119686,4.592697919570864,5.095024494284939,4.504527094143521,4.951894102069994,4.622061631353925,5.128608,5.163675883951341
1136,S. aureus,GTAWRWHYRARS,1.91780585,12,4.08219415,1136,1136,train,2,4.182076961396968,4.645218646626039,4.646950117556722,4.8071853023965465,4.571489063973487,4.481288297900004,4.530124032305407,4.109447,4.0821941499852645
1137,S. aureus,GVADILKGAAKDIAGHLASKVMNKL,2.0,25,4.0,1137,1137,train,1,4.100104205193601,3.934110007996509,4.5232340526142,3.8732833325999705,4.346807347203618,4.0029816909300004,4.041305249914249,4.011981,3.999999999991985
1138,S. aureus,GVAKFGKAAAHFGKGWIKEMLNS,1.880813592,23,4.119186408,1138,1138,train,2,4.219021351676365,4.396312370568345,4.661569345594862,4.439125884150336,4.555103150000788,4.148193004460003,4.258085597403984,4.1436806,4.119186408019448
1139,S. aureus,GVFDIIKDAGKQLVAHAMGKIAEKV,2.481630767,25,3.518369233,1139,1139,train,0,3.6185294482686468,3.921721728892524,4.568156726138551,4.022862249565608,4.544346682500123,3.6048476611099938,3.991130751734822,3.5172582,3.5183692329411222
1140,S. aureus,GVFDIIKDAGKQLVAHATGKIAEKV,2.48661118,25,3.51338882,1140,1140,train,0,3.6135530648327974,3.540869737422106,4.544320950931213,3.604585078491926,4.5135421614623965,3.688314404659997,4.084519565984292,3.5662546,3.5133888200218135
1141,S. aureus,GVFDIIKDAGRQLVAHAMGKIAEKV,2.477045168,25,3.522954832,1141,1141,train,0,3.6231637941071897,4.17358586700798,4.57626342774965,4.2552020045029835,4.5585941340794545,3.6112279669199956,4.000720834583027,3.5352433,3.5229548320813673
1142,S. aureus,GVFDIIKGAGKQLIAHAMGKIAEKV,2.488934048,25,3.511065952,1142,1142,train,0,3.611232070677411,3.951811295275858,4.611886304856551,3.983084207394118,4.582329154634404,3.623057215230004,4.234501135999187,3.6282098,3.5110659521039636
1143,S. aureus,GVFLDALKKFAKGGMNAVLNPK,2.0,22,4.0,1143,1143,train,1,4.100163008737759,4.031939410097273,4.602875659486301,4.072671132714504,4.520123077448667,4.091325594860001,4.324548194707983,4.056205,4.0000000000487335
1144,S. aureus,GVFRRLRKVTRKVLKKIGKVLKWI,0.602059991,24,5.397940009,1144,1144,train,7,5.2981054126977,5.25517580500783,5.039795910545282,5.191426260896425,5.191035172920409,5.3037889034700045,5.263523080150759,5.3879247,5.397940008784867
1145,S. aureus,GVFRVLRKVTRVVLKVIGKVLKWI,0.301029996,24,5.698970004,1145,1145,train,9,5.599124982423924,5.718999144880965,5.10249259148495,5.593826404357238,5.259244183388794,5.505404869459995,5.31172641790345,5.6752,5.698970004138653
1146,S. aureus,GVGDLIRKAVSVIKNIV,1.448270046,17,4.551729954,1146,1146,train,4,4.651765301850839,4.618613828988688,4.632907454622962,4.6540606791892385,4.698468929670928,4.654924522709997,4.78080731281477,4.6062346,4.55172995397909
1147,S. aureus,GVGKFLHSAKKFGQALASEIMKS,2.0,23,4.0,1147,1147,train,1,4.099824774287478,4.205274908314621,4.56994741265604,4.217071084271677,4.417955267172566,4.03822169858,4.108126331043384,4.0127463,3.9999999999920504
1148,S. aureus,GVGKFLHSAKKFGQALVSEIMKS,2.0,23,4.0,1148,1148,train,1,4.1001000310004345,4.2593571720842025,4.626940079346772,4.413081350152357,4.586474720049492,4.05038837638,4.309820121884219,4.0938807,4.000000000047286
1149,S. aureus,GVIAAAKKVVNVLKNLF,1.146498178,17,4.853501822,1149,1149,train,5,4.753664753941052,4.58677993606836,4.781952239851629,4.675640363679436,4.753970775244795,4.855041349379999,5.029724286672053,4.8638644,4.8535018219597985
1150,S. aureus,GVIDAAKKVVNVLKNLF,1.13591571,17,4.86408429,1150,1150,train,5,4.764261326851342,4.317210412007312,4.625654760814503,4.408270405110613,4.604605394943985,4.803351136709996,4.849493817568663,4.9029474,4.864084290007201
1151,S. aureus,GVIDAAKKVVNVLKNLP,1.147973104,17,4.852026896,1151,1151,train,5,4.7521296054244155,4.671796110399368,4.550701285586936,4.64328761826447,4.509013702327495,4.740770113699997,4.596619776546264,4.7827597,4.8520268959513055
1152,S. aureus,GVIDIIKGAGKDLIAHAIGKLAEKV,2.49996696,25,3.50003304,1152,1152,train,0,3.600192269170197,3.813235737205095,4.528521100608894,3.93036650122409,4.507847892180769,3.7345315877400025,4.102557594489142,3.624343,3.5000330400496966
1153,S. aureus,GVIKSVLKGVAKTVALGML,1.096910013,19,4.903089987,1153,1153,train,5,4.802798390094106,4.997534755991796,4.755046508698662,4.977593227451031,4.767271775792176,4.738136150409995,4.7737440383708405,4.882234,4.903089987023203
1154,S. aureus,GVLDILKGAAKDLAGH,1.607455023,16,4.392544977,1154,1154,train,3,4.492380827791275,4.290986247414083,4.239163710045198,4.254474085463429,4.166065408062714,4.38330321175,4.33524476929897,4.4158716,4.392544976983497
1155,S. aureus,GVLDILKGAAKDLAGHVATKVI,1.164352856,22,4.835647144,1155,1155,train,5,4.735826540072727,4.373590533287027,4.500986755033913,4.153012412910242,4.492034647873218,4.601295015750003,4.374765963896992,4.7742634,4.835647143806254
1156,S. aureus,GVLDILKGAAKDLAGHVATKVINKI,1.698970004,25,4.301029996,1156,1156,train,2,4.401196283733954,4.779717167052954,4.589848949654562,4.770936448155875,4.60788093267015,4.1683565035000045,4.186445007169005,4.1523886,4.301029996090467
1157,S. aureus,GVLSAFKNALPGIMKIIV,0.632205502,18,5.367794498,1157,1157,train,7,5.267939234327133,4.750546761115492,4.762922876714176,4.746375183890659,4.847163573497793,5.231322007760005,4.89591742119306,5.3368683,5.367794497940936
1158,S. aureus,GVLSNVIGYLKKLGTGALNAVLKQ,1.706518891,24,4.293481109,1158,1158,train,2,4.393318962804624,5.205801602027201,4.822130603958325,5.148228839601757,4.827048110458785,4.432634938530007,4.7218851213878095,4.4022145,4.293481109079215
1159,S. aureus,GVLSVIKNALPGIMRF,0.633468456,16,5.366531544,1159,1159,train,7,5.2665004607015025,5.183006197113255,4.750572418865705,4.958981999397066,4.73692063130002,5.16070548007,4.816020205361673,5.277445,5.366531543894846
1160,S. aureus,GVLSVIKNALPGIMRFIA,0.624485763,18,5.375514237,1160,1160,train,7,5.275690570790023,4.759546636562601,4.7870699689946905,4.87192508487617,4.7850622850286255,5.134853112490001,4.879110552031356,5.3426595,5.375514237015757
1161,S. aureus,GVSVAGAKKVKVLFVFPFLF,2.075065142,20,3.924934858,1161,1161,train,1,4.024869160758228,4.6340772688037015,4.9107044672458615,4.658256433793753,4.969532342746885,4.234709292259994,4.827864320142422,4.083958,3.924934858115813
1162,S. aureus,GVVAILKGAAKDIAGHLASKVMNKL,2.0,25,4.0,1162,1162,train,1,4.100148166381215,4.11906135045326,4.655423621078597,4.103149943011969,4.478350672111597,4.057978647610001,4.152363550053068,4.198012,4.000000000172422
1163,S. aureus,GVVDALKGAAKDIAGHLASKVMNKL,2.0,25,4.0,1163,1163,train,1,4.1001429889339285,4.067969046055474,4.519657204547524,4.028513580769566,4.350206271330349,4.0165313093,4.010488695383159,3.9930034,4.0000000005508065
1164,S. aureus,GVVDIAKGAAKDIAGHLASKVMNKL,2.0,25,4.0,1164,1164,train,1,4.099952147065261,3.9206285696575263,4.531275928339188,3.8841409010281867,4.35605292452204,4.01095093713,3.9786620358472478,3.995769,4.000000000086167
1165,S. aureus,GVVDILAGAAKDIAGHLASKVMNKL,2.0,25,4.0,1165,1165,train,1,4.099957724363839,3.765811996804679,4.557066658559032,3.7287250435240273,4.389327981358175,4.061044171309999,4.015602221143619,4.0159,3.9999999996935642
1166,S. aureus,GVVDILKAAAKDIAGHLASKVMNKL,2.0,25,4.0,1166,1166,train,1,4.099892831581405,3.9281803216329907,4.599470701881461,3.905970128703422,4.431589852307185,4.0082712061,3.999839861426573,3.98205,4.000000000299756
1167,S. aureus,GVVDILKGAAADIAGHLASKVMNKL,2.0,25,4.0,1167,1167,train,1,4.100164634001743,3.7545708777184714,4.515521119785753,3.7492190163285213,4.358055830425565,4.01297413264,3.9998981172437724,3.9936264,4.00000000002561
1168,S. aureus,GVVDILKGAAKAIAGHLASKVMNKL,1.765916794,25,4.234083206,1168,1168,train,2,4.334175629978248,4.195890711591412,4.64322081803989,4.220999970697178,4.511726195787646,4.204605067669997,4.1399797337044175,4.088039,4.234083205956097
1169,S. aureus,GVVDILKGAAKDAAGHLASKVMNKL,2.0,25,4.0,1169,1169,train,1,4.0998833414744835,4.179682375819844,4.5186881283855875,4.157422254424372,4.347640491153717,4.00259637311,3.9786620358472478,3.9518545,3.9999999994638222
1170,S. aureus,GVVDILKGAAKDIAAHLASKVMNKL,2.0,25,4.0,1170,1170,train,1,4.09946755144027,4.0792329964652625,4.600081402708041,4.124218619563081,4.433196827226027,3.98514720292,4.048972137215265,3.9612193,3.9999999998243014
1171,S. aureus,GVVDILKGAAKDIAGALASKVMNKL,2.0,25,4.0,1171,1171,train,1,4.099924097368049,3.969749473235462,4.556969896229603,3.9867764862549437,4.390912125242244,4.00971304902,3.9889776188234127,3.9675496,4.000000000069947
1172,S. aureus,GVVDILKGAAKDIAGHASKVMNKL,2.0,24,4.0,1172,1172,train,1,4.1000750810339275,3.4318766743772686,4.520453239873144,3.701203660882636,4.336348315742222,4.02059359348,3.985361527105205,4.0230494,3.999999999778434
1173,S. aureus,GVVDILKGAAKDIAGHLAAKVMNKL,2.0,25,4.0,1173,1173,train,1,4.100148115542138,4.080811910947376,4.598677006225437,4.1194060944200785,4.538659242401899,3.99629131899,4.132170847631103,3.9938803,3.999999999691507
1174,S. aureus,GVVDILKGAAKDIAGHLASAVMNKL,2.0,25,4.0,1174,1174,train,1,4.10009058196462,3.7765272751608805,4.553128186761272,3.7148715679674185,4.379040219773956,4.023355220759999,4.0448972038866975,3.9944303,3.999999999997892
1175,S. aureus,GVVDILKGAAKDIAGHLASKAMNKL,2.0,25,4.0,1175,1175,train,1,4.10011773513145,4.157770404722299,4.536414268938493,4.1581685879006764,4.365493477332282,4.06130245098,3.974080962098177,4.0233192,3.9999999999865796
1176,S. aureus,GVVDILKGAAKDIAGHLASKVANKL,2.0,25,4.0,1176,1176,train,1,4.099826949267142,4.114065665328663,4.529133757738139,4.235815439373806,4.426929448920699,4.0312279795,4.073445845429462,4.0318775,4.000000000162114
1177,S. aureus,GVVDILKGAAKDIAGHLASKVMAKL,2.0,25,4.0,1177,1177,train,1,4.099676409494561,4.357421195360372,4.585568050820929,4.313756643508134,4.490134230701657,4.00731207332,3.9673814708402197,3.997923,4.0000000000919345
1178,S. aureus,GVVDILKGAAKDIAGHLASKVMNAL,2.0,25,4.0,1178,1178,train,1,4.100123077845113,3.9270578579027884,4.55667537120308,3.9487900988003193,4.385616383905294,4.001938200260001,3.9786620358472478,3.9659195,4.0000000002209735
1179,S. aureus,GVVDILKGAAKDIAGHLASKVMNKA,2.0,25,4.0,1179,1179,train,1,4.099741808916796,3.959719451809394,4.532014620356966,4.005403553402925,4.358068838566562,3.99387311486,4.033755107091552,3.967855,3.9999999995226565
1180,S. aureus,GVVDILKGAAKDIAGHLASKVMNKL,2.010628522,25,3.989371478,1180,1180,train,1,4.04296092828547,3.940255760218431,4.5720761110130415,3.9560845751824107,4.412633129184703,3.980306264320004,3.9786620358472478,3.9639564,3.9893714791800114
1181,S. aureus,GVVDILKGAAKDIAGHLLSKVMNKL,1.875061263,25,4.124938737,1181,1181,train,2,4.224705043651873,4.224676226306569,4.616140288382631,4.2423962886292035,4.57868625673249,4.104865255509994,4.197089725120967,4.0705023,4.1249387370898365
1182,S. aureus,GVVDILKGAAKDILGHLASKVMNKL,1.765916794,25,4.234083206,1182,1182,train,2,4.334019877938171,4.185358968774521,4.612667850889799,4.215606692685846,4.468650036667727,4.204132881659994,4.100562489175273,4.1390767,4.234083205993286
1183,S. aureus,GVVDILKGAAKDLAGHLATKVMNKL,2.301029996,25,3.698970004,1183,1183,train,0,3.7987987991319603,4.31825112645316,4.593099158282278,4.273794078513137,4.539925855976512,3.886764091159995,4.1631666109528584,3.92136,3.6989700042534794
1184,S. aureus,GVVDILKGALKDIAGHLASKVMNKL,1.765916794,25,4.234083206,1184,1184,train,2,4.333987749931247,4.317361640747917,4.611925501980843,4.197631736524615,4.466706505615242,4.222317949419994,4.154073161299126,4.1638827,4.234083205610829
1185,S. aureus,GVVDILKGLAKDIAGHLASKVMNKL,1.619788758,25,4.380211242,1185,1185,train,3,4.480145292127103,4.254401644627789,4.612708076692747,4.2123751055886425,4.468740251395294,4.30101666879999,4.07247611942037,4.22614,4.380211241452556
1186,S. aureus,GVVKVSRLKGESLRARL,1.029599212,17,4.970400788,1186,1186,train,5,4.870705685961036,4.79790112923403,4.482651059197572,4.9158285485873465,4.432815247561154,4.905038612730004,4.598248940517694,4.907428,4.9704007879378
1187,S. aureus,GVVPVVSVVGKVV,2.0,13,4.0,1187,1187,train,1,4.100001065504943,3.724957740764082,4.770085101081588,3.789739402661518,4.717233708587053,4.2347522819,4.2356471404949225,3.9884872,3.999999999970375
1191,S. aureus,GVVVRIGRVIVRGVRR,0.903089987,16,5.096910013,1191,1191,train,6,4.996496729851554,5.312017926887472,4.826903395123707,5.398955891170151,4.979564078898497,5.127177448020007,5.106108904032425,5.142764,5.096910013973587
1192,S. aureus,GVVVRIGRVVVRGVRR,0.903089987,16,5.096910013,1192,1192,train,6,4.997011528689877,5.164023866428398,4.821927917718705,5.157087561791687,4.874538395838152,5.131435076900008,4.990685586314266,5.073489,5.0969100120393085
1193,S. aureus,GVVVRVARVVVRWVRR,0.602059991,16,5.397940009,1193,1193,train,7,5.297763882322396,5.51292270037735,4.942317736765664,5.217656059557331,5.0110200045233135,5.363340739350004,5.145415522339456,5.357259,5.397940008761467
1195,S. aureus,GVVVRVGRVVVRWV,0.903089987,14,5.096910013,1195,1195,train,6,4.996908669833865,5.034215649766219,4.904269836634755,4.941912710328367,4.9503236001094795,5.1140303314000075,5.205944001374924,5.100638,5.096910012992189
1197,S. aureus,GVVVRVGRVVVRWVRRRR,0.301029996,18,5.698970004,1197,1197,train,9,5.598969108296166,5.644553609336005,4.938087319259157,5.6581568495051595,5.031662521808323,5.531984701459994,5.249224029613517,5.6036205,5.698970004079002
1198,S. aureus,GVVVRVPRVVVRWVRR,0.602059991,16,5.397940009,1198,1198,train,7,5.297363569338913,5.2725032594776415,4.928837232816278,5.145049223954036,4.998365693971486,5.377183659840007,5.191525002869136,5.3540387,5.39794000894972
1199,S. aureus,GVVVRWGRVIVRGVRR,0.602059991,16,5.397940009,1199,1199,train,7,5.297997602743264,5.63998876284505,4.85215759648151,5.59983990118363,5.023295888794689,5.263370168950007,5.27816306236052,5.3937435,5.397940007967809
1200,S. aureus,GVVVRWGRVVVRGVRR,0.903089987,16,5.096910013,1200,1200,train,6,4.99691712047551,5.493446130698497,4.847171148402977,5.360005932628077,4.918241538642226,5.113288791620008,5.156126961572391,5.158642,5.096910014053363
1201,S. aureus,GVVVRWGRVWVRGVRR,0.602059991,16,5.397940009,1201,1201,train,7,5.29811955487185,5.451575586608563,4.871191425947029,5.426525483102403,4.95388246963262,5.284387853930008,5.149301858856552,5.328759,5.3979400089814815
1205,S. aureus,GWASKIGQALGKVAKVGLQQFIQPK,2.0,25,4.0,1205,1205,train,1,4.10000746211036,4.508545986129273,4.75284293352272,4.493436999252951,4.694282878229176,4.151614032200001,4.336885868423397,4.0380597,4.000000000091569
1206,S. aureus,GWASKIGQTLGKIAKVGLKELIQPK,2.069292536,25,3.930707464,1206,1206,train,1,4.03086244076958,4.4702094233723315,4.670081864318452,4.497098029045251,4.530118471005076,4.093401585030003,4.447433081489147,4.105261,3.9307074640761104
1207,S. aureus,GWASKIGQTLGKMAKVGLQEIIQPK,1.698970004,25,4.301029996,1207,1207,train,2,4.401138054834199,4.202798631139011,4.631063103499651,4.235942459125711,4.48582967481338,4.281318412640006,4.355267490365914,4.2813373,4.301029996043519
1208,S. aureus,GWASKIGQTLGKMAKVGLQELIQPK,1.698970004,25,4.301029996,1208,1208,train,2,4.400882654596044,4.243766075877825,4.631125270649662,4.224469911375634,4.485954876809888,4.2624865291200065,4.384215892620787,4.288339,4.301029995900077
1209,S. aureus,GWASKIGTQLGKMAKVGLKEFVQS,1.397940009,24,4.602059991,1209,1209,train,4,4.70216427529083,4.230386468400334,4.678822359456125,4.212144132862869,4.505832681879544,4.500483035259994,4.319382720529524,4.412382,4.602059991011334
1210,S. aureus,GWASSIGSILGKFAKGGAQAFLQPK,2.408239965,25,3.591760035,1210,1210,train,0,3.6915987008591697,4.347076700426584,4.707883800993941,4.368924944109103,4.656521923278269,3.875938171669998,4.296804295635935,3.8013012,3.5917600351246306
1211,S. aureus,GWFDVVKHIAKRF,1.698970004,13,4.301029996,1211,1211,train,2,4.401152164647596,4.0025108594729994,4.608996541114441,4.029511434511553,4.605037938691087,4.480997389800004,4.592774959249279,4.3373194,4.301029996013335
1212,S. aureus,GWGDTFGKVLKNFAKVAGVKAAK,1.204119983,23,4.795880017,1212,1212,train,4,4.732276952898313,4.556837253385084,4.652416555095165,4.593159320978717,4.681477928328814,4.675326149940002,4.390995896504719,4.770661,4.7958800169794
1213,S. aureus,GWGDTFLKTMAKIAKVGPKLLHS,1.204119983,23,4.795880017,1213,1213,train,4,4.732276952898313,4.521115065237528,4.721302006995305,4.599529420379229,4.745305701398696,4.589473096910001,4.531623668038267,4.7489767,4.795880017030482
1214,S. aureus,GWGSFFKKAAAVGKAVGKAALTAYL,0.803937155,25,5.196062845,1214,1214,train,6,5.095950984296673,4.86808463764295,4.80242708304738,4.90630242626344,4.836641796529779,4.828258409850003,4.721244251655292,5.0958266,5.196062844912369
1215,S. aureus,GWGSFFKKAAHVG,1.763427994,13,4.236572006,1215,1215,train,2,4.33667844079301,4.148624241994959,4.641080548370457,4.109840215904605,4.592375060812456,4.281392557700001,4.332518703762624,4.24322,4.2365720059798155
1217,S. aureus,GWGSIFKHGRHAAKHIGHAAVNHYL,1.063439215,25,4.936560785,1217,1217,train,5,4.836636377115067,5.004089474236414,4.808502636351098,5.094566496156616,4.868284365517935,4.7899558521099985,4.837430883474601,4.9548497,4.936560785007957
1218,S. aureus,GWKKWFNRAKKVGKTVGGLAVDHYL,0.747855444,25,5.252144556,1218,1218,train,7,5.152108761045801,4.896418863909121,4.763570612999164,4.807236451689285,4.757735423540573,5.068423255160003,4.981412301760511,5.2322516,5.252144555940116
1219,S. aureus,GWKKWFTKGERLSQRHFA,1.451577412,18,4.548422588,1219,1219,train,3,4.648390632005494,5.731054653148553,4.627240665048859,5.707986017469185,4.681629331710618,4.733455040879998,4.629135004600678,4.5967956,4.548422588012687
1220,S. aureus,GWKKWLRKGAKHLGQAAIK,0.812196408,19,5.187803592,1220,1220,train,6,5.087626750552947,4.530525021596694,4.691901080570797,4.495914368432542,4.731157481748131,4.991267012040007,4.678889045984071,5.118971,5.187803591974004
1221,S. aureus,GWKKWLRKGAKHLGQAAIKGLAS,0.805316535,23,5.194683465,1221,1221,train,6,5.094223434613893,4.221770751458273,4.699320531908113,4.299205801074264,4.644376608280317,4.8874350587500075,4.327461308790802,5.0798364,5.194683464913181
1222,S. aureus,GWKRKRFG,2.301029996,8,3.698970004,1222,1222,train,0,3.7988393630356505,3.8013016072626975,4.577660111116706,3.777166583019588,4.424970303297686,3.920234448939995,3.9574532371475737,3.7521327,3.698970003975317
1223,S. aureus,GWKSVFRKAKKVGKTVGGLALDHYL,1.365388277,25,4.634611723,1223,1223,train,4,4.732276952913917,5.093540504045922,4.728320035199655,5.15971559077057,4.733283898367555,4.685160040099996,4.766253656197749,4.7539725,4.634611723048741
1226,S. aureus,GWLPTFGKILRKAMQLGPKLIQPI,1.204119983,24,4.795880017,1226,1226,train,4,4.732276952898313,4.112598481061573,4.896373118456997,4.141759619916019,4.9782599061909725,4.666622836840002,4.690796018673127,4.7276607,4.795880016996037
1227,S. aureus,GWMSKIASGIGTFLSGMQQ,2.0,19,4.0,1227,1227,train,1,4.100112487521083,4.4325809951215,4.682099166598926,4.527970869716778,4.525694290380674,4.22984885687,4.484758565624215,4.0504117,4.000000000026126
1228,S. aureus,GWRLIKKILRVFKGL,0.340248022,15,5.659751978,1228,1228,train,9,5.559635746725767,5.177711289714114,4.882079057632176,5.0035841700093115,4.9581869959892,5.472377814879994,5.173431427626526,5.5896416,5.659751977865909
1229,S. aureus,GWRTLLKKAEVKTVGKLALKHYL,0.178287531,23,5.821712469,1229,1229,train,9,5.721911999333136,4.981206908442811,4.78997638234785,4.848781647016363,4.804717613314591,5.419843183589995,4.9487860677630575,5.7255154,5.821712468926605
1230,S. aureus,GYKYINNIIKYINKFFKYIW,0.483282568,20,5.516717432,1230,1230,train,8,5.416793144961446,5.056768021631373,5.094678759499974,5.10434445317026,5.123744801195588,5.3092945727500025,5.024649314992854,5.48804,5.51671743194472
1231,S. aureus,GYNYAKKLANLAKKFANALW,1.021390424,20,4.978609576,1231,1231,train,5,4.878249541199731,4.945190033854537,4.775032844931428,4.9991254901880975,4.7594368242581915,4.9395563096899995,4.8737262415310925,5.000837,4.978609575966792
1240,S. aureus,HFLGTLVNLAKKKL,2.10720997,14,3.89279003,1240,1240,train,1,3.9929489730106766,3.8562558057146097,4.7154208688758965,3.859417484899028,4.664741618331665,4.168498054860001,4.392310392891565,3.925904,3.892790030031789
1244,S. aureus,HKLGTLVNLAKKIL,2.10720997,14,3.89279003,1244,1244,train,1,3.9927532947476436,4.0354490772642375,4.710808990540826,4.068962173567751,4.668724438763302,4.279226146980002,4.663329091035388,3.921037,3.892790030051299
1245,S. aureus,HKTDSFVGLM,2.644240081,10,3.355759919,1245,1245,train,0,3.455700891147288,3.3372848570977913,4.363503651978845,3.3616445604207628,4.230898911138424,3.485642493029996,3.47050420048751,3.3617098,3.3557599189547718
1246,S. aureus,HKVVFKVKFH,1.493289027,10,4.506710973,1246,1246,train,3,4.606368789581671,4.408629646071114,4.79082999546175,4.469004936973213,4.768812164689871,4.605838782619998,4.798681218831661,4.525082,4.506710973044849
1248,S. aureus,HLHFPHLHFP,1.591263018,10,4.408736982,1248,1248,train,3,4.5086265759321975,3.780968908502961,4.657736484752615,3.771546736320423,4.51625391859607,4.391171042669997,4.354970675052274,4.3540683,4.408736981970352
1249,S. aureus,HLNKRVQRELIGWLDWLK,2.257678575,18,3.742321425,1249,1249,train,0,3.8424919332343395,3.985596211167922,4.638011661443344,3.971863682766615,4.574789634413989,4.25170663643,4.6122763015878725,3.7692502,3.742321425035907
1250,S. aureus,HLRRINKLLTRIGLYRHAFG,1.644176107,20,4.355823893,1250,1250,train,3,4.456003791136503,4.952631808377076,4.875514016919481,4.849573015800901,4.904828639798806,4.611361501279997,4.8805985056798935,4.445133,4.355823893103678
1251,S. aureus,HNSSKQWSHWLWHNGIRI,1.447006622,18,4.552993378,1251,1251,train,4,4.652930671930665,4.424403327609628,4.7698038314518225,4.666546155592702,4.754630960293641,4.657776254649999,4.714484589938924,4.57507,4.552993377952796
1252,S. aureus,HPLKQYWWRPSI,2.096910013,12,3.903089987,1252,1252,train,1,4.003268964710063,3.773522323518109,4.711866432317335,3.8315049633312195,4.668930714864496,4.140034208919994,4.593351516192414,3.9854279,3.903089986941803
1253,S. aureus,HQFRFRFRVRRK,0.301029996,12,5.698970004,1253,1253,train,9,5.598798001144765,5.283859592949882,4.7985888083517345,5.260261358227635,4.820394512075087,5.399753530149996,5.009294639086996,5.6694636,5.698970003891859
1254,S. aureus,HRVKRNGFRKFMRRLKKFFAGG,1.669889714,22,4.330110286,1254,1254,train,3,4.429939394329403,5.078688468693143,4.886546568739738,5.012584472814709,4.9563087353628426,4.5928267686199975,4.811981885776354,4.385524,4.330110286143968
1255,S. aureus,HRWWRWWRH,1.204119983,9,4.795880017,1255,1255,train,4,4.732276953257236,5.12605067959171,4.879606395242515,5.029835462224576,4.928303648529038,4.977966953110002,5.321918408686955,4.8930492,4.795880016973711
1256,S. aureus,HRWWRWWRR,0.903089987,9,5.096910013,1256,1256,train,6,4.997012942411873,5.588049836087753,4.898203441883064,5.4823855924349045,4.9675605656114135,5.088319994630007,5.264768952579624,5.104366,5.0969100130357115
1257,S. aureus,HVINLEESFQEPEYENHLA,-2.22184875,19,8.22184875,1257,1257,train,9,8.121816794005495,7.7692531453992615,4.173553320302747,7.638730079272237,4.824574140012451,6.8150204149900055,7.1343760051676925,8.084913,8.221848749869483
1258,S. aureus,IAAAGLPQE,2.892651034,9,3.107348966,1258,1258,train,0,3.207289479186663,3.1661187215491657,3.9408230580502868,3.0273034873898457,3.385101953380565,3.0222075615599993,3.041091288226566,3.1122966,3.107348965994986
1259,S. aureus,IAAQGLPQE,3.096910013,9,2.903089987,1259,1259,train,0,3.002929198327423,3.132107514095031,3.9528501596789583,3.024243720766332,3.3740941003076084,2.868349985799995,2.933307528954074,2.8620706,2.9030899869957465
1260,S. aureus,IDGLKAIVKKVADLLKNT,1.84509804,18,4.15490196,1260,1260,train,2,4.255010358772058,4.271686931588431,4.424066353273453,4.314748897090283,4.476424898117154,4.252494901690004,4.437931467664856,4.108998,4.154901960013722
1261,S. aureus,IDGLKAIWKKVADLLKNT,1.860338007,18,4.139661993,1261,1261,train,2,4.239499394802057,4.4365540703964745,4.454078562954513,4.420790495353714,4.443536368706749,4.2911138346700035,4.413021531012582,4.2169833,4.139661992989667
1265,S. aureus,IFGAILPLALGALKNLIK,0.903089987,18,5.096910013,1265,1265,train,6,4.996740546747952,4.714521974766272,4.720509894648151,4.6877501309106515,4.74577516859822,5.1171418526700085,4.987974744837788,5.094077,5.096910013137048
1266,S. aureus,IFGAIWKGISSLL,1.545694126,13,4.454305874,1266,1266,train,3,4.554468490443806,4.505505164000987,4.73423600192066,4.4425374599743295,4.7522821840452245,4.63223086722,4.9626184830488995,4.6405377,4.454305874006991
1268,S. aureus,IFGAIWPLALGALKNLIK,0.602059991,18,5.397940009,1268,1268,train,7,5.2980952984877145,4.646730940180028,4.763870906865613,4.7827179399601905,4.810175066489002,5.224829466310005,5.199012772688307,5.3076262,5.397940008731427
1269,S. aureus,IFGLLLHGAIHVGKLIHGLVRRH,1.150514998,23,4.849485002,1269,1269,train,5,4.749644124303336,5.2547887696622935,4.879021163117549,5.167086923482388,4.987190945251472,5.0091374627099965,5.11128264063403,4.9457283,4.849485002233187
1270,S. aureus,IGGIISFFKRLF,0.650464499,12,5.349535501,1270,1270,train,7,5.249597286762,4.939702672015571,4.861746470383945,4.963838322528949,4.895814353727942,5.171832848129997,5.017075437837217,5.2671814,5.349535501049992
1271,S. aureus,IGKEFKRIVQRIKDFLRNL,0.602059991,19,5.397940009,1271,1271,train,7,5.298042662332873,4.884510213534769,4.696535674934597,4.845122369109399,4.763001836264139,5.2228155986300075,4.883516011774366,5.347759,5.3979400089605045
1272,S. aureus,IGKFLKKAKKFG,2.574226373,12,3.425773627,1272,1272,train,0,3.5256479614171443,3.637617818218577,4.657231133981741,3.818723559141396,4.658275845078148,3.7313968744800055,4.100416558337779,3.4909086,3.425773627016232
1273,S. aureus,IGKKFKRIVKRIKKFLRKL,0.602059991,19,5.397940009,1273,1273,train,7,5.2976665278836865,5.383682445055408,4.937514433153922,5.394235032491797,5.121025166400218,5.441251049580005,5.1890288070727655,5.4477735,5.397940009757082
1274,S. aureus,IGKKFKRIVKRIKKWLRKL,0.301029996,19,5.698970004,1274,1274,train,9,5.598668093861803,5.422632194379077,4.9479315387335365,5.4143988203885725,5.136737862068937,5.570221240479994,5.299688398017904,5.5505896,5.698970003309872
1275,S. aureus,IGKKFKRIVQRIKKFLRKL,0.602059991,19,5.397940009,1275,1275,train,7,5.298102817460436,5.3264997862991095,4.932446255672501,5.484390860281863,5.102590633806622,5.395147495620007,5.225506349148581,5.4136815,5.397940009234806
1276,S. aureus,IGKKFKRIVQRIKKFLRNL,0.602059991,19,5.397940009,1276,1276,train,7,5.297734957131899,5.077386413122433,4.8954516415366145,5.160457947859978,5.0518676108764335,5.354668545460007,5.1561329431367975,5.361591,5.397940008700838
1277,S. aureus,IGKKWKRIVKRIKKFLRKL,0.602059991,19,5.397940009,1277,1277,train,7,5.29789198980485,5.3416039843977225,4.947620702983481,5.341752594683202,5.135925627792281,5.436493045620004,5.299688398017904,5.39857,5.3979400082306555
1278,S. aureus,IGKLFKRIVKRILKFLRKL,0.602059991,19,5.397940009,1278,1278,train,7,5.297774875686645,5.444615618031108,5.001709034388909,5.530826667387688,5.203766882499691,5.318109702910009,5.3078810966660415,5.351985,5.397940009561269
1279,S. aureus,IGKLFKRIVQRILKFLRNL,0.903089987,19,5.096910013,1279,1279,train,6,4.996796608412497,5.344173311924856,4.957269263506473,5.34952970969182,5.128398123683829,5.1929446209000085,5.266999585502026,5.1427293,5.096910013339659
1280,S. aureus,IGKLVKWIIKTVNKFTKK,0.568201724,18,5.431798276,1280,1280,train,8,5.331713826536719,4.905470499024338,4.864526909266318,5.046969059990759,4.912918818681849,5.3027850112299975,5.0109362538372135,5.33856,5.431798275844627
1281,S. aureus,IHHQGLPQE,3.397940009,9,2.602059991,1281,1281,train,0,2.7022123145724573,2.408947682101528,3.9961324066128863,2.4136888523454094,3.4454114428736053,2.69411995411,2.7725253992792633,2.6420166,2.6020599910137574
1282,S. aureus,IHQGLPQE,3.273001272,8,2.726998728,1282,1282,train,0,2.8269127974543675,2.2537687412937193,3.9247089243986055,2.412372735396723,3.3410475384821092,2.7419539087500033,2.8090806234868366,2.7000544,2.7269987279797867
1283,S. aureus,IIGAIAAALPHVINAIKNTF,1.204119983,20,4.795880017,1283,1283,train,4,4.732276952898313,5.023927193778631,4.718397791305511,4.93852176835605,4.701815171283466,4.981875110160002,4.771640843544656,4.803015,4.795880016986022
1284,S. aureus,IIGHLIKTALGMLGL,1.079181246,15,4.920818754,1284,1284,train,5,4.820646634234622,4.494609370509082,4.7027619260018,4.381081885111504,4.702346405974462,4.923824613399997,4.850630627151539,4.91268,4.920818753938126
1285,S. aureus,IIGPVLGLIGKALGGLL,2.203304916,17,3.796695084,1285,1285,train,0,3.8965791176628546,4.100019556611623,4.708413471855487,4.114227436965491,4.707828235571721,4.0389700953300025,4.313134564216335,3.9117284,3.796695083712591
1286,S. aureus,IIGPVLGLVGKALGGLL,2.206842185,17,3.793157815,1286,1286,train,0,3.893318326390566,4.194296372439572,4.702977001508587,4.192449194213167,4.6983609209426405,3.9973517112199954,4.380309240148463,3.8260584,3.7931578154734376
1289,S. aureus,IIPLPLGYFAKKKKKKDPVPLDQ,1.578855434,23,4.421144566,1289,1289,train,3,4.520971974867864,4.156026560720629,4.5878944102354,4.294711770868318,4.561393371176969,4.539767955970004,4.474817156006525,4.443181,4.421144565991307
1292,S. aureus,IIRKIIRK,2.682203295,8,3.317796705,1292,1292,train,0,3.4176829864463416,3.6698815914065435,4.760322228260512,3.607553007578802,4.741157277754098,3.5201578652099976,3.922300729270164,3.3253903,3.3177967049020585
1293,S. aureus,IISTIGKLPKWIIKTVNKFTKK,1.342422681,22,4.657577319,1293,1293,train,4,4.74645967124763,4.905335780121056,4.879646792804012,4.888609467171398,4.9681685308668575,4.867206973579999,4.933490952648991,4.9092307,4.657577319517976
1296,S. aureus,IISTIGKLVKWIIKTVNKFTKK,0.672097858,22,5.327902142,1296,1296,train,7,5.228081143782545,5.175266097121567,4.943008693373873,5.058513044607907,5.039678069917953,5.312686797130008,5.089535062946128,5.272458,5.32790214152025
1297,S. aureus,IKAQGLPQE,3.096910013,9,2.903089987,1297,1297,train,0,3.0032497159715064,2.990261571901267,3.9805233019006603,2.9934024191090742,3.4288552694224705,2.865660267919996,2.6824556910106847,2.8455946,2.903089986990951
1298,S. aureus,IKFEPPLPPKKAH,1.629564057,13,4.370435943,1298,1298,train,3,4.470536501686562,3.8279696440014717,4.311343310373272,3.7702037118978553,4.182429854949488,4.261985901330004,4.299280831674405,4.314194,4.370435942978977
1299,S. aureus,IKHAGLPQE,3.235212711,9,2.764787289,1299,1299,train,0,2.865148613898336,2.8669254194906824,3.985701514741104,2.8754845730503606,3.461963397464003,2.8719642858499994,2.797127424939214,2.7971692,2.764787289032291
1300,S. aureus,IKHQGLPQA,3.193820026,9,2.806179974,1300,1300,train,0,2.906460069648313,3.1495068756032247,4.183830369826441,3.1322674013464695,3.75993705988997,3.253816573919998,3.217196326700403,2.906033,2.806179973991805
1301,S. aureus,IKHQGLPQE,3.140272214,9,2.859727786,1301,1301,train,0,2.959492193792519,2.6533764793862793,3.9991365194729678,2.6424140209046647,3.454565294416388,2.7905253797800014,2.6929658130551415,2.7654042,2.8597277859452177
1302,S. aureus,IKHQGLPQED,3.038918066,10,2.961081934,1302,1302,train,0,3.0605243720561326,3.3060018110505704,3.9891753706348956,3.25270393002227,3.4667716410301868,3.1023332597499977,2.9094748636659333,2.941993,2.9610819339809997
1303,S. aureus,IKHQGLPQEE,3.397940009,10,2.602059991,1303,1303,train,0,2.7019439576103346,2.6878144976783584,4.028946201308276,2.490374109783912,3.486463489715651,3.0230782276199992,3.0550077440359846,2.6874912,2.6020599910607545
1304,S. aureus,IKHQGRPQE,3.397940009,9,2.602059991,1304,1304,train,0,2.701946950531122,3.3324745620648244,3.958203933793426,3.283642971648563,3.5089289958673158,2.732807614170001,3.0108538927547825,2.6719353,2.60205999104579
1305,S. aureus,IKHRGLPQE,3.038918066,9,2.961081934,1305,1305,train,0,3.061199167828616,2.738309111943086,4.012314108322663,2.8425192645269615,3.4992379285550093,2.9427728843599965,2.7339279220982147,2.9034033,2.9610819340030625
1306,S. aureus,IKIKIKIK,1.771142527,8,4.228857473,1306,1306,train,2,4.32886388032838,4.4368167419096896,4.763689643348222,4.525949202962547,4.772556568851112,4.047880355010004,4.043349451091919,4.171882,4.228857472862305
1307,S. aureus,IKKIIKKI,2.698970004,8,3.301029996,1307,1307,train,0,3.401177871564464,3.8322793566354054,4.7478918734630575,3.915327509108694,4.726771563858631,3.4932882068100044,3.597502968552163,3.2641008,3.3010299957390563
1308,S. aureus,IKKIIKKIIK,2.698970004,10,3.301029996,1308,1308,train,0,3.400859926280197,4.2487843661391995,4.786073393580351,4.249388025158861,4.787396212798021,3.704761128560003,4.041548192475477,3.3360336,3.3010299960644076
1309,S. aureus,IKKIIKKIIKKI,2.397940009,12,3.602059991,1309,1309,train,0,3.702154472684982,4.199152181711213,4.826225978042115,4.2748718378251676,4.844751869219498,4.024451361499995,4.2598973308276475,3.7110677,3.602059991536614
1310,S. aureus,IKKILSKIKKLL,0.795880017,12,5.204119983,1310,1310,train,6,5.104264718084543,5.115848493038925,4.759807536280862,5.120589768031546,4.791612648253082,5.148889671279999,4.919017026645028,5.1555963,5.204119982898689
1311,S. aureus,IKKILSKIKKLLK,0.698970004,13,5.301029996,1311,1311,train,7,5.20121208470249,5.033115914325525,4.763391129012303,4.985463816280211,4.808502018887987,5.3234173214600045,5.0325716650387555,5.3034387,5.301029996450791
1312,S. aureus,IKKILSKIKKLWK,1.096910013,13,4.903089987,1312,1312,train,5,4.80297775821561,4.987697153988703,4.787578299324028,4.977832029076784,4.847396586750923,5.050378235589995,5.197093606713183,5.1547914,4.903089987312462
1313,S. aureus,IKKILSKIKKWLK,0.698970004,13,5.301029996,1313,1313,train,7,5.20085908389104,5.030676434201807,4.789271439939035,5.033718294138339,4.851820874634355,5.220785658290003,5.197093606713183,5.2787876,5.301029995382643
1314,S. aureus,IKKILSKIKKWWK,1.096910013,13,4.903089987,1314,1314,train,5,4.803192207027403,5.194246156713328,4.813688994394918,5.145639997250423,4.891317451431754,5.054731360569994,5.164734759963788,5.017908,4.9030899874325335
1315,S. aureus,IKKIVSKIKKLL,0.494154594,12,5.505845406,1315,1315,train,8,5.405672105200809,5.163580924718474,4.781478522678358,5.267213025732885,4.9327154403352065,5.377244051559999,5.04877658583655,5.449239,5.505845406130908
1316,S. aureus,IKKIVSKIKKLLK,0.494154594,13,5.505845406,1316,1316,train,8,5.405939646786435,5.190250891685504,4.783213503961294,5.087890566913231,4.9376003741931624,5.437320004100001,5.180668309361741,5.438839,5.505845405435099
1317,S. aureus,IKKIVSKIKKVL,0.892651034,12,5.107348966,1317,1317,train,6,5.007522074866123,5.063106097484729,4.775987477690624,5.219270109647533,4.923958948530245,5.158283754470002,4.931073681295261,5.1287026,5.107348965783785
1318,S. aureus,IKKIVSKIKKVLK,0.846955325,13,5.153044675,1318,1318,train,6,5.053136937048992,5.041843272244094,4.777977299520752,4.998245059514075,4.929286592756732,5.216350851919997,5.070504959302736,5.2166753,5.153044675538472
1319,S. aureus,IKKIWSKIKKLLK,0.397940009,13,5.602059991,1319,1319,train,8,5.5019380784634055,5.169418639681082,4.811305770325088,5.132443218879346,4.860325662751623,5.533154056179996,5.218325586376636,5.5618186,5.602059991162789
1320,S. aureus,IKKIWSKIKKLWK,0.397940009,13,5.602059991,1320,1320,train,8,5.501622365898818,5.222637212240764,4.835368606336791,5.22393941540025,4.898895336903896,5.581307657479994,5.181608491714091,5.5520697,5.602059990298072
1321,S. aureus,IKKIWSKIKKWLK,0.397940009,13,5.602059991,1321,1321,train,8,5.501943204184951,5.195951341142612,4.836955697107662,5.203768828009948,4.903042509563528,5.580757151499992,5.181608491714091,5.5293283,5.602059991731289
1322,S. aureus,IKKIWSKIKKWWK,0.397940009,13,5.602059991,1322,1322,train,8,5.502054262338992,5.366635036267194,4.8612525741547,5.1422891204230785,4.942223748347637,5.535274865149993,5.181608491714091,5.504032,5.602059990589553
1323,S. aureus,IKKRWWWFR,1.357259682,9,4.642740318,1323,1323,train,4,4.732276962898875,4.846254545277535,4.912319410416022,4.874344912158358,4.967230719141344,4.951934162509997,5.213807196716775,4.704143,4.642740318157167
1324,S. aureus,IKKVASV,3.13876514,7,2.86123486,1324,1324,train,0,2.9614048302298293,2.4841737849171235,4.545714841409422,2.412714964644764,3.9360650022169335,3.2877791169800026,3.4521339690764563,2.8892944,2.8612348599597026
1325,S. aureus,IKKVASVIGGL,2.975129472,11,3.024870528,1325,1325,train,0,3.124951542288321,3.456226342689738,4.602124554366368,3.4738351705812383,4.282830955567582,3.310792520280001,3.4545980525556863,3.0259538,3.0248705282419555
1326,S. aureus,IKKWLSKIKKLLK,0.193124598,13,5.806875402,1326,1326,train,9,5.707033905212457,4.961237144231323,4.786415407929703,4.970655705201558,4.844357874986492,5.626558973779996,5.2101262989593895,5.664853,5.806875401065392
1327,S. aureus,IKKWWSKIKKLLK,0.193124598,13,5.806875402,1327,1327,train,9,5.7068676978928945,5.254886061471805,4.834666483230784,5.289334339274633,4.89706064300839,5.658902631229998,5.239732321984193,5.679673,5.806875402019521
1329,S. aureus,IKQGLPQE,3.397940009,8,2.602059991,1329,1329,train,0,2.702023269545893,2.3966428782222056,3.9261013438344605,2.4597443472966605,3.345936731878745,2.71793719222,2.7086500232346507,2.6573167,2.6020599910034705
1330,S. aureus,IKQLLHFFQRF,1.626568568,11,4.373431432,1330,1330,train,3,4.47330733238367,4.705905577640166,4.880490974028483,4.627922744918438,4.886928065961755,4.6020048274800045,4.787874314895337,4.4465036,4.373431431974437
1331,S. aureus,IKQLLHFFQRFGGGFIKHFIHRF,1.337333977,23,4.662666023,1331,1331,train,4,4.732276952898318,4.839147307458359,5.050957749243691,4.806418943022803,5.152091244616081,4.727613707519995,4.712946121668792,4.6389527,4.6626660229776835
1332,S. aureus,IKQVKKLFKK,0.889301703,10,5.110698297,1332,1332,train,6,5.010800280102554,5.034670277904145,4.726220133367823,5.090579650626906,4.703980181291345,4.85764653639,4.673440726186169,5.0409956,5.110698296985294
1333,S. aureus,IKRFWPVVIRTVVAGYNLYRAIKKK,0.066088677,25,5.933911323,1333,1333,train,9,5.833750750739959,5.848535244091503,5.046456608240028,5.814313315354436,5.1547680052769405,5.784202535630003,5.414350052861991,5.885584,5.93391132216292
1335,S. aureus,IKWKAILDAVKKVI,1.470374509,14,4.529625491,1335,1335,train,3,4.6295121466705496,4.6500416740587385,4.598119415514715,4.676397116362269,4.602169415252447,4.637147064269996,4.869176651040508,4.5148444,4.529625490960798
1336,S. aureus,IKWKRWWWR,1.345363738,9,4.654636262,1336,1336,train,4,4.732281941575696,5.118844100440678,4.917918864605908,5.042451506818086,4.965895178499175,4.793705743849999,4.961371252770804,4.7493753,4.6546362627574
1337,S. aureus,ILAWKWAWWAWRR,0.302020352,13,5.697979648,1337,1337,train,9,5.598145912596796,5.291403775975024,4.943729101067258,5.253778790920625,5.022438295738852,5.502436731730001,5.255775210421945,5.6439157,5.697979647943308
1338,S. aureus,ILGAAWNGAKSLF,1.870451792,13,4.129548208,1338,1338,train,2,4.229411586586611,4.271925926152219,4.549868716131639,4.380840924048306,4.51910993935792,4.289286522380003,4.515028881055184,4.2688775,4.129548208016171
1339,S. aureus,ILGAIIPLVSGLLSHL,1.285557309,16,4.714442691,1339,1339,train,4,4.732276952898313,4.807169360792307,4.713818062583051,4.777910535094287,4.736839351837757,4.6558695777599945,4.612082697452037,4.6731277,4.714442690983441
1340,S. aureus,ILGAILPLVSGLLSNKL,2.10720997,17,3.89279003,1340,1340,train,1,3.992892774695394,4.237089024162282,4.697995029847951,4.320798036610625,4.703861403224657,4.281427184340003,4.513948389725631,4.033513,3.892790030081264
1342,S. aureus,ILGIITSLLKSL,1.293930953,12,4.706069047,1342,1342,train,4,4.732276952898314,4.791132838994758,4.696166264151557,4.862016755356287,4.714315988498571,4.712185214000004,4.534656548262995,4.737695,4.7060690469863005
1345,S. aureus,ILGKIIKVVK,2.0,10,4.0,1345,1345,train,1,4.099894022462904,4.504923868505519,4.7489501766379165,4.536209740706791,4.77364540389231,4.074469083400001,4.0905270672173835,3.9813848,4.0000000003659775
1347,S. aureus,ILGKILKGIKKLF,0.301029996,13,5.698970004,1347,1347,train,9,5.599286705231475,5.466416007763865,4.766555877454256,5.350889686402978,4.823828135244656,5.578753626179994,5.127872426392955,5.62178,5.698970003882657
1351,S. aureus,ILGKIWKIKKLF,0.0,12,6.0,1351,1351,train,9,5.899827673474801,5.4789603614168225,4.83519578968671,5.516035430647668,4.895006558394643,5.76071555656,5.135954671844374,5.8925724,5.9999999997679785
1352,S. aureus,ILGKIWKPIKKLF,0.06694679,13,5.93305321,1352,1352,train,9,5.8330877387848865,5.588857795499846,4.80546984005235,5.473958673423912,4.876507817864107,5.714695556590009,5.180940316472085,5.8644543,5.933053209911126
1355,S. aureus,ILGKLLSTAAGLLKNL,1.204119983,16,4.795880017,1355,1355,train,4,4.732276952898313,5.480598882021766,4.613997619124501,5.4292171468519115,4.615540437453637,4.83859779722,4.776639027021553,4.8123355,4.795880017003759
1369,S. aureus,ILGPVLGLVGDTLGDLL,1.778591083,17,4.221408917,1369,1369,train,2,4.321252211781971,4.301356987019159,4.403131737491081,4.163624871929075,4.322605253805665,4.2481744342400045,4.297935122316927,4.2144265,4.221408916947201
1372,S. aureus,ILGPVLGLVGSALGGLI,1.809974545,17,4.190025455,1372,1372,train,2,4.289956393887727,4.334163931078612,4.6647254219736345,4.361700703324875,4.626285276259414,4.307313705700002,4.2595739024781984,4.183348,4.190025454948623
1373,S. aureus,ILGPVLGLVSDTLDDVLGIL,2.113943352,20,3.886056648,1373,1373,train,1,3.9862187110632914,3.639110734710119,4.53602079751573,3.705645941935501,4.49172559836788,4.1462117806500025,4.348583090318995,3.9449396,3.8860566480457193
1374,S. aureus,ILGPVLGLVSNALGGLL,1.794265628,17,4.205734372,1374,1374,train,2,4.3058424527137245,4.224087640089492,4.681101594653678,4.174940979656048,4.6262115644976545,4.300140813059996,4.421974694075447,4.209649,4.205734371992829
1375,S. aureus,ILGPVLGLVSNTLDDVLGIL,1.694348426,20,4.305651574,1375,1375,train,3,4.4057624101357025,3.755423286698493,4.653261672023809,3.6962392398160766,4.568421877034609,4.351712882510004,4.391662670086595,4.2521806,4.305651573994714
1378,S. aureus,ILGTILGLLKSL,1.082468374,12,4.917531626,1378,1378,train,5,4.817420685970081,4.712649009391577,4.66233435633389,4.681779950223576,4.689480323369478,4.776105747140009,4.7345404661003885,4.8880672,4.917531626034664
1382,S. aureus,ILKKWPWWPWRRK,0.929895423,13,5.070104577,1382,1382,train,6,4.969998955485228,5.668162073163494,4.912592588718767,5.6235075526482,5.075877634406604,5.261059654399999,5.441840662057506,5.1525583,5.070104577389559
1383,S. aureus,ILKLFKRIVKRILKFLRKL,0.903089987,19,5.096910013,1383,1383,train,6,4.997011273401286,5.571421921111048,5.072662098351861,5.584969116013517,5.299715275856734,5.232592759290004,5.3611561914486,5.1704664,5.096910012989491
1385,S. aureus,ILKWKWPWWPWRR,0.411543093,13,5.588456907,1385,1385,train,8,5.488287198249608,5.818421572151079,4.977373314842313,5.842968379616863,5.153881872270401,5.590083554410006,5.551452051955835,5.5980515,5.58845690695189
1386,S. aureus,ILPFKFPFFPFRR,0.562353731,13,5.437646269,1386,1386,train,8,5.337798663967066,5.2396436413687475,4.877220511020495,5.1874767879494215,4.9059613910287,5.397861667560003,5.194782684979459,5.438122,5.437646268821689
1387,S. aureus,ILPIIGKILSTIFGK,0.795880017,15,5.204119983,1387,1387,train,6,5.104273119781318,4.582648022105874,4.7504411462343725,4.684432833114008,4.779829115704618,5.163349668509999,4.806000005558578,5.13741,5.204119982869278
1388,S. aureus,ILPILAPLIGGLL,2.0,13,4.0,1388,1388,train,1,4.0994310311020365,4.432841386126476,4.714035742252027,4.522107167534591,4.658219217298796,4.24112916872,4.468429050759376,4.0222583,3.999999999985102
1389,S. aureus,ILPILGNLLNGLL,2.0,13,4.0,1389,1389,train,1,4.100162337714458,4.71221561368653,4.708925580044932,4.888335945428163,4.582609634467106,4.27818951172,4.60057297427122,4.042512,4.000000000068694
1391,S. aureus,ILPILSLIGGLL,1.831443159,12,4.168556841,1391,1391,train,2,4.268679581037961,4.739611688501331,4.736227843445629,4.64210685705408,4.705837103119373,4.272736903549999,4.255928659065042,4.1427345,4.168556840987302
1392,S. aureus,ILPILSLIGGLLGK,1.612783857,14,4.387216143,1392,1392,train,3,4.487063244504701,4.739176772541344,4.6730045068597255,4.694018166017375,4.6964557846380846,4.401892225249997,4.7335162892783496,4.3839054,4.387216143074131
1393,S. aureus,ILPIRSLIKKLL,1.096910013,12,4.903089987,1393,1393,train,5,4.8029179424898665,4.757090107979267,4.7660166951904905,4.813058294141977,4.779699145620806,4.912737524289995,4.725999374743197,4.894246,4.903089987009134
1394,S. aureus,ILPKKKPWWPWRR,0.542737367,13,5.457262633,1394,1394,train,8,5.357299227055721,5.244772795694597,4.763148922415839,5.241340990862618,4.91568648489618,5.334030184240006,5.181039858395308,5.3365903,5.457262633069196
1395,S. aureus,ILPKKWPKLPWRR,0.560821014,13,5.439178986,1395,1395,train,8,5.339282527317215,5.1754351202466795,4.693462301513217,5.144870994571683,4.764427099917602,5.417663846310001,5.278264303546359,5.5363317,5.439178986202294
1396,S. aureus,ILPLKLPLLPLRR,0.307457767,13,5.692542233,1396,1396,train,9,5.592721478827209,5.2806392243873574,4.701082698726866,5.336283513883556,4.744050190813853,5.5593883549899985,5.225814392454218,5.5447183,5.692542232665857
1397,S. aureus,ILPLKLPLLPWRR,0.490781316,13,5.509218684,1397,1397,train,8,5.409100100512496,5.326559249341964,4.75012251204346,5.331818480538649,4.8413077967605975,5.520081596080002,5.315915802667807,5.4829383,5.5092186834566865
1398,S. aureus,ILPLKLPWLPLRR,0.791811312,13,5.208188688,1398,1398,train,7,5.108296208932256,5.397334760283153,4.752108203952638,5.265327461976087,4.846496540433824,5.351114458060002,5.352261897012229,5.3318424,5.208188688539987
1399,S. aureus,ILPLKLPWWPWRR,0.249744365,13,5.750255635,1399,1399,train,9,5.650234495852648,5.48897757453697,4.8504193652087295,5.4635226689509935,5.00885580063549,5.714395293989993,5.439428169706702,5.745238,5.750255635360524
1400,S. aureus,ILPLKWPWWPWRR,0.232093623,13,5.767906377,1400,1400,train,9,5.667990021810556,5.741509327819282,4.896358134807125,5.676294117915959,5.065794715184909,5.798961332169992,5.476532439954512,5.808098,5.767906376773469
1401,S. aureus,ILPWKKPKKPKRR,0.775954361,13,5.224045639,1401,1401,train,7,5.1241579113340645,5.234923628828322,4.555982425497791,5.400780277234489,4.57942708732943,5.128394245199998,4.992477543622114,5.2343554,5.224045639031566
1402,S. aureus,ILPWKKPKKPWRR,0.76116222,13,5.23883778,1402,1402,train,7,5.138875363943588,4.836264183996554,4.6592480996637775,4.938739394363794,4.775210666208487,5.123774757179996,4.8551523882794205,5.20352,5.238837780265234
1403,S. aureus,ILPWKKPKLPWRR,0.260485334,13,5.739514666,1403,1403,train,9,5.6393476246672005,4.98120968263825,4.702319291944205,5.003083584183452,4.819848394337724,5.560291129489998,5.1960646910746835,5.5589933,5.739514665337414
1404,S. aureus,ILPWKLPWWPWRR,-0.070326116,13,6.070326116,1404,1404,train,9,5.970421964993621,5.403508369949637,4.893714202486066,5.376160441040726,5.091101406010155,5.926546890399997,5.46646659808861,5.8623757,6.070326115317703
1405,S. aureus,ILPWKWKWWPWRR,0.411543093,13,5.588456907,1405,1405,train,8,5.4886127414337995,5.43245533039301,4.94957687443986,5.564383066648947,5.1200419578273,5.622192189120007,5.50377555386445,5.542688,5.58845690734682
1406,S. aureus,ILPWKWPKKPWRR,0.445827354,13,5.554172646,1406,1406,train,8,5.454103702834538,5.3289674671554605,4.7436540355506045,5.2976532789295065,4.864745062203786,5.401586059129998,5.245438176385161,5.500363,5.554172645872385
1407,S. aureus,ILPWKWPKLPWRR,0.246057509,13,5.753942491,1407,1407,train,9,5.653883524943997,5.4306891339117564,4.787814981401815,5.453948233177187,4.912230388150006,5.658312536249993,5.328230723204226,5.736877,5.753942490821937
1408,S. aureus,ILPWKWPLLPWRR,0.550080045,13,5.449919955,1408,1408,train,8,5.350074679145427,5.730883575842749,4.84461222201946,5.742554568687964,4.99368135320808,5.520796172239999,5.437993535656967,5.590727,5.449919955632529
1409,S. aureus,ILPWKWPLWPWRR,-0.070326116,13,6.070326116,1409,1409,train,9,5.970219135958577,5.846579571847148,4.888408053388063,5.71415397742294,5.045020629097259,5.924723276919999,5.4805003958312755,5.8791237,6.0703261159189825
1410,S. aureus,ILPWKWPWAPARR,1.076495561,13,4.923504439,1410,1410,train,5,4.823335365138998,4.876448732929855,4.720603184643744,4.881947015386948,4.846652467527069,4.84896932437,5.206888314976194,4.9583235,4.923504438973469
1411,S. aureus,ILPWKWPWLPKRR,0.546393189,13,5.453606811,1411,1411,train,8,5.353823773928858,5.670673242638032,4.807774293446544,5.779927941901608,4.964385384408698,5.477771358429993,5.4846711794034055,5.515788,5.453606810987082
1413,S. aureus,ILPWKWPWLPWKK,0.245566125,13,5.754433875,1413,1413,train,9,5.653921750009635,5.368836833804302,4.8765409704972305,5.279918529104426,5.064273257099635,5.6988012324200055,5.391114460506064,5.681351,5.754433874847726
1415,S. aureus,ILPWKWPWLPYRR,0.537918332,13,5.462081668,1415,1415,train,8,5.362180591768368,5.868252738760761,4.889383741475862,5.7442658248706735,5.028439424247421,5.488742510049998,5.474591590271943,5.514616,5.462081668084395
1420,S. aureus,ILPWKWPYLPWRR,0.537918332,13,5.462081668,1420,1420,train,8,5.362179129115256,5.7154075341252915,4.883218222951235,5.542777724467736,5.0123285184775135,5.486302416779997,5.488919284001572,5.51821,5.462081667980128
1422,S. aureus,ILPYKYPYYPYRR,1.14458121,13,4.85541879,1422,1422,train,5,4.755246857264522,4.583131851248172,4.897376951273218,4.724334303015004,4.84343759776388,4.903898150639996,4.95421421147716,4.911734,4.855418789929636
1423,S. aureus,ILRWKWRWWRWRR,-0.15490196,13,6.15490196,1423,1423,train,9,6.055073475529463,5.439225114467061,5.0223643088611185,5.436942694331642,5.1376457021902695,5.84456676783,5.511015923313113,6.0929627,6.154901959069374
1426,S. aureus,ILSLRWRWKWWKK,1.832508913,13,4.167491087,1426,1426,train,2,4.267624924109209,4.915754388921107,4.922049855763537,5.004373382403187,5.040844714374069,4.4258254051199915,5.080869537852046,4.2708306,4.167491087685177
1427,S. aureus,ILSLRWRWWKWKK,1.832508913,13,4.167491087,1427,1427,train,2,4.267625326026425,5.04271807284673,4.9111267218174754,5.085098086098136,5.012301846322638,4.497707378429992,5.0703972809024975,4.231571,4.167491087384955
1428,S. aureus,ILSLRWWRKWWKK,1.505149978,13,4.494850022,1428,1428,train,3,4.594706767559587,4.819930057209524,4.9164621260448955,4.845202869476212,5.026243608789005,4.701169685949995,5.211772613526215,4.7221427,4.494850021893568
1433,S. aureus,INLKAIAALARNY,0.929153575,13,5.070846425,1433,1433,train,6,4.970829698269937,5.41839080894937,4.651822125315783,5.289688039267957,4.55728495957707,4.9482379642100085,4.825445807295692,5.0720115,5.070846424976694
1438,S. aureus,INLKGLIKKVASLLT,2.0,15,4.0,1438,1438,train,1,4.099801625634422,4.372369879621615,4.671388928171541,4.376581788630702,4.477988992450176,4.2246418852600005,4.622688454665886,4.127814,4.0000000000990745
1439,S. aureus,INLKILARLAKKIL,0.665111737,14,5.334888263,1439,1439,train,7,5.234984013253744,5.180015784224846,4.815078736407555,5.194874833724781,4.821195155409093,5.2896190937299945,4.931564992744969,5.2895746,5.334888262814406
1440,S. aureus,INLLKIAKGIIKSL,1.400607435,14,4.599392565,1440,1440,train,4,4.699221961242162,4.708795297846876,4.709210253232683,4.646660871510777,4.709225629778082,4.749012352220003,4.909143053543138,4.722782,4.599392564933798
1441,S. aureus,INMKASAAVAKKLL,0.287313505,14,5.712686495,1441,1441,train,9,5.6123386514801314,4.407255605061913,4.591642031189838,4.371476355360488,4.314439424985995,5.279339269100006,4.710699229250618,5.578077,5.7126864949049105
1442,S. aureus,INPKSVQSLL,2.301029996,10,3.698970004,1442,1442,train,0,3.798798502215107,3.6751123377558086,4.5093580315473325,3.682007404985069,4.390993274012265,3.793137333229995,3.9469077363276974,3.698333,3.698970003936928
1443,S. aureus,INWKALLDAAKKVL,0.391603665,14,5.608396335,1443,1443,train,8,5.5084920853013974,5.180892400408924,4.527925438211177,5.198013514843614,4.472201937706467,5.298311616050001,4.88635540410598,5.5136333,5.6083963349173205
1444,S. aureus,INWKGIAAMAKKLL,0.375925357,14,5.624074643,1444,1444,train,9,5.524038449084971,5.211810685213466,4.733252503556188,5.400978409359587,4.6800055299627195,5.335677731449996,4.993700742572609,5.562904,5.624074642911073
1445,S. aureus,INWKGIAAMKKLL,0.396218513,13,5.603781487,1445,1445,train,8,5.503618517998351,5.656886460616371,4.752067562688677,5.623751218166687,4.704365348917074,5.403326450419999,5.063671955754517,5.541998,5.603781486938592
1446,S. aureus,INWKKIASIGKEVLKAL,1.411619706,17,4.588380294,1446,1446,train,4,4.6885593011756495,4.452737038185882,4.661935951160801,4.3181037109549365,4.4296752563011905,4.637960169249996,4.591768077520215,4.6342354,4.588380293983052
1447,S. aureus,INWKKIFEKVKNLV,1.071882007,14,4.928117993,1447,1447,train,5,4.8281867897205855,4.448833248285595,4.709645011753432,4.484909908123891,4.635506713710311,4.92141489388,4.931796230503145,4.9511967,4.928117992976451
1448,S. aureus,INWKKIKSIIKAAMN,1.698970004,15,4.301029996,1448,1448,train,2,4.40119160944149,4.270576262090129,4.744124755621988,4.423484444553252,4.595302521092679,4.488672335540005,4.860911502815659,4.3378024,4.301029996009945
1450,S. aureus,INWKKMAATALKMI,0.253138515,14,5.746861485,1450,1450,train,9,5.646744998021046,5.5775866867274715,4.773525867066947,5.452781837956346,4.705720871427816,5.450016232590003,5.043832129371234,5.6453586,5.746861484928664
1451,S. aureus,INWLKAKKVAGMIL,1.432425505,14,4.567574495,1451,1451,train,4,4.667401569763923,4.925225003106052,4.772319347966004,4.871325839781476,4.749323257933606,4.719120464889994,4.883452435203831,4.656561,4.567574495070018
1453,S. aureus,INWLKLGKKILGAL,1.190331698,14,4.809668302,1453,1453,train,5,4.732276952898336,5.07088401767205,4.7286061804239745,5.072809423486851,4.738403701825207,4.879954950299993,4.833498560446176,4.8936086,4.809668302140367
1455,S. aureus,IPHAVKAISDLI,2.301029996,12,3.698970004,1455,1455,train,0,3.798798877742003,3.74876852620153,4.399896586699757,3.817026007258101,4.288935132629091,3.9087667895199956,4.153496927368888,3.7386456,3.6989700040090603
1456,S. aureus,IPPFIKKVLTTVF,1.698970004,13,4.301029996,1456,1456,train,2,4.401178327133663,4.972022381928003,4.83683684013862,5.0104849214600735,4.833873381974515,4.467816137650005,4.862691098140346,4.3702617,4.3010299960394125
1457,S. aureus,IPWGKVKDFLVGGMKAV,0.954242509,17,5.045757491,1457,1457,train,6,4.945900646408665,4.636674465870101,4.677592285294157,4.559386977611982,4.6666870310799276,4.805535013960004,4.63397284167509,4.99643,5.045757490757851
1458,S. aureus,IRHQGLPQE,3.307763378,9,2.692236622,1458,1458,train,0,2.792240825844611,2.522979991267073,4.015292614494712,2.5206276292327834,3.4861399373513335,2.7275309428799983,2.801945697643573,2.7130656,2.692236622021973
1460,S. aureus,IRIKIRIKIRIK,1.605538541,12,4.394461459,1460,1460,train,3,4.494322266687571,5.101695665420139,4.881351415688958,5.094828206742841,4.963820444163938,4.602559665470005,4.89901217556637,4.5106697,4.394461459192554
1462,S. aureus,IRKLKSWKWLRWL,1.505149978,13,4.494850022,1462,1462,train,3,4.5950141760032075,4.984632636122867,4.914272717207453,4.859401272486519,4.99298644919705,4.752624489219995,5.197422386995801,4.6784143,4.494850022136524
1463,S. aureus,IRMRIRVLL,0.602059991,9,5.397940009,1463,1463,train,7,5.298093384284774,5.727155437741536,4.92372308086949,5.823938537432606,4.956815940060094,5.045275746520006,4.731294779219361,5.343443,5.397940008979245
1464,S. aureus,IRRIIRKIIHIIKK,1.045677443,14,4.954322557,1464,1464,train,5,4.854439794582409,4.830252609933539,4.906519789705417,4.950914668457285,4.984737119158231,4.969077252980005,4.990581763940985,4.891379,4.954322556919295
1465,S. aureus,IRRQGLPE,3.038918066,8,2.961081934,1465,1465,train,0,3.0609659679095556,3.8214989520378695,4.141790011223119,3.9703965760451485,3.8441940162621218,2.8976011026899977,2.9601994139379575,2.9036965,2.961081934007477
1466,S. aureus,IRVKIRVK,2.393056351,8,3.606943649,1466,1466,train,0,3.7070035667139005,3.8733317577308846,4.780650656836516,3.8567664958778365,4.808362402075401,3.8107705768800026,3.985811926396568,3.622322,3.6069436498045584
1467,S. aureus,IRVKIRVKIRVK,1.112758351,12,4.887241649,1467,1467,train,5,4.78748114191872,4.436319173287561,4.8644869933698,4.367223515064465,4.9365285091302065,4.851753949819994,4.8904435708496,4.8870726,4.887241648174768
1468,S. aureus,IRWRIRVWVRRI,0.128960768,12,5.871039232,1468,1468,train,9,5.770959074132563,5.217510441989561,4.965406964773206,5.384312953248964,5.04913767491694,5.618625135519997,5.277710108826862,5.8213787,5.871039232025408
1470,S. aureus,ISKRILTGKK,2.350032966,10,3.649967034,1470,1470,train,0,3.7500549051947702,3.8714347944941188,4.527897740731249,3.7966993896287446,4.417721082426212,3.9418384632699985,4.066874422497009,3.6798687,3.6499670339584513
1472,S. aureus,ITIPPIVKDTLKKFIKGAISGVM,1.301029996,23,4.698970004,1472,1472,train,4,4.732276952898313,4.779589585394402,4.798291098539862,4.752138330660129,4.876692513777841,4.692916338659993,4.630903503251501,4.6739407,4.698970003991653
1473,S. aureus,ITIPPIVKDTLKKFIKGAISSVM,1.301029996,23,4.698970004,1473,1473,train,4,4.732276952898313,4.6761949460212,4.804277238235204,4.704296886129263,4.8841004171859295,4.701229969579994,4.630903503251501,4.668682,4.698970004013751
1474,S. aureus,ITIPPIVKNTLKKFIKGAVSALMS,1.0,24,5.0,1474,1474,train,6,4.9001623450742535,5.282997815234289,4.850900173870304,5.305503889053333,4.962391423012892,4.849877604319999,4.722791106957186,4.928924,5.000000000087256
1475,S. aureus,ITPATPFTPAIITEITAAVIA,-1.546435043,21,7.546435043,1475,1475,train,9,7.446320096999695,6.688055068760551,4.578582107154239,6.493250880531381,4.47108532158077,6.763389772629989,6.480455788213173,7.4105453,7.546435042869823
1476,S. aureus,IWGLIAHGVGHVGRLIHGLIRG,0.77815125,22,5.22184875,1476,1476,train,7,5.121982291045171,5.034445766284219,4.8009858135341155,5.063924947725379,4.893582244516465,5.103002015319998,4.885539148248896,5.190952,5.221848749944847
1477,S. aureus,IWKRWWWKR,1.822484993,9,4.177515007,1477,1477,train,2,4.277361107916376,4.8062338233868145,4.9011191065382125,4.866817276248531,4.921996304770257,4.464453157690005,4.897446916901267,4.2447433,4.177515007252114
1478,S. aureus,IWLTALKFLGKHAAKHLAKQQLSKL,0.491361694,25,5.508638306,1478,1478,train,8,5.408760861380021,5.4427801217567175,4.878960687724348,5.490856760481135,4.966319123343432,5.408262142720007,5.197516388243458,5.4821115,5.508638305981877
1479,S. aureus,IWLTALKFLGKNLGKHLAKQQLAKL,0.667919685,25,5.332080315,1479,1479,train,7,5.232202870379176,5.376329322625669,4.880091108177395,5.428404956223294,4.964882750334333,5.218972611039996,5.177197469943668,5.3111086,5.33208031504017
1480,S. aureus,IWRIFRRIF,0.602059991,9,5.397940009,1480,1480,train,7,5.298102998927309,5.3051369478115005,4.977584460854564,5.233986029847688,5.073099361061456,5.317486488450005,5.077416177736257,5.400317,5.397940009100354
1481,S. aureus,IWRIFRRIFRIF,0.0,12,6.0,1481,1481,train,9,5.899836778809063,5.30976733000061,5.053653976570704,5.308686369622086,5.188499369890978,5.809025030810001,5.2834702177051955,5.85034,5.999999999358892
1482,S. aureus,IWRIFRRIFRIFIRF,0.903089987,15,5.096910013,1482,1482,train,6,4.996739706462836,5.692274737279752,5.120900842730506,5.7417765479079454,5.289734378481672,5.235035504610007,5.284699263857124,5.166568,5.096910013674849
1483,S. aureus,IWRVWRRWK,0.602059991,9,5.397940009,1483,1483,train,7,5.298099577810251,5.275331929411083,4.932005982977333,5.212340376078055,5.02778767594878,5.313251691610007,5.169583189594373,5.349005,5.397940008916528
1485,S. aureus,IWSFLIKAATKLLPSLFGG,0.889727057,19,5.110272943,1485,1485,train,6,5.01038516980132,4.803737139320115,4.839596957427791,4.901596643255629,4.882080554981957,4.983043480199999,4.837755020993203,5.026555,5.110272943059333
1486,S. aureus,IWSFLIKAATKLLPSLFGGGKKDS,1.763950121,24,4.236049879,1486,1486,train,2,4.336123248397457,4.597557482491923,4.742100660302619,4.6520357351019745,4.714461158982438,4.499540075520003,4.572947334729707,4.467784,4.236049879062505
1487,S. aureus,IYYPPNHNFP,2.307392923,10,3.692607077,1487,1487,train,0,3.7927638706832933,3.866792809238577,4.632666358589743,3.775564562488447,4.4339529912334,4.021619117939997,4.122668880371745,3.7045076,3.692607076940425
1488,S. aureus,KAAAKWAAKAAK,2.0,12,4.0,1488,1488,train,1,4.0994328540820835,4.292014234258645,4.440215428319604,4.160958913684888,4.29061369033089,4.209872214040001,4.3819302200001475,4.0582476,4.000000000063754
1489,S. aureus,KAIAKSILKWIKSIAKAI,0.146128036,18,5.853871964,1489,1489,train,9,5.753470252990266,5.036790425886272,4.778104706007067,5.0908155208863475,4.814778843275251,5.47872125948,4.899833441622386,5.736253,5.85387196376554
1490,S. aureus,KAKKFGKAFVKI,2.574226373,12,3.425773627,1490,1490,train,0,3.5256042540756543,4.0519763294674656,4.651098527477709,4.036501537406269,4.6057742265591575,3.616481722100005,4.105381491680223,3.452768,3.425773626952206
1491,S. aureus,KAKLFKKIPKFLHLWKKF,0.301029996,18,5.698970004,1491,1491,train,9,5.59890375039385,5.562441767515564,4.92671203699541,5.468050611287071,5.002677518745469,5.570221296079995,5.304408772466309,5.6675234,5.698970002999814
1492,S. aureus,KALAKALAKLWKALAKAA,0.176091259,18,5.823908741,1492,1492,train,9,5.723746133902027,5.238218196239329,4.6987090161449325,5.420343348029256,4.679653070187021,5.533769200630006,5.133563688073987,5.817652,5.823908740656963
1493,S. aureus,KALKKLLAKWLAAAKALL,0.176091259,18,5.823908741,1493,1493,train,9,5.723738957791856,5.597665789216066,4.792223897006367,5.598503680011868,4.78918596253147,5.409226020060004,5.11352159263569,5.7475724,5.823908741433912
1495,S. aureus,KALWKTMLKKLGTMAL,1.348304863,16,4.651695137,1495,1495,train,4,4.731590756842421,4.674122959356974,4.794422928759906,4.711064625278956,4.7700386282146265,4.663270911179996,4.716495978330581,4.686022,4.65169513700654
1496,S. aureus,KARQWQSKIRRTNPIFAIRR,1.403753832,20,4.596246168,1496,1496,train,4,4.69623954772295,4.670292950493899,4.796605828116245,4.584402105016938,4.809769357895684,4.726717879949996,4.6941205582165955,4.624806,4.596246168048323
1497,S. aureus,KARRAVRAI,1.789035152,9,4.210964848,1497,1497,train,2,4.310852761441443,4.279129380296325,4.560794249754498,4.326062388974638,4.415129620504677,4.215824825250001,4.097612225130408,4.1660037,4.210964848011823
1498,S. aureus,KARRAVRWI,1.743447987,9,4.256552013,1498,1498,train,2,4.356494708111856,4.815824345174909,4.6838323875667145,4.84669553044799,4.586753647478808,4.261044368609994,4.411585067682617,4.2784724,4.2565520130500225
1499,S. aureus,KARRWVRAI,1.743447987,9,4.256552013,1499,1499,train,2,4.356552642322169,4.41341459384062,4.680296173798438,4.365856502945659,4.573509423853288,4.247793106869995,4.449826574930872,4.2839594,4.256552012992869
1500,S. aureus,KDLHTVVSAILQAL,1.821664067,14,4.178335933,1500,1500,train,2,4.278499949989287,4.333739267951475,4.562579993336013,4.308585352207548,4.499233219407064,4.298115117009993,4.477118773978661,4.2286024,4.17833593294785
1502,S. aureus,KFAKKFKWFAKAAFKFFKK,0.620339576,19,5.379660424,1502,1502,train,7,5.279624547559189,4.95930641027513,4.907941064889603,4.999826390686296,5.005247413262444,5.251903730440002,5.122974280041758,5.321654,5.379660423881429
1503,S. aureus,KFFKKLKKAVKKGFKKFAKV,0.512748884,20,5.487251116,1503,1503,train,8,5.3869207106953745,4.702620310008664,4.864446751616157,4.713758399570291,4.947856761212515,5.199960480859996,4.905185475482413,5.491953,5.487251115663212
1504,S. aureus,KFFRKLKKSVKKRAK,1.66499874,15,4.33500126,1504,1504,train,3,4.4349152434590735,4.524740430865647,4.7201677014479735,4.3790257576407345,4.743520284172657,4.366280606990006,4.547566939771116,4.343826,4.335001260087198
1505,S. aureus,KFGKAFVKILKK,2.260007667,12,3.739992333,1505,1505,train,0,3.8398314495155232,3.9615296730950913,4.7249550428541855,4.089432059819823,4.732844846525176,4.0068385568499965,4.262337335751572,3.8535376,3.7399923328152442
1506,S. aureus,KFHHIFRGIKHVGKTIHRLVTG,0.574031268,22,5.425968732,1506,1506,train,8,5.325807722592327,5.301912581004265,4.881273271686263,5.277912317721036,4.959637817009189,5.27620684283,5.065676705670656,5.357015,5.425968731858414
1508,S. aureus,KFKWWRMLI,0.079181246,9,5.920818754,1508,1508,train,9,5.8206714125960275,5.97232647897464,4.942681854343373,5.925980740468418,4.939806080762967,5.716444869029999,5.139734649039134,5.8898563,5.920818753967583
1510,S. aureus,KFLHLAKKFPKWKLFKKI,0.193124598,18,5.806875402,1510,1510,train,9,5.706761901816692,5.431537517894047,4.922323767582864,5.398032820436395,5.001370568285543,5.64275155313,5.296209568950997,5.688714,5.80687540177136
1511,S. aureus,KFLKKAKKFGKA,2.565081528,12,3.434918472,1511,1511,train,0,3.5347664039106226,4.252703521891691,4.60594396199439,4.2577463938180715,4.519140443313773,3.630076481359996,3.9187382427250625,3.4157503,3.434918472083985
1512,S. aureus,KFRRFVRFI,0.602059991,9,5.397940009,1512,1512,train,7,5.298106012378038,4.666548546558596,4.890819813147453,4.657188448667407,4.95189456929184,5.238396030400006,5.076186777334471,5.3434186,5.397940008785801
1513,S. aureus,KFWKLLKKALRLWAKVL,0.72359276,17,5.27640724,1513,1513,train,7,5.176236115634915,5.320677723346899,4.97892747154755,5.297331422702735,5.071883713854334,5.260517283250007,5.2185568886095055,5.2731643,5.276407240304014
1514,S. aureus,KFWKLLKKALRLWKKVL,0.736990521,17,5.263009479,1514,1514,train,7,5.162983434198059,5.489836426002402,4.9981770563976635,5.4843168962213396,5.103489697153453,5.261525212110004,5.282778979897499,5.3025436,5.263009479325185
1515,S. aureus,KFWSLLKKALRLWANVL,0.680567832,17,5.319432168,1515,1515,train,7,5.2194989779312,5.052694041834529,4.919689375925957,4.879189908974066,4.980833985533324,5.232603112649998,5.0814369628138785,5.2899847,5.31943216796655
1516,S. aureus,KGGGKWGGKGGK,1.096910013,12,4.903089987,1516,1516,train,5,4.8027816146153155,4.083414495479207,4.272521105468698,4.088296417445892,4.157369835369203,4.5914925916699945,4.159483169245966,4.7946076,4.903089986930322
1517,S. aureus,KGIVGMLGKLF,1.602059991,11,4.397940009,1517,1517,train,3,4.4979500330288955,5.343056264927259,4.644034332547543,5.285498265001511,4.766108824266791,4.414811776810005,4.681956862431517,4.4022374,4.397940009220854
1518,S. aureus,KGLFHAGKMIH,1.907102586,11,4.092897414,1518,1518,train,2,4.192990620880376,4.176890094038245,4.5348948449594015,4.201360016300316,4.48258137761965,4.213019457889997,4.216428416168884,4.093289,4.092897414020358
1519,S. aureus,KGRGKQGGKVRAKAK,0.406473199,15,5.593526801,1519,1519,train,8,5.4936879708186135,4.790445177799992,4.365942911397628,4.689010880987787,4.257880486558106,5.152698465859999,4.7031648922675275,5.512231,5.593526800890878
1522,S. aureus,KHQGLPQE,3.038918066,8,2.961081934,1522,1522,train,0,3.0611741927177105,2.7770674060965908,3.845530978553845,2.7243434581866874,3.246187593973283,2.975863034059999,2.892628072224422,2.943468,2.9610819338592775
1523,S. aureus,KHVGKAALTHYL,0.662757832,12,5.337242168,1523,1523,train,7,5.23735464052325,5.3407289610252375,4.617899978801209,5.1898059123659745,4.530322902897234,5.012407351499994,4.546570809608334,5.229097,5.337242167942039
1526,S. aureus,KIAGKIAKIAGKIA,2.267810775,14,3.732189225,1526,1526,train,0,3.8320610389700582,4.081544791241315,4.520358851081417,4.15314473252007,4.4909075990837835,3.897880780110005,4.220033038542176,3.7883692,3.7321892247605546
1527,S. aureus,KIAGKIAKIAGKIAK,2.229285625,15,3.770714375,1527,1527,train,0,3.8705889513393,4.033105624700255,4.540044727321131,3.990412983445773,4.524436872078528,3.803967928100004,4.204831266903908,3.8452008,3.770714374953321
1528,S. aureus,KIAGKIAKIAGKIAKIA,2.179286336,17,3.820713664,1528,1528,train,0,3.9205756317267753,4.239887832679321,4.599668292961491,4.3053818324601645,4.5974491889060545,4.006690613380001,4.273072780769554,3.8885906,3.8207136656809007
1532,S. aureus,KIAGKIAKIAGKIAKIAGKIAKIA,0.226209205,24,5.773790795,1532,1532,train,9,5.673927045342707,4.69077953520294,4.711872015484828,4.618073835233307,4.773710909936307,5.267639692500005,4.7317062543972925,5.6795917,5.773790792943859
1533,S. aureus,KIAGKIAKIAKKIAK,2.209296448,15,3.790703552,1533,1533,train,0,3.890581640956839,4.255774192630367,4.6073408619517675,4.238613097949036,4.5920105730354726,3.8822993792800036,4.312273121597539,3.7966983,3.79070355257308
1534,S. aureus,KIAGKIAKKAGKIAK,2.22498832,15,3.77501168,1534,1534,train,0,3.8751749401656452,3.725304724106209,4.501411706995723,3.623498158524874,4.401984616865962,3.7977956953999983,4.134094179199594,3.7593257,3.7750116796461097
1535,S. aureus,KIAGKIAKKAGKIAKIA,2.175454297,17,3.824545703,1535,1535,train,1,3.924431045878823,3.980575730608189,4.565740734818364,4.044626979916443,4.5601659348317405,3.913940842600005,4.2531482504856974,3.8245418,3.824545704015388
1538,S. aureus,KIAHGVKKYGPTVLRIIRIAG,0.941043788,21,5.058956212,1538,1538,train,6,4.958795969203719,5.084582944105075,4.822861494594726,5.142472522535265,4.894209924962203,5.05789333081,4.720831783855773,5.030741,5.058956211804867
1539,S. aureus,KIAKKIAKIAKKIA,2.225257535,14,3.774742465,1539,1539,train,0,3.874704098820594,4.632389540896787,4.663404289460497,4.657846146449542,4.633709581364529,4.056702353709995,4.464175436619803,3.8302217,3.774742464645205
1540,S. aureus,KIAKVALKAL,1.486884774,10,4.513115226,1540,1540,train,3,4.613190818115019,4.941778203974019,4.643075639783661,4.913044896213202,4.56309930400892,4.510152318850006,4.678996320661551,4.6077323,4.5131152262632215
1541,S. aureus,KIAKVALKALKIAKGALKAL,0.243038049,20,5.756961951,1541,1541,train,9,5.6571213449363205,5.2534578118210336,4.745055161306223,5.1633169115788276,4.76686018548363,5.4783429402299975,5.139050441621638,5.734083,5.756961950959329
1542,S. aureus,KIAKVALKALKIAKVALKAL,0.051152522,20,5.948847478,1542,1542,train,9,5.848949095700759,5.370912005946531,4.821564541798729,5.315537979143619,4.828412665338725,5.48145328367,5.290974197544566,5.8522096,5.948847477669931
1543,S. aureus,KIFGAIWPLALGALKNLIK,0.602059991,19,5.397940009,1543,1543,train,7,5.297835807225875,5.240559432676199,4.777633011455844,5.200360577907687,4.827983025870292,5.207505914560006,5.222500339845909,5.3710384,5.3979400090127605
1544,S. aureus,KIGAIKKWGAIKKIGAIK,2.124162541,18,3.875837459,1544,1544,train,1,3.9757436268127604,4.470994978827277,4.693692248549085,4.503108724210909,4.7091201984477244,4.187856050630006,4.60665670132308,4.0176597,3.8758374592030678
1545,S. aureus,KIGAKIKWGAKIKIGAKI,0.619012563,18,5.380987437,1545,1545,train,7,5.281033648940261,4.994236254492036,4.710320132731456,4.824469549552175,4.750567842091251,5.086797909769996,4.88623801478064,5.2382126,5.3809874366994634
1546,S. aureus,KIGKAIKWGKAIKIGKAI,2.124162541,18,3.875837459,1546,1546,train,1,3.975998628835357,4.542891084522288,4.7100787779137665,4.462612333232359,4.747928494262679,4.319549710880006,4.548143406026129,3.9069333,3.8758374591319904
1547,S. aureus,KIKEKLKKIGQKI,2.204119983,13,3.795880017,1547,1547,train,0,3.8957192282001736,3.881486847252033,4.631645154409607,3.7717141027887986,4.540494751138162,3.9233375643600006,4.023430093709091,3.800356,3.795880017089527
1548,S. aureus,KIKEKLKKIGQKIQG,2.155336037,15,3.844663963,1548,1548,train,1,3.9445000079453494,3.619408706840092,4.609052350308779,3.5403913484056995,4.5171212224399415,3.9715434613500005,4.175592049421946,3.878438,3.844663962742473
1549,S. aureus,KIKEKLKKIGQKIQGLL,2.103803721,17,3.896196279,1549,1549,train,1,3.995904171533987,3.8373419753429383,4.702629172426592,3.910098949452403,4.663212119535011,4.0935380693299965,4.512199852858878,3.96716,3.896196279119644
1550,S. aureus,KIKFLKVLT,0.414352161,9,5.585647839,1550,1550,train,8,5.485810539640284,4.461819199625171,4.78135545343685,4.577226203748316,4.729774802578386,5.209633346209996,4.760212576963285,5.537943,5.58564783875418
1551,S. aureus,KIKGAIKWKGAIKIKGAI,0.920042559,18,5.079957441,1551,1551,train,6,4.979787914549909,4.722407905164167,4.654524438319156,4.6784674796980905,4.704161724552438,5.007309920079993,4.882797480981595,5.033485,5.0799574407895935
1552,S. aureus,KIKIPWGKVKDFLVGGMKAV,1.508716858,20,4.491283142,1552,1552,train,3,4.5913860714722174,4.921605392414105,4.74994244258722,5.016137500693462,4.754798938903749,4.6076012558599935,4.555315612117817,4.5053806,4.491283142261087
1553,S. aureus,KIKLFKKWPKFLHLAKKF,0.301029996,18,5.698970004,1553,1553,train,9,5.598864366332917,5.620788999105023,4.926518221763023,5.572109541698628,5.015083884404752,5.545487320369996,5.461779790009666,5.673764,5.698970003022732
1554,S. aureus,KIKWILKYWKWS,1.12764463,12,4.87235537,1554,1554,train,5,4.772322019430016,4.790610078933161,4.951626594902451,4.655725405756617,4.995359632210675,4.876849322329995,5.053492485770281,4.884672,4.87235536997795
1555,S. aureus,KILGKLWKGVKSIF,0.73329011,14,5.26670989,1555,1555,train,7,5.16680572332386,4.875873423013924,4.751439808282721,4.8751244377762575,4.817247226252614,5.1638455665400045,4.947250440387618,5.175826,5.266709889746921
1556,S. aureus,KILGVSKKIMRRISKDILTGKK,2.008023006,22,3.991976994,1556,1556,train,1,4.092182937136089,4.255982137863672,4.724636103482294,4.440205335838976,4.724650891217464,4.173812537040005,4.372404187023514,3.9748597,3.9919769941442125
1558,S. aureus,KILRGVSKKIMRRISKDILTGKK,1.902656891,23,4.097343109,1558,1558,train,2,4.197445854805938,4.67054311733046,4.747501395517885,4.602132515299752,4.7540683468341705,4.1946552165300055,4.39476359342413,4.1034446,4.097343108942241
1559,S. aureus,KILRGVSKKIMRTFLRR,1.784445316,17,4.215554684,1559,1559,train,2,4.3155506335471445,4.455954480174698,4.827044461184322,4.563863220658208,4.872640552863952,4.3512541938299965,4.680502764912427,4.3015003,4.215554684129671
1560,S. aureus,KILRGVSKRILTGKK,2.178527132,15,3.821472868,1560,1560,train,0,3.9216360723598527,4.682469800030448,4.650851825594134,4.628932797329709,4.648693951810131,4.05522643815,4.489878381990259,3.8444026,3.8214728680862438
1561,S. aureus,KILSSLLKKLKKIIAK,1.322219295,16,4.677780705,1561,1561,train,4,4.73227717086563,4.735421389526583,4.787744414707777,4.564106639259778,4.830423707504932,4.763838187319996,4.931568679740294,4.75044,4.677780704774036
1562,S. aureus,KIRVRLSA,2.133085123,8,3.866914877,1562,1562,train,1,3.9670764294703056,4.02838936326802,4.55532341595291,4.2054398927919046,4.458816792380669,3.97488490144,4.073417486543665,3.9071984,3.866914876959508
1563,S. aureus,KISKKIMRTFLRR,2.183677614,13,3.816322386,1563,1563,train,0,3.9162110251226223,4.136763200131827,4.759630851606597,4.088567096590279,4.760835137389225,3.953725842320005,4.553422654615721,3.8545196,3.8163223859917035
1564,S. aureus,KISKKIMRTFLRRILTGKK,2.043140005,19,3.956859995,1564,1564,train,1,4.057176658902138,4.614756327242939,4.835930841739114,4.569585002505792,4.893469037200134,4.167943379650002,4.654552298194614,4.1097336,3.956859995602462
1565,S. aureus,KISKKIMRTFLRRISKDILTGKK,1.817344754,23,4.182655246,1565,1565,train,2,4.282530926206854,4.11989961960194,4.7858658168652735,4.147452551961644,4.78838125095172,4.294836286990004,4.544853438801268,4.194155,4.182655245751857
1566,S. aureus,KIWFQNKKMKWKK,2.408239965,13,3.591760035,1566,1566,train,0,3.691862764377304,3.6014763381759263,4.765923473398934,3.5989972465598674,4.743163529496864,3.7549887033499956,4.226122796192382,3.6147108,3.5917600349418173
1567,S. aureus,KIWFQNRRMKWKK,2.408239965,13,3.591760035,1567,1567,train,0,3.6918621086321712,4.047556941874348,4.787466690344431,4.11128685523112,4.782643541594461,3.819218136719995,4.169661718056455,3.6429508,3.591760035167242
1568,S. aureus,KIWVIRWR,1.141002511,8,4.858997489,1568,1568,train,5,4.759078861717492,4.578900619341981,4.89784890267155,4.667515226052346,4.919562590026592,4.8767194228599955,4.786768210637622,4.926588,4.858997489219624
1569,S. aureus,KKAAAAFAAFAAWFAAFAAAAKKKK,1.505149978,25,4.494850022,1569,1569,train,3,4.595012236640997,4.692602943076105,4.755666162212404,4.711371973846723,4.768499542284349,4.569646151959995,4.779833889514993,4.4957433,4.494850022027789
1570,S. aureus,KKAAAFAAAAAFAAWAAFAAAKKKK,1.505149978,25,4.494850022,1570,1570,train,3,4.594286864427569,4.813690998250197,4.704754228442554,4.660486204079966,4.698472430264871,4.560546372159996,4.732807557054595,4.5154862,4.494850021983098
1571,S. aureus,KKAAHVGKHVGKAAKK,1.750508395,16,4.249491605,1571,1571,train,2,4.349347210433281,4.352838952448796,4.5136716634705865,4.277476141000495,4.4156853652883905,4.381140673630003,4.44724438301472,4.2853093,4.249491604986221
1572,S. aureus,KKAAHVGKHVGKAAL,1.305351369,15,4.694648631,1572,1572,train,4,4.732258160830653,4.382223564082873,4.528887386436802,4.293343376645376,4.3755143035545725,4.547466163050003,4.304395260771228,4.6506653,4.694648630946761
1573,S. aureus,KKAFAAAAAFAAWAAFAKKKK,1.505149978,21,4.494850022,1573,1573,train,3,4.59473876424241,4.254396038362924,4.690373634028664,4.204539584467996,4.6808080482581,4.504025137859994,4.761963137475275,4.483053,4.494850021947972
1574,S. aureus,KKAGKIAKKAGKIA,2.258473402,14,3.741526598,1574,1574,train,0,3.8416945142577816,3.885319785210526,4.4355887916973336,3.929761068721336,4.309141822890521,3.870015483960003,4.0928856361021655,3.7597468,3.7415265978515686
1575,S. aureus,KKAKKAKKA,2.903089987,9,3.096910013,1575,1575,train,0,3.1965667901487187,3.51399633560999,4.363583209186313,3.5537011459359276,4.236802204405382,3.4482127365800057,3.490208239764921,3.1359556,3.0969100129292033
1576,S. aureus,KKAKKFGKAFVK,2.569474343,12,3.430525657,1576,1576,train,0,3.53036066314414,3.7471982664066497,4.597161714947245,3.6595498024812954,4.486543086334959,3.6152105963399963,3.8566466956347334,3.418077,3.430525656870587
1577,S. aureus,KKFGGGKTERARKAMAVE,0.899917622,18,5.100082378,1577,1577,train,6,5.00018130176832,4.663879192747958,4.423007815285072,4.673922538519373,4.163560420130343,4.744373764610006,4.476028714772676,5.052876,5.1000823779561175
1578,S. aureus,KKFGKAFVKILK,2.260007667,12,3.739992333,1578,1578,train,0,3.84020296480022,3.8599929215744933,4.724154183686395,3.9805407218801023,4.721625733698748,3.999164327679996,4.311919971927382,3.802813,3.7399923333763225
1579,S. aureus,KKFLHSAKKWLKAFVKLFKNW,0.974982438,21,5.025017562,1579,1579,train,6,4.924903668157519,5.219845166529149,4.945846528878926,5.222461187528049,5.056223698330539,5.132546070900004,5.260754879285703,5.0757537,5.025017561947268
1580,S. aureus,KKFPWWWPFKK,0.403977157,11,5.596022843,1580,1580,train,8,5.4961202815716295,5.439785726255307,4.86691753726851,5.484143167354623,4.957711492265287,5.525137035430005,5.326962377283022,5.602321,5.596022842896859
1581,S. aureus,KKFWEDDG,2.397904512,8,3.602095488,1581,1581,train,0,3.702241776192909,3.3854902463843795,4.057829689871969,3.3661033687824933,3.7572123562611703,3.574166675389998,3.6456337925074878,3.5888793,3.602095487946421
1582,S. aureus,KKHKWLWK,0.239042066,8,5.760957934,1582,1582,train,9,5.660841073328847,5.131889966302496,4.728111326348255,5.037528633804348,4.6459572614444875,5.135430432379992,4.67208271369638,5.6236577,5.7609579338852
1583,S. aureus,KKIGAIKKWGAIKKIGAI,2.124162541,18,3.875837459,1583,1583,train,1,3.9758931795081436,4.592204329150788,4.697641691020377,4.560878142987632,4.7053476162001795,4.1890823123100045,4.550378819623818,3.9462972,3.875837459013128
1584,S. aureus,KKIMRTFLRR,2.278322708,10,3.721677292,1584,1584,train,0,3.821671657398499,3.6091763178170675,4.745034291219672,3.6091252897833677,4.691205366148065,3.9064023300099966,4.330662150742726,3.78181,3.7216772919318606
1585,S. aureus,KKIMRTFLRRISKDILTGKK,2.02209509,20,3.97790491,1585,1585,train,1,4.0777766868432295,3.996123708107358,4.730366747899069,4.09425742631227,4.716642904761085,4.140800786090004,4.36824343349575,4.020163,3.9779049102255435
1586,S. aureus,KKIMRTFLRRISKKILTGKK,1.718735691,20,4.281264309,1586,1586,train,2,4.3814119934474975,4.456223151243229,4.847301837698362,4.4145150178115795,4.906463892434704,4.258942597959996,4.564007088128716,4.2410026,4.281264308517279
1587,S. aureus,KKKAAAFAAWAAFAKKK,1.505149978,17,4.494850022,1587,1587,train,3,4.595231852554909,4.262105343606828,4.6283477440687655,4.159543803749596,4.5304835394707546,4.513933385949994,4.593985867578416,4.516113,4.494850022010597
1588,S. aureus,KKKKKKAAFAAFAAFAA,1.505149978,17,4.494850022,1588,1588,train,3,4.5949924387440815,4.126067342980923,4.615294740785393,4.18243039814656,4.491224286714132,4.523849687879995,4.379161287160123,4.462738,4.494850021785036
1589,S. aureus,KKKKKKAAFAAWAAFAA,1.505149978,17,4.494850022,1589,1589,train,3,4.5949466604479285,4.2637439529308105,4.63014693452791,4.315105420809502,4.518053988355501,4.523514263309994,4.409178503505629,4.4786854,4.494850022289743
1590,S. aureus,KKKKKKAAWAAWAAWAA,1.505149978,17,4.494850022,1590,1590,train,3,4.594952244911558,4.556982477606251,4.655503278403345,4.646101768494535,4.5603516674624265,4.524495189649993,4.468469371344853,4.496192,4.4948500219153456
1591,S. aureus,KKKKPLFGLFFGLF,0.777260046,14,5.222739954,1591,1591,train,7,5.1228670514699814,5.046797957654166,4.766418620492296,5.031997688599463,4.798013383966912,5.062844131300005,5.125318524519939,5.1937656,5.222739954047675
1592,S. aureus,KKKLFKKL,0.0,8,6.0,1592,1592,train,9,5.899831812484465,4.243691538254828,4.657296145785097,4.157169125096084,4.492133235681051,5.03072842221,4.934978227732674,5.850601,5.999999999272241
1593,S. aureus,KKKLFWKIPKFLHLAKKF,0.301029996,18,5.698970004,1593,1593,train,9,5.5990175094215475,5.727671750766829,4.922279884888739,5.554274772296891,4.991089093685598,5.470225430439996,5.304884904323071,5.6385717,5.698970002917372
1594,S. aureus,KKKLKKLKKKLK,2.0,12,4.0,1594,1594,train,1,4.099999171698687,3.8585758560255545,4.660592168028938,3.8325767125074974,4.544866103511921,4.153429287619999,3.9687591236403073,4.004691,4.000000001082426
1595,S. aureus,KKKLLLLLLLLLKKK,1.698970004,15,4.301029996,1595,1595,train,2,4.401024075737549,4.846969197413489,4.955253420774543,4.901989362512773,5.000336573080911,4.500588128220007,4.947268760099745,4.3013883,4.301029996579465
1597,S. aureus,KKKVVFKVKFKK,0.317442036,12,5.682557964,1597,1597,train,9,5.5826402004857885,4.8145243780037905,4.777663112488164,4.830644530964309,4.760928150525908,5.478392750010006,5.054454651837263,5.6518016,5.6825579632980165
1598,S. aureus,KKKVVFKVKFKKK,0.281990909,13,5.718009091,1598,1598,train,9,5.617857652062993,5.000491383303584,4.779954311560085,4.976805910447547,4.77467996554492,5.576359872500001,5.047293086046506,5.653383,5.718009091633219
1600,S. aureus,KKLAGLAKKWAGLAKKLAGLA,0.874382876,21,5.125617124,1600,1600,train,6,5.02512956441653,4.685834060357327,4.660996851838429,4.770916838252735,4.6990747620983,4.967290518019992,4.7693389007944615,5.122206,5.125617123677721
1605,S. aureus,KKLIKKILKIL,0.669481554,11,5.330518446,1605,1605,train,7,5.230449384125965,5.014452358882104,4.8401009286656,5.0489585470245615,4.839992210031285,5.181939723969997,5.074719826372273,5.283083,5.330518445960744
1606,S. aureus,KKLIKVFAKGFKKAKKLFKGIG,1.588142153,22,4.411857847,1606,1606,train,3,4.511731660394308,4.912864745368591,4.8649774531231555,4.991002308737328,4.948392796893194,4.603400802000006,4.886097322431648,4.489038,4.411857847537812
1607,S. aureus,KKLKKLKKKWKKLKKKLK,1.633932936,18,4.366067064,1607,1607,train,3,4.466062465942951,4.688377791084006,4.831619191923219,4.735854500952486,4.884843225278843,4.373565067579997,4.426324478980915,4.336958,4.36606706252481
1608,S. aureus,KKLKKLLKKWKKLLKKLK,1.639583426,18,4.360416574,1608,1608,train,3,4.460570086769426,4.918038996900481,4.9120358863245475,5.001508314509065,4.998696561505599,4.455132298889999,4.792589330839501,4.3982453,4.360416578923996
1609,S. aureus,KKLLFKLKFK,1.383353214,10,4.616646786,1609,1609,train,4,4.716504420206828,5.059729857704104,4.808002021579054,5.04737337437327,4.797859820774719,4.722840372209995,4.912545846485237,4.668292,4.616646786262262
1610,S. aureus,KKLLKKLKKLLK,1.301029996,12,4.698970004,1610,1610,train,4,4.59891697241035,4.597565485375528,4.782133516560463,4.6258833536171675,4.787699526845672,4.403378477879998,4.450027405092932,4.639256,4.698969997640697
1611,S. aureus,KKLLKKLLKWL,0.248451563,11,5.751548437,1611,1611,train,9,5.651640503113274,4.963578249257587,4.864597919194824,4.975428112480463,4.880985384817136,5.567768223439997,5.186385447185646,5.67384,5.751548434832221
1612,S. aureus,KKLLKLLLKLLK,0.494154594,12,5.505845406,1612,1612,train,8,5.405997436204521,4.73133700651549,4.886167405885411,4.865591045574031,4.912716369394587,5.135617136749997,5.076569892361565,5.4241657,5.505845402828011
1613,S. aureus,KKLLKWLKKLL,0.593498388,11,5.406501612,1613,1613,train,8,5.3068509226033225,5.336303787148843,4.873286692631665,5.268060011497488,4.900413767310358,5.444147646589999,5.24601496914353,5.391283,5.406501615749027
1614,S. aureus,KKLLKWLLKLL,0.05927812,11,5.94072188,1614,1614,train,9,5.8409050114485375,5.124161414572629,4.928636992071035,5.180381495912316,4.964266227874716,5.736270328380001,5.351604463954554,5.8326573,5.940721878954509
1615,S. aureus,KKLLPIVANLLKSLL,0.478041352,15,5.521958648,1615,1615,train,8,5.421782988470662,4.978797200708405,4.746153084279361,5.168407407074087,4.84502412486422,5.293992675300005,5.144710298724364,5.464742,5.521958648031831
1616,S. aureus,KKPKKPWKPKK,1.260071388,11,4.739928612,1616,1616,train,4,4.732276952898313,4.915681800213792,4.375723609156422,4.879158995557877,4.315262912396512,4.752659986949994,4.466185254772938,4.7157884,4.739928611933837
1617,S. aureus,KKPKLPWKPKK,1.204119983,11,4.795880017,1617,1617,train,4,4.732276952953793,4.82583839869808,4.442541919327245,4.855475302098135,4.409082039920793,4.757764851599999,4.479147616323843,4.7996006,4.795880017014003
1618,S. aureus,KKPKLPWLPKK,1.123851641,11,4.876148359,1618,1618,train,5,4.776223650316841,4.781279993517934,4.50004612766994,4.808275556155637,4.468606219211099,4.8117309497200065,4.466479364537146,4.8213863,4.876148358939633
1619,S. aureus,KKPKLPWLPLK,1.380211242,11,4.619788758,1619,1619,train,4,4.719951672995142,4.788846283885909,4.553381480070716,4.74343131159113,4.557062156388859,4.642362099530007,4.732170386115771,4.6051817,4.619788758204761
1620,S. aureus,KKPWWKPWWPKWKK,0.301029996,14,5.698970004,1620,1620,train,9,5.599141524900191,5.313608989477501,4.784843005406171,5.183264160740333,4.906598175828863,5.382992996689994,5.313491520181274,5.6177077,5.698970003772419
1621,S. aureus,KKRLKKIFKKPMVIGVTIPF,1.732084959,20,4.267915041,1621,1621,train,2,4.368077386074253,4.419608088053743,4.902272682369388,4.487341754103095,4.939652737790094,4.505293482679996,4.789195210996797,4.3492584,4.267915040982154
1622,S. aureus,KKRWVWIRY,0.861416416,9,5.138583584,1622,1622,train,6,5.038411061187624,5.751031687902229,4.880841137089316,5.799802054336698,4.852099885968522,5.256622720400002,5.096787180345108,5.207056,5.138583584004649
1623,S. aureus,KKRWWWWWR,0.2959122,9,5.7040878,1623,1623,train,9,5.604199235404844,5.7994866565178365,4.985256493679721,5.841446937669078,5.07618104449193,5.571467623930006,5.365503135103205,5.652889,5.704087799747632
1624,S. aureus,KKRYKKKYKAYKPYKKKKKF,1.574031268,20,4.425968732,1624,1624,train,3,4.525520311564527,4.623320772068592,4.860562618805994,4.624597451329482,4.885887772585539,4.478228829090002,4.693542672429055,4.4651394,4.4259687319574645
1625,S. aureus,KKTWWKTWWTKW,0.602059991,12,5.397940009,1625,1625,train,7,5.298045229967501,5.340696995881176,4.844814579830193,5.252198663063832,4.8507818010432,5.313892640090005,5.124712785212783,5.360112,5.39794000898773
1626,S. aureus,KKTWWKTWWTKWKK,0.301029996,14,5.698970004,1626,1626,train,9,5.59910017709439,5.281779420097841,4.853108139374983,5.104356396764897,4.889329705019736,5.450015161989996,5.293584990325741,5.660553,5.69897000397383
1627,S. aureus,KKTWWKTWWTKWSQP,0.602059991,15,5.397940009,1627,1627,train,7,5.2980401879276195,5.916323743813031,4.7821442132986745,5.933337196749038,4.896200980784307,5.132799762560007,5.094658189658186,5.395054,5.397940008971401
1628,S. aureus,KKTWWKTWWTKWSQPKK,0.301029996,17,5.698970004,1628,1628,train,9,5.599131873124265,5.862797289438658,4.786691911860374,5.90690291047739,4.922787975472933,5.431311869689997,5.227466025692707,5.6621885,5.698970003993102
1629,S. aureus,KKTWWKTWWTKWSQPKKKRKV,0.301029996,21,5.698970004,1629,1629,train,9,5.598831423218601,5.5752149720367585,4.879628802893979,5.7265956339689135,5.042953753887719,5.533297809939995,5.323638677801,5.649567,5.698970003989085
1630,S. aureus,KKVADKVLLLKQLRIMRL,0.903089987,18,5.096910013,1630,1630,train,6,4.997096968487616,4.62238004773758,4.802679381328337,4.476023766983219,4.786195968898289,5.047111187290006,4.761298835806987,5.06706,5.096910012966727
1631,S. aureus,KKVLFKLKFK,1.166242592,10,4.833757408,1631,1631,train,5,4.733621443559663,5.045999495481304,4.802347191125175,5.033039587933882,4.789255679133179,4.795151378469996,4.9125305758197575,4.815313,4.833757407914147
1632,S. aureus,KKVLKAAA,0.954242509,8,5.045757491,1632,1632,train,6,4.945879673894272,4.772091317223455,4.494974821872976,4.647630511659525,4.329080751021326,4.833550962340004,4.4030477591183725,4.960621,5.045757490741262
1634,S. aureus,KKVVFKVKFH,1.172773999,10,4.827226001,1634,1634,train,5,4.732276952898337,5.1020884197881164,4.785161360116499,5.126846701849696,4.755346111967613,4.772206565039994,4.778125088633022,4.841288,4.8272260010001915
1637,S. aureus,KKVVFKVKFKKK,0.317442036,12,5.682557964,1637,1637,train,9,5.582477807241724,4.864282900945165,4.776785458605655,4.920601963027482,4.767761198258392,5.588608340920006,5.072163556727152,5.6605716,5.6825579639131405
1640,S. aureus,KKWLKKWLK,1.724362137,9,4.275637863,1640,1640,train,2,4.375784581780609,4.520051522965643,4.782831261367064,4.513872749017702,4.768288629341108,4.416373830699994,4.574992654786997,4.336721,4.27563786400455
1641,S. aureus,KKWMQKVIDRFGG,2.10720997,13,3.89279003,1641,1641,train,1,3.9929519629752224,4.135429175123096,4.589340209744925,4.032768351562405,4.4679288361815,4.01604193331,4.376729636367278,3.9041586,3.8927900299554006
1643,S. aureus,KKWRKLLKKLKKLL,0.040146854,14,5.959853146,1643,1643,train,9,5.859811271526418,4.993714743745799,4.864282591108547,5.119181809963578,4.911409398549526,5.6587784923100015,5.226848452939006,5.7451377,5.959853143477544
1644,S. aureus,KKWRKLLKWLAKK,0.39637601,13,5.60362399,1644,1644,train,8,5.503782870575767,5.192742792870779,4.814879559698694,5.156903273348804,4.843586601526854,5.414683449980001,5.155694665515479,5.5513086,5.603623989438911
1645,S. aureus,KKWRWWLKALAKK,0.483187034,13,5.516812966,1645,1645,train,8,5.416983804566264,5.398622589208914,4.821661023544177,5.32646564048169,4.858069310676573,5.448869318899992,5.218654635396609,5.516597,5.516812967516072
1646,S. aureus,KKWRWWLKALAKKLL,-0.595160649,15,6.595160649,1646,1646,train,9,6.495327453691818,5.540782483996791,4.908777102303417,5.505883043028114,4.967530267147495,6.195940349599999,5.53292222361454,6.3857822,6.595160647282988
1647,S. aureus,KKWWWKWKKW,1.051152522,10,4.948847478,1647,1647,train,5,4.8482846973428995,5.470629566789339,4.916991493691289,5.3674063703809916,4.969656894925238,5.0456636074500025,5.270662194981223,4.9757543,4.948847477990313
1648,S. aureus,KKYRYHLKPFSKK,2.10720997,13,3.89279003,1648,1648,train,1,3.992754549256209,4.419489500137423,4.69359522504625,4.507660703769499,4.655685642814247,4.1263694530600015,4.318110100513642,3.9447064,3.892790030026931
1649,S. aureus,KLAGKLAKWAGKLAKLAGKLA,0.57335288,21,5.42664712,1649,1649,train,8,5.3268088688193975,4.90409282764959,4.662865523229938,4.94337072706558,4.714321110639372,5.042041923539997,4.7446256007884156,5.303888,5.4266471199251765
1650,S. aureus,KLAGLAKKLAGLAKKLAGLAK,0.889491096,21,5.110508904,1650,1650,train,6,5.010610660797672,4.939062428960761,4.638739262974103,4.990215948245751,4.6748546037948415,5.02136683126999,4.813312867472623,5.064309,5.110508904003368
1651,S. aureus,KLAGLAKKWAGLAKKLAGLAK,0.874382876,21,5.125617124,1651,1651,train,6,5.025476655080516,4.8438948085783595,4.660784752150156,4.918995935388234,4.7123159054489046,5.00384641342999,4.854309944147899,5.108534,5.125617123914953
1652,S. aureus,KLAGLKAKWAGLKAKLAGLKA,2.078502859,21,3.921497141,1652,1652,train,1,4.021648547518682,4.637463593239415,4.648534166706799,4.6963072345803685,4.678588325944062,4.208967866929995,4.7253801538376905,3.9974396,3.921497141434763
1653,S. aureus,KLAKGLAKWAKGLAKLAKGLA,0.57335288,21,5.42664712,1653,1653,train,8,5.3268130660996516,5.095957666425518,4.658323664387953,5.110657887974213,4.70073101025617,5.2067213989099965,4.7742224417548025,5.386575,5.426647119937168
1656,S. aureus,KLFAVIKKVAAVIGGL,1.487564914,16,4.512435086,1656,1656,train,3,4.612299128693986,4.864802595055362,4.7900114293191445,4.784202799073608,4.780272754696361,4.5765719954199975,4.669116680801776,4.46696,4.512435085848389
1657,S. aureus,KLFAVIKKVAAVIRRL,1.738657538,16,4.261342462,1657,1657,train,2,4.361418249549798,4.779696324383419,4.876073466188426,4.854440025361834,4.917022764001058,4.634243159380003,4.893996987565848,4.4481397,4.261342462638636
1658,S. aureus,KLGFENFLVKALKTVMHVPTSPLL,2.408239965,24,3.591760035,1658,1658,train,0,3.6915852666121376,4.3427484683932,4.818546969504352,4.237006718298542,4.757328696824921,4.1304778941499976,4.614195971710457,3.741803,3.5917600350430248
1659,S. aureus,KLGHHGRAPP,2.10720997,10,3.89279003,1659,1659,train,1,3.992794358131359,3.8964415529390597,4.263671138390739,3.9198718736504374,4.154391512164178,3.9051722072800015,3.9597876879453966,3.8835218,3.892790029809869
1660,S. aureus,KLKAGLAKWKAGLAKLKAGLA,2.078502859,21,3.921497141,1660,1660,train,1,4.021648548465296,4.567264801727658,4.649729970121718,4.63106700299938,4.676559128123753,4.1806742480099945,4.653810364992308,3.959497,3.9214971409736235
1661,S. aureus,KLKFPKLKFP,1.603592207,10,4.396407793,1661,1661,train,3,4.496509512840585,4.929357741174913,4.65292219988067,4.792316346386425,4.554842771004731,4.308291304659997,4.421934463659884,4.38013,4.396407793102955
1662,S. aureus,KLKHVGLHVGKLK,1.604226053,13,4.395773947,1662,1662,train,3,4.495488993878854,4.535841121049186,4.655952119259801,4.467654988601605,4.631598933038818,4.477701258060003,4.657207875766006,4.4180245,4.395773946923219
1663,S. aureus,KLKKKLKKLLKK,2.524031415,12,3.475968585,1663,1663,train,0,3.5763027500805507,4.409240277111285,4.721367367060618,4.443418454651332,4.712401441550997,3.7266333286499957,4.114714204092862,3.5630083,3.4759685831309883
1664,S. aureus,KLKKLLKKLLKK,2.528412189,12,3.471587811,1664,1664,train,0,3.5718388245676493,4.581681275901248,4.768979678996357,4.564062222270986,4.762454098498928,3.871191795650002,4.106377339821154,3.5327682,3.4715878169959185
1665,S. aureus,KLKKLLKKLLKL,2.532837604,12,3.467162396,1665,1665,train,0,3.567325130772544,4.76312454972583,4.830431402895805,4.825109007946783,4.846613410882298,4.041740365469997,4.41275227716799,3.5529819,3.4671624043277762
1666,S. aureus,KLKKLLKKWLKLLKKLLK,0.602059991,18,5.397940009,1666,1666,train,7,5.297853379489794,5.094026144648643,4.979876531967755,5.149059867907175,5.067518935928224,5.297672043670006,5.201317018328774,5.3454585,5.397940005468416
1667,S. aureus,KLKLLKLLKLLKLLK,1.397940009,15,4.602059991,1667,1667,train,4,4.702155709898887,5.022229610971624,4.9521779752945845,5.063671906525214,4.999600925586747,4.595525636229996,4.8511063434498976,4.5792294,4.602059990874984
1670,S. aureus,KLKLLLLL,1.564835946,8,4.435164054,1670,1670,train,3,4.535327832303752,4.467422724570482,4.9151340107129835,4.5317722922214125,4.908004057857235,4.398344907879997,4.467094894732085,4.4736304,4.435164054313593
1672,S. aureus,KLKLVALHKQVL,0.857056755,12,5.142943245,1672,1672,train,6,5.042767150577468,4.8077438007204485,4.78434233879776,4.966104001339538,4.743755804113185,5.091907338670008,4.922290384909851,5.1254797,5.142943244963809
1673,S. aureus,KLLAKAALKWLLKALKAA,0.204119983,18,5.795880017,1673,1673,train,9,5.695798529237917,5.19890037781623,4.800397048787234,5.3847982122128615,4.818636983943738,5.532795779099998,5.170159450042282,5.6894126,5.7958800165493765
1675,S. aureus,KLLKKLLKLWKKLLKKLK,1.645308403,18,4.354691597,1675,1675,train,3,4.454933919868079,5.120389397489026,4.979876531967755,5.160263786078625,5.079687854468587,4.683102484,5.042758325500276,4.4745007,4.354691597173979
1676,S. aureus,KLLKKLLKWLK,0.549481559,11,5.450518441,1676,1676,train,8,5.350684933864096,5.046006538547097,4.870876801345942,4.991053008870115,4.910625058695657,5.331383827509993,5.167373846935093,5.369349,5.450518441468672
1677,S. aureus,KLLKLLLKLWKKLLKLLK,1.651109857,18,4.348890143,1677,1677,train,3,4.44897587766428,5.295365652365947,5.051918945573474,5.255527839911788,5.171658643712491,4.517144538000001,5.009262023589609,4.3785405,4.348890142872066
1678,S. aureus,KLLKLLLKLWLKLLKLLL,1.65698986,18,4.34301014,1678,1678,train,3,4.442877655360302,5.382452968513745,5.114080439218612,5.327448632286417,5.219635043540469,4.588186312479997,4.971992656171996,4.4535832,4.34301014169196
1679,S. aureus,KLLKQWPIGKLLKKLLKKLLK,-0.704205049,21,6.704205049,1679,1679,train,9,6.604097196565924,5.545395954098232,4.970993762360978,5.300869814482277,5.0665876835968575,6.237313021850003,5.580124311447893,6.570192,6.704205048828575
1681,S. aureus,KLLKRIKTLL,1.291859017,10,4.708140983,1681,1681,train,4,4.730886120167497,4.885285171882289,4.795423325355126,4.8864105391787795,4.792712989096287,4.711787922270004,4.626602983791444,4.681992,4.708140982891845
1682,S. aureus,KLLKVIKKLL,0.876648067,10,5.123351933,1682,1682,train,6,5.02321489581276,5.292019849625025,4.8543857924045275,5.326737978587408,4.864860848983442,5.001193314329996,4.860369476526155,5.09589,5.12335193245133
1683,S. aureus,KLLKWLKKLLK,0.549481559,11,5.450518441,1683,1683,train,8,5.35055679784083,5.048276398297055,4.869904068292827,5.039062614474769,4.908083243194592,5.353252150449993,5.245506768565014,5.4230967,5.450518442407418
1684,S. aureus,KLLKWLLK,1.380333904,8,4.619666096,1684,1684,train,4,4.7198122140920455,4.946832260823888,4.855129803374132,4.963470462922958,4.854630150031848,4.577284188680002,4.71751903965614,4.608593,4.619666097300377
1685,S. aureus,KLLKWLLKL,0.428956434,9,5.571043566,1685,1685,train,8,5.47120662368812,5.099205877609227,4.906281128107037,5.053091190504958,4.92892867232434,5.190307473990004,4.970346866542491,5.5174146,5.571043564000925
1686,S. aureus,KLLKWWKKLL,1.079181246,10,4.920818754,1686,1686,train,5,4.820657411920297,5.6964144214941,4.913142898029382,5.689074739701442,4.957051667613877,5.053953337699995,5.262889427801753,5.029349,4.920818753521729
1687,S. aureus,KLLLKLKLKLLK,1.698970004,12,4.301029996,1687,1687,train,2,4.400870300602389,4.449394307915712,4.877767526851563,4.546193813023346,4.899893347631995,4.3994001187700045,4.741546158576779,4.3525057,4.301029995288494
1688,S. aureus,KLLLKLKLKLLKGWKRKRFG,1.397940009,20,4.602059991,1688,1688,train,4,4.702147677157522,4.959774606143338,4.949271300900951,4.855132686788413,5.0474488872765235,4.7449645091399955,4.862053372940499,4.6334925,4.6020599909899635
1691,S. aureus,KLLNLLPGLLAGIF,1.096910013,14,4.903089987,1691,1691,train,5,4.802936087891913,4.488412710334204,4.71700886124823,4.612621193463507,4.6695766612102085,4.775771618769993,4.61553133716241,4.8789306,4.903089987039433
1692,S. aureus,KLPKLPWKPKK,1.271841607,11,4.728158393,1692,1692,train,4,4.732276953719791,4.687401642252759,4.494805802613125,4.723621426348875,4.4648694919028244,4.59459011029,4.483860229666015,4.6726875,4.728158392989264
1694,S. aureus,KLPLLPWLPKK,1.806179974,11,4.193820026,1694,1694,train,2,4.293977590462638,5.021713140579522,4.611529301260585,4.952033539994742,4.658094486522351,4.343839702730007,4.724111804700433,4.2733235,4.193820026096826
1695,S. aureus,KLPLLPWLPLK,1.806179974,11,4.193820026,1695,1695,train,2,4.293972420967366,4.92006118106919,4.662902638848729,4.87242874754673,4.712501053035639,4.307524267430008,4.658916445793364,4.2853556,4.19382002608335
1696,S. aureus,KLRKLFRKLLKLIRKLLR,0.835637068,18,5.164362932,1696,1696,train,6,5.064027035114169,5.138853224880508,5.00301441545105,5.1639201275995035,5.107664778091466,5.175297330720005,5.093156971582586,5.154889,5.164362931836232
1697,S. aureus,KLRRLIRLL,1.626891983,9,4.373108017,1697,1697,train,3,4.472969178049185,4.61719196172397,4.8591503765464195,4.557587336831874,4.898170450105302,4.501243108729997,4.752633349252106,4.3723063,4.373108016908296
1698,S. aureus,KLRRWVRWI,1.580834064,9,4.419165936,1698,1698,train,3,4.519051282691778,4.846387910625776,4.904795420790074,4.902425649583359,4.969676938795801,4.653627173640006,5.172400292668891,4.6239476,4.419165936720232
1699,S. aureus,KLRRWVRWL,1.279804069,9,4.720195931,1699,1699,train,4,4.732185073727459,4.720794758728345,4.9035155088780815,4.781448772655265,4.966332444715452,4.787581437649998,5.112310947330758,4.7539535,4.720195930680302
1700,S. aureus,KLSPSLGPVSKGKLLAGQR,1.819543936,19,4.180456064,1700,1700,train,2,4.280519948813723,3.8533745382309355,4.5509273088969575,3.670801799057661,4.551777940656524,4.326181760089998,4.459353521266108,4.192709,4.180456063972569
1701,S. aureus,KLVKRFKKFFRKLKKS,1.494508212,16,4.505491788,1701,1701,train,3,4.605490430964227,4.429784370675161,4.852763325850414,4.478615445922654,4.938787775778821,4.572504775539993,4.774743471481873,4.489761,4.505491788315908
1702,S. aureus,KLVKWIIKTVNKFTKK,1.342422681,16,4.657577319,1702,1702,train,4,4.73247550755643,5.197767766747923,4.848946310379858,5.084004483701678,4.879633423156341,4.764286530709994,4.929467605652051,4.7014236,4.657577319068523
1703,S. aureus,KLWKKWKKWLK,0.669006781,11,5.330993219,1703,1703,train,7,5.231166287995526,4.7920907803389,4.872896684902324,4.81122780889957,4.943148436765779,5.194578841259998,5.131948083721831,5.2784295,5.330993217543513
1704,S. aureus,KLWKLWLKWLK,0.669006781,11,5.330993219,1704,1704,train,7,5.231150012683294,4.9667295816389645,4.981679151662558,5.057758426565376,5.0667873214641,5.238094403399995,5.214686038725521,5.2474318,5.330993218869311
1705,S. aureus,KLWLLWLKWLL,1.630088715,11,4.369911285,1705,1705,train,3,4.470073952745313,5.4473719120200155,5.0902477829850366,5.45091039799874,5.172412775070966,4.76319294206,5.201198663050798,4.534125,4.3699112850768325
1706,S. aureus,KMDSRWRWKSSKK,1.365771941,13,4.634228059,1706,1706,train,4,4.732276952898313,4.634228058998935,4.402410296905527,4.634798483360032,4.377575061739888,4.547515395000004,4.5212174216897205,4.6284647,4.63422805892395
1707,S. aureus,KMWSKILGHLIR,1.620136055,12,4.379863945,1707,1707,train,3,4.479503881132382,4.702409634174437,4.750314324116276,4.756261592371449,4.785215016748446,4.5540104511200035,4.644648748194415,4.427178,4.379863945046026
1708,S. aureus,KNKRKRRRRRRGGRRRR,1.726067654,17,4.273932346,1708,1708,train,2,4.374054935805332,4.802757089886991,4.5612587591022935,4.676477791281971,4.567269007068044,4.440682815219996,4.213606014862466,4.3076296,4.2739323459978875
1709,S. aureus,KNLRRIIRKIIHIIKKYG,2.119617501,18,3.880382499,1709,1709,train,1,3.9805385543915555,4.990217901906831,4.897735915394341,5.336920675891059,4.9968646753604835,4.291860668100005,4.798350177483058,4.024656,3.880382499244023
1710,S. aureus,KNVNSIVKIQAFFRARKAQDDYR,0.662757832,23,5.337242168,1710,1710,train,7,5.237080825732645,5.465855085141169,4.719409142996901,5.596914690453561,4.726974973240918,5.021396422899996,4.976757929769049,5.3249135,5.337242167958392
1714,S. aureus,KNWKGIAGMAKKLLGKNWKLM,1.164352856,21,4.835647144,1714,1714,train,5,4.735826310335549,4.8704866580481,4.775745885867239,4.82494058297346,4.790603772496412,4.803696151460005,4.901482232921969,4.8334637,4.835647143948245
1715,S. aureus,KQFRIRVRVIRK,0.875337427,12,5.124662573,1715,1715,train,6,5.0244904493106475,5.57114035130018,4.801504277258874,5.347466091870565,4.792719935829712,5.084607128280006,4.983570577617688,5.114607,5.124662573056579
1716,S. aureus,KQIKIWFQNKKMKWKK,2.408239965,16,3.591760035,1716,1716,train,0,3.691587364910574,3.918836042983976,4.832075089140144,3.9895391838162375,4.8398036514058775,3.8089589452999952,4.114243628658897,3.6404216,3.5917600350732113
1718,S. aureus,KQLIRFLKRLDRNLWGLA,1.041392685,18,4.958607315,1718,1718,train,5,4.858761079068657,4.550933204109494,4.743023665897188,4.7764357429734945,4.754753989730509,4.831154065239997,4.720543900325926,4.9296227,4.958607314996444
1720,S. aureus,KQWRIRVAVIRA,1.330271572,12,4.669728428,1720,1720,train,4,4.732276952898481,4.823494826138948,4.7581029873434595,4.713949365679233,4.715608267096953,4.73342090283,4.807557406292805,4.677557,4.669728428049747
1721,S. aureus,KRFKKFFKKLKKFVKKGFKKFAKV,0.472103819,24,5.527896181,1721,1721,train,8,5.427809450109396,5.2234277920621555,5.008609353772094,5.147531683581083,5.143828342439217,5.332438845370002,5.104513798123222,5.502224,5.52789618069782
1722,S. aureus,KRFKKFFKKLKNSVKKRAKKFFKK,0.740649333,24,5.259350667,1722,1722,train,7,5.159238463676984,5.373701599727622,4.958753897763691,5.1082888685873336,5.075305501582918,5.111824652249996,4.924938618489677,5.2805195,5.259350667010768
1723,S. aureus,KRFKKFFKKVKKSV,1.852355602,14,4.147644398,1723,1723,train,2,4.2476076415675905,4.825808297854486,4.781698613821527,4.853911122361275,4.821827486234768,4.3112240318200055,4.716925545199117,4.2139254,4.147644398179845
1724,S. aureus,KRFRIRVRVIRK,0.566753181,12,5.433246819,1724,1724,train,8,5.333531117981691,5.03000609153411,4.818492113819622,5.031326016618795,4.8358867852168546,5.413435806519996,5.0054774869785685,5.4559646,5.433246818844546
1725,S. aureus,KRFWPVVIRTVVAGYNLYRAIKKK,0.082675954,24,5.917324046,1725,1725,train,9,5.816935567819332,5.8070363309593676,5.011438099226267,5.828461902095193,5.1101174809169425,5.7840552484799925,5.431680886553319,5.8959703,5.917324045740557
1726,S. aureus,KRFWQLVPLAIKIYRAWKRR,0.602059991,20,5.397940009,1726,1726,train,7,5.298050845135705,5.3177505927936135,4.990180565577321,5.3243713706709785,5.0833914762028956,5.412366427850003,5.067796250102804,5.3530827,5.397940009088012
1727,S. aureus,KRGKQGGKVRAKAKTRSS,1.216618553,18,4.783381447,1727,1727,train,4,4.732276952899658,4.487044258357033,4.4745411262074475,4.450177856878229,4.411827402601437,4.746553427820006,4.5464768491572904,4.747391,4.783381447019892
1728,S. aureus,KRIGLIRLIGKILRGLRRLG,1.31915252,20,4.68084748,1728,1728,train,4,4.732276952907709,5.106796024933559,4.843173292951548,4.990676468311252,4.930483987860956,4.785612531840005,4.907545825122254,4.7466135,4.680847480084175
1729,S. aureus,KRIKTLL,1.845250704,7,4.154749296,1729,1729,train,2,4.254884729758202,4.483929365203818,4.698078216493482,4.496955543122658,4.580707007962099,4.162280035449997,4.2585081193072805,4.1805573,4.1547492960408725
1730,S. aureus,KRIMKLKMR,2.354108439,9,3.645891561,1730,1730,train,0,3.746054549788263,4.0561594439754,4.751524719992727,4.078331736913059,4.665556769798988,3.989655899499998,4.161599401298039,3.7013013,3.6458915610126494
1731,S. aureus,KRIRKRIKKWKR,0.602059991,12,5.397940009,1731,1731,train,7,5.2979386791163225,4.60433735964334,4.7298044637848475,4.5154432881362085,4.672323615594088,5.096703637680008,4.604045998775237,5.2980785,5.397940008614908
1732,S. aureus,KRIRKRIKKWLR,0.602059991,12,5.397940009,1732,1732,train,7,5.297955315077593,4.982672461336295,4.792122870893273,4.947685233545876,4.825637532506974,5.187765935350008,4.945537952702904,5.3086996,5.397940009053081
1733,S. aureus,KRIVKLIKKWLR,0.477121255,12,5.522878745,1733,1733,train,8,5.423045980760595,5.471615304112584,4.8806675035682625,5.503194668333718,5.065524322132541,5.445983802130005,5.436700967169863,5.481168,5.522878745063418
1734,S. aureus,KRIVKLILKWLR,0.812913357,12,5.187086643,1734,1734,train,6,5.086914640084612,5.57032527923025,4.930077084821449,5.6164566563815015,5.12121953118046,5.242980775469995,5.422898766974546,5.2456317,5.187086643624757
1735,S. aureus,KRIVKRIKKWLR,0.477121255,12,5.522878745,1735,1735,train,8,5.422971945202761,5.35907331920287,4.8369619402686315,5.392662719028555,5.015407210633337,5.445828930450005,5.30193462409042,5.517941,5.52287874486935
1736,S. aureus,KRIVQRIKDFLR,0.602059991,12,5.397940009,1736,1736,train,7,5.298044502186768,5.081506512935236,4.635275416703235,4.994790779154477,4.710386634183295,5.2584381592700025,4.898679926881738,5.3726654,5.397940008989255
1737,S. aureus,KRIVQRIKDFLRNLVPRTES,1.568201724,20,4.431798276,1737,1737,train,3,4.53192578553069,5.161167419787674,4.58049125917856,5.373380831388142,4.614734070423575,4.568456792279997,4.448760892746799,4.4062414,4.431798276050584
1738,S. aureus,KRIVQRIKDWLR,0.301029996,12,5.698970004,1738,1738,train,9,5.598822831403735,4.566153266411741,4.648172281993104,4.477782675796199,4.730237922264676,5.423557417589997,4.969860153004593,5.590938,5.698970003931918
1739,S. aureus,KRIVQRIKKWLR,0.477121255,12,5.522878745,1739,1739,train,8,5.423039955074761,5.321172487274108,4.831112261950641,5.3671365533615,4.992018225090333,5.467001074220004,5.356820988117184,5.548853,5.522878744925214
1740,S. aureus,KRKFHEKHHSHRGY,1.867762025,14,4.132237975,1740,1740,train,2,4.232331033338694,4.647493398676624,4.437074806716309,4.633526059861866,4.243829720702813,4.303816250170004,4.175911414511628,4.138951,4.13223797500427
1741,S. aureus,KRKIFLRTKILV,0.726998728,12,5.273001272,1741,1741,train,7,5.172841336917857,4.534125286201706,4.834493940029416,4.459574473565331,4.8200430662534135,5.169096521369995,4.984431123859291,5.236575,5.273001271975446
1742,S. aureus,KRKKRFKWW,0.414973348,9,5.585026652,1742,1742,train,8,5.484986545316634,5.068377694786047,4.755080599322852,5.121666270877174,4.687440622778325,5.276357143130005,4.881782104774477,5.4826527,5.5850266521959
1744,S. aureus,KRLFKKLLFSLRKY,0.562292864,14,5.437707136,1744,1744,train,8,5.337686106162264,5.347205755639367,4.8792543585952535,5.33764436376754,4.9155794322538,5.290683648529993,4.979550862214591,5.4111943,5.437707136125347
1745,S. aureus,KRLRKFRNKIKEKLKKIG,1.787814567,18,4.212185433,1745,1745,train,2,4.312354234861556,4.223620491365149,4.730130531203137,4.434968577457122,4.655968571629363,4.224583954830002,4.290265466936156,4.191773,4.212185433014428
1746,S. aureus,KRLRRVWRRWR,0.698970004,11,5.301029996,1746,1746,train,7,5.20092217514542,5.1547129428066025,4.830965714768837,5.11350800110435,4.878441999592882,5.147011465890004,5.076773339953045,5.2805753,5.301029995822694
1747,S. aureus,KRRGSVTTRYQFLMIHLLRPKKLFA,-0.531579503,25,6.531579503,1747,1747,train,9,6.43140801565585,5.738398536865822,4.984594620409012,5.692570252010164,5.067893069498335,5.9764417566399946,5.749257553262754,6.421242,6.531579502922001
1748,S. aureus,KRRKLAFRLFRLFLKLVLKK,1.204119983,20,4.795880017,1748,1748,train,4,4.732277086878413,5.241431160959049,5.029318108764249,5.182253148033763,5.127139377701196,5.03887483471,5.196086012459352,4.9078765,4.795880017464156
1749,S. aureus,KRRKLIKILKLIAKLIRKKR,0.301029996,20,5.698970004,1749,1749,train,9,5.599198173383939,5.586772624315698,4.949455443583124,5.5685620440350725,5.033190484378036,5.477256648699996,5.039288040808671,5.6221914,5.698970003837345
1750,S. aureus,KRRKLIKILKLIIKLIRKKR,0.301029996,20,5.698970004,1750,1750,train,9,5.599036766347536,5.514265937483265,4.997437293143623,5.483379942018235,5.097948629794988,5.5075602590299955,5.139877569682291,5.610337,5.698970003566841
1751,S. aureus,KRRLFLFRLFRLFLRLFLKK,0.602059991,20,5.397940009,1751,1751,train,7,5.298108446489443,5.332376623815065,5.135691675628546,5.4522831993838174,5.276331575579644,5.315389319110007,5.307989929942197,5.391814,5.397940008563205
1752,S. aureus,KRRLIARILRLAARALVKKR,0.903089987,20,5.096910013,1752,1752,train,6,4.996749890111971,5.608126700770947,4.875590433972124,5.574492775939311,4.935750754509543,5.031726459980006,4.938145205057095,5.1111,5.0969100131827965
1753,S. aureus,KRRLILRILRLAIRALVKKR,0.602059991,20,5.397940009,1753,1753,train,7,5.298095225585378,5.652611938717861,4.971257924907775,5.588838748754225,5.059023193114295,5.307931480460006,5.005189787577979,5.3321486,5.397940009023057
1754,S. aureus,KRRRRRR,0.954255151,7,5.045744849,1754,1754,train,6,4.945867438803625,4.481025178950404,4.425087515185891,4.448158264175421,4.301367782858759,4.703503588330002,4.116882155336965,4.9937153,5.045744848720332
1755,S. aureus,KRRWPWWPWRLI,0.652638292,12,5.347361708,1755,1755,train,7,5.247539903902967,5.441059987210831,4.9289025722474715,5.373503215817881,5.069169471841791,5.381480361719997,5.403091756769721,5.36183,5.34736170810089
1756,S. aureus,KRRWRIWLV,0.784954047,9,5.215045953,1756,1756,train,7,5.115009570174464,5.292241428732427,4.89736827480934,5.305802197317967,4.921927616085297,5.292769752300003,5.173645578489023,5.25921,5.215045952967368
1757,S. aureus,KRWRIRVRVIRK,0.255426577,12,5.744573423,1757,1757,train,9,5.644897912716551,5.213462497416242,4.830796562738797,5.193885941383715,4.854190050323902,5.552248017120006,5.113580649372685,5.6806817,5.744573423146973
1758,S. aureus,KRWWKWIRW,0.500602351,9,5.499397649,1758,1758,train,8,5.399500907116598,5.856342469813061,4.9451224780725145,5.810788846303646,5.012642174171915,5.51115718047,5.429730903400961,5.5139384,5.499397648758281
1759,S. aureus,KRWWKWWRR,0.45484486,9,5.54515514,1759,1759,train,8,5.44525890333629,5.62464479631182,4.895305382582049,5.466683335064199,4.971933949651529,5.4903117080200055,5.3890829017824995,5.4569683,5.545155140370072
1760,S. aureus,KRWWRKWWR,-0.15490196,9,6.15490196,1760,1760,train,9,6.054711674307666,5.371035364191009,4.867933552121295,5.113646292758559,4.900409554818933,5.877058601120001,5.351298022801488,5.9594507,6.154901958643177
1761,S. aureus,KRWWWWRFR,-0.15490196,9,6.15490196,1761,1761,train,9,6.055056088615251,5.193862833117571,4.951367279144845,5.167959864688835,5.005120200744961,5.8134467156,5.433668305057243,6.077922,6.154901959709977
1762,S. aureus,KSDVRRWRSRY,2.0,11,4.0,1762,1762,train,1,4.09983878465807,4.0182455070241465,4.350113862669249,4.168331076957009,4.230058727152511,4.08025453255,4.108505521914035,3.9888756,3.9999999999260716
1764,S. aureus,KSLRRVWRSWR,1.77815125,11,4.22184875,1764,1764,train,2,4.322241506983518,4.590262016746616,4.695175055093947,4.749840232952239,4.754106680364563,4.395949852799997,4.824544094953175,4.268376,4.221848750011499
1765,S. aureus,KSLVRRWRSRW,1.477121255,11,4.522878745,1765,1765,train,3,4.623040958824372,4.408208375385871,4.645110530631238,4.389863198251274,4.681704267597365,4.502511227640004,4.756835412731514,4.4903297,4.5228787449119014
1766,S. aureus,KSRQWQWKIRRTWPIFSIRR,1.370145121,20,4.629854879,1766,1766,train,4,4.729682873411882,5.448349071989411,4.9306351794928585,5.336687757966119,5.033392888387658,4.717276220519996,4.885941668902443,4.6511965,4.629854879091058
1767,S. aureus,KTKQQFLIKAQTQLFKVFGYTL,-0.71219827,22,6.71219827,1767,1767,train,9,6.61207419545049,6.119254176897475,4.941002096662657,6.071377369587049,4.96492979691228,5.925350340929998,5.542648926969503,6.648886,6.712198269923102
1768,S. aureus,KTLLKKVLKAAA,0.954242509,12,5.045757491,1768,1768,train,6,4.945360275226338,4.95012744574249,4.631798348312544,4.9583809501259895,4.5430483843736855,4.943139004150003,4.654484762030806,4.975088,5.045757491006848
1769,S. aureus,KTRNWFSEHFKKVKEKLKDTFA,1.955746467,22,4.044253533,1769,1769,train,1,4.144346709065124,3.9921118085753635,4.617032523622454,3.8555906667253605,4.556919774239044,4.305295130130002,4.424323141386007,4.0429835,4.044253532980579
1770,S. aureus,KVALGVAQNYLNPQQ,2.193124598,15,3.806875402,1770,1770,train,0,3.9069685780642063,3.5696363746568514,4.514320913270854,3.7484988863103865,4.232818678842156,4.056238010390002,4.137414016747647,3.846479,3.8068754019907103
1771,S. aureus,KVASVIGGL,3.084460739,9,2.915539261,1771,1771,train,0,3.0156999325804565,3.0845206469868627,4.519978091980493,3.1704683527571698,4.086168879630939,3.232192787609997,3.381955794988908,2.9297771,2.915539260914451
1772,S. aureus,KVFIATLVVSSFLLAKPPRV,2.068650943,20,3.931349057,1772,1772,train,1,4.031510400199634,4.540146380548654,4.8720055971139455,4.601439349281795,4.903033635090178,4.1484209473099956,4.60975316741036,3.976695,3.931349057044832
1773,S. aureus,KVFKRLEKLFS,2.0,11,4.0,1773,1773,train,1,4.100099302376683,3.8281994520538962,4.641941361265685,3.9256068185996673,4.575502013970805,4.20735062313,4.413999257247563,4.0098753,3.9999999999867875
1774,S. aureus,KVFKRLEKLFSKI,0.795880017,13,5.204119983,1774,1774,train,6,5.104242023832336,4.83376784651173,4.6857242689851555,4.754576021333815,4.6604769245690525,5.165085461849999,4.793417535071832,5.184871,5.2041199827068
1775,S. aureus,KVFKRLEKLFSKIQNDK,2.0,17,4.0,1775,1775,train,1,4.100108975250496,4.318138286339833,4.576341056320067,4.224384101380073,4.497781354834931,4.12476058015,4.3129007140771565,4.0357304,4.00000000013078
1776,S. aureus,KVFLGLK,1.687922706,7,4.312077294,1776,1776,train,3,4.412104257618788,4.138800510250187,4.660242914249609,4.168526776670796,4.668319658563745,4.302624809100003,4.344146897327005,4.309521,4.312077293991278
1777,S. aureus,KVLKAAA,1.255272505,7,4.744727495,1777,1777,train,4,4.733184613525516,4.887241387277122,4.484512335221774,4.77401859118923,4.3068216872705865,4.695647332700005,4.49926962431925,4.7415543,4.744727494955646
1778,S. aureus,KVLKAAAKAALNAVLVGANA,1.698970004,20,4.301029996,1778,1778,train,2,4.400860922141009,4.421486710658873,4.6085532076423545,4.498398660724345,4.516520567806264,4.392889208460003,4.398841562453445,4.2822247,4.301029996131921
1781,S. aureus,KVVFKVKFKKK,0.356046307,11,5.643953693,1781,1781,train,9,5.543985386999447,4.9508158078353635,4.786415974156629,4.940953640477881,4.7898844769864635,5.401818172550006,4.98289671171556,5.5880017,5.6439536926589975
1782,S. aureus,KVVKQWPIGKVVKKVVKKVVK,-0.383475137,21,6.383475137,1782,1782,train,9,6.283655026954812,5.341305875589174,4.939963560890988,5.16815328179835,5.02029093131973,6.079016780510002,5.518794748990436,6.319602,6.383475136783777
1783,S. aureus,KVVVKWVVKVVK,2.0,12,4.0,1783,1783,train,1,4.099827209356719,4.944923303094702,4.928625015087532,4.854699393729579,4.9632244645020975,4.570090929290001,5.117391475076845,4.195501,4.000000000176159
1784,S. aureus,KWAKKWKWFAKAAWKWYKK,1.590218687,19,4.409781313,1784,1784,train,3,4.50966759444634,4.818752163849923,4.955541642541344,4.873039009299054,5.067030535601036,4.669689831249998,5.139849495673195,4.5006633,4.4097813131562615
1785,S. aureus,KWARLWRWFRITRWLWYIK,1.558255956,19,4.441744044,1785,1785,train,3,4.541719574839831,5.154280820761561,5.161680832229207,5.124770653020156,5.329753338749749,4.686963670820005,5.14908645655471,4.451044,4.4417440441187
1786,S. aureus,KWASLWNWFNITNWLWYIK,1.590074701,19,4.409925299,1786,1786,train,3,4.5097643175719195,4.337987777332477,5.050929918128691,4.447531547905689,4.964426999781814,4.569098162700004,4.760019147972841,4.436789,4.409925298996378
1787,S. aureus,KWFKIQLQIKKWKNKK,1.505149978,16,4.494850022,1787,1787,train,3,4.594744023294062,4.698064158268342,4.820878274847493,4.743581671340514,4.8357001568305,4.505635965889996,4.831044957709454,4.51366,4.494850022068326
1788,S. aureus,KWFKKIPKFLHLAKKF,0.494850022,16,5.505149978,1788,1788,train,8,5.405042353126435,5.26547087047415,4.88252677351778,5.301169390382271,4.9588079873558115,5.5172184538000035,5.272099546959927,5.51617,5.505149978796416
1789,S. aureus,KWFKKIPKFLHLLKKF,0.193124598,16,5.806875402,1789,1789,train,9,5.706911977009379,5.835244897975809,4.941154116938094,5.624830140847049,5.031886431496794,5.667314482759999,5.3133759946259795,5.729243,5.806875399063516
1790,S. aureus,KWFKRLEKLFSKI,0.193124598,13,5.806875402,1790,1790,train,9,5.707041666992472,5.016718332258761,4.715184212649194,4.910563111558836,4.707780830842143,5.50492491723,4.883934504211709,5.737075,5.806875401959345
1791,S. aureus,KWFRVYRGIYRRR,1.187520721,13,4.812479279,1791,1791,train,5,4.732276952898313,5.368037004698011,4.882684176039773,5.374007819140618,4.929803968835139,4.904082581350002,4.989695431106558,4.862781,4.8124792790212645
1792,S. aureus,KWIKWIKWI,1.204119983,9,4.795880017,1792,1792,train,4,4.732276952899841,5.434410412200405,4.969306917421321,5.540704566171436,5.035289136934115,4.95945354242,5.1955973397644595,4.8779826,4.7958800169892255
1793,S. aureus,KWIRWVRWI,0.602059991,9,5.397940009,1793,1793,train,7,5.298105789749253,5.27441590882738,4.985602382803246,5.3079111923017805,5.063144857738259,5.367666902750005,5.325005706113085,5.3133717,5.397940008689245
1794,S. aureus,KWKARKNFIKGSSLGWLIQLFRKR,1.334659996,24,4.665340004,1794,1794,train,4,4.732276952898313,5.3215014778990595,4.935152792557525,5.163137473056991,5.022294549582815,4.911460752219992,5.137605882649494,4.76184,4.665340004111647
1795,S. aureus,KWKIFRRWW,0.194532384,9,5.805467616,1795,1795,train,9,5.705305008902464,4.864672957288182,4.9205474155645454,4.892396359875826,4.976562119688936,5.731239262249995,5.326863611968944,5.7167187,5.805467615711002
1796,S. aureus,KWKKFKKIGAVLKKL,1.204119983,15,4.795880017,1796,1796,train,4,4.732274847052161,4.746786044284705,4.796124880045048,4.745383616496863,4.837049509730977,4.820570034610001,4.86449019117937,4.788013,4.795880016803558
1799,S. aureus,KWKKLLKKLLKLL,0.903089987,13,5.096910013,1799,1799,train,6,4.996839976909302,5.067616822847133,4.902554094298608,5.009938602047012,4.9529532335028925,5.166251511250007,5.208447694577192,5.2008505,5.096910014233421
1800,S. aureus,KWKKLLKKLLKLLKKLL,0.602059991,17,5.397940009,1800,1800,train,7,5.2979675026570305,5.382905592443838,4.976190135058908,5.347717012076388,5.049377963677136,5.3561902096900065,5.2555530404058635,5.407705,5.397940011232698
1801,S. aureus,KWKKLLKKLLKLLKKLLK,0.602059991,18,5.397940009,1801,1801,train,7,5.297902721296448,5.135451214709638,4.978673414770482,5.219579960426975,5.064375111492697,5.3372140532600065,5.20838202269764,5.3694186,5.397940009296727
1802,S. aureus,KWKKLLKKLLKLLKKLLKKLK,0.903089987,21,5.096910013,1802,1802,train,6,4.996684374903205,5.3181195644357,5.023798451488693,5.295839610668835,5.13880866432204,5.202357224140005,5.271085006556176,5.140511,5.0969100071261035
1803,S. aureus,KWKKLLKKLLKLLKKLLKKLKKLLK,0.903089987,25,5.096910013,1803,1803,train,6,4.996696113709071,5.489416348765874,5.110962368677301,5.515000521484894,5.270988286323231,5.180257218270003,5.492077131553771,5.115635,5.096910016897328
1804,S. aureus,KWKKLLKKLLKLPKKLLKKLKKLLK,0.301029996,25,5.698970004,1804,1804,train,9,5.5990733405326685,5.61218713847466,5.051371028312663,5.608148334900295,5.2058126871035,5.5625844490999965,5.539575241079623,5.6885805,5.6989700029693315
1805,S. aureus,KWKKLLKKLLPLLKKLLK,0.301029996,18,5.698970004,1805,1805,train,9,5.59909303736658,5.249327762724074,4.929532002670189,5.520258703367127,5.007769590538402,5.595104440039994,5.268198548173385,5.6851516,5.698970004433461
1806,S. aureus,KWKKLLKKPLKLLKKLL,0.301029996,17,5.698970004,1806,1806,train,9,5.598808756146293,5.526561354745639,4.889077096415706,5.444614132340989,4.947912016887587,5.629945531969994,5.205491092226471,5.631199,5.698970004676752
1807,S. aureus,KWKKLLKKPLKLLKKLLK,0.301029996,18,5.698970004,1807,1807,train,9,5.598849435476895,5.235678559016432,4.895486384977716,5.341038472091076,4.9674196248426234,5.569797738489995,5.226494323621202,5.672243,5.698970004677854
1808,S. aureus,KWKKLLKKPLLKK,1.096910013,13,4.903089987,1808,1808,train,5,4.80320486049409,5.0310207611499544,4.721356480790358,4.953331933778592,4.719192784794293,4.967258610629994,4.848758661854316,4.8928056,4.903089986733289
1809,S. aureus,KWKKPLLKKLLKKL,0.795880017,14,5.204119983,1809,1809,train,6,5.104118412730047,4.815865452253004,4.77652749511341,4.854192493646073,4.7933335769757255,5.180182521449999,5.04840592511264,5.24556,5.204119982054086
1810,S. aureus,KWKLFKGIRAVLKVL,0.647987493,15,5.352012507,1810,1810,train,7,5.251889569346379,5.279318268971691,4.889037257669642,5.304589738051648,4.942828219008283,5.2554869074499955,5.061888221976028,5.2397213,5.352012506660768
1811,S. aureus,KWKLFKKAVLKVLTT,0.903089987,15,5.096910013,1811,1811,train,6,4.996738840243907,5.1403384523110365,4.841165003030996,5.15169078876136,4.848108205403032,4.980977993950007,4.98742142941595,5.059841,5.096910012947827
1812,S. aureus,KWKLFKKGAVLKVLT,2.301029996,15,3.698970004,1812,1812,train,0,3.7990727327739595,4.601938504567125,4.787273323975509,4.672907431130882,4.807718738649719,4.265889168569998,4.827676340305383,3.8517437,3.698970004744913
1813,S. aureus,KWKLFKKGIGAVLKV,1.462397998,15,4.537602002,1813,1813,train,3,4.637429088155304,4.836607477712793,4.785909188145626,4.962094883886775,4.8234494384920215,4.600818204849995,4.956382339348045,4.5655246,4.537602002187883
1814,S. aureus,KWKLFKKI,1.806179974,8,4.193820026,1814,1814,train,2,4.2940572368580385,4.756647680834479,4.7921582316481475,4.954299735888487,4.783502359279227,4.309327794920004,4.659367567795315,4.243357,4.193820026422461
1815,S. aureus,KWKLFKKIFKRIVQRIKDFLRN,0.189980319,22,5.810019681,1815,1815,train,9,5.710142387367557,5.810324992318511,4.937263059440914,5.63102063247141,5.041850944612433,5.643650765839993,5.399724242648049,5.7611914,5.810019680929945
1818,S. aureus,KWKLFKKIGIGAVLKVLT,0.84509804,18,5.15490196,1818,1818,train,6,5.054736991020608,5.120391335966119,4.883419561291888,5.0324226114654245,4.923169248927827,5.095002438200003,5.095453535783653,5.167901,5.154901959647325
1819,S. aureus,KWKLFKKIGIGAVLKVLTTG,0.301029996,20,5.698970004,1819,1819,train,9,5.59884741452528,5.0402136072323085,4.869483522793887,5.088540460626203,4.908103121657462,5.289346761469996,5.000816747808149,5.5962067,5.698970004028435
1820,S. aureus,KWKLFKKIGIGKFLHSAKKF,0.314393957,20,5.685606043,1820,1820,train,9,5.585771987128107,5.293102426060844,4.8563726449891735,5.35630912065105,4.932009928333397,5.425376673660004,5.129070734038819,5.5892196,5.68560604285213
1823,S. aureus,KWKLFKKIGPGKFLHSAKKF,0.494850022,20,5.505149978,1823,1823,train,8,5.405336039158658,5.017653082986845,4.8165857892841695,5.03612869599369,4.885299808920967,5.398319420210004,4.948744968397002,5.497169,5.505149977971237
1824,S. aureus,KWKLFKKIKFLHSAKKF,0.494850022,17,5.505149978,1824,1824,train,8,5.405250162507425,5.261886521954022,4.858871877970341,5.1809961050586795,4.943487638151187,5.371682076560006,5.232244433696802,5.4481916,5.505149978238769
1825,S. aureus,KWKLFKKILKFLHLAKKF,0.494850022,18,5.505149978,1825,1825,train,8,5.4051454493792574,5.730690731350028,4.987589976403023,5.6537289410199705,5.0818834670181765,5.442536784370004,5.363411798498281,5.4723787,5.505149977611904
1826,S. aureus,KWKLFKKIPFLHLAKKF,0.494850022,17,5.505149978,1826,1826,train,8,5.405011352652537,5.28112913528925,4.931078077361811,5.273419140990569,4.983241764973243,5.429910874400004,5.2633348353252725,5.481181,5.505149977568109
1827,S. aureus,KWKLFKKIPHLAKKF,0.795880017,15,5.204119983,1827,1827,train,6,5.104285392029494,4.989140650291121,4.8187006731430895,4.799595615806607,4.859247668670497,5.225819701280002,5.018021664575225,5.2020755,5.204119982917598
1828,S. aureus,KWKLFKKIPKFLH,0.795880017,13,5.204119983,1828,1828,train,6,5.1043134376404256,5.585170985004182,4.839482900708235,5.598491576620707,4.887551844396893,5.196080099239998,5.195773911372298,5.1866145,5.2041199830190585
1829,S. aureus,KWKLFKKIPKFLHL,0.795880017,14,5.204119983,1829,1829,train,6,5.104004016029456,5.733392315150033,4.883128205193352,5.70846343612469,4.94189639965467,5.236729243270002,5.193834024621712,5.244847,5.20411998310527
1830,S. aureus,KWKLFKKIPKFLHLA,0.795880017,15,5.204119983,1830,1830,train,6,5.104281422199478,5.357231406136252,4.86641375426129,5.401951399317331,4.920380488086203,5.218664177779999,5.108856721069344,5.2255845,5.204119982833257
1831,S. aureus,KWKLFKKIPKFLHLAK,0.494850022,16,5.505149978,1831,1831,train,8,5.40510190238478,5.21457855100902,4.870833683876919,5.324897533595168,4.938244060836607,5.387362118810005,5.178074544154792,5.466513,5.505149977419243
1832,S. aureus,KWKLFKKIPKFLHLAKK,0.494850022,17,5.505149978,1832,1832,train,8,5.405170477450707,5.475302139446754,4.876969267118452,5.447108558650023,4.952062490246114,5.3868353295100055,5.1532746540881895,5.521007,5.5051499770445576
1833,S. aureus,KWKLFKKIPKFLHLAKKF,1.136986768,18,4.863013232,1833,1833,train,5,4.963277148551457,5.634018148744324,4.926434113265949,5.493787723735483,5.0080293727776635,5.072076271860007,5.338862960077735,5.155227,4.863013242339839
1834,S. aureus,KWKLFKKIPKFLHSAKKF,0.494850022,18,5.505149978,1834,1834,train,8,5.405364943788735,5.246767647864945,4.843753292119441,5.421324088276329,4.93418228315084,5.408656387370006,5.211841722927774,5.480366,5.505149977616047
1835,S. aureus,KWKLFKKIPLAKKF,0.795880017,14,5.204119983,1835,1835,train,6,5.103943486729973,5.137988077747534,4.808458626970821,5.171288908075226,4.833539326254423,5.163937044479999,5.06771401388821,5.1843944,5.204119982223722
1836,S. aureus,KWKLFKKIPLHLAKKF,0.494850022,16,5.505149978,1836,1836,train,8,5.404653064413771,5.282880296798879,4.860257954592684,5.272204067346082,4.910608984035556,5.452693379300004,5.136121140393786,5.440793,5.505149977942292
1837,S. aureus,KWKLFKKIPLKKF,1.096910013,13,4.903089987,1837,1837,train,5,4.803255341592263,5.53292084127054,4.816908266005045,5.394890345731881,4.829997691544405,4.986592655999996,5.0114355222392275,4.976546,4.903089987332783
1838,S. aureus,KWKLFKKISKFLHLAKKF,0.795880017,18,5.204119983,1838,1838,train,6,5.103948079901299,5.4623700661270025,4.9232876728970005,5.399689219225053,5.010968441295569,5.236740036120002,5.326559436275355,5.236465,5.2041199831593445
1839,S. aureus,KWKLFKKLKVLTTGL,1.707570176,15,4.292429824,1839,1839,train,2,4.392290985058361,4.6616581814985985,4.831593686435537,4.722650394010651,4.859770994598555,4.425064389660005,4.867349051917214,4.2971163,4.2924298242479075
1840,S. aureus,KWKLFKKVLKVLTTG,0.903089987,15,5.096910013,1840,1840,train,6,4.997082959118989,4.863806594132725,4.851273481168033,4.964081798451641,4.877131859694655,4.869267276190006,4.831249028562535,4.9923944,5.096910012743829
1841,S. aureus,KWKLFLGILAVLKVL,1.264288175,15,4.735711825,1841,1841,train,4,4.732277003439823,5.353626026940792,4.959300761871176,5.488107662611951,5.0175138428474755,4.893885949600006,5.002804747643549,4.8673277,4.735711825612133
1842,S. aureus,KWKLKKHIGIGKHFLSAKKF,1.806179974,20,4.193820026,1842,1842,train,2,4.29385527595782,5.183288232687357,4.8169132998688164,5.168610237348111,4.879725302092641,4.609748465280005,4.756223707400578,4.2958674,4.193820026208163
1843,S. aureus,KWKRWWWFR,1.210318041,9,4.789681959,1843,1843,train,4,4.732278388513718,5.00568929520176,4.935763374690846,5.047155344359346,4.987157386653614,5.036767695970003,5.277225352572141,4.8947787,4.7896819593351525
1844,S. aureus,KWKSFIKKLTKKFLHSAKKF,-0.82287798,20,6.82287798,1844,1844,train,9,6.723033859619807,5.2388015983773535,4.849107062409037,5.185654479899999,4.945510959751479,6.157429522499997,5.400978814507234,6.615889,6.8228779796981165
1845,S. aureus,KWKWKWKW,1.096910013,8,4.903089987,1845,1845,train,5,4.8031922717590865,5.24176898265051,4.887734024333228,5.2437119069002645,4.958449868031264,4.890450706789995,4.90925391524816,4.916248,4.903089985841012
1846,S. aureus,KWKWKWKWKW,1.096910013,10,4.903089987,1846,1846,train,5,4.803192271759377,5.294635935740016,4.941986344886915,5.2733411362041895,5.045922222673448,4.971239308659994,5.145511788095122,4.9548664,4.903089987970846
1847,S. aureus,KWKWWKWK,0.971971276,8,5.028028724,1847,1847,train,6,4.927461647795936,4.885290603922894,4.825544932975101,4.9592629143298,4.795945678515815,5.013731981940007,4.8942077792489105,5.034618,5.028028723739691
1848,S. aureus,KWKWWWRKI,0.079181246,9,5.920818754,1848,1848,train,9,5.820665966137475,5.264317558962555,4.9243513863852435,5.32943161668767,4.9771732954269465,5.744999710129998,5.513329856524832,5.8938494,5.92081875389472
1849,S. aureus,KWLKKLLKKLL,0.549481559,11,5.450518441,1849,1849,train,8,5.350607934286474,5.083676012282247,4.85630774689629,5.073014490869544,4.8660032514366005,5.384772787499995,5.1744882548320845,5.4691267,5.450518440451286
1850,S. aureus,KWLKKWL,1.902539997,7,4.097460003,1850,1850,train,2,4.197562129404017,4.572078997517814,4.84433260840109,4.73104837204475,4.852555323738025,4.121464063199998,4.509126634437436,4.114327,4.097460002862458
1851,S. aureus,KWLKKWLKWLKK,0.801389747,12,5.198610253,1851,1851,train,6,5.098321385899995,4.940249267344392,4.9140207012639125,4.94296061571344,4.992384230859354,5.205405034030007,5.104038608814796,5.1938868,5.19861025206977
1852,S. aureus,KWLLKWL,1.784163133,7,4.215836867,1852,1852,train,2,4.315900378286563,4.592359581434648,4.9428884426417365,4.609811125114963,4.981498697316291,4.291585701080004,4.576732444532789,4.248827,4.215836867337587
1853,S. aureus,KWRQWQSKWRRTNPWFWIRR,0.741373686,20,5.258626314,1853,1853,train,7,5.158453811515673,4.915611785531577,4.974332042880384,4.910597425124102,5.113876888943151,5.212235907200006,5.153135490518204,5.2218213,5.2586263139492875
1854,S. aureus,KWRRAVRAI,1.743447987,9,4.256552013,1854,1854,train,2,4.3565152777476515,4.4814709203220024,4.683382589951928,4.387870146611736,4.581574432435614,4.280677406819994,4.524898188244013,4.3454885,4.256552013006293
1856,S. aureus,KWRRWIRWW,0.624265047,9,5.375734953,1856,1856,train,7,5.275847686959992,4.959519005750896,4.96648598613048,5.109805733529296,5.0699930487055545,5.368615084500002,5.389560506815046,5.3887916,5.375734953402624
1858,S. aureus,KWRRWVRWL,0.955252392,9,5.044747608,1858,1858,train,6,4.944913388776503,4.914963858433921,4.930758983085934,4.993859500434545,5.008356400338035,5.130054647450007,5.28776812518669,5.0763245,5.044747608314793
1859,S. aureus,KWWKIWRWR,1.044333743,9,4.955666257,1859,1859,train,5,4.855829220571006,4.894770114804582,4.9299646641433466,4.894233695093809,4.985202727103578,5.049197107260005,5.266712334104497,5.0267286,4.955666257535876
1860,S. aureus,KWWKKWWKWWKKWWKK,0.397940009,16,5.602059991,1860,1860,train,8,5.501979039222964,5.159439844623475,5.089870730130621,5.272806151608083,5.254417078100778,5.528027384029997,5.264289801473866,5.484842,5.602059988479869
1861,S. aureus,KWWKWWKKWWKK,0.903089987,12,5.096910013,1861,1861,train,6,4.996894084413376,5.141743218936162,4.98049940581427,5.253676122226765,5.090441134718896,5.183931716480006,5.285224856115888,5.172981,5.096910016561658
1863,S. aureus,KYKKALKKLAKLL,1.01518911,13,4.98481089,1863,1863,train,5,4.884928944389677,5.102244072707336,4.75341419889722,4.97690010480618,4.729575885911761,4.917245533510001,5.065968012716347,5.019867,4.984810890097365
1864,S. aureus,LAAKLTKAATKLTAALTKLAAALT,2.06069784,24,3.93930216,1864,1864,train,1,4.039406653186767,5.114741090657594,4.737254937203582,5.149276058336296,4.7347840412542155,4.193007903940004,4.55583059842981,4.0247464,3.939302160035195
1865,S. aureus,LALERRSGWLRLFGLKPRRKH,1.096910013,21,4.903089987,1865,1865,train,5,4.802917863307175,5.179115699768896,4.765060776398171,5.284695709653788,4.8423585595311565,4.979585216459995,5.039742704054923,4.956719,4.903089987005587
1866,S. aureus,LALKSGGWLRLFGLKDKKH,1.230448921,19,4.769551079,1866,1866,train,4,4.732276952898313,5.290573711266683,4.709705094247021,5.221065892731188,4.669185657275029,4.784231750699999,4.929075191427625,4.7432647,4.76955107900095
1867,S. aureus,LDPKVVQSLL,2.301029996,10,3.698970004,1867,1867,train,0,3.7987933646173127,4.346836221278717,4.3275217175731635,4.326439233497613,4.283059332860174,3.8250673422599943,3.7571312283067297,3.709792,3.698970003974444
1868,S. aureus,LFGFLIKLIPSLFGALSNIGRNRNQ,0.350387936,25,5.649612064,1868,1868,train,9,5.549713324416351,5.348639197766171,4.876373233841852,5.300601158522927,4.944655712916759,5.34803569156,5.237193549512078,5.5518775,5.64961206394616
1869,S. aureus,LFGFLIPLLPHIIGAIPQVIGAIR,0.386085586,24,5.613914414,1869,1869,train,8,5.513868807912848,5.576469967510631,4.868307103894744,5.688622890551407,4.88047502399212,5.361145496640003,5.003557403980986,5.5824747,5.6139144139428865
1870,S. aureus,LFGLIPSLIGGLVSAFK,1.460393683,17,4.539606317,1870,1870,train,3,4.6394884796149185,4.606852410346136,4.763951994224274,4.696006182161818,4.7918545299162965,4.5561957761699965,4.796583004830077,4.5861487,4.539606316995537
1873,S. aureus,LFHAGKMIH,1.977455997,9,4.022544003,1873,1873,train,1,4.122639256460893,4.115979051880201,4.612891934844411,4.275085838272022,4.562512671256579,4.076166817720004,3.943409143688952,3.9881737,4.022544002962582
1874,S. aureus,LFKVASKVLPSVK,2.150039775,13,3.849960225,1874,1874,train,1,3.950124260013815,3.9944350823315613,4.675405672851597,3.9768736807087053,4.469613865613944,4.067183682910003,4.460401749454507,3.9225204,3.8499602249890894
1875,S. aureus,LFRLIKSLIKRLVSAFK,0.947229066,17,5.052770934,1875,1875,train,6,4.953065219048638,4.856650333380838,4.8825001089911835,4.896369919711006,4.976060803112942,5.134168924700008,5.0492185026922956,5.053504,5.052770933964375
1876,S. aureus,LFWKLLLKALRLWAKVL,0.754548718,17,5.245451282,1876,1876,train,7,5.145648287034663,5.330273504588187,5.045484391465925,5.21429078969171,5.149507321821598,5.249467433069992,5.328428674412944,5.271529,5.245451281917483
1877,S. aureus,LGALFRVASKVFPAVISMVK,1.477058667,20,4.522941333,1877,1877,train,3,4.623043910365617,4.507669752302242,4.803717849433967,4.5040961076210015,4.727610259016315,4.4552584406400015,4.3947582374946546,4.4703937,4.522941332981665
1878,S. aureus,LGAWLAGKVAGTVATYAWNRYV,0.477121255,22,5.522878745,1878,1878,train,8,5.423040949945879,4.866429646359082,4.783440893463748,4.858891840300889,4.806415055848979,5.131286366140006,4.868076674539396,5.3796554,5.522878744950024
1879,S. aureus,LGGDNYGTFSGSNGNNFQHGSN,0.444817259,22,5.555182741,1879,1879,train,8,5.4551463829947835,5.37050750518231,4.521077040034118,5.3748889038927015,4.430778441279519,5.2121220019200045,4.696458027179837,5.528277,5.555182740953023
1880,S. aureus,LGRKIAHGVKKYGPTVLRII,0.954732388,20,5.045267612,1880,1880,train,6,4.945408537428385,4.949845588911299,4.809591890984987,4.9574965478885025,4.892400984153307,4.991429924479993,4.8695729968296,5.0303006,5.045267612160987
1881,S. aureus,LHLIALRKK,1.76819873,9,4.23180127,1881,1881,train,2,4.331629031104463,4.629693995432366,4.715739363868131,4.707943040243262,4.689253091409891,4.274969708560001,4.451898809025385,4.202677,4.23180127007637
1882,S. aureus,LHRIALRKK,1.751405602,9,4.248594398,1882,1882,train,2,4.348430080468317,4.383561942115836,4.639353218226397,4.497607709504268,4.517395526336323,4.268992733580005,4.287940955308044,4.2788577,4.248594398059327
1884,S. aureus,LIGSLVRGILPLF,1.660751561,13,4.339248439,1884,1884,train,3,4.439249504504943,4.844455838407622,4.765367297364279,4.82801280672382,4.807360773827627,4.547942793380003,4.776113748429703,4.3948026,4.3392484391748525
1885,S. aureus,LIKHILHRL,2.641136642,9,3.358863358,1885,1885,train,0,3.4584605201805516,4.569906319866151,4.790664265462693,4.581205400846568,4.754061296331464,3.6867171809400032,4.151768937301498,3.4330254,3.35886335814178
1886,S. aureus,LIKHILHRLGGGFHFHLHF,1.43800409,19,4.56199591,1886,1886,train,4,4.6621575650759794,4.659514534854593,4.911331839213377,4.576058254150937,4.961290824897107,4.599471223240005,4.756727740554002,4.5691543,4.561995909980987
1887,S. aureus,LILGKLWKGVKSIF,0.933636174,14,5.066363826,1887,1887,train,6,4.96605423532885,4.93363078687364,4.793705028440659,4.864899183803587,4.8653174918144435,5.099996555329994,5.018844414783618,5.1112285,5.066363826151532
1888,S. aureus,LIRGLFKSFWQVF,0.875061263,13,5.124938737,1888,1888,train,6,5.024763511098923,5.202662853656052,4.868407574861333,5.113583428326275,4.946209837333225,5.153154749889994,5.155829857055368,5.124257,5.124938737012068
1889,S. aureus,LKFLKFG,2.10720997,7,3.89279003,1889,1889,train,1,3.992955839841355,3.9257994597909383,4.756705694156008,3.9336348162060712,4.713391977824711,4.013564756170001,4.038825336095358,3.8800507,3.8927900299794906
1890,S. aureus,LKIAKGIIKSL,1.92682194,11,4.07317806,1890,1890,train,2,4.173339499059135,4.293321874169528,4.619420179672375,4.10962765185545,4.607946788203417,4.172083376469995,4.411056374667421,4.087937,4.073178060193542
1891,S. aureus,LKKAKKFGKAFV,2.574226373,12,3.425773627,1891,1891,train,0,3.5256677921818,3.239987755192292,4.652308958457335,3.317478986380644,4.645413876414864,3.5493542712800052,3.856553599584393,3.448028,3.425773627046707
1892,S. aureus,LKKLLKKL,2.698970004,8,3.301029996,1892,1892,train,0,3.401405453034837,4.164971832014488,4.745138234406685,4.2522165914511,4.719576123737196,3.5811220143100053,3.6810467687936543,3.3182988,3.3010299966610566
1894,S. aureus,LKKLLKKLLKKL,1.750122527,12,4.249877473,1894,1894,train,2,4.349883809579045,4.526828269979773,4.823808772974037,4.562336522247287,4.838435553256325,4.2816214571800035,4.439208510645359,4.1940303,4.249877473306223
1896,S. aureus,LKKLLKLLKKLLKLAG,1.301029996,16,4.698970004,1896,1896,train,4,4.732276954083751,4.987554787994564,4.860957826922091,4.970865676524277,4.903085302319387,4.790320294339995,4.945185641991289,4.732937,4.698970004247385
1897,S. aureus,LKKLLKWLKKL,0.804754064,11,5.195245936,1897,1897,train,6,5.095308068320112,4.81879778309554,4.876874102876421,4.797240317984736,4.932977034949183,5.170157811419996,5.198656684760845,5.2226324,5.195245935178176
1898,S. aureus,LKKLLKWLLKLLK,0.882810956,13,5.117189044,1898,1898,train,6,5.0172995146124455,5.13539442873463,4.9554769514102,5.086979346188727,5.0120292501080455,5.196579036749995,5.292283577224155,5.1424966,5.11718904637771
1899,S. aureus,LKKVLKAAA,1.255272505,9,4.744727495,1899,1899,train,4,4.733968779437923,4.625586386950408,4.581972409692787,4.591981785292499,4.447863478571737,4.670894977200003,4.613796651508738,4.835,4.744727495201562
1900,S. aureus,LKKWLKK,2.326412575,7,3.673587425,1900,1900,train,0,3.773624757571315,3.71010300322895,4.697306196476541,3.701444662420707,4.587893332859097,3.7443365231399977,4.042457092858864,3.6826346,3.673587424743185
1901,S. aureus,LKKWLKKWLKK,1.577542925,11,4.422457075,1901,1901,train,3,4.52231789528741,4.587138883894682,4.823430441415714,4.51297425594585,4.850141501811083,4.545548377020006,4.804140766728034,4.4869843,4.42245707651478
1902,S. aureus,LKLKAIAALAKKKW,1.180996884,14,4.819003116,1902,1902,train,5,4.732277259742145,4.92899505910328,4.720316772221293,4.767263810083258,4.709479884869049,4.8334421815699935,5.070985465614891,4.8858685,4.819003116028935
1903,S. aureus,LKLKLFPLKLKLFP,0.743131831,14,5.256868169,1903,1903,train,7,5.156695577936662,5.166595357986531,4.874447806353672,5.141873352570658,4.87597531109184,5.054638371259992,5.03203255209942,5.190099,5.2568681687606444
1905,S. aureus,LKLKSIVSWAKKVL,1.293414314,14,4.706585686,1905,1905,train,4,4.732276952898314,5.140612028139505,4.809756157908155,5.012140224612866,4.949898699391877,4.793709868539998,5.043061423936683,4.725413,4.706585686037561
1906,S. aureus,LKLLKKLLKKLLKLL,0.903089987,15,5.096910013,1906,1906,train,6,4.997096163955233,4.9908474341339,4.957868097966185,5.0069846160780695,5.016966814858519,4.976831076890005,4.938433515402963,5.007112,5.096910002735332
1907,S. aureus,LKLLKWLLKLL,0.351216668,11,5.648783332,1907,1907,train,9,5.548885528367782,5.120920062862854,4.981105661262834,5.124747879899572,5.020588798909603,5.4742918142499954,5.283814108443615,5.5924063,5.648783332338764
1908,S. aureus,LKLLLLKLLL,1.201258887,10,4.798741113,1908,1908,train,5,4.732264157729264,4.473269079192655,4.951406631795622,4.628994364993531,4.919548141457217,4.770770364200003,4.593359031359186,4.78477,4.798741113742707
1909,S. aureus,LKRIKTLL,1.498243077,8,4.501756923,1909,1909,train,3,4.601621198802734,4.524061601013672,4.750308640793799,4.697753977750776,4.727430522039266,4.401071860360001,4.32667244915502,4.4608393,4.501756922891526
1910,S. aureus,LKRRWKWWI,0.380211242,9,5.619788758,1910,1910,train,8,5.519340337574716,5.589731201089764,4.9277489531517125,5.423080411019602,5.016743018571845,5.486146312250009,5.189576189127194,5.5362816,5.61978875780688
1911,S. aureus,LKVVFKVLFK,1.067245768,10,4.932754232,1911,1911,train,5,4.832619177806699,5.074075388668858,4.928059825500997,5.159523900356483,4.973893350875003,4.829922285249995,4.774011081443105,4.9333377,4.9327542321304145
1913,S. aureus,LKWLKKLLKKL,0.549481559,11,5.450518441,1913,1913,train,8,5.350681294610411,4.697600547053987,4.863577646556408,4.669870289545132,4.898232519303049,5.361686975659994,5.171281469734213,5.3145137,5.450518438369758
1914,S. aureus,LKWLKKWLK,1.658997331,9,4.341002669,1914,1914,train,3,4.440886010543066,4.623937708298048,4.867761775741471,4.607872489487321,4.9144460690558125,4.508713165289993,4.827536422564575,4.3378778,4.341002669083627
1915,S. aureus,LKWLKWG,2.10720997,7,3.89279003,1915,1915,train,1,3.992636662019225,3.617811555486329,4.795155561859603,3.6651495666780676,4.777087817092533,3.939082446400002,4.096926159895116,3.882073,3.892790029987244
1918,S. aureus,LKWRKMFRW,1.056968734,9,4.943031266,1918,1918,train,5,4.842855171577469,4.925789302635054,4.908379212367953,4.852656696954339,4.960589335054389,5.055501272749997,5.006591846272174,4.989347,4.943031265967961
1919,S. aureus,LLAAHLLAIGRR,1.453057705,12,4.546942295,1919,1919,train,3,4.646765486091186,5.071768668145372,4.676840236504422,5.014997417305426,4.657141967452838,4.5737884527600015,4.657501814850627,4.531666,4.546942295073687
1920,S. aureus,LLAIVGNLLKSLL,0.864316987,13,5.135683013,1920,1920,train,6,5.035795613374982,4.969346204474618,4.765679739870718,4.941707801322058,4.859011397628656,5.080438790570004,5.111278130409057,5.1453853,5.135683013016877
1930,S. aureus,LLGSLLKLLPKLL,-0.107905397,13,6.107905397,1930,1930,train,9,6.008073590932671,5.015128941325249,4.771178174088982,5.118023890254366,4.8051642094080895,5.888689521330004,5.242043705512911,6.0496054,6.107905396798761
1931,S. aureus,LLIILKKKWKKQAKAKSK,0.602059991,18,5.397940009,1931,1931,train,7,5.2980415414706306,4.842927628132315,4.785657496995455,4.92235647232793,4.843246590517363,5.332211361650007,5.046358074649414,5.3554544,5.3979400088908465
1932,S. aureus,LLIILRRRIRKQAHAHSK,0.84509804,18,5.15490196,1932,1932,train,6,5.055064809636125,5.101618267766236,4.805824749316484,4.932186708985534,4.882138245974199,5.070756880430004,4.948321351626479,5.1524262,5.154901959990387
1933,S. aureus,LLIILRRRWRKQAKAKSK,0.602059991,18,5.397940009,1933,1933,train,7,5.298044478062043,5.062297338720649,4.826034888797488,5.084629629264529,4.916709546008616,5.321347502170008,5.06056370330779,5.3614774,5.397940008996799
1934,S. aureus,LLIILRRRWRKQARARSK,0.602059991,18,5.397940009,1934,1934,train,7,5.297939175997735,5.143226148097,4.839920932754736,5.116614517072165,4.936971779332869,5.389946088920007,5.11182985815333,5.365254,5.397940008980054
1935,S. aureus,LLIILRRRWRRQARARSR,0.602059991,18,5.397940009,1935,1935,train,7,5.2980627460820005,5.300523745756005,4.8548309062415775,5.268310464641908,4.959909607921401,5.336841002020009,5.212386966326029,5.379544,5.397940009003879
1936,S. aureus,LLIRAAKKFIKK,1.795880017,12,4.204119983,1936,1936,train,2,4.303918601735525,4.883080384911431,4.753383493496313,4.741973053065227,4.753954926721798,4.43410203732,4.7031871428969305,4.303826,4.2041199832172715
1937,S. aureus,LLKALKKLLKKLL,0.176091259,13,5.823908741,1937,1937,train,9,5.723999178944444,4.918338155882921,4.854364185837115,5.026954903513209,4.880824225832511,5.473189094140004,5.216011547460753,5.6763597,5.82390874018213
1938,S. aureus,LLKELWTKIKGAGKAVLGKIKGLL,1.767155866,24,4.232844134,1938,1938,train,2,4.33290817378642,4.849710251073899,4.75593677324776,4.770654148652884,4.841621922300716,4.360780277130002,4.520771349679248,4.278181,4.232844134233831
1939,S. aureus,LLKKALRLWKKVL,1.599597749,13,4.400402251,1939,1939,train,3,4.500499515819718,5.5287849856535125,4.889387423942282,5.2949295866678225,4.94437959923563,4.725104563030002,5.240312113914022,4.634213,4.4004022522247945
1942,S. aureus,LLKKLLKLLLKLLKK,1.397940009,15,4.602059991,1942,1942,train,4,4.680875837689399,4.95056807384957,4.958208188845657,4.940370187650697,5.029961848973206,4.713580780349992,5.00518665770573,4.690697,4.602059991568744
1943,S. aureus,LLKKLLKWLKK,0.804754064,11,5.195245936,1943,1943,train,6,5.0952920140387,5.133253333896626,4.870368493472322,5.01917491790646,4.919253403787299,5.206507265089997,5.15380372165818,5.2189503,5.195245932501452
1944,S. aureus,LLKKVLKAAA,1.096910013,10,4.903089987,1944,1944,train,5,4.803190116534941,4.813574496699596,4.645064988584015,4.759764765007617,4.575646225712321,4.710572269079995,4.632696348435264,4.916536,4.903089987156328
1945,S. aureus,LLKLLKKLLKKLLKL,1.653212514,15,4.346787486,1945,1945,train,3,4.446679495183446,4.979251085402427,4.957868097966185,4.992688297322611,5.026670706417184,4.503948278239996,4.947072893411506,4.4239545,4.346787490988213
1946,S. aureus,LLKLLKWLLKLLK,1.187842251,13,4.812157749,1946,1946,train,5,4.735417855225877,5.19218655949668,5.000797131764558,5.15391910151453,5.079392498463232,4.903746150269995,5.2796274689786085,4.897419,4.812157750627812
1947,S. aureus,LLKRIKTLL,1.737771454,9,4.262228546,1947,1947,train,2,4.362051704539377,4.772844474821893,4.809631145984762,4.760237342083021,4.811826232203066,4.349713863140003,4.423738061669685,4.277608,4.262228546200864
1948,S. aureus,LLKWLKK,2.33338146,7,3.66661854,1948,1948,train,0,3.766513614012415,4.723484675782796,4.814810119655336,4.680778617180815,4.829879271145615,3.9572970238700007,4.324740349533556,3.7430084,3.6666185410613235
1949,S. aureus,LLKWLKKL,1.380333904,8,4.619666096,1949,1949,train,4,4.719765783168809,4.463662569478223,4.869417277203146,4.508496912470978,4.901150037581913,4.525773539330003,4.622442710407528,4.577016,4.619666096750939
1950,S. aureus,LLKWLKKLLKK,0.804754064,11,5.195245936,1950,1950,train,6,5.095205902952492,4.912554583039089,4.863771461788795,4.805274484911478,4.902014925727446,5.2092371168499945,5.180862593795326,5.186431,5.19524593501158
1952,S. aureus,LLKWLLK,1.437374011,7,4.562625989,1952,1952,train,4,4.662865502379971,4.7903408580223,4.890338510153648,4.859912680997825,4.898650418369725,4.403944070870005,4.4498366148000255,4.5359993,4.562625988445397
1954,S. aureus,LLKWLLKWLLK,0.457254939,11,5.542745061,1954,1954,train,8,5.442628358850968,5.080106365339121,5.005474660600859,5.190413541611993,5.074480065777488,5.4061488339900015,5.238248078751237,5.4861765,5.542745060589555
1955,S. aureus,LLLFLLKKRKKRKY,1.238046103,14,4.761953897,1955,1955,train,4,4.732276952898313,5.077741523735462,4.917997365077843,5.175227767474014,4.982284727376577,4.782957409240004,5.069408158096589,4.763235,4.7619538969996205
1956,S. aureus,LLLLLKKKKKKLLLL,1.698970004,15,4.301029996,1956,1956,train,2,4.4012015172122965,4.799789567566438,4.968677868285756,4.782614830001226,5.047710320100299,4.390047408650005,4.83076860567318,4.3010836,4.301029996001529
1958,S. aureus,LLPIVANLLKALL,0.555706759,13,5.444293241,1958,1958,train,8,5.34395147575098,5.290832126517685,4.77292838624779,5.206071413543079,4.857937337241921,5.351016958930007,5.065888208892068,5.3771186,5.4442932409618585
1959,S. aureus,LLPIVANLLKSLL,0.55073925,13,5.44926075,1959,1959,train,8,5.34927607136282,4.8474004082936535,4.728864336297688,4.8203007424258875,4.835673902144974,5.287714133520004,5.129290053760843,5.4324727,5.449260749876602
1960,S. aureus,LLPIVGALLKSLL,1.170778751,13,4.829221249,1960,1960,train,5,4.732276959064694,5.2256661665656186,4.735375111835738,5.246910736208502,4.8562805784398675,4.8630525154,4.881092977827493,4.864314,4.829221249080574
1961,S. aureus,LLPIVGNLLKALL,0.861138984,13,5.138861016,1961,1961,train,6,5.0385057227107595,5.32924847839358,4.793539499212295,5.397560797523206,4.8686761248586246,5.172227280230007,5.180325284008346,5.187401,5.138861015939872
1964,S. aureus,LLPIVGNLLKSLLGWKRKAFG,1.698970004,21,4.301029996,1964,1964,train,2,4.40115249275287,4.583190067589749,4.849795534028711,4.639327488240023,4.987706807493713,4.580007622550004,4.935740531214683,4.393793,4.301029996103535
1966,S. aureus,LLPIVINLLKSLL,0.838969231,13,5.161030769,1966,1966,train,6,5.061132991739653,5.4999051504399805,4.823783397194384,5.42997781286116,4.945650758289331,5.0870226302599955,5.17666504910439,5.1814237,5.1610307690254755
1967,S. aureus,LLPIVVNLLKSLL,0.843194134,13,5.156805866,1967,1967,train,6,5.0567432814993545,4.845435745004164,4.81805351244493,4.832834984909547,4.936046957707624,5.104563155850005,5.077559407081252,5.154231,5.156805865932725
1968,S. aureus,LLPPWLRPRNG,2.180927167,11,3.819072833,1968,1968,train,0,3.919107361784887,4.341317561573552,4.570642917502101,4.369963937896106,4.5549238755068275,4.061403518290004,4.384114556670968,3.8880725,3.819072833023872
1970,S. aureus,LLQWLSKLLGRLL,0.352182518,13,5.647817482,1970,1970,train,9,5.54798048458172,5.449041943879549,4.811384488089401,5.429346426560283,4.867623705762891,5.496419648599998,5.246995369116925,5.619658,5.647817481894471
1971,S. aureus,LLQWLSKLLGRWL,0.77815125,13,5.22184875,1971,1971,train,7,5.121676931849127,5.263947276644298,4.835860552804118,5.383682796437435,4.910045356942198,5.240877433719998,5.071742532942832,5.2384424,5.221848750171736
1972,S. aureus,LLRHVVKILEKYL,0.187348074,13,5.812651926,1972,1972,train,9,5.712814263714456,5.015151011947665,4.8006534195604464,5.08614192972171,4.742878737873145,5.513148140649999,5.114554322023508,5.723523,5.812651925938011
1974,S. aureus,LLRRVARLLKRFAK,0.662492395,14,5.337507605,1974,1974,train,7,5.237557530778484,4.711945267625264,4.838774189079201,4.722304723108498,4.898067160995902,5.2479327695799975,5.02973174992099,5.310442,5.337507604920942
1976,S. aureus,LLWKALRLWWKVL,0.967287531,13,5.032712469,1976,1976,train,6,4.9328762056210484,5.615523754359397,5.03406299281663,5.483116926336522,5.129574021554946,5.034633890689998,5.317751770633508,5.116615,5.032712468802296
1977,S. aureus,LNLKGIFKKVASLLT,1.51851394,15,4.48148606,1977,1977,train,3,4.581843152163211,4.52922329262789,4.682736121291403,4.3246008593423015,4.466458986304973,4.479420067900004,4.576024832033663,4.4095607,4.481486059781544
1978,S. aureus,LNLKGLFKKVASLLT,1.77815125,15,4.22184875,1978,1978,train,2,4.32198229100058,4.219535555314207,4.661571309185725,4.152274029241935,4.453215968455724,4.327517500449998,4.576876457842626,4.224057,4.221848750244422
1979,S. aureus,LNLKGLIKKVASLLN,1.77815125,15,4.22184875,1979,1979,train,2,4.321738181662241,3.5240200912173636,4.633357800318168,3.5144472691844975,4.367771843726941,4.483567351989999,4.582644703995046,4.3009167,4.221848750010117
1980,S. aureus,LNWGAALKHAAK,2.0,12,4.0,1980,1980,train,1,4.100162252053844,4.23277459427526,4.51635137897641,4.231427076627515,4.331415641832244,4.09525812928,4.363061513739852,4.020607,4.000000000066108
1981,S. aureus,LNWGAFLKHFFK,1.336459734,12,4.663540266,1981,1981,train,4,4.732276952898313,3.9419785666196807,4.77613464514035,3.917290480041482,4.725178635829002,4.6807988175599995,4.596569578527357,4.61749,4.66354026598018
1982,S. aureus,LNWGAGLKHGGK,2.0,12,4.0,1982,1982,train,1,4.100076717160121,4.05675537267827,4.3951185442723,4.154050707292937,4.243464906533145,4.12493333531,4.159068104965354,3.9838185,3.9999999999664158
1990,S. aureus,LNWGAWLKHWWK,1.301029996,12,4.698970004,1990,1990,train,4,4.732276952898313,4.528369032785593,4.818248091151743,4.386323863220717,4.812406057176322,4.770225980569997,4.928723850210091,4.7304797,4.698970003978275
1993,S. aureus,LPFFLLSLIPSAISAIKKI,0.397940009,19,5.602059991,1993,1993,train,8,5.502200557925319,5.075617784275728,4.823056956906353,4.910558856460316,4.871389408376237,5.300021332429993,4.895451252635004,5.4481645,5.6020599906941255
1994,S. aureus,LPKVMAHMK,2.0,9,4.0,1994,1994,train,1,4.10006403978642,3.687760090115532,4.6191756854294725,3.676181653911388,4.532512209324039,4.06390828957,4.210466218092512,4.005857,3.999999999947009
1995,S. aureus,LPRRNRWSKIWKKVVTVFS,0.956377373,19,5.043622627,1995,1995,train,6,4.943795629551082,5.13947092407251,4.857016515105053,5.1930991194893235,4.924967725602766,4.9848477053199955,5.002487777096206,4.992617,5.043622627017829
1996,S. aureus,LPVLFKLASKVFPAVFSSLK,1.766429833,20,4.233570167,1996,1996,train,2,4.333754026063984,4.3155957162886756,4.833438939661008,4.370943818152494,4.767490831805447,4.291468173239997,4.594475126717153,4.2518024,4.233570167032777
1997,S. aureus,LPVVFRVASKVFPALISKLT,2.068650943,20,3.931349057,1997,1997,train,1,4.0315106704414605,4.396596727704687,4.832958657873451,4.320039907147041,4.764059986713748,4.175982170769996,4.505172468598312,4.062779,3.9313490571036502
1998,S. aureus,LQFPVGRVHRLLRK,0.968821798,14,5.031178202,1998,1998,train,6,4.9313406178576615,4.869755535016624,4.793330393483969,5.058862709857555,4.816678192793591,4.968401054259997,4.963894286879992,4.9632645,5.031178201851831
1999,S. aureus,LQKYYARVRGGRAAVLS,2.196494837,17,3.803505163,1999,1999,train,0,3.9033889008811813,3.9242653380874177,4.707902168449334,3.889689708802444,4.692709443177018,4.031991591800004,4.399330059992191,3.822811,3.8035051630016277
2000,S. aureus,LQKYYWRVRGGRWAVLS,1.845987061,17,4.154012939,2000,2000,train,2,4.253844751484466,4.391696113159822,4.864444445074124,4.518962846460612,4.901547694961717,4.4379332666699955,4.81973322463848,4.2065973,4.154012939053786
2001,S. aureus,LRAAHRLAIGRR,1.401160987,12,4.598839013,2001,2001,train,4,4.698731019894366,4.57534491003946,4.58738664348663,4.489385927189023,4.479595619530873,4.6323154032899945,4.492556581972373,4.590096,4.598839012959856
2002,S. aureus,LRALLRALLRAL,0.356058277,12,5.643941723,2002,2002,train,9,5.543828318442679,5.339803076442153,4.804428966499418,5.348513067291447,4.822525925911412,5.4132360933400046,5.120113425887129,5.6245527,5.643941722771898
2003,S. aureus,LRFIKKILKKLI,-0.204119983,12,6.204119983,2003,2003,train,9,6.10426158750456,5.271712751733467,4.902665145172038,5.1721458890786876,4.947377414290439,5.995192660630005,5.234414392447851,5.9396477,6.204119982425603
2004,S. aureus,LRFILWWKR,0.204119983,9,5.795880017,2004,2004,train,9,5.695983437177839,5.7484571236611135,4.9815822469076485,5.7109230942336815,5.0782208530265915,5.614160926559996,5.305227410692831,5.7481294,5.795880016969109
2005,S. aureus,LRFLKKALKKLF,-0.204119983,12,6.204119983,2005,2005,train,9,6.1043900780311695,5.122463936253896,4.84047826926166,5.1881196514119425,4.87484244390589,5.893482759640002,5.132530074111094,5.9828916,6.204119981709946
2006,S. aureus,LRFLKKILKHLF,0.176091259,12,5.823908741,2006,2006,train,9,5.723824291577189,5.394658364785471,4.918132559395574,5.398434939690048,4.981020755402885,5.678971773900008,5.131023498933806,5.7830467,5.823908741280975
2007,S. aureus,LRFLKKILKKLF,0.176091259,12,5.823908741,2007,2007,train,9,5.723733079817651,5.203301014251401,4.913404013137453,5.10789674442849,4.970075053910179,5.769560737520004,5.1745031629315354,5.843407,5.8239087412754325
2009,S. aureus,LRIIKKILKKLI,0.477121255,12,5.522878745,2009,2009,train,8,5.422707725094077,4.992117079822445,4.891363115965347,4.919072070563164,4.929214173850617,5.444487712800004,5.0700838323059045,5.4633565,5.522878744702408
2011,S. aureus,LRILRRLLRRLF,0.795880017,12,5.204119983,2011,2011,train,6,5.104288193916456,5.1573394253327685,4.9411327112243395,5.173074495146719,5.01659416581455,5.249539219670002,5.18254197072802,5.22488,5.204119982366812
2012,S. aureus,LRIVKLILKWLR,0.602059991,12,5.397940009,2012,2012,train,7,5.29774686096061,5.3721832858817455,4.979536126801634,5.527276795968088,5.176097815301465,5.311381136630006,5.402571402098357,5.370289,5.397940009014074
2013,S. aureus,LRKAKKIAKKLF,1.397940009,12,4.602059991,2013,2013,train,4,4.702129135850942,4.698096735062134,4.702150859295225,4.593085301130173,4.694442129375167,4.5403576054299934,4.717824318799865,4.5603433,4.602059991034954
2014,S. aureus,LRKFRNKIKEKLKKIGQKI,1.44870632,19,4.55129368,2014,2014,train,4,4.651456990439699,4.026735628772261,4.75914713719516,4.17013711792697,4.728016248141413,4.502454226650001,4.6235058415821,4.478614,4.551293679577034
2015,S. aureus,LRKFRNKIKEKLKKIGQKIQG,1.991226076,21,4.008773924,2015,2015,train,1,4.108599155612448,4.238455369006057,4.754527434383846,4.26100434348064,4.729183954979912,4.129622110460003,4.504584280840731,4.067643,4.008773924319778
2016,S. aureus,LRKLKKILKKLF,0.795880017,12,5.204119983,2016,2016,train,6,5.104283515633378,5.287481942239906,4.8538699216366075,5.245763470001547,4.89929353897636,5.258329441940003,5.13782881549629,5.3338647,5.204119983656714
2017,S. aureus,LRKLLLLLRL,1.408009954,10,4.591990046,2017,2017,train,4,4.692153923731188,4.731120804397286,4.942742056337394,4.79648612824883,4.994839375286226,4.7684959400899976,4.9364540407717845,4.646253,4.5919900469330335
2018,S. aureus,LRKLRKRLLLRKLRKRLL,1.129837691,18,4.870162309,2018,2018,train,5,4.770325106658298,5.175732505412029,4.952127709138639,5.008221698841358,5.01890782710412,4.954962109420007,5.033963640400153,4.891406,4.870162308476314
2019,S. aureus,LRKLRKRLVRLASHLRKLRKRLL,0.738188556,23,5.261811444,2019,2019,train,7,5.161771337312977,5.2853015607967855,4.9715067129522446,5.220169010298471,4.975066626281789,5.157886124609994,5.015637726966703,5.237721,5.261811443115125
2020,S. aureus,LRLKKRRWKYRVPP,0.625174995,14,5.374825005,2020,2020,train,7,5.274767700102094,4.953803584265792,4.815762796030758,5.070100681767557,4.811923342988335,5.1262235865199965,4.76235203234607,5.3142123,5.37482500494725
2021,S. aureus,LRPAILVRTK,2.642400185,10,3.357599815,2021,2021,train,0,3.457550884869762,4.076310848452361,4.624444662784802,4.082900034404218,4.6070822202364825,3.7676773188500006,4.190340138279766,3.4278965,3.357599815096419
2022,S. aureus,LRRIIRKIIHIIK,0.776722299,13,5.223277701,2022,2022,train,7,5.123433687296244,5.072647609404575,4.910066208708602,4.983660013868315,4.982355658992153,5.144997999669991,4.970353334560361,5.1388345,5.2232777006542515
2023,S. aureus,LRRIIRKIIHIIKK,1.045677443,14,4.954322557,2023,2023,train,5,4.8544639799812455,4.88014690831895,4.905879833749421,4.985362015826853,4.983064872118057,5.035046631970006,5.05342455936483,5.0066643,4.954322556997447
2024,S. aureus,LRRLRKWLRRLLKLL,0.795880017,15,5.204119983,2024,2024,train,6,5.104288502619539,5.227115175257046,4.987019373686477,5.124941765298723,5.079023514468453,5.2041221885,5.273371256134098,5.22781,5.204119983702707
2025,S. aureus,LRRLWLRANRL,2.10720997,11,3.89279003,2025,2025,train,1,3.993052081779767,4.195697048047766,4.741084546392624,4.342668497523172,4.727498781881447,4.375488247920003,4.778044920394404,3.9828885,3.892790030275783
2026,S. aureus,LRRLWLRANRLLRRLWLRANRL,0.477121255,22,5.522878745,2026,2026,train,8,5.422792316960193,4.9862102837067654,5.000933454910998,5.022298929856055,5.114536170871593,5.370175248480004,5.204357491320122,5.4607773,5.52287874466521
2027,S. aureus,LRRWIRIRW,0.113943352,9,5.886056648,2027,2027,train,9,5.786167008213738,5.018254908171791,4.8938534934951194,5.025597695851252,4.940056257582358,5.598786488790007,5.208334673673618,5.7399344,5.88605664755951
2028,S. aureus,LRVRLASHLRKLRKRLL,2.0,17,4.0,2028,2028,train,1,4.100179544219885,5.06071989802265,4.8333982477628945,5.062266867235978,4.742612629680517,4.49333453308,4.805565701588153,4.1822486,4.000000000940752
2030,S. aureus,LRWLRWG,2.10720997,7,3.89279003,2030,2030,train,1,3.9929582108481134,3.837629180575681,4.827702307161464,3.772801031254433,4.83784333692836,3.940316915790001,4.174977522865879,3.9018593,3.89279002997847
2031,S. aureus,LRWQNEMRKV,2.477121255,10,3.522878745,2031,2031,train,0,3.622857199340716,3.411043421607708,4.417017272847082,3.389588202000182,4.322587663671065,3.847976545420003,3.711382539999677,3.5155578,3.522878744961111
2032,S. aureus,LRWTPTPSYPRYPTRSRGSRWSR,1.505149978,23,4.494850022,2032,2032,train,3,4.595013224131449,4.1122694223564915,4.775598090060048,4.037544895309213,4.844415214342753,4.4493302478799945,4.677281190417863,4.5021048,4.494850021966449
2033,S. aureus,LRWWWIKRI,0.530286331,9,5.469713669,2033,2033,train,8,5.36987322404609,5.557866867131765,4.96726627174693,5.530519982496582,5.020841120227814,5.421250091489996,5.22384942271717,5.4683256,5.46971366916001
2034,S. aureus,LSPAAMASLA,2.301029996,10,3.698970004,2034,2034,train,0,3.798826277845969,3.3605361332833485,4.3515204467027075,3.437310041396756,3.815583874934144,3.840643369769996,3.7770608569391175,3.685093,3.6989700039735465
2035,S. aureus,LSPAVMASLA,2.301029996,10,3.698970004,2035,2035,train,0,3.7990916849798615,3.2989346310551517,4.435672650167136,3.2533208763276242,4.016023295120235,3.823780904299996,3.7119260624270765,3.689307,3.698970003969211
2036,S. aureus,LVKKLLKLAMGFG,1.977723605,13,4.022276395,2036,2036,train,1,4.122270006461067,4.215551742343458,4.790456159190902,4.297564060539508,4.789247923199769,4.423844207940003,4.641875788190729,4.0904474,4.022276395025041
2037,S. aureus,LVKLVAGIKKFLKWK,1.733983499,15,4.266016501,2037,2037,train,2,4.366053292611574,4.6452732886096735,4.87368603866299,4.58335096613217,4.930660241497859,4.591810299130007,4.936925443051193,4.387024,4.26601650107135
2038,S. aureus,LVKRFKKFFRKLKKS,1.522107633,15,4.477892367,2038,2038,train,3,4.577697555587242,4.462619697540114,4.846659988644872,4.396477287204497,4.932453592598084,4.540237561229997,4.720414650161669,4.4725437,4.477892366815994
2041,S. aureus,LVKRFKKFFRKLKKSVKK,1.4561311,18,4.5438689,2041,2041,train,3,4.643698689181421,4.785384972439991,4.897787374925601,4.695295181223815,5.008004958059617,4.628088195280004,4.89710734940035,4.597766,4.543868900183242
2042,S. aureus,LVQRGRFGRFLRKIR,1.204119983,15,4.795880017,2042,2042,train,4,4.732276952898313,5.152636432609187,4.779321938279118,5.126036003633792,4.854745108563301,4.809112216630001,4.9259203446048065,4.7752547,4.795880017023292
2043,S. aureus,LWGTRSGIQP,2.0,10,4.0,2043,2043,train,1,4.100274802471784,3.9459035514346645,4.523057698627254,3.8613655087654615,4.358572308951732,4.014279772770001,4.100507388001125,3.9821901,3.999999999972087
2044,S. aureus,LWKTLLKKVLKAAA,0.954242509,14,5.045757491,2044,2044,train,6,4.945777212405383,5.108128479201522,4.76793141048173,5.102294311045564,4.758293471757538,4.983845675990004,4.982452672457178,5.0744452,5.045757491309443
2045,S. aureus,LYRRRFVVGR,1.397940009,10,4.602059991,2045,2045,train,4,4.702262980055958,4.617440081173727,4.775068939588854,4.599130538000447,4.771705168087767,4.660926876559993,4.629003048279827,4.6199203,4.602059991269858
2046,S. aureus,MAIVGTIIKIIKAIIDIFAK,1.806179974,20,4.193820026,2046,2046,train,2,4.293945954899735,4.387799362643735,4.800187832529363,4.4336064311013486,4.858401743808055,4.592770988130007,4.491133712734611,4.225157,4.193820026051534
2047,S. aureus,MGIIAGIIKVIKSLIEQFTGK,1.806179974,21,4.193820026,2047,2047,train,2,4.2939961449534625,4.375698979011679,4.6861657043777365,4.35443273970724,4.6690258705175305,4.399948452410004,4.641429685221354,4.2140775,4.19382002607147
2048,S. aureus,MIHGLVTRR,1.965642952,9,4.034357048,2048,2048,train,1,4.1344515522208045,4.610174636011867,4.6309566818825765,4.647871347738559,4.599852108003046,4.169211490750002,3.991349672744878,4.0171337,4.0343570480010476
2049,S. aureus,MKTFLRLYRSLINKVLH,0.875207238,17,5.124792762,2049,2049,train,6,5.024449001210118,4.726228798943395,4.903034030916284,4.699606371334218,4.936609589403101,5.052422766090007,4.951421605489851,5.1243606,5.124792762029435
2050,S. aureus,MKTFLRLYRSLINKVLHV,0.855474945,18,5.144525055,2050,2050,train,6,5.044384334931642,4.728210015001689,4.939913751259419,4.7818299545897895,4.985830208928286,5.095917271529993,4.9102019692889645,5.1581197,5.144525054910912
2051,S. aureus,MMRVMRRKTKVIWEKKDFIGLYSID,-0.006234127,25,6.006234127,2051,2051,train,9,5.90633065625545,5.599372809347167,4.87482533853616,5.479405636497932,4.888450276542753,5.604250521820006,5.27736885283599,5.9462566,6.006234126964122
2052,S. aureus,MPLSWFFPRTWGKR,1.839437141,14,4.160562859,2052,2052,train,2,4.260537085428947,4.520257582234693,4.713867667234026,4.589528461931061,4.746402759195577,4.361031173479997,4.590478539848824,4.1546593,4.160562859009066
2053,S. aureus,MWITNGGVANWYFVLAR,1.096910013,17,4.903089987,2053,2053,train,5,4.8029396151919554,4.133369857711014,4.90177057405473,4.12255177194037,4.8936455765033635,4.724463385659995,4.698563869061072,4.88203,4.903089986952635
2054,S. aureus,MWSKILGHLIR,1.653212514,11,4.346787486,2054,2054,train,3,4.446724022910904,4.354213154802128,4.748552531420676,4.314441733190673,4.786577321609638,4.53472558164,4.710565845555654,4.424132,4.346787485981204
2055,S. aureus,NFAEIFAAVNKLIKQGVVKG,1.698970004,20,4.301029996,2055,2055,train,2,4.401188939011661,3.812703223240085,4.651916894402426,3.803879630432242,4.6090961546110565,4.3702480627200035,4.375554468880693,4.3108773,4.3010299959981815
2056,S. aureus,NFLDTLINLAKKFI,1.698970004,14,4.301029996,2056,2056,train,2,4.4011939028395615,4.679266113545288,4.6042691070799675,4.685813657165241,4.55964000254361,4.438174081680006,4.7634702598968826,4.2826495,4.301029995986263
2057,S. aureus,NFLGTLINLAKKIM,1.681241237,14,4.318758763,2057,2057,train,3,4.418624066696655,4.200369751079841,4.765234716309397,4.259348492619568,4.699838846695443,4.469947021950005,4.733312019903427,4.407884,4.318758763002825
2059,S. aureus,NGVQPKY,2.39529341,7,3.60470659,2059,2059,train,0,3.7048689277144584,2.946961755188487,4.432080510246262,2.954351861693459,4.144955544680146,3.693352083339998,3.5661621454466372,3.5587308,3.6047065899438175
2060,S. aureus,NGVQPKYKWWKWWKKWW,1.276287636,17,4.723712364,2060,2060,train,4,4.695992529945702,4.765267971578893,4.9741327603237835,4.819169107474454,5.028583922459767,4.686752727499997,4.807146284572114,4.6613846,4.723712362906107
2061,S. aureus,NGVQPKYKWWKWWKKWWW,1.540566319,18,4.459433681,2061,2061,train,3,4.559269726047595,4.8976783579169565,5.030912994219307,4.9192370652602975,5.109345134746038,4.528475247440004,4.945033265788162,4.5171995,4.459433682245261
2062,S. aureus,NGVQPKYRWWRWWRRWW,1.553030812,17,4.446969188,2062,2062,train,3,4.546946723986627,4.81095177125696,5.007867192505156,4.729121896733987,5.08406936597538,4.504240347430007,4.799818949923735,4.4567833,4.446969189214756
2063,S. aureus,NGVQPKYRWWRWWRRWWW,1.522385521,18,4.477614479,2063,2063,train,3,4.577705393080832,4.911303658021088,5.063764503978824,4.918581543960399,5.163142465044841,4.552255056470004,4.937705931139783,4.495813,4.477614478595519
2064,S. aureus,NGVQPKYRWWRWWRRWWWW,1.493760865,19,4.506239135,2064,2064,train,3,4.606287867858882,5.108142272385819,5.1230202808894125,5.091842633545917,5.255304878799125,4.629243701749996,5.012924014819951,4.5057507,4.5062391341213734
2065,S. aureus,NGVQPWYKWWKWWKKWW,1.562340664,17,4.437659336,2065,2065,train,3,4.5370921911599,4.397814088026314,5.0581959542082195,4.579629563316193,5.1766599505282995,4.590122677180006,4.912218018574359,4.5032544,4.437659335957202
2066,S. aureus,NILNTIINLAKKIL,0.681241237,14,5.318758763,2066,2066,train,7,5.218722793988826,4.777221268662865,4.768397429143367,4.874311253609124,4.65378989165205,5.126563115610004,4.908516366754269,5.246448,5.318758762928477
2067,S. aureus,NILSSIVNGINRALSFFG,1.290357649,18,4.709642351,2067,2067,train,4,4.732276952898313,5.1460570434102895,4.768460656519991,5.188761527974996,4.812436918845056,4.6895206680100054,4.74304618690218,4.7740088,4.709642351034063
2068,S. aureus,NIRRIIRKIIHIIKKY,0.682436475,16,5.317563525,2068,2068,train,7,5.217598899568724,4.908100727742601,4.949649107091644,4.7383138354091585,4.9766096505724375,5.25611987176001,5.029916839269397,5.287237,5.3175635250036155
2070,S. aureus,NLLGSLLKTGLKVGSNLL,1.40654018,18,4.59345982,2070,2070,train,4,4.693572313940966,4.50360766738446,4.709280917985406,4.397865939136202,4.676641641638784,4.559005445150004,4.613148969638642,4.61817,4.593459819870871
2071,S. aureus,NLLKSALKTVNKLLAAS,2.10720997,17,3.89279003,2071,2071,train,1,3.9929441113208486,4.083563469680588,4.628390215968543,4.405173371219419,4.41962574204982,4.187893584920001,4.425203213167006,4.0017614,3.8927900302147393
2072,S. aureus,NLLNDALGTVNGLLGRS,1.505149978,17,4.494850022,2072,2072,train,3,4.5945118328441605,4.129856331162377,4.397222908848883,3.914864846336446,4.2876144411916925,4.491344751329995,4.434135239221187,4.4206357,4.494850022008045
2073,S. aureus,NLLNKALGTVNGLLGRS,1.505149978,17,4.494850022,2073,2073,train,3,4.594925734961444,4.595633344265773,4.557546758441462,4.391914703790439,4.468234740575065,4.507912539999998,4.548953253645467,4.479185,4.494850021927356
2074,S. aureus,NLRRIIRKIIHIIKKY,0.682436475,16,5.317563525,2074,2074,train,7,5.217557698228184,4.961334143477913,4.929440839085737,4.756615258182673,4.962945171157881,5.268488771830009,5.071105888030251,5.2332015,5.317563525075423
2075,S. aureus,NLVSGLIEARKYLEQLHRKLKNRKV,1.963787827,25,4.036212173,2075,2075,train,1,4.136372642695301,3.7987154413989543,4.711746678217234,3.869484531521326,4.735633344833672,4.3627595112600055,4.845983956680055,4.217542,4.036212173055652
2076,S. aureus,NLWAGILKHIIK,1.564666064,12,4.435333936,2076,2076,train,3,4.535495887169025,4.54080950934776,4.741680023843707,4.6469065686425886,4.718217230124328,4.595107471060003,4.691561482621165,4.5556397,4.435333935980743
2077,S. aureus,NQHGQVVKIFHH,3.204119983,12,2.795880017,2077,2077,train,0,2.8959626827221028,3.5316889103873104,4.593626220312118,3.580624124111699,4.4797731836190655,3.413975101670002,3.8345993860052214,2.8901958,2.7958800170023084
2078,S. aureus,NTVKETIKYLKSLFSHAFEVVKT,0.77815125,23,5.22184875,2078,2078,train,7,5.122010093199635,5.605909181684379,4.695403211497353,5.583884981147268,4.648937079002291,5.116613057399999,4.825883624657794,5.185899,5.221848749981925
2079,S. aureus,NVLSSVANGINRALSFFG,1.303148362,18,4.696851638,2079,2079,train,4,4.732276952898313,4.677153428818645,4.694506746751943,4.714174002197172,4.644878437366397,4.7010685926099995,4.639197207902289,4.675613,4.6968516380066285
2080,S. aureus,NVWKKILGKIIKVAK,1.294466226,15,4.705533774,2080,2080,train,4,4.732276952898313,4.854386593594792,4.789742364468934,4.739641762376151,4.7990095820408065,4.77936723143,4.791987294567486,4.68427,4.705533774006896
2081,S. aureus,NWRKILGQIASVGAGLLGSLLAGYE,1.286176732,25,4.713823268,2081,2081,train,4,4.732276952898313,5.511902815983085,4.68128430007785,5.51958113690703,5.105542125641602,4.63878370104,4.562273665390646,4.67873,4.713823267989623
2082,S. aureus,NWRKLYRRK,1.937016107,9,4.062983893,2082,2082,train,2,4.16326851348553,4.36058410047468,4.709814964551052,4.456670262447607,4.5536393295697195,4.192881258740006,4.398631080823593,4.140304,4.0629838930778766
2083,S. aureus,NWVKEWIKYLKSLFSHAFEVVKT,0.77815125,23,5.22184875,2083,2083,train,7,5.121961350374983,4.798539989627816,4.806688410393656,4.818771498147166,4.828461035817396,5.105844390749997,5.1926839404134295,5.228154,5.221848749996713
2084,S. aureus,PFKISIHL,1.020376063,8,4.979623937,2084,2084,train,5,4.8797644013489005,4.863306878291121,4.72062463164435,4.811545152292887,4.647274846816184,4.8244676251400005,4.519323454362722,4.9448647,4.979623936998424
2085,S. aureus,PFKLSLHL,1.108421692,8,4.891578308,2085,2085,train,5,4.791505692777827,4.874682707991019,4.636150528737981,4.836981078107286,4.593618183134952,4.807616026860006,4.645656180326549,4.8816175,4.891578308027915
2086,S. aureus,PGKYGFYTHVFRLKKWIQKVI,0.795880017,21,5.204119983,2086,2086,train,6,5.104252103447688,4.6021099612314575,4.983352000464257,4.680880426729606,5.087877675321535,5.170932970489998,5.151820705497603,5.2094173,5.204119982960953
2087,S. aureus,PKAMRLLRRLLRLQKKG,1.488611223,17,4.511388777,2087,2087,train,3,4.611228570787661,5.523147417515705,4.799068078819166,5.249556222520774,4.83335970786641,4.722990234059997,4.902010786416362,4.604821,4.5113887773016765
2088,S. aureus,PKKKRKV,2.698970004,7,3.301029996,2088,2088,train,0,3.400857405040665,3.5242410696868367,4.428505160360993,3.6744049073708105,4.2311057088897455,3.596277390470003,3.5843492225572104,3.308517,3.3010299960085745
2091,S. aureus,PKLLKFLKWIG,0.903089987,11,5.096910013,2091,2091,train,6,4.996784919273421,4.966365156578248,4.810603519752986,4.861472346989348,4.812904207019537,5.010544113420007,4.832188539983635,5.090788,5.096910012962567
2093,S. aureus,PKLLKKFLKKWIG,1.113943352,13,4.886056648,2093,2093,train,5,4.785451168106847,4.839599793143734,4.792582863407451,4.726100925795154,4.78985243639689,4.902212182060005,4.908475897833602,4.92155,4.886056648027081
2094,S. aureus,PKLLKTFLKWIG,1.146128036,12,4.853871964,2094,2094,train,5,4.7540359003144985,4.803295256732955,4.790146343928337,4.660152773417104,4.786239672025075,4.816463373000002,4.678875304375279,4.8486204,4.853871964105482
2096,S. aureus,PKLLKTFLSKWKKIG,1.230448921,15,4.769551079,2096,2096,train,4,4.732276954700707,4.791231907823664,4.732812953915984,4.8651982568710554,4.748511111940935,4.7340030201099985,4.868076790515903,4.6910114,4.769551078836346
2097,S. aureus,PKVTITIQGSARF,1.505149978,13,4.494850022,2097,2097,train,3,4.595023032418043,4.739413316950793,4.569717850839447,4.612684221853518,4.515021390554458,4.431992251119996,4.338975143648088,4.4863853,4.4948500219469985
2098,S. aureus,PLPFPRPGPRPIPRP,2.698970004,15,3.301029996,2098,2098,train,0,3.4009132912451996,4.232112472139676,4.457526920429245,4.208931974556802,4.337751581168167,3.4980194318900044,3.909605869453435,3.4615827,3.3010299962701066
2100,S. aureus,PPRLPRPRPRPLPFPRPG,2.698970004,18,3.301029996,2100,2100,train,0,3.4010427729230903,3.5816027783353226,4.467593794675543,3.719502160182846,4.392371028285933,3.4197497212200063,3.8764235332655623,3.365782,3.301029996043786
2101,S. aureus,PRPFPGRPKPIFRPR,2.0,15,4.0,2101,2101,train,1,4.0998528271476005,3.8676152178114482,4.490539199129486,3.91707019060008,4.402917750613331,4.10247424825,4.14160370899257,3.9999495,3.9999999999648876
2102,S. aureus,PRPGPRP,2.217404889,7,3.782595111,2102,2102,train,0,3.882757778737446,3.3697635215223736,4.136845999429828,3.380006270488254,4.01116340054455,3.743019431479998,3.671505580749275,3.7316062,3.782595110986439
2103,S. aureus,PRPLPFPRPG,2.698970004,10,3.301029996,2103,2103,train,0,3.4011327413750383,3.4070424352830457,4.327288988841209,3.37327155921946,4.183358898973531,3.4735627908400044,3.6071744915931716,3.3206375,3.3010299960466987
2104,S. aureus,PRPLPFPRPGPRPI,2.10720997,14,3.89279003,2104,2104,train,1,3.992599789247194,3.6361711113168673,4.43823445329517,3.6331611285087213,4.2957851801402445,3.7930798112600006,3.910138118944476,3.8293855,3.892790029770071
2105,S. aureus,PRPLPRP,2.187083981,7,3.812916019,2105,2105,train,0,3.913297834491808,3.736934807355576,4.169252367310905,3.6197745860716246,4.061887901577392,3.8547109879400008,3.6424854464839216,3.8053463,3.8129160189618143
2106,S. aureus,PRPPRLPRPRPRPLPFPRPG,2.698970004,20,3.301029996,2106,2106,train,0,3.400882531116345,3.8882640205890775,4.49198106831256,3.806225713460631,4.437519683975178,3.552128155080005,3.9176773504223243,3.362111,3.3010299962429133
2107,S. aureus,PRPRPLPFPRPG,2.698970004,12,3.301029996,2107,2107,train,0,3.4011995350559925,3.1313202165878513,4.334379670256395,3.2892294235359993,4.208461961866046,3.494632685470005,3.895894754953096,3.3141437,3.3010299959801377
2108,S. aureus,PRPRPRP,2.165185439,7,3.834814561,2108,2108,train,1,3.9349420534249337,3.2216712448217493,4.083675046770603,3.304803657276235,4.017296396516079,3.843447926779994,3.765332567667153,3.8241248,3.834814560872935
2109,S. aureus,PRPRPRPLPFPRPG,2.698970004,14,3.301029996,2109,2109,train,0,3.4008681074193214,3.3507293360408195,4.356762602511846,3.3916061012719894,4.257643987357498,3.465507300450005,3.946534751143143,3.3384936,3.3010299960302056
2110,S. aureus,PRPWPRP,2.150533846,7,3.849466154,2110,2110,train,1,3.949645326578719,3.7957127797289507,4.293904358986475,3.888313882493808,4.262646070724477,3.8364194794400044,3.695104884666463,3.8508017,3.84946615397022
2111,S. aureus,PVGRVHRLLRK,1.682123414,11,4.317876586,2111,2111,train,3,4.4174971452567435,4.362012379062775,4.676833972980196,4.432862309434089,4.65991757347366,4.411305920630005,4.576962880514053,4.3353095,4.3178765859841794
2113,S. aureus,QAKIRVRLSA,1.748754472,10,4.251245528,2113,2113,train,2,4.351239607737158,4.464034187713816,4.547775770818578,4.418496135313971,4.428406744116765,4.227343119210006,4.175975283164137,4.2471313,4.251245527990175
2114,S. aureus,QFPVGRVHRLLRK,1.600453174,13,4.399546826,2114,2114,train,3,4.499657726582103,5.019968160737145,4.742305844708536,4.772731463285907,4.739365991717681,4.525187638400002,4.771621392143234,4.448497,4.399546826142488
2115,S. aureus,QGDGNFVIYTWKP,2.176091259,13,3.823908741,2115,2115,train,0,3.924070572591264,3.9034847139110687,4.478115704339836,3.91907787188696,4.357907649407103,4.094652495210005,4.287711800545445,3.8334727,3.8239087409777004
2116,S. aureus,QHSSGKSDVRRW,2.0,12,4.0,2116,2116,train,1,4.100096699697102,3.658586083245825,4.246074549586789,3.689666929971758,4.050831637738215,4.0780334724700005,3.970520828028372,4.0046496,4.0000000000182405
2117,S. aureus,QIAALEQEIAALEQEIAALQ,2.397940009,20,3.602059991,2117,2117,train,0,3.7022285003135265,3.8782515635902137,4.2580495661779025,3.9808139731476686,4.190076019769349,4.1454906994599945,4.253994107246105,3.666367,3.6020599909811497
2118,S. aureus,QKAIRVRLSA,1.748754472,10,4.251245528,2118,2118,train,2,4.351072864391111,4.153598130230359,4.527944449965049,4.210348835271866,4.376573742542399,4.233778056880006,4.033036177564103,4.2294264,4.251245528021696
2119,S. aureus,QKALNEINQF,0.243038049,10,5.756961951,2119,2119,train,9,5.657038426803275,5.319158843237121,4.24222219936589,5.3891712733189525,3.9121802705076862,5.085667556549995,4.6882719375542665,5.7095394,5.756961950916002
2120,S. aureus,QKKARVRLSA,1.743078576,10,4.256921424,2120,2120,train,2,4.356802841147912,4.394971203871665,4.467774671098274,4.368962355050218,4.308386992220425,4.253879968709997,4.158042120039755,4.2341743,4.256921424060089
2121,S. aureus,QKKIAVRLSA,1.759546661,10,4.240453339,2121,2121,train,2,4.340530056087561,4.196227833752105,4.513358165470115,4.209110309244111,4.348562495114325,4.194208186819999,4.030127912746219,4.212511,4.240453338956169
2122,S. aureus,QKKIRARLSA,1.737842396,10,4.262157604,2122,2122,train,2,4.362538790217709,3.9838298101937726,4.475601694911363,3.954384982177403,4.322667218101185,4.236045989889997,4.194727854097743,4.234097,4.2621576039669495
2123,S. aureus,QKKIRVALSA,1.759546661,10,4.240453339,2123,2123,train,2,4.340380352808229,4.618715310484036,4.536096714809457,4.613384443828087,4.400772793626287,4.2739727068699995,4.2107543937882115,4.2143703,4.2404533390989725
2124,S. aureus,QKKIRVRASA,1.743078576,10,4.256921424,2124,2124,train,2,4.356750245921324,3.9012715888720018,4.455462083971339,3.8933906665726266,4.028912967098307,4.232040533499998,4.009379388406893,4.2106285,4.256921423964358
2125,S. aureus,QKKIRVRLSA,1.949404492,10,4.050595508,2125,2125,train,1,4.150532924757001,4.457847153614075,4.5578998545489915,4.416470111752835,4.430736998875863,4.123130399820001,4.245656261773534,4.189259,4.050595508025498
2126,S. aureus,QKRIRVRLSA,1.717521168,10,4.282478832,2126,2126,train,2,4.38256797928832,4.639249370232976,4.571443925058445,4.613358920927769,4.456012417829086,4.247558007399995,4.223587239578987,4.247231,4.282478831923056
2127,S. aureus,QLKVDLWGTR,2.0,10,4.0,2127,2127,train,1,4.100169204999987,3.976979316949687,4.383553709682052,4.113393150126175,4.301056984677943,4.04871696533,3.9231277389734682,3.97312,3.9999999999748743
2128,S. aureus,QLKVDLWGTRSGI,2.0,13,4.0,2128,2128,train,1,4.10003733343199,4.479011725305461,4.456967930455067,4.469343471535391,4.404720910165189,4.16695227462,4.094574292610342,4.0483823,4.0000000000069384
2129,S. aureus,QPFSLERW,2.276231958,8,3.723768042,2129,2129,train,0,3.823817958140176,3.210088294295267,4.36382074685593,3.250605682431762,4.112318340683176,3.765803637430001,3.6944224906712657,3.720545,3.7237680419585346
2130,S. aureus,QQRFEWEFEQQ,2.517646465,11,3.482353535,2130,2130,train,0,3.5823222393040868,3.8379531720572198,3.989385367337614,3.8101067872433725,3.8207201136989686,3.953449351150001,4.0509573796317895,3.5152795,3.4823535349394397
2131,S. aureus,QRFSQPTFKLPQGRLTLSRKF,1.595860529,21,4.404139471,2131,2131,train,3,4.504302385350756,4.725773317484793,4.646825434834247,4.587527942913665,4.675212471630754,4.437354860110003,4.464675312780045,4.3832726,4.4041394710535835
2132,S. aureus,QRFSQPTFKLPQGRLTLSRKFR,1.569904198,22,4.430095802,2132,2132,train,3,4.529671211387553,4.405659728215837,4.680067276071046,4.302772900899751,4.7278193073015915,4.499330346219999,4.628505666317236,4.458473,4.430095801963826
2133,S. aureus,QRKIRVRLSA,1.717521168,10,4.282478832,2133,2133,train,2,4.382154899679161,3.9746825043386185,4.564931001871992,3.9599949677412023,4.438993720808799,4.267880403169996,4.223587239578987,4.2359047,4.282478831998928
2134,S. aureus,QRPYTQPLIYYPPPPTPPRIYRA,2.301029996,23,3.698970004,2134,2134,train,0,3.7988587460364944,3.5535323840590314,4.835363956747849,3.612202522613462,4.815470869257612,4.061420514919996,4.166519444142455,3.7288008,3.6989700040320055
2135,S. aureus,QRRIRVRLSA,1.70771322,10,4.29228678,2135,2135,train,2,4.392119711617902,4.12908554422058,4.578584779116759,4.127266420495973,4.464555810683195,4.300508584339997,4.361193941542517,4.289315,4.292286780016584
2136,S. aureus,QTRRLTYKPRTVTYTRGR,1.010299957,18,4.989700043,2136,2136,train,6,4.890061367898337,4.799110619821352,4.683796118893215,4.898890553206867,4.670240088034472,4.754901178710006,4.680646173002299,4.9440804,4.989700042959806
2137,S. aureus,QVFTLIKGATQLIRKTLGEQ,0.551697469,20,5.448302531,2137,2137,train,8,5.348323152306891,4.923269425275585,4.599268404228321,4.817566270565176,4.530826418192459,5.116193566370007,4.859992337932642,5.3837423,5.448302530957155
2139,S. aureus,RAGLQFLVGRVHRLLRK,1.19991782,17,4.80008218,2139,2139,train,5,4.73227683057966,5.14540370048074,4.7920201891255045,5.124575373372283,4.837507455928962,4.770678950320003,5.035556388302112,4.9194546,4.800082180111559
2140,S. aureus,RAGLQFPVGKLLKKLLKRLKR,-0.090453671,21,6.090453671,2140,2140,train,9,5.990624218623165,5.260835482455733,4.85594821130391,5.112688968186013,4.915876876196376,5.865865743679993,5.222852696714364,5.9750843,6.090453670919022
2141,S. aureus,RAGLQFPVGRLLRRLLRRLLR,-0.23217383,21,6.23217383,2141,2141,train,9,6.132060789525825,5.639512156933644,4.917425152799393,5.491143529097611,5.004714839693075,5.933331384350002,5.34752831932714,6.111344,6.232173829663882
2143,S. aureus,RAGLQFPVGRVHRLLR,1.533125223,16,4.466874777,2143,2143,train,3,4.567036041612107,4.416948405060744,4.733787767757836,4.563949827608439,4.749760209859547,4.5398827339299945,4.708477850642702,4.464472,4.46687477701561
2144,S. aureus,RAVAVIIRLRRV,1.208895527,12,4.791104473,2144,2144,train,4,4.732276952648241,4.271021119112298,4.817417366930063,4.301281029170823,4.826772626362179,4.8840156910100045,4.770829978230971,4.780954,4.791104472840278
2146,S. aureus,RERSKGSKYLYVG,1.604099653,13,4.395900347,2146,2146,train,3,4.495740411917858,4.521496495068025,4.555352394828659,4.377107604383678,4.417679701582469,4.502893633810004,4.417174228906698,4.3946333,4.39590034696187
2147,S. aureus,RFIYMKGFGKPRFGKR,1.099434813,16,4.900565187,2147,2147,train,5,4.800662348384641,4.613234717817892,4.717469745687195,4.430222469589994,4.742957604829395,4.794862619479997,4.60873317756914,4.8310146,4.900565186940978
2148,S. aureus,RFRPPIRRPPIRPPFRPPFRPPVR,1.094162624,24,4.905837376,2148,2148,train,5,4.805429060398312,4.898487703546019,4.8482106282535264,4.824769179455932,4.922452474435607,4.856289418380008,4.84100422038976,4.9014673,4.905837375919433
2149,S. aureus,RFRRLFRIRVRVLKKI,0.301029996,16,5.698970004,2149,2149,train,9,5.598852166614256,5.070303425023706,4.976004422543508,5.149766672837688,5.058701097121175,5.568051948039996,5.103050470679631,5.621352,5.698970003501731
2150,S. aureus,RFRRLRDKTRDRLKKI,2.10720997,16,3.89279003,2150,2150,train,1,3.992967147376427,3.8185548398376197,4.629110692151793,3.862434691973061,4.571410527133657,3.9357976022400014,4.113898406537674,3.8506637,3.892790029955674
2151,S. aureus,RFRRLRIKTRIRLKKI,1.806179974,16,4.193820026,2151,2151,train,2,4.293932544335111,4.755742396764663,4.873782298918899,4.853958503383902,4.931473665388516,4.464897089740006,4.913592158473354,4.3898687,4.193820026898985
2152,S. aureus,RFRRLRKKFRKRLKKI,2.10720997,16,3.89279003,2152,2152,train,1,3.9926739026030047,4.442822229147202,4.855374682191644,4.429621285661367,4.9184950254595705,3.944309197260001,4.378009090151185,3.8696604,3.8927900292294573
2153,S. aureus,RFRRLRKKIRKRLKKI,2.408239965,16,3.591760035,2153,2153,train,0,3.691253732612817,4.460475213014274,4.845926923733535,4.472927634183387,4.903806081329353,3.877439335179998,4.343340431999734,3.6713889,3.5917600353270966
2154,S. aureus,RFRRLRKKKRKRLKKI,2.10720997,16,3.89279003,2154,2154,train,1,3.992968775985716,4.311573012093487,4.79615046012195,4.335914817530974,4.827841204120191,3.9740029800400003,4.325538371627785,3.8861341,3.892790029535473
2155,S. aureus,RFRRLRKKTRKRLKKI,2.10720997,16,3.89279003,2155,2155,train,1,3.9924712175646104,4.170581959678627,4.7920547950425005,4.13977991983761,4.827069084653517,3.9579052148800016,4.264657283513698,3.843238,3.892790030215946
2156,S. aureus,RFRRLRKKWRKRLKKI,2.10720997,16,3.89279003,2156,2156,train,1,3.9928785088195164,4.542923702220468,4.867253623967111,4.527330019593766,4.9372750722475605,4.113069867420001,4.460691884257367,3.949987,3.892790031840019
2157,S. aureus,RFRRLRKWTRWRLKKI,0.903089987,16,5.096910013,2157,2157,train,6,4.9965592724363175,4.614970703091982,4.917741209536281,4.762287247763523,5.001823031186885,5.059516165880007,5.027427210723221,5.1078324,5.0969100129845515
2158,S. aureus,RFRRLRPKTRPRLKKI,2.10720997,16,3.89279003,2158,2158,train,1,3.9929774977308026,4.010617310467404,4.693391291270197,4.007285401456327,4.730322866449397,4.013453165520001,4.334782788110807,3.8826342,3.8927900299636202
2159,S. aureus,RFRRLRWKTRWRLKKI,0.77815125,16,5.22184875,2159,2159,train,7,5.121685322550321,4.875446992956055,4.915905450165366,4.822317914239857,4.997026071105928,5.123671046800001,5.057567215398227,5.189343,5.22184874927689
2160,S. aureus,RFRRLRWRTRWRLRRI,0.602059991,16,5.397940009,2160,2160,train,7,5.297976632593921,4.768259166426837,4.940362663711924,4.752499221064801,5.035913444607633,5.300071579760006,5.0989275281199635,5.3340406,5.397940008893103
2161,S. aureus,RFRRLRWWTRKRLKKI,0.903089987,16,5.096910013,2161,2161,train,6,4.9970225004248565,4.584467596575193,4.916062696485982,4.726117719049915,4.997436966092943,5.004095819600006,5.022314043431816,5.082717,5.096910012966139
2163,S. aureus,RGARIVVIRVAR,1.356014843,12,4.643985157,2163,2163,train,4,4.732276993467611,4.929065991681663,4.664227179833608,4.964001252464586,4.750533656505004,4.560995615499993,4.6677870579939515,4.6163416,4.643985156937867
2164,S. aureus,RGDWLWLW,1.946428125,8,4.053571875,2164,2164,train,2,4.153733938254144,4.135926527391132,4.521877087509043,4.219544882857637,4.552990510529483,4.049434254239995,4.10243235457596,4.0386252,4.053571874961034
2165,S. aureus,RGGRLTYTRPRFTVTVGR,1.378118801,18,4.621881199,2165,2165,train,4,4.721545301834907,5.130974533813359,4.664951473740651,5.261723043013325,4.671893452762253,4.649476000229992,4.690738238640427,4.657343,4.621881199027371
2166,S. aureus,RGGRLYRRRFVVGR,0.301029996,14,5.698970004,2166,2166,train,9,5.598816104891912,4.7401296224946385,4.703008948107456,4.811577574610828,4.701779345379855,5.419205467159997,4.901846313530904,5.61868,5.698970003967449
2167,S. aureus,RGKRWWRRKK,1.397940009,10,4.602059991,2167,2167,train,4,4.702134621005347,4.57895211863671,4.589185986380661,4.5952178398152785,4.549641382214966,4.673472006759994,4.5617658469243905,4.610816,4.602059991006885
2168,S. aureus,RGLRALGRKIAHGVKAYG,1.016989242,18,4.983010758,2168,2168,train,5,4.883166087923891,4.438499862871174,4.619289607842481,4.569011589486452,4.679849799847805,4.9080596679099955,4.647153317955265,4.9690723,4.98301075795598
2169,S. aureus,RGVRPVVQGVKEKVR,1.573938057,15,4.426061943,2169,2169,train,3,4.525723922365442,4.132343334719021,4.6105949296949476,4.165589939019398,4.489322038072912,4.483809628939994,4.412812150437653,4.3865876,4.426061942913366
2170,S. aureus,RHWRRFWH,2.0,8,4.0,2170,2170,train,1,4.09945337196928,4.592557584939207,4.769848186406772,4.542534183876969,4.705755917477937,4.334694089469998,4.737713838868359,4.068516,4.000000000105705
2171,S. aureus,RHWRRFWHR,1.096910013,9,4.903089987,2171,2171,train,5,4.803064605141132,4.270691997379907,4.756762715350619,4.293963552231035,4.6922815322348415,4.821338860829994,4.804377055882021,4.813102,4.903089986853251
2176,S. aureus,RIGVLLARLPKLFSLFKLMGKKV,1.316269962,23,4.683730038,2176,2176,train,4,4.73227695289832,5.067170541590182,4.955531422937041,5.0983996395371225,5.064950648305614,4.846122737480005,4.987687735088847,4.8041973,4.683730038042066
2177,S. aureus,RIIDLLARVRRPQKPKFVTVWVR,0.494850022,23,5.505149978,2177,2177,train,8,5.405072096266425,5.290707342062383,4.786646186376466,5.305753652135617,4.842148657229509,5.388974485620005,5.285154751707558,5.4278154,5.5051499778964486
2178,S. aureus,RIIDLLWRVRRPQKPKFVTVAVR,0.795880017,23,5.204119983,2178,2178,train,6,5.103963470421144,5.198910167505751,4.78750555580309,5.12834464151561,4.844394246112029,5.284208656430001,5.119648209722105,5.2321353,5.204119982932997
2179,S. aureus,RIIDLLWRVRRPQKPKFVTVWVR,0.569178765,23,5.430821235,2179,2179,train,8,5.330716960517808,5.2190189223910695,4.8488499253095085,5.373748660388364,4.931817228549871,5.33749629889,5.299880381484742,5.3798285,5.43082123511309
2180,S. aureus,RIIRKIIHII,1.195641124,10,4.804358876,2180,2180,train,5,4.732843987258598,4.640564746869192,4.885340998112414,4.575033981206179,4.917997814311313,4.769337867579995,4.856470454038164,4.824646,4.804358875837121
2181,S. aureus,RIIRKIIHIIK,1.154029223,11,4.845970777,2181,2181,train,5,4.746063284319157,5.084833125229384,4.868538456860868,5.078113896910489,4.910057299082326,4.842486819279996,4.968938662236376,4.8703713,4.845970777364258
2183,S. aureus,RIKRFWPVVIRTVVAGYN,0.63459355,18,5.36540645,2183,2183,train,7,5.265507007938699,5.124802316638024,4.922063040160034,5.154366703554498,4.948862298967481,5.218657851590006,4.984649616140766,5.3426285,5.365406449960766
2184,S. aureus,RIKRFWPVVIRTVVAGYNL,0.612562845,19,5.387437155,2184,2184,train,7,5.287636925543044,5.334170368897939,4.943023556577852,5.252611904434109,4.98981656931256,5.2731715313599965,5.119953806784917,5.340612,5.3874371548457205
2190,S. aureus,RIKRFWPVVIRTVVAGYNLYRAIKK,0.488000729,25,5.511999271,2190,2190,train,8,5.4122634082470364,5.911272706218728,5.056285705595552,5.895096440855607,5.168796407620323,5.518607856919997,5.526538655489541,5.5426307,5.511999272333213
2191,S. aureus,RIKRWWWWR,0.113943352,9,5.886056648,2191,2191,train,9,5.785949765217751,5.6837971084549075,4.94180197068491,5.597661247399523,5.00549209144169,5.632934610990005,5.30163391830588,5.701045,5.88605664739459
2193,S. aureus,RIRFPWPWRWPWWPPFRG,0.966141733,18,5.033858267,2193,2193,train,6,4.934020260328081,4.769467203432795,4.9917921975005,4.781356465535076,5.196404879745003,4.955747876700009,5.0086551495622205,5.0168333,5.0338582669623975
2196,S. aureus,RIRKKLR,2.698970004,7,3.301029996,2196,2196,train,0,3.401334893960831,4.033417640846473,4.652843310993242,3.9899871918139262,4.581891413873752,3.6711659862700037,3.988579407405567,3.356822,3.301029996201303
2197,S. aureus,RIRRWKFRW,0.113943352,9,5.886056648,2197,2197,train,9,5.7861784375064165,4.8374895149616135,4.819907161357371,4.697506500155384,4.82157237483215,5.626035309430007,5.069985348593785,5.8489456,5.886056647807074
2198,S. aureus,RIRWILRYWRWS,0.929418926,12,5.070581074,2198,2198,train,6,4.970473099187789,5.1323287581848085,4.996661937508862,4.974677266301697,5.075732439640387,4.991538623280003,5.097021645064466,5.051933,5.070581073989052
2199,S. aureus,RIVQRIKKWLLKWKKLGY,1.257740059,18,4.742259941,2199,2199,train,4,4.732276952898313,5.203357206966289,4.980479014350614,5.283872674065231,5.158752159384741,4.841840488489995,5.013625632611909,4.806389,4.742259940949787
2200,S. aureus,RIWFQNRRMRWRR,1.505149978,13,4.494850022,2200,2200,train,3,4.5951231779703665,4.334722784940107,4.820251661789472,4.412172556120485,4.83296445381393,4.4968224396999945,4.555089527251787,4.531459,4.494850021973367
2201,S. aureus,RIWKIWWKR,1.84501963,9,4.15498037,2201,2201,train,2,4.255121295432977,5.018143848058357,4.908491764212991,5.029378696114539,4.958257661934682,4.596504428739994,5.149640104917639,4.3446407,4.154980370178995
2202,S. aureus,RIWKRWWFR,1.524781195,9,4.475218805,2202,2202,train,3,4.57528760172057,4.644823575029668,4.917490204341694,4.6151774625585205,4.957931128629164,4.657537491399997,4.9953974425382075,4.5155463,4.475218805146569
2203,S. aureus,RIWVIRWR,0.899741948,8,5.100258052,2203,2203,train,6,5.000147256943537,4.6249504287462075,4.9049216210513125,4.719868806329511,4.926744061836356,4.987002758790003,4.813451686360939,5.0864058,5.100258051983232
2204,S. aureus,RIWVIWRR,0.598711953,8,5.401288047,2204,2204,train,8,5.301126713019599,5.681755549958145,4.938151791177815,5.524374699011942,5.0135766838595766,5.280378706119995,4.909022228279848,5.33777,5.401288046807536
2205,S. aureus,RKFRNKIKEKLKKIG,1.816804523,15,4.183195477,2205,2205,train,2,4.283063319532701,4.094052814272275,4.6446857662978465,3.9969266149248384,4.532582421165926,4.151053765620007,4.223390804032108,4.1443796,4.183195477008059
2206,S. aureus,RKFRWWVIR,0.146128036,9,5.853871964,2206,2206,train,9,5.75375605528084,5.122856185546109,4.886316030812664,5.135151051977944,4.900026269216335,5.655792392649999,5.216567701874447,5.755219,5.853871964067253
2207,S. aureus,RKGLQKLVGRVHRLLRK,0.890772012,17,5.109227988,2207,2207,train,6,5.009387976943229,5.1525913069171345,4.761551081894572,5.0174280071368305,4.800308984193045,5.009400479149992,4.95412266303593,5.0762744,5.109227987982529
2208,S. aureus,RKGWFKAMKSIAKFIAKEKLKEHL,0.892094603,24,5.107905397,2208,2208,train,6,5.008008106424429,4.945783740977001,4.805579483981438,5.037492314125135,4.767726137568763,5.0718638239400065,4.940849682591328,5.109681,5.107905396989186
2209,S. aureus,RKKKAKIIKKII,1.795880017,12,4.204119983,2209,2209,train,2,4.3041956731538304,4.619507394576302,4.7037782927533724,4.609176673859186,4.627406645427368,4.291468335859999,4.513705995082986,4.205972,4.20411998327607
2210,S. aureus,RKKKIKIIKKII,1.795880017,12,4.204119983,2210,2210,train,2,4.304008122341121,4.8176817680304564,4.7802531422126675,4.734532455193807,4.749199206051353,4.322089092449999,4.622949974935326,4.227116,4.204119982419602
2211,S. aureus,RKKKIKIIKRLI,1.795880017,12,4.204119983,2211,2211,train,2,4.304282018527346,4.83359926204241,4.790820825431795,4.80814728234125,4.7674863811053925,4.340445629399999,4.776237168393379,4.3286595,4.204119984007739
2213,S. aureus,RKKKLKVVKRLV,1.795880017,12,4.204119983,2213,2213,train,2,4.304074311531044,4.435239946687802,4.773894235962626,4.455582748852095,4.74003199921633,4.286655898899999,4.813475208619916,4.2303367,4.204119983375604
2216,S. aureus,RKKRLKLLKRLV,1.397940009,12,4.602059991,2216,2216,train,4,4.702168991408134,4.617501929059974,4.792536780671412,4.546035379822346,4.768235378469214,4.522745624599994,4.834458922399142,4.593838,4.602059990874187
2218,S. aureus,RKKRLRVVRRLV,1.795880017,12,4.204119983,2218,2218,train,2,4.304482895409318,4.600916881966216,4.798843007615863,4.670145351519505,4.777244151331582,4.419293428479998,4.824620132122375,4.277846,4.204119982930044
2220,S. aureus,RKKRWWRRKK,0.77815125,10,5.22184875,2220,2220,train,7,5.121883328963692,4.972091612058403,4.672404711552211,4.934895372843137,4.607134096222308,5.0822908856999955,4.970373239880062,5.226931,5.221848749994737
2221,S. aureus,RKKTRKR,2.408239965,7,3.591760035,2221,2221,train,0,3.6915877084748017,3.788947468327823,4.381153619184415,3.812747261362704,4.23900437311313,3.738178836599997,3.796640228765112,3.5805266,3.591760034987707
2222,S. aureus,RKKTRKRLKKIGKVLKWI,0.77815125,18,5.22184875,2222,2222,train,7,5.121737389030435,4.655598035347169,4.845991810812571,4.708430034727053,4.889662147266747,5.107782810499997,5.011093064703324,5.2375903,5.221848749803874
2223,S. aureus,RKLKHMRF,2.0,8,4.0,2223,2223,train,1,4.100081134977474,4.510254372087751,4.690258279384042,4.5908401249322495,4.5262210673466665,4.15325071831,4.171017811283921,4.0379095,3.999999999987221
2224,S. aureus,RKRLKWWIY,0.542201982,9,5.457798018,2224,2224,train,8,5.3577918826975,5.390286585066914,4.915910264783682,5.4589738707504845,4.937178634344599,5.3618592320200005,5.294613169604555,5.4376945,5.457798018002299
2225,S. aureus,RKRLRKFRNKIKEKLKKIGQKI,1.640481437,22,4.359518563,2225,2225,train,3,4.459261654968811,4.3539075580524855,4.816097575073962,4.351198784649629,4.798699541826817,4.407384177309996,4.55618043936059,4.379658,4.3595185632334195
2226,S. aureus,RKRWWWWFR,0.29907772,9,5.70092228,2226,2226,train,9,5.600817354012081,5.1672768434832435,4.980677261929474,5.1635130589046545,5.06954019664458,5.631860645349997,5.37572522839434,5.6852646,5.700922279872611
2227,S. aureus,RKSKEKIGKEFKRIVQRIKDF,1.278332668,21,4.721667332,2227,2227,train,4,4.732276952936472,4.662840249043327,4.631632103064407,4.839873953446783,4.6438194076975625,4.601767462989996,4.732434867985445,4.761312,4.7216673320034355
2228,S. aureus,RKVAPALIKSFVFLFKFKKG,1.740807168,20,4.259192832,2228,2228,train,2,4.359028795768919,4.788814731386108,4.8638798320484185,4.9312396492076305,4.934038464665665,4.562287433969996,4.727754793423661,4.4375496,4.259192832282403
2229,S. aureus,RKWIWRWFL,0.19919619,9,5.80080381,2229,2229,train,9,5.700799112316533,5.2248398878600755,4.973847557006334,5.129391645318336,5.000502861934824,5.64365550518,5.262804230127741,5.747942,5.8008038098879915
2230,S. aureus,RKWKIKWYW,0.414973348,9,5.585026652,2230,2230,train,8,5.4849909802708865,5.070586237223555,4.912666287446651,5.045021161749227,4.922348087570068,5.5400820225000045,5.3061717456795225,5.576628,5.585026651944228
2231,S. aureus,RKWVAWRNR,1.69157185,9,4.30842815,2231,2231,train,3,4.408515944759923,4.253392741544856,4.633215683418358,4.201979291461861,4.547209149716499,4.299480110929998,4.610178098015017,4.2869887,4.308428149861438
2232,S. aureus,RKWVKWRNR,1.371465449,9,4.628534551,2232,2232,train,4,4.728590378624596,4.638166316924259,4.659956318389894,4.613338335328377,4.5914843708926085,4.559827069079992,4.625783382189956,4.562929,4.6285345509780935
2233,S. aureus,RKWVWWRNR,1.062166281,9,4.937833719,2233,2233,train,5,4.837935624299385,4.743554283968173,4.757292378324877,4.7516588302714675,4.754009464736708,4.920940515660009,4.925949431668394,4.9680476,4.937833719024569
2234,S. aureus,RKWVYWRNR,1.36017217,9,4.63982783,2234,2234,train,4,4.732276952898313,4.924675218217327,4.749951666104705,4.898233806259281,4.717842216288462,4.697232294750002,4.7964040352221105,4.569112,4.63982782997332
2235,S. aureus,RKWWRWIKW,0.397940009,9,5.602059991,2235,2235,train,8,5.5022193636965335,5.848903688481077,4.939381158924434,5.728730606567878,4.997639729297209,5.545896643999995,5.411277710440709,5.6137657,5.602059990961918
2238,S. aureus,RLARIVVIRVAG,1.677897156,12,4.322102844,2238,2238,train,3,4.421984882364283,4.985945181322359,4.727806590402468,4.988819624895543,4.817761126567366,4.377621287580004,4.44249383848915,4.322524,4.322102844018176
2240,S. aureus,RLARIVVIRVRR,0.725009157,12,5.274990843,2240,2240,train,7,5.174619139850967,5.526355259934193,4.832957117612613,5.602972449122578,4.98031432369425,5.2532713912100055,5.155812404065505,5.308654,5.274990843159994
2241,S. aureus,RLARIVVIRWAR,0.724441444,12,5.275558556,2241,2241,train,7,5.175388624048565,5.286606566284972,4.826592146910707,5.2200571294092235,4.964099868604998,5.247618513990005,5.201959692371679,5.268984,5.275558555854786
2242,S. aureus,RLARRVVIRVAR,1.633559906,12,4.366440094,2242,2242,train,3,4.466269312364435,4.83554222084376,4.7587843738454225,4.916392401621533,4.749778381402548,4.508153410769997,4.672281406608374,4.400863,4.366440094231411
2243,S. aureus,RLGTALPALLKTLLAGLNG,1.230448921,19,4.769551079,2243,2243,train,4,4.732276952898313,5.29176244472642,4.646926880656173,5.276424984971445,4.601300041550753,4.769325872899998,4.67150858710828,4.7153234,4.769551079031634
2244,S. aureus,RLKKIGKVLKWI,1.982271233,12,4.017728767,2244,2244,train,1,4.117692033732539,4.109302659730343,4.823412900175838,4.091857759073857,4.879985500706706,4.432462783259998,4.823229828165553,4.079887,4.017728766946071
2245,S. aureus,RLKKWMQKVIDRFGG,2.10720997,15,3.89279003,2245,2245,train,1,3.9926720683678623,4.4701010086052255,4.669840591697671,4.268911544784253,4.589306486536211,4.0557450174700005,4.422486518205412,3.9331558,3.892790030194734
2246,S. aureus,RLKLLLLLRL,0.805949963,10,5.194050037,2246,2246,train,6,5.093444303135954,4.699115504190339,4.943850094364063,4.744415764903693,4.986782615382382,5.046469540890005,5.030673834157697,5.159969,5.194050034109639
2247,S. aureus,RLKLLLLLRLK,1.337609113,11,4.662390887,2247,2247,train,4,4.728949219466799,4.360678197811209,4.921560006145262,4.506686950364659,4.969205866727372,4.844072931010002,5.0698905008806205,4.7162914,4.662390887878454
2248,S. aureus,RLKLLLLLRW,0.480265665,10,5.519734335,2248,2248,train,8,5.4195624137588805,4.903663310363288,4.972209564636637,4.844776587500434,5.03690476010238,5.358490126720003,5.196903639317126,5.500076,5.519734334749717
2249,S. aureus,RLKLLLLRL,1.148166821,9,4.851833179,2249,2249,train,5,4.792375654332052,4.609376174185379,4.883063790687638,4.6194200000992796,4.876140683395946,4.769381544389995,4.597977825803564,4.850382,4.851833180215519
2251,S. aureus,RLKLLLRL,2.09676287,8,3.90323713,2251,2251,train,1,4.003400062661358,4.371886147684147,4.875264569817521,4.450259357564046,4.9112773799620175,4.117804446419996,4.4944485648098915,3.9884963,3.9032371320607426
2252,S. aureus,RLKLLLRLK,1.482419838,9,4.517580162,2252,2252,train,3,4.617543949983589,4.197664168264242,4.844171800483708,4.206149877713818,4.877680470257048,4.5459156292300005,4.630918147195247,4.487476,4.517580160859402
2253,S. aureus,RLKLLRL,2.147601311,7,3.852398689,2253,2253,train,1,3.9525545686513865,4.490034066730217,4.759254636445133,4.551976563190096,4.673299809191477,4.119299837509998,4.209983045360353,3.8526735,3.852398688214642
2254,S. aureus,RLKRWWKFL,0.380211242,9,5.619788758,2254,2254,train,8,5.519221611990839,4.955057441177607,4.910337740459725,5.046029686258091,4.975044738160721,5.49764889298001,5.217407376102304,5.526922,5.619788757860416
2255,S. aureus,RLLFRKIRRLKR,1.888387673,12,4.111612327,2255,2255,train,2,4.21171423226169,4.79034672099266,4.834363467298904,4.8558961360788695,4.875302151315574,4.373992114609996,4.989443270795954,4.30738,4.111612327297551
2257,S. aureus,RLLRKFFRKLKKSV,1.421339233,14,4.578660767,2257,2257,train,4,4.678662405162851,4.6784744728666885,4.836952437390428,4.7257362868711,4.898588432214837,4.660150060839992,4.782232938667842,4.6013174,4.578660766819295
2258,S. aureus,RLLRPLLQLLKQKLR,0.422877438,15,5.577122562,2258,2258,train,8,5.4772828119451376,5.29491800686451,4.838630478296676,5.3495500438066514,4.881207486728312,5.35649026251,5.0121093466203135,5.507548,5.577122561986226
2259,S. aureus,RLLRRLLRRLLRRLLRRLLR,1.124639278,20,4.875360722,2259,2259,train,5,4.775186521104287,5.476217851510045,5.067521082550632,5.43822168132833,5.207934740374068,4.944546895639997,5.00781910863238,4.8814716,4.87536072253003
2260,S. aureus,RLPRPRPRPLPFPRPG,2.698970004,16,3.301029996,2260,2260,train,0,3.4009074064203904,3.713888714324287,4.4454914759415685,3.723415565584599,4.373368848914877,3.5054915303400054,3.891271545456523,3.2862048,3.301029996068331
2261,S. aureus,RLPWRWPRRPWRR,1.990093258,13,4.009906742,2261,2261,train,1,4.109744143493647,4.886688911589884,4.735744793980348,4.968493684053465,4.867469074025066,4.226127392429999,4.555372097095748,4.1855555,4.009906742480951
2262,S. aureus,RLRKAVRLIK,1.0,10,5.0,2262,2262,train,6,4.900327250085838,4.347565151609718,4.7435601502210725,4.315709149223096,4.7543311195747515,4.86992456464,4.686883055809249,4.9735622,4.999999999812289
2267,S. aureus,RLSRIVVIRVSR,0.43956175,12,5.56043825,2267,2267,train,8,5.460604069901859,5.289389827413467,4.726608825244042,5.351655588291545,4.8835119162817975,5.355326190500002,5.0245864747591025,5.5139623,5.56043824993197
2268,S. aureus,RLTYKPRTVTYTRGR,1.62283548,15,4.37716452,2268,2268,train,3,4.477319034973148,4.367604420895507,4.638972133113373,4.289947990021582,4.6304300530578795,4.4894132142900025,4.5123312523332535,4.417964,4.377164519971105
2269,S. aureus,RLWKRWWIR,1.836239497,9,4.163760503,2269,2269,train,2,4.263588379310651,4.591457360709986,4.9080199750523645,4.635469213515149,4.946382548917214,4.542968693679997,4.9872372806256315,4.38549,4.163760503403541
2270,S. aureus,RLWLAIGRG,1.329058719,9,4.670941281,2270,2270,train,4,4.732276952898313,4.329329513938923,4.629982297553226,4.366352896570806,4.6207717215843545,4.510050211390006,4.425181067201553,4.6018815,4.670941280943769
2273,S. aureus,RLWLAWKRR,0.669006781,9,5.330993219,2273,2273,train,7,5.231146339323192,5.409853146754196,4.810318515064727,5.270083813764236,4.845914962295752,5.1483725342499955,4.945511463566515,5.1958723,5.330993218923827
2275,S. aureus,RLWRIVVIRVKR,-0.045757491,12,6.045757491,2275,2275,train,9,5.945937291052414,5.751982805185579,4.920146714939481,5.682597847584653,5.096927422811131,5.821521379000005,5.428597615336505,5.9303994,6.045757490196184
2276,S. aureus,RLWRRWRRWLR,0.636822098,11,5.363177902,2276,2276,train,7,5.2633534812619365,4.830932515190465,4.932894680443466,4.859970901191429,5.041813382069194,5.303263904910003,5.214524898451305,5.3497353,5.363177901919819
2277,S. aureus,RLWRRWRRWRR,0.669006781,11,5.330993219,2277,2277,train,7,5.231093131239351,5.0295592177490125,4.874254294908097,4.955424220890469,4.959678082187787,5.223624401289998,5.076480369842655,5.2912617,5.330993219587124
2278,S. aureus,RLWWKIWLK,0.146128036,9,5.853871964,2278,2278,train,9,5.754027420869792,4.836976441037132,4.980189775365655,4.797840361757566,5.057088328524411,5.44551208479,5.2718319163210765,5.7562227,5.853871963517674
2279,S. aureus,RLWWWWRRK,0.322219295,9,5.677780705,2279,2279,train,9,5.577934886611577,5.317023746317096,4.966072757427465,5.299768989662022,5.068913254902471,5.567584751529993,5.275115009756732,5.6669135,5.677780704993597
2281,S. aureus,RLYRRLYR,1.243038049,8,4.756961951,2281,2281,train,4,4.732277390550337,5.325483348579578,4.833183136500934,5.436608037066085,4.7944228351924165,4.5752638856599965,4.48827683662273,4.7145066,4.756961951050979
2282,S. aureus,RLYRRLYRRLYRRLYR,0.041392685,16,5.958607315,2282,2282,train,9,5.858550018343592,5.422074879071456,5.028876502519378,5.355832092853718,5.089483669349211,5.490939381999997,5.024985233655582,5.8299074,5.958607314856894
2283,S. aureus,RLYRRRFVVGR,0.903089987,11,5.096910013,2283,2283,train,6,4.997005491933393,4.50610042535168,4.773395098394689,4.572817805152226,4.762092560317507,4.933781891720004,4.720491273127266,5.0642915,5.096910012756134
2284,S. aureus,RPKHPIKHQGLPQEVLNENLLRF,2.0,23,4.0,2284,2284,train,1,4.100102577365615,4.084624035512471,4.437083574995744,4.170014038729803,4.21118275543671,4.2373209943,4.462292745087318,4.040745,4.000000000041954
2285,S. aureus,RPKPQQFFGLM,2.569082147,11,3.430917853,2285,2285,train,0,3.530745917922664,3.883981803051223,4.417390493537477,3.9274660997926842,4.138327150515778,3.7887538971799986,4.2053065009622985,3.5040345,3.4309178530190803
2286,S. aureus,RPPQFTRAQWFAIQHISLN,1.0,19,5.0,2286,2286,train,6,4.900077435189161,4.903127758246002,4.677807535374556,4.878921335511796,4.528224925567392,4.788243080409999,4.813961683653103,4.91877,4.999999999972413
2287,S. aureus,RPRPNYRPRPIYRP,0.626234356,14,5.373765644,2287,2287,train,7,5.273927475591264,5.3793927701479705,4.5423492202848275,5.395757051646298,4.416054569857274,4.898905794210002,4.343878628120551,5.2635317,5.373765643947247
2288,S. aureus,RPRRRATTRRRITTGTRRRR,1.875061263,20,4.124938737,2288,2288,train,2,4.224806696517822,4.6796684625275695,4.674494509105035,4.534444071594938,4.66065020611146,4.355753354999995,4.489131073295735,4.1422515,4.124938736970168
2289,S. aureus,RPWAGNGSVHRYTVLSPRLKTQ,0.383815366,22,5.616184634,2289,2289,train,8,5.516072547441443,5.431022290230052,4.75577976049993,5.171361873255085,4.7831397630125005,5.194921085919995,4.866566698481058,5.5707507,5.616184633925722
2290,S. aureus,RQIKIWFQNRRLKWKK,1.806179974,16,4.193820026,2290,2290,train,2,4.2936559897689195,4.247629037896024,4.854159566804444,4.248307092590657,4.890800342962059,4.422130853600005,4.606152921056723,4.268867,4.193820025998092
2291,S. aureus,RQIRIWFQNRRMRWRR,1.204119983,16,4.795880017,2291,2291,train,4,4.732276952836644,4.6479359845732136,4.888495869974154,4.718607970588242,4.930435589540689,4.6541778793300015,4.5532316065095,4.6873484,4.795880016985446
2292,S. aureus,RQRRVVIWW,0.431363764,9,5.568636236,2292,2292,train,8,5.468814205324264,5.330093826492951,4.894306055451014,5.405154937595064,4.9054761201493795,5.285736925779994,5.099038336912237,5.5497427,5.568636235953839
2293,S. aureus,RQRVEELSKFSKKGAAARRRK,1.639474436,21,4.360525564,2293,2293,train,3,4.460459866758228,4.3279494181729765,4.520923228720642,4.493202841923787,4.488814991249876,4.54304641532,4.602628594723767,4.373074,4.360525564026225
2294,S. aureus,RQRWLWLW,1.160640406,8,4.839359594,2294,2294,train,5,4.739275365654828,5.0879660465273675,4.95258621551629,4.971825731248327,4.984815248517353,4.948869969289993,4.99937799939245,4.881265,4.839359594000778
2295,S. aureus,RQWQSKIRRT,2.477121255,10,3.522878745,2295,2295,train,0,3.6228427884893346,3.0668376767956893,4.534069920749877,3.1353124364269647,4.410644766635153,3.698301721740005,3.93422347897509,3.5432343,3.5228787449810857
2296,S. aureus,RRAAVVLIVIRR,0.888560376,12,5.111439624,2296,2296,train,6,5.011489549778416,5.260822994152782,4.817541701230085,5.302308235791678,4.943901622017584,5.017781324030007,4.9445730704219,5.0874734,5.111439623965134
2297,S. aureus,RRARIVVIRVAR,1.038339339,12,4.961660661,2297,2297,train,5,4.861783157353893,5.316450804585586,4.7587990014101305,5.351253472250404,4.8545018614442395,4.862506622809997,4.871136476957206,4.9139013,4.961660660809141
2298,S. aureus,RRFFFRFRRF,1.176091259,10,4.823908741,2298,2298,train,5,4.732276952898313,4.7494170259694775,4.896328161769248,4.8884756800180815,4.940681592957603,4.9918758144500055,5.118003781478294,4.8789043,4.823908740984515
2299,S. aureus,RRFKFIRWW,0.498981311,9,5.501018689,2299,2299,train,8,5.400854371468334,5.053136279194172,4.911667679790004,5.13095257082128,4.9465148531912515,5.516851027939998,5.357366822385442,5.5146217,5.501018689217395
2300,S. aureus,RRFPWWWPFRR,0.374182075,11,5.625817925,2300,2300,train,9,5.525986270454309,5.307229740784957,4.904065044808175,5.390272942337287,5.0160378637495295,5.589703047909996,5.360302777385403,5.630882,5.625817925004996
2301,S. aureus,RRFWHRAH,2.0,8,4.0,2301,2301,train,1,4.099977951263405,3.97091707936069,4.620946301464974,3.9131218883474927,4.528246214368013,4.145056930070001,4.566426658127402,4.027435,4.0000000000100915
2302,S. aureus,RRIIIRWRRI,1.051152522,10,4.948847478,2302,2302,train,5,4.8484005535340176,5.058299924208298,4.862314581764312,4.948857699629306,4.882944493873585,4.9706742046900025,5.0426809390859715,5.015763,4.948847478007701
2303,S. aureus,RRIIRKIIHII,1.14544208,11,4.85455792,2303,2303,train,5,4.754441657878013,4.683057647111191,4.870711766183489,4.7174645912442275,4.889542175685952,4.959407836539998,5.0108800806971825,4.8467417,4.854557920295324
2304,S. aureus,RRIIRKIIHIIK,1.108183351,12,4.891816649,2304,2304,train,5,4.791943692061275,5.055064181402754,4.861695811578034,5.098243979261229,4.892794830159964,4.934762018960004,4.961763858654152,4.918388,4.8918166485599945
2305,S. aureus,RRIIRKIIHIIKK,1.07387007,13,4.92612993,2305,2305,train,5,4.826262614432084,5.108175230290688,4.8579205336682545,5.118283645484805,4.896209679436275,4.957589754670002,4.962800193943519,4.9466877,4.9261299300993056
2306,S. aureus,RRIRPRP,2.698970004,7,3.301029996,2306,2306,train,0,3.4008599258093435,3.3369842766997992,4.341030174089816,3.4673749640263347,4.21365995009076,3.5820823187000044,3.735267639694945,3.333546,3.3010299960174847
2307,S. aureus,RRIRPRPPRLPRP,2.10720997,13,3.89279003,2307,2307,train,1,3.992973612599335,4.086015389938356,4.433490944143168,4.133317285962512,4.320704558371174,3.9722568974100003,4.1424427006736355,3.9012642,3.8927900294828945
2308,S. aureus,RRIRPRPPRLPRPRP,2.496929648,15,3.503070352,2308,2308,train,0,3.6033326366427456,4.199643286806087,4.441054914590477,4.127589349408042,4.356728329118954,3.834824657120004,4.04628998847337,3.6629126,3.503070352729126
2311,S. aureus,RRIRPRPPRLPRPRPRPLPFPRPG,0.414973348,24,5.585026652,2311,2311,train,8,5.484989915597195,4.33834800833697,4.635756669089132,4.171303777428041,4.710731069062861,5.202452246790006,4.743229828049056,5.492129,5.585026651433909
2315,S. aureus,RRLLRRLRR,2.0,9,4.0,2315,2315,train,1,4.100097378517916,4.367519801805389,4.728917191138254,4.405911495155293,4.67237038902024,4.179955861949999,4.466291126641901,4.0353823,4.000000000170247
2316,S. aureus,RRLRKKTRKRLKKIGKVLKWI,0.602059991,21,5.397940009,2316,2316,train,7,5.297462835339078,4.878461515208493,4.925999927280525,4.969591492075914,5.040504404459389,5.243883588830005,5.050283882470613,5.3287997,5.397940008537626
2317,S. aureus,RRLRRLLRRLLRRLRR,0.954242509,16,5.045757491,2317,2317,train,6,4.94589638213245,5.12269224792539,4.921435524660849,5.125195281751284,5.018109092581047,4.942669346600004,4.890758509924172,5.0277534,5.045757490514089
2318,S. aureus,RRLTLRQLLGLGSRRRRRSR,0.495544338,20,5.504455662,2318,2318,train,8,5.404423377411945,5.163153510898014,4.735426305362368,4.979095962661741,4.822797404995315,5.15007960392,4.835532795729193,5.4217043,5.504455661922571
2319,S. aureus,RRPRPRPRPFFF,1.602059991,12,4.397940009,2319,2319,train,3,4.4982463369061705,4.206746944092911,4.511662887024851,4.234693369674962,4.443023723591082,4.420804974480006,4.3514835061845245,4.429506,4.3979400060825595
2320,S. aureus,RRPRPRPRPFFFF,1.301029996,13,4.698970004,2320,2320,train,4,4.767660345246283,4.511090644716797,4.602336923383376,4.403220727047027,4.592351496892963,4.737414657399996,4.492542607321042,4.728131,4.698970005435285
2321,S. aureus,RRPRPRPRPFFFFF,1.0,14,5.0,2321,2321,train,6,4.9002964315519995,4.405395254852088,4.676761297196128,4.575809510813576,4.693136932657916,4.985960717619998,4.800211067443811,4.9587708,5.00000000152671
2322,S. aureus,RRPRPRPRPWWW,1.602059991,12,4.397940009,2322,2322,train,3,4.498180695476853,4.258683842665251,4.553962834486277,4.2441508402949735,4.55774236655936,4.449642474740006,4.458786344296661,4.439426,4.397940012206281
2323,S. aureus,RRPRPRPRPWWWW,0.91805797,13,5.08194203,2323,2323,train,6,4.9815834882877255,4.363084029134884,4.654568638225011,4.2755815253855785,4.717305018887181,4.905186785619998,4.730103420198337,4.97295,5.081942026815916
2324,S. aureus,RRPWRWPRWPWRR,1.371801381,13,4.628198619,2324,2324,train,4,4.728291782418486,5.272759470952544,4.776904006810245,5.294295424167639,4.895069925766819,4.582274205499995,4.720017775185814,4.691782,4.62819861873334
2325,S. aureus,RRPWRWPWWPWRR,1.189210888,13,4.810789112,2325,2325,train,5,4.732272719283344,5.403105358847593,4.875558105691344,5.55214005407376,5.062501916840833,4.904486701520003,5.243155242775266,4.985573,4.810789112201373
2326,S. aureus,RRRIKIRWY,1.362113828,9,4.637886172,2326,2326,train,4,4.732276952898313,4.481294308207416,4.817178907770964,4.362053236610846,4.785951602797046,4.747069605559997,4.941048494175443,4.6809173,4.637886172007804
2327,S. aureus,RRRRRFRRVIRRIRLPKYLTINTE,0.903089987,24,5.096910013,2327,2327,train,6,4.997096357702457,5.415385519738469,4.908431962703014,5.59103974706091,4.88472244703182,4.979080384570006,4.966824542587322,5.0906315,5.096910013002193
2328,S. aureus,RRRRRRRRRRRRRRRWWW,1.414973348,18,4.585026652,2328,2328,train,4,4.684989875506244,4.972081018635094,4.897682055010026,4.992090281871659,4.8997662950457075,4.740330509310004,4.743812411659423,4.6123567,4.585026652026693
2329,S. aureus,RRRRRRRWWWRRRRRRRR,0.954242509,18,5.045757491,2329,2329,train,6,4.945905180010719,5.332409696089165,4.9129824876951025,5.305213452971335,4.988423007013381,5.044704300010004,5.0464904355629665,5.048685,5.045757491010369
2330,S. aureus,RRRRWWW,1.187488511,7,4.812511489,2330,2330,train,5,4.732185901240742,4.972768828921163,4.8423620821049065,4.987062966144705,4.819709931315542,4.739817569369991,4.611212588824109,4.8067594,4.812511488861302
2331,S. aureus,RRRRWWWW,1.495226158,8,4.504773842,2331,2331,train,3,4.604304986421624,5.034209103601251,4.932426054781667,5.140710716032824,4.98896254720681,4.657951871510003,5.004782985181607,4.561171,4.504773842218755
2332,S. aureus,RRRWLWLW,0.895677727,8,5.104322273,2332,2332,train,6,5.004476748398415,4.745149619168553,4.976266512274432,4.771495159786821,5.0476116515322325,5.072873196569995,4.992188361823124,5.0904937,5.104322273059671
2333,S. aureus,RRRWWKLMM,0.740362689,9,5.259637311,2333,2333,train,7,5.159578334037006,5.532924184016535,4.896899208311592,5.544331048753561,4.868581510413856,5.273916048930002,5.171011288683213,5.310325,5.259637310943233
2334,S. aureus,RRRYIGRYVRFWK,1.100370545,13,4.899629455,2334,2334,train,5,4.7997318173157275,4.855697557858016,4.882684176039773,4.81093798824214,4.912701725118659,4.921079215960008,5.000947002281856,4.9098935,4.899629454973222
2337,S. aureus,RRWKIVVIRWRR,-0.031513151,12,6.031513151,2337,2337,train,9,5.931406268217749,5.688338284853875,4.916366729528908,5.844715115898369,5.111201313481639,5.791310737270007,5.411765556694596,5.865375,6.031513150737695
2338,S. aureus,RRWPLKPKKWPLI,0.861851009,13,5.138148991,2338,2338,train,6,5.03823633426335,5.317110501907978,4.702319291944205,5.257684427963799,4.730189848403501,5.167555209779994,5.174896315054865,5.241929,5.1381489912141
2339,S. aureus,RRWPLKPWKKPLI,0.560821014,13,5.439178986,2339,2339,train,8,5.339291356371752,5.128748383551015,4.69345864462204,5.070641983691319,4.7392518536956265,5.29804075324,5.143368011283511,5.36489,5.43917898576428
2340,S. aureus,RRWPLLPWKWPLI,0.550080045,13,5.449919955,2340,2340,train,8,5.350104849702622,5.795843774738027,4.84461222201946,5.778111350971105,4.936249890990842,5.453152437399998,5.323406755452057,5.4600835,5.449919955069704
2341,S. aureus,RRWPWWPWKWPLI,-0.08728742,13,6.08728742,2341,2341,train,9,5.987281062129107,5.723005566077555,4.940392814580984,5.700459859059452,5.09199660861079,5.813324445390005,5.410643675471791,5.93054,6.0872874197148
2344,S. aureus,RRWRIVVIRVRR,0.415070791,12,5.584929209,2344,2344,train,8,5.484891982885723,5.93543548685272,4.8930500190835815,5.931589394017104,5.071757083323345,5.574766867840002,5.385774308485711,5.6219645,5.584929210077197
2345,S. aureus,RRWRRWRRWRR,0.823908741,11,5.176091259,2345,2345,train,6,5.0759306865648,4.810570988785611,4.814787451966699,4.779031864840563,4.805688180728965,5.084448151149993,4.740782524406298,5.155508,5.1760912584188565
2346,S. aureus,RRWRVIVKW,0.113943352,9,5.886056648,2346,2346,train,9,5.786181840088506,5.723937037919884,4.902758991098646,5.571026678578151,5.144329562781779,5.641983955010005,5.354235321076655,5.8553085,5.886056647835894
2347,S. aureus,RRWSFRVSYRGFSYRKSR,1.125899372,18,4.874100628,2347,2347,train,5,4.77397652838367,4.592184158642876,4.823566926111468,4.434260356243093,4.881424235678532,4.8379849158100035,4.829394894417598,4.8739586,4.874100627973668
2348,S. aureus,RRWVAWRNR,1.982271233,9,4.017728767,2348,2348,train,1,4.117559808549418,4.267068104870052,4.64048187598852,4.249650267118184,4.5555538923390815,4.207233963979998,4.550271319724712,4.067237,4.017728767112903
2349,S. aureus,RRWVIWRR,1.115110334,8,4.884889666,2349,2349,train,5,4.7848638924282785,5.403501812057445,4.842609548158645,5.271515923895874,4.850965576441036,4.885813603949995,4.935554999080025,4.958006,4.884889665937544
2350,S. aureus,RRWVRRVRRWVRRVVRVVRRWVRR,0.22183507,24,5.77816493,2350,2350,train,9,5.678319495080827,6.010321741313209,5.17795259802293,5.9995716905088,5.394752097595293,5.639627389300002,5.480929405942012,5.726505,5.778164929868754
2351,S. aureus,RRWWHWWRR,1.053078443,9,4.946921557,2351,2351,train,5,4.847087366841356,5.154222037019058,4.908859622773195,5.086917908266055,4.995405867754658,5.103257670699998,5.344382824964785,5.0171046,4.94692155702487
2352,S. aureus,RRWWKWWRK,0.698970004,9,5.301029996,2352,2352,train,7,5.201009107926614,5.18527169294827,4.895305382582049,5.043414689024069,4.971933949651529,5.400811292610006,5.379834611918984,5.3927784,5.301029997067594
2353,S. aureus,RRWWKWWWR,-0.15490196,9,6.15490196,2353,2353,train,9,6.055172038402223,5.475439700001487,4.986463217569392,5.502719109162922,5.080860915108767,5.927463766750001,5.430662148680395,6.0892515,6.154901959808718
2357,S. aureus,RRWWRWVVW,0.113943352,9,5.886056648,2357,2357,train,9,5.786220705903432,5.670079123585105,5.009225943241199,5.582237607522474,5.083461580057211,5.621263437880006,5.416632597131773,5.8789964,5.88605664789642
2360,S. aureus,RRWWWRWRRW,0.875061263,10,5.124938737,2360,2360,train,6,5.024902345097615,5.313140083610614,4.965542422688087,5.3586767883406035,5.0459430240651075,5.056829446959995,5.298101883167055,5.131433,5.124938737299939
2361,S. aureus,RRWYRWAWRMR,0.462679535,11,5.537320465,2361,2361,train,8,5.437102375834286,4.882091190218105,4.9084079509201795,4.877962007145087,4.941314209156348,5.286403555909996,5.022843930384481,5.458437,5.537320464946246
2363,S. aureus,RRWYRWWRRRWYRWWR,1.301029996,16,4.698970004,2363,2363,train,4,4.732276952898313,5.005496684484766,5.132452861339622,5.024631747118859,5.278289723736132,4.921708241629997,5.19433114891965,4.777106,4.698970003994288
2364,S. aureus,RRYHWRIYI,0.491361694,9,5.508638306,2364,2364,train,8,5.408747230907871,4.881312774657087,4.885419576009888,4.832551634386079,4.835639531620267,5.316174948510008,5.02331018941163,5.413732,5.508638305916805
2365,S. aureus,RSARAGLQFPVGRIHRHLK,0.477121255,19,5.522878745,2365,2365,train,8,5.4223156670617705,5.070800917887366,4.682900853520574,5.148248771328727,4.699873681651141,5.251107215340004,4.7816212823850455,5.4249096,5.522878744972992
2366,S. aureus,RSITRPVLVRRRWRVRPVF,1.861262834,19,4.138737166,2366,2366,train,2,4.238583266917533,4.407307004286396,4.8977932485620235,4.407090437548466,4.9689200647098515,4.3871722434899985,4.649280410797944,4.2802825,4.138737166017135
2367,S. aureus,RSTEDIIKSISGGGFLNAMNA,1.467439569,21,4.532560431,2367,2367,train,3,4.632524461988826,4.905507477380938,4.499024292693256,4.962740437117277,4.3326526954729125,4.474528203489997,4.323964559624698,4.519103,4.532560431000608
2368,S. aureus,RTKKWIVWI,1.441744909,9,4.558255091,2368,2368,train,4,4.658417758737445,5.173470315745244,4.864623204077138,5.058032972439998,5.0446639905397195,4.657302135749994,4.937688931491611,4.593594,4.558255091006756
2369,S. aureus,RVKRVWPLVIRTVIA,1.113943352,15,4.886056648,2369,2369,train,5,4.785895445511932,4.838559354392658,4.877680843078784,4.863871391158313,4.900350120014014,4.985255753860006,5.095073226062173,4.8800364,4.886056647995497
2371,S. aureus,RVMFKWA,0.931275363,7,5.068724637,2371,2371,train,6,4.968907784435683,5.088435611590193,4.80671826216707,5.149080289741006,4.763902139512991,4.88518194714,4.562624649778828,5.078597,5.06872463692136
2372,S. aureus,RVVRPVVQGVKEKVR,1.563362181,15,4.436637819,2372,2372,train,3,4.536798344684287,4.5098441986162605,4.692200549491756,4.449023942739373,4.589931088417398,4.46983681188,4.344514602445362,4.400417,4.436637819065811
2373,S. aureus,RVVRPVVQGVKQKVR,1.56360677,15,4.43639323,2373,2373,train,3,4.536555890151338,4.935446419377894,4.746931573917906,4.9237882448909,4.751676491545951,4.489737970240004,4.477787051706808,4.4596105,4.436393230024851
2376,S. aureus,RVVRQWPIGRVVRRVVRRVVR,-0.421967677,21,6.421967677,2376,2376,train,9,6.321874278884585,6.314537726188928,5.004334957798514,6.092044564276441,5.127412648739673,6.246860979149999,5.636925419019085,6.3938503,6.421967676480165
2377,S. aureus,RVVRQWPIGRVVRRVVRRVVRF,-0.144478606,22,6.144478606,2377,2377,train,9,6.044392170456824,6.039434805852219,5.05120907198089,6.172155678121074,5.196899612303392,6.101044414870002,5.861630347719218,6.1487117,6.14447860629915
2378,S. aureus,RVVRQWPIGRVVRRVVRRVVRL,-0.139149883,22,6.139149883,2378,2378,train,9,6.039454830244135,5.802230230958782,5.042579977920427,6.147075667332434,5.1815903389904,6.085733983349999,5.770819210213427,6.1469226,6.139149883206575
2379,S. aureus,RVVRQWPIGRVVRRVVRRVVRY,-0.146962521,22,6.146962521,2379,2379,train,9,6.0470647693887525,6.123404521499112,5.05383114690385,6.1332054707447305,5.189017854841888,6.078709865909994,5.831490343044212,6.1408477,6.146962521056572
2380,S. aureus,RWFKIQLQIRRWKNKK,1.204119983,16,4.795880017,2380,2380,train,4,4.7301476642165605,4.815717243844153,4.847986734497463,4.8108524858667,4.8815154109272125,4.666520301810002,4.831044957709454,4.719089,4.795880016875123
2381,S. aureus,RWFKIQMQIRRWKNKK,1.806179974,16,4.193820026,2381,2381,train,2,4.293941960450862,3.8452221037071097,4.8510835348327905,3.9917938663031496,4.871759957201876,4.243962069820005,4.556561940349934,4.21232,4.193820025949498
2382,S. aureus,RWFRIQLQIRRWRNRR,1.204119983,16,4.795880017,2382,2382,train,4,4.732276952898263,5.10870851347341,4.879478562823067,5.060182779625341,4.9304443840993155,4.8079778945700005,4.8651357652027,4.8396893,4.795880017052307
2383,S. aureus,RWGKWFKKATHVGKHVGKAALTAYL,1.350671471,25,4.649328529,2383,2383,train,4,4.732276952898313,4.626083851524801,4.879392878937972,4.750453609316851,4.9682625795003075,4.730444591020002,4.940788178443726,4.6868873,4.649328529067899
2384,S. aureus,RWKIFKKIPKFLHSAKKF,0.77815125,18,5.22184875,2384,2384,train,7,5.121695382055276,5.250796874445765,4.850955953371641,5.43349888952971,4.944991854326409,5.21937767982,5.2104937625644725,5.254824,5.221848750407112
2385,S. aureus,RWKKWWRWL,0.442273751,9,5.557726249,2385,2385,train,8,5.457909521104456,5.112563088938933,4.955314233783152,5.127987194648672,5.047438957022838,5.5105987396899945,5.3936433558525305,5.5250125,5.557726248967616
2386,S. aureus,RWKLLLLLRL,0.17923567,10,5.82076433,2386,2386,train,9,5.720907419572663,4.931569442287934,4.971898728886582,4.955947085445792,5.032489011950838,5.582287913969995,5.273245627605637,5.699909,5.820764329440839
2387,S. aureus,RWKRWWRLL,0.93314951,9,5.06685049,2387,2387,train,6,4.967013114692054,5.189422649874022,4.937743186540008,5.1800431844454335,5.016043528627508,5.2053042142599955,5.326861632654923,5.1393127,5.066850490441124
2388,S. aureus,RWKRWWRRKK,0.77815125,10,5.22184875,2388,2388,train,7,5.121953516197995,4.666875904676792,4.776340443220772,4.666690967692634,4.762085175695707,5.105825337039997,4.97244346937275,5.2197027,5.221848750351458
2389,S. aureus,RWKRWWRWI,0.610024608,9,5.389975392,2389,2389,train,7,5.28984459979041,5.479098997905614,4.970333035648812,5.489157160460967,5.07604177807496,5.329899381889998,5.410399640537752,5.3924494,5.389975391859878
2390,S. aureus,RWLKKRRWKYYVPP,1.510310732,14,4.489689268,2390,2390,train,3,4.589621724803932,4.360312407389566,4.896929319364241,4.374788647210879,4.905786821716469,4.653374515830004,4.735572452328802,4.5210447,4.489689267993523
2391,S. aureus,RWLLKLGHHGR,1.806179974,11,4.193820026,2391,2391,train,2,4.293989007994643,4.239614394281123,4.605433585966233,4.124635696223591,4.646689674416428,4.480810113750007,4.717787345798552,4.246098,4.193820026009857
2392,S. aureus,RWLLKLGHHGRAPP,2.10720997,14,3.89279003,2392,2392,train,1,3.9927538185490725,4.367426085345832,4.573860577972866,4.443478145139622,4.572205366878169,4.204356355620002,4.349257546038884,3.9860425,3.8927900303801364
2393,S. aureus,RWRRKWWWW,-0.15490196,9,6.15490196,2393,2393,train,9,6.0550466963861105,5.354178484293918,4.985077255813263,5.48851016879036,5.0894082243449805,5.783481327630001,5.375164284485142,6.0573134,6.154901959429702
2394,S. aureus,RWRRLLKKLHHLLH,0.923921262,14,5.076078738,2394,2394,train,6,4.976238631546257,4.947967626465138,4.88045547748464,5.189099081208969,4.9447473592013464,5.128652189679997,5.214018032900855,5.1825504,5.076078738265818
2395,S. aureus,RWRRWKWWL,0.132903353,9,5.867096647,2395,2395,train,9,5.767035807276386,5.736229088649912,4.940902375455338,5.562697518882259,4.999137525621689,5.725045461040001,5.473968789460441,5.8750167,5.867096646751383
2396,S. aureus,RWRRWRRWRRWR,0.775479778,12,5.224520222,2396,2396,train,7,5.124406328157564,4.982251267210628,4.885392687967383,5.085905600844486,4.965520284707069,5.211223551260007,5.087984310440632,5.2350492,5.224520222320945
2397,S. aureus,RWRWRWF,1.428736789,7,4.571263211,2397,2397,train,4,4.6713686698406205,4.913345120431908,4.91662646643186,4.965630529441414,4.961213014698289,4.636125207419993,4.904792040522222,4.581101,4.57126321096496
2398,S. aureus,RWRWRWFGGGFIKHFIHRF,1.091849711,19,4.908150289,2398,2398,train,5,4.807592226601229,4.717811885985915,5.020620228743635,4.647814998354562,5.123110486019426,4.908579028959997,4.921678910692864,4.908027,4.908150289071424
2399,S. aureus,RWRWRWFSATFIKHFIHRF,1.368051898,19,4.631948102,2399,2399,train,4,4.732276948703546,4.888253357847339,5.0206766378551215,4.8567136792798555,5.1295457302242315,4.749547918360005,4.897840258415478,4.6741476,4.631948101970795
2400,S. aureus,RWRWRWFSGGFIKHFIHRF,1.08684388,19,4.91315612,2400,2400,train,5,4.812979614959311,5.162850323643206,5.025382143846039,5.11272951273,5.126869641329592,4.888275490629998,4.918360653548683,4.8917856,4.9131561199676
2401,S. aureus,RWRWRWK,1.439332694,7,4.560667306,2401,2401,train,4,4.660812041086125,4.582044348205827,4.831252239796071,4.553357587231441,4.8184710378737945,4.555104353100007,4.627870572076855,4.5682807,4.560667305664081
2402,S. aureus,RWRWRWRW,0.900367129,8,5.099632871,2402,2402,train,6,4.99965230366728,5.31864334276076,4.933343934467125,5.354235666951714,5.0324315380261195,5.120789027349997,5.123083633864937,5.117533,5.099632871243469
2403,S. aureus,RWRWRWRWRW,0.556302501,10,5.443697499,2403,2403,train,8,5.343571313002558,5.4415178172001735,4.992427886622284,5.440416485060545,5.1271486473548595,5.278709753549997,5.235839158265402,5.435833,5.443697498703801
2404,S. aureus,RWRWWWRVY,0.51851394,9,5.48148606,2404,2404,train,8,5.381786464278406,5.281346380938428,5.044114186578495,5.254243114168855,5.1351843892538955,5.4094916287800014,5.4187462378398425,5.4731236,5.481486059975019
2405,S. aureus,RWSVYAYVRVRGVLVRYRRSW,1.722491811,21,4.277508189,2405,2405,train,2,4.3776623413417095,4.423258366779481,5.042997741518249,4.36309777184331,5.158889916821031,4.621060423620001,4.905242149298956,4.369401,4.2775081890113675
2406,S. aureus,RWWIRIRWH,0.113943352,9,5.886056648,2406,2406,train,9,5.785893220550688,5.067254861973759,4.917825951985739,5.033625277144825,4.970702305270033,5.655393554800009,5.20110879531669,5.7986474,5.886056647894596
2407,S. aureus,RWWKIWVIRWWR,0.630960402,12,5.369039598,2407,2407,train,7,5.268993991912376,5.502236539685022,5.0725643745926865,5.536309893826782,5.176939931256995,5.437058196129991,5.314811741983392,5.380311,5.369039598259033
2408,S. aureus,RWWLRRIW,1.096910013,8,4.903089987,2408,2408,train,5,4.8030326903435885,4.739145865875115,4.917990294475825,4.655232718832596,4.9227123987244985,4.953027244289993,5.061029006268121,4.9095345,4.90308998725219
2409,S. aureus,RWWRKIWKW,0.342422681,9,5.657577319,2409,2409,train,9,5.55740434318429,5.227883525204906,4.946281712575662,5.192234266239109,5.027840248779336,5.455462075179995,5.270574086772922,5.578583,5.657577318518579
2410,S. aureus,RWWRRWWRWWRRWWRR,0.698970004,16,5.301029996,2410,2410,train,7,5.20097409245571,5.498075385036936,5.153863688746714,5.544880671502107,5.354912396919772,5.3472414048400045,5.245762610956102,5.2974186,5.301029997387042
2413,S. aureus,RWWRWWRRWW,1.713524406,10,4.286475594,2413,2413,train,2,4.386579172581758,5.429124650301658,5.063445338325003,5.539105026434153,5.206198223195932,4.578973905100006,4.8984096116658025,4.3846755,4.286475594204596
2414,S. aureus,RWWRWWRRWWRR,0.666309623,12,5.333690377,2414,2414,train,7,5.233553762585253,5.4627039165280795,5.034759620295051,5.533312644163061,5.176265385914702,5.252991507029996,5.284182713116903,5.3295393,5.333690375256249
2415,S. aureus,RWWRWWRRWWRWWR,1.72427587,14,4.27572413,2415,2415,train,2,4.375646177552821,5.655974260927748,5.1644249717964685,5.672773466568049,5.367580033220367,4.522839967800008,5.061456919532011,4.307612,4.275724130796707
2416,S. aureus,RWWRWWRRWWW,1.66984781,11,4.33015219,2416,2416,train,3,4.430333080265896,5.439603684794304,5.115286040807085,5.5065805515140696,5.271988292735438,4.5051062191699955,4.7980912555596,4.3697515,4.330152190795377
2418,S. aureus,RWWVAWRNR,1.973127854,9,4.026872146,2418,2418,train,1,4.127014410431599,4.681630032095593,4.748737463177165,4.704310127993755,4.769382128558014,4.383171786720002,4.7519043329498425,4.235243,4.026872146034912
2419,S. aureus,RYRRKKKMKKALQYIKLLKE,2.544068044,20,3.455931956,2419,2419,train,0,3.55596874761157,4.003608095909945,4.872174159910355,3.9679828723171786,4.792877700546377,3.798927986509993,4.411528909182007,3.5601199,3.455931956058147
2421,S. aureus,SADQTGMNKAALSPIRFISKSV,1.935232929,22,4.064767071,2421,2421,train,2,4.164765727042348,4.5236969261975375,4.5154104064668195,4.444856257039665,4.42350286746149,4.1310909913000025,4.239153280087771,4.071759,4.064767070988877
2422,S. aureus,SAVGRHGRRFGLRKHRKH,1.369215857,18,4.630784143,2422,2422,train,4,4.730964154670955,5.1272953100380665,4.607063324881502,5.248419472843914,4.58412101515915,4.736237017760007,4.797465545526894,4.719117,4.630784143100114
2423,S. aureus,SAVGRHLRRFGLRKHRKH,0.972202838,18,5.027797162,2423,2423,train,6,4.927691169598634,5.101265058110687,4.69742410267483,5.06712238567462,4.735445577248731,5.003494277610007,4.859405967379832,5.0486856,5.02779716200007
2424,S. aureus,SAVGRHLRRFLLRKHRKH,0.495544338,18,5.504455662,2424,2424,train,8,5.404021713734835,5.213094881779827,4.770435305182133,5.350457376106377,4.820841671729233,5.384317169160002,4.953152355149395,5.485955,5.504455662137081
2425,S. aureus,SAVLRHLRRFLLRKHRKH,0.193124598,18,5.806875402,2425,2425,train,9,5.706752910155496,4.963561259586781,4.843815083035374,5.027753223536637,4.907562852060678,5.59388817614,5.109049901326538,5.619301,5.806875401594647
2426,S. aureus,SAVWRHWRRFWLRKHRKH,0.795880017,18,5.204119983,2426,2426,train,6,5.104284041066732,5.15787230422765,4.907892385108935,5.100870222199262,5.011183513478713,5.26117190179,5.198085274846234,5.272428,5.204119983220057
2427,S. aureus,SAVWRRWRRFWLRKRRKR,0.795880017,18,5.204119983,2427,2427,train,6,5.10354272704209,5.608470630813882,4.932097543976029,5.410250823907493,5.054948902793547,5.2341164309099995,5.223912306276926,5.2441053,5.20411998378446
2428,S. aureus,SAVWRWRRFWLRKRK,0.495544338,15,5.504455662,2428,2428,train,8,5.404560154768037,5.4182122075984,4.886073094929492,5.197656641558877,4.96935476563205,5.39833703887,5.184107617958145,5.382725,5.504455661352023
2430,S. aureus,SFVFKLASKVVPSVFSALTR,2.069068809,20,3.930931191,2430,2430,train,1,4.0310923608186116,4.4410945797341475,4.82313134432042,4.49140147469596,4.738162628749764,4.086356744980006,4.408944657374268,3.977743,3.930931191071177
2431,S. aureus,SGIQPEQHSS,2.0,10,4.0,2431,2431,train,1,4.100160525683677,3.969239264626368,4.034527417333398,3.9226314659564157,3.809408440321244,3.7174753462999997,3.842272616988633,4.0005774,3.999999999959954
2432,S. aureus,SGKLWWRRKK,1.698970004,10,4.301029996,2432,2432,train,2,4.401351850455824,4.995517461365083,4.654765166820429,5.0771772363712735,4.606323146518663,4.468571985320004,4.7191347549747515,4.329379,4.301029996131347
2433,S. aureus,SGKLYYRRKK,2.0,10,4.0,2433,2433,train,1,4.0998302108738365,3.929365600210676,4.6332410112716165,3.853594897887416,4.522927533854417,4.23938160781,4.427626383639372,4.084971,3.999999999974204
2434,S. aureus,SGKRWWRRKK,1.698970004,10,4.301029996,2434,2434,train,2,4.4009938020850425,4.798792583944578,4.591471348477789,4.89817276812297,4.519819582355273,4.425558612010004,4.558469156752115,4.274661,4.301029995874988
2436,S. aureus,SHHWLWLW,1.234959093,8,4.765040907,2436,2436,train,4,4.732276952898313,4.772652632956563,4.856889166241734,4.756270334968231,4.87230463192622,4.762688656380004,4.760852034204489,4.767298,4.76504090696067
2437,S. aureus,SHKWLWLW,0.93728677,8,5.06271323,2437,2437,train,6,4.962155668056171,5.1543872765582694,4.867584716832186,5.138738325441755,4.901503519438305,4.907256366209993,4.831728126185723,5.0310893,5.062713229968957
2438,S. aureus,SIKILKIYFIQGKRHWSF,1.725613697,18,4.274386303,2438,2438,train,2,4.374552891011921,4.643545738168736,4.922646389943331,4.828384988900952,4.979882900758128,4.568287348130006,4.8608337492888625,4.4045753,4.2743863030180576
2439,S. aureus,SILGKLWKGVKSIF,0.6775231,14,5.3224769,2439,2439,train,7,5.222416061497691,4.885568963547772,4.734419018306554,4.826927460240643,4.788552988064496,5.164634440030004,4.886643993612726,5.2392144,5.322476899862251
2440,S. aureus,SILPTIVSFLSKFL,1.380211242,14,4.619788758,2440,2440,train,4,4.719950910796733,4.671568899260076,4.789872574014331,4.6204278343444845,4.917795906168953,4.595011166270005,4.773136061846618,4.6201553,4.619788757964642
2441,S. aureus,SILPTIVSFLTKFL,1.397940009,14,4.602059991,2441,2441,train,4,4.702162353315725,4.5814472527160275,4.8391988801522245,4.543383845561226,4.951545336695804,4.600827910639995,4.743617062935801,4.580453,4.602059991020919
2442,S. aureus,SILPTIVTFLSKFL,1.397940009,14,4.602059991,2442,2442,train,4,4.702156924031868,5.071893714714572,4.7924767955232355,4.986819375239757,4.919423461309415,4.591410589979994,4.756249257698603,4.626283,4.602059990986358
2444,S. aureus,SKSWLWLW,0.956524899,8,5.043475101,2444,2444,train,6,4.943597807367567,4.871986099235046,4.809272100787984,4.929040077001989,4.855614767622119,4.691841719360003,4.579864827921571,4.969356,5.043475100990539
2448,S. aureus,SKVLRHLRRFLHRAHRKL,0.369215857,18,5.630784143,2448,2448,train,9,5.530945798076112,5.095147821506592,4.853140155537034,5.180474920789901,4.92992084820698,5.3936900083500054,5.077587463496993,5.5951257,5.630784142970946
2449,S. aureus,SKVWRHW,2.0,7,4.0,2449,2449,train,1,4.100160638370159,4.289236696089118,4.677133480943053,4.346442095563638,4.585777918454851,4.160641688309999,4.33971081873523,4.0017896,3.999999999971859
2450,S. aureus,SKVWRHWRRFW,0.795880017,11,5.204119983,2450,2450,train,6,5.104242561874666,5.222500108763269,4.854937616190892,5.250139992742212,4.9261648829246365,5.1061224202899975,5.0952630546500295,5.1103334,5.2041199829667235
2451,S. aureus,SKVWRHWRRFWHR,0.495544338,13,5.504455662,2451,2451,train,8,5.404450027418595,4.92031257863939,4.850128344756645,4.918266579999063,4.919673611395222,5.240562816579999,5.094664467000505,5.399258,5.50445566199458
2452,S. aureus,SKVWRHWRRFWHRAHRKK,0.586587305,18,5.413412695,2452,2452,train,8,5.313239674321091,4.971898961679294,4.874978667931888,5.134169302443556,4.972838189433764,5.212556468049994,5.013972844311359,5.3753996,5.41341269509422
2453,S. aureus,SKVWRHWRRFWHRAHRLH,0.495544338,18,5.504455662,2453,2453,train,8,5.4044826379813635,5.303387304336046,4.912202380051456,5.178754591744288,5.020922198719282,5.379757055300001,5.187132908263105,5.466522,5.504455661848375
2455,S. aureus,SLLSLIRKLIT,1.342422681,11,4.657577319,2455,2455,train,4,4.732276952898313,4.875987469895105,4.7094349569541745,4.809401742298885,4.7187484803499435,4.6333895788799975,4.580489098255701,4.62911,4.657577318925027
2456,S. aureus,SLSRFLRFLKIVYRRAF,1.096910013,17,4.903089987,2456,2456,train,5,4.80292529123625,5.025092528267284,4.919208720723232,4.8888165119161435,5.089471429597678,4.938942691569994,4.989758948645336,4.9042706,4.903089987158048
2457,S. aureus,SLSRFLSFLKIVYPPAF,1.401110426,17,4.598889574,2457,2457,train,4,4.698775753632423,4.900438548729497,4.819404085993193,4.821732749218896,4.945452233475065,4.604596034589999,4.742546105755796,4.6139812,4.598889574063134
2458,S. aureus,SLWETIKNAGKGFIQNILDKIR,0.567026366,22,5.432973634,2458,2458,train,8,5.33280108297851,5.339101389062772,4.560280466053107,5.260401309707004,4.542304258399087,5.232405659710001,4.760095010340981,5.349547,5.432973634036375
2459,S. aureus,SLWETIKNAGKGFIQNLDKIR,0.586277288,21,5.413722712,2459,2459,train,8,5.313698173156419,5.078377107980924,4.490190185267054,5.094806350547329,4.468619582201186,5.247096866859994,4.7468615898454685,5.3927855,5.413722711942636
2460,S. aureus,SMLSVLKNLGKVGLGFVA,2.301029996,18,3.698970004,2460,2460,train,0,3.7987978803071734,4.328836679878715,4.696032508475433,4.319996494939316,4.712512004819484,4.094247145679995,4.509048898351068,3.7613115,3.6989700040202558
2461,S. aureus,SMLSVLKNLGKVGLGFVAAKIAKQA,2.0,25,4.0,2461,2461,train,1,4.100168981991536,4.815165996984493,4.788988349432376,4.885453787240633,4.844864290990381,4.14511056811,4.444475689009697,4.0366507,4.0000000002464935
2462,S. aureus,SPEEARVKILTAIPEMREEDLSEE,2.0,24,4.0,2462,2462,train,1,4.100110885952439,4.054214254322819,4.384095028554519,4.155140515956435,4.327770029852567,4.15436658403,4.242068693455818,4.0457478,3.9999999999885434
2463,S. aureus,SPGRPRPFPGRPKPIFRPR,2.0,19,4.0,2463,2463,train,1,4.09968447568208,4.18872240009943,4.525080236396428,4.12107736867216,4.4580651659318145,4.03220771232,4.1081139889655525,3.9912794,3.999999999906005
2464,S. aureus,SPRRRTPSPRRRRSQSPRRR,2.0,20,4.0,2464,2464,train,1,4.100187467737616,4.185488743690242,4.554648999678074,4.266224358278005,4.646259802759467,4.24368224285,4.480856562454237,4.0625,3.999999999960383
2465,S. aureus,SRSEKAGLQFPVGRIGRMLKK,0.823908741,21,5.176091259,2465,2465,train,6,5.0756216890335235,4.692019534302122,4.622360915488393,4.738265644389848,4.61757973425714,5.007038050449992,4.4839552323159015,5.0702877,5.176091258963138
2466,S. aureus,SRWPSPGRPRPFPG,2.0,14,4.0,2466,2466,train,1,4.100162673355932,3.750934423784292,4.452651580851763,3.861193246956769,4.315523833426717,4.10924915826,4.133126539928716,3.9669054,4.000000000019238
2467,S. aureus,SRWPSPGRPRPFPGRPKPIF,2.0,20,4.0,2467,2467,train,1,4.100183229120144,4.229406371586583,4.600332168937653,4.293582222302959,4.629711178104807,4.07421273235,4.220622242865398,3.9907572,3.9999999998847406
2468,S. aureus,SRWPSPGRPRPFPGRPKPIFRPR,2.0,23,4.0,2468,2468,train,1,4.099971865537655,4.1166993873310975,4.650651192384305,4.346225095615421,4.718308365622596,4.149825780349999,4.413217952899536,4.024105,4.000000000349672
2469,S. aureus,SSMKLSFRARAYGFRGPGPQL,1.633263735,21,4.366736265,2469,2469,train,3,4.466564343743137,3.9001816415763226,4.6585978723745,3.8449901971054796,4.61296674297641,4.437167545039995,4.214852334668702,4.359859,4.366736264980311
2470,S. aureus,STIGKLVKWIIKTVNKFTKK,0.681241237,20,5.318758763,2470,2470,train,7,5.218581277513748,4.989746933135875,4.86025308797962,5.052203640664697,4.900360305069082,5.223852854740003,4.981976529056403,5.3313456,5.318758762979919
2471,S. aureus,STVLTSKYR,0.301029996,9,5.698970004,2471,2471,train,9,5.598807857804626,5.273107487539461,4.577387174395059,5.265329775691091,4.4209817758888565,5.208750653949995,4.947584066650837,5.636478,5.698970003930419
2472,S. aureus,SVAGRAQGM,1.960589401,9,4.039410599,2472,2472,train,1,4.139579803979485,3.2426392071637165,4.294617371895998,3.2392775307271187,4.051570759551283,3.989619788420003,3.9671943171192434,4.0568414,4.039410598958015
2473,S. aureus,SVKKFWGGVKAIFKGARKGLK,1.204119983,21,4.795880017,2473,2473,train,4,4.733674970622196,4.85625991289183,4.770635273169168,4.8905175787746655,4.849474580545019,4.803747114300002,4.876983881674455,4.83467,4.795880017033027
2474,S. aureus,SVPSVGAVLFFKRAAVMKLI,2.079118658,20,3.920881342,2474,2474,train,1,4.020841145010193,4.685959788119796,4.880405292419854,4.790450646509979,4.89276636004317,4.308514938369996,4.49591012849389,3.9936652,3.9208813420635273
2475,S. aureus,SWFKHKSK,1.059147548,8,4.940852452,2475,2475,train,5,4.8409499143620165,4.476017390029036,4.508125213623554,4.311389081160809,4.465413863925852,4.7232513385700035,4.575149399810115,4.8996897,4.940852451943057
2476,S. aureus,SWFKTKSK,1.199293917,8,4.800706083,2476,2476,train,5,4.732276952898313,4.855101401422219,4.493368073040695,4.840181325504772,4.442755771539043,4.690629012600005,4.455291572135624,4.800725,4.800706082978258
2477,S. aureus,SWKSMAKKLKEYMEKLKQRA,1.74723839,20,4.25276161,2477,2477,train,2,4.352865143484175,4.540853303101636,4.653524503899397,4.659008626144406,4.590166003558933,4.430894904089997,4.374268084340189,4.3114123,4.252761609968385
2478,S. aureus,TESYFVFSVGM,2.127871881,11,3.872128119,2478,2478,train,1,3.9722248186971028,4.122683276465554,4.494535059007962,4.038238233803554,4.421954811381262,4.139768213160005,4.21259821658227,3.909133,3.8721281189482446
2479,S. aureus,THIHMNARLLIRSPFTDPQL,2.035192598,20,3.964807402,2479,2479,train,1,4.064244230753454,3.662180194495619,4.562741273554626,3.5640891004909876,4.312401023756922,4.288325041890004,4.5214082209343776,4.0459037,3.9648074019982293
2480,S. aureus,THSWLWLW,1.947582841,8,4.052417159,2480,2480,train,2,4.152583446734049,4.458034906999513,4.847661245118683,4.520440599416211,4.864094753966518,4.284756448820002,4.441823050466206,4.0831122,4.052417158962206
2482,S. aureus,TIAMRAINNYRWRSKNQNTFLR,0.176091259,22,5.823908741,2482,2482,train,9,5.723886692263406,5.312245326688981,4.83555393022866,5.130362253922627,4.839413810415339,5.472734225710006,5.0852180603196935,5.716118,5.823908740975316
2483,S. aureus,TKKTKLTEEEKNRL,0.361727836,14,5.638272164,2483,2483,train,9,5.5383070239301295,5.282568346605153,4.364582454853059,5.2281737684199925,4.037646774085127,5.07323188994,4.973961321233471,5.5570054,5.6382721639391855
2484,S. aureus,TKPTLLGLPLGAGPAAGPGKR,0.903089987,21,5.096910013,2484,2484,train,6,4.996978853649294,4.427700232646098,4.455264349338339,4.543593191566624,4.423292908888711,4.947480197630005,4.406746479136702,5.0597377,5.096910012899202
2485,S. aureus,TLKQFAKGVGKWLVK,1.768765206,15,4.231234794,2485,2485,train,2,4.33106980017401,4.254578698770156,4.731612100171695,4.529442512142121,4.746371625496397,4.534220433769995,4.829194988930412,4.3117375,4.231234794026159
2486,S. aureus,TLLKKVLKAAA,0.477121255,11,5.522878745,2486,2486,train,8,5.422709647833508,4.790011405023812,4.631477347689726,4.751033377885166,4.548794080989293,5.185660100630005,4.575773130155678,5.4149833,5.522878744733114
2487,S. aureus,TLLKKVLKAAAKAALNAVLVGANA,1.027081194,24,4.972918806,2487,2487,train,5,4.872791371813875,4.718097572405026,4.7327776729454705,4.738002818091174,4.699610658002035,4.7482335725299984,4.669746875065436,4.959797,4.972918805789162
2488,S. aureus,TMSLRFWRWKVR,1.730631944,12,4.269368056,2488,2488,train,2,4.3696451237117,4.861645932335677,4.823148806853267,4.844883435701927,4.860426397180621,4.547483601260003,4.828034260102999,4.2993717,4.269368056007962
2489,S. aureus,TPFKISIHL,1.152727708,9,4.847272292,2489,2489,train,5,4.747374514782317,4.929021613226108,4.686953007178674,4.979615517799085,4.591230897322658,4.734635776540007,4.545056429335573,4.8273506,4.84727229197636
2490,S. aureus,TPFKLSLHL,1.303242706,9,4.696757294,2490,2490,train,4,4.732276952898313,5.0372495502630015,4.613147247267807,5.059934712955789,4.544420301454303,4.705177577730005,4.6014557581915785,4.7052426,4.6967572939984175
2491,S. aureus,TRKRLKKIGKVLKWI,1.505149978,15,4.494850022,2491,2491,train,3,4.594685480050454,4.366491524257519,4.818764959559834,4.434695296607247,4.858048719258336,4.5866430910699965,4.880738651773059,4.5485044,4.494850022442279
2492,S. aureus,TRSRWRRFIRGAGRFARRYGWRIA,1.622552704,24,4.377447296,2492,2492,train,3,4.477276123243751,4.59574503962796,4.887216489713788,4.732351579892476,5.073433615085973,4.6072615997900055,4.74562313728473,4.4298005,4.377447296149998
2493,S. aureus,TRSSRAGLQFPVGRVHR,2.123995578,17,3.876004422,2493,2493,train,1,3.976053564172812,4.276215546291965,4.591035465454295,4.176713011594876,4.554249025930223,4.136793046959997,4.214407282361628,3.9614034,3.8760044220156997
2494,S. aureus,TRSSRAGLQFPVGRVHRLLRK,1.282219325,21,4.717780675,2494,2494,train,4,4.731533523428191,4.6827825267962355,4.745816938677385,4.672742997744459,4.780285124073756,4.7923281448699955,4.934967454322239,4.750766,4.717780675014392
2495,S. aureus,TSFLNELNKYNEKKFI,0.620608674,16,5.379391326,2495,2495,train,7,5.2792374269163655,4.797507743251473,4.441101979220999,4.652094215107911,4.248064698636981,5.0143968963800045,4.603367292892553,5.3401723,5.379391325963641
2496,S. aureus,TWLKKRRWKKVKPP,1.538705308,14,4.461294692,2496,2496,train,3,4.561493880329686,4.839721611367003,4.730640711636354,4.893942806661169,4.72828835660673,4.518496040160005,4.4583188791983694,4.4431844,4.461294692093604
2497,S. aureus,TWLPAVIKIQAHWRGYRQRKIYL,0.204119983,23,5.795880017,2497,2497,train,9,5.695976716697114,5.454723511445614,4.984181640181454,5.291643759559406,5.086412649566118,5.546925222959998,5.466917471252545,5.7441483,5.795880016931677
2498,S. aureus,VALNENLLR,3.096910013,9,2.903089987,2498,2498,train,0,3.0033746074479706,3.0195739712440073,4.21883065261824,2.977879528069437,3.7804012939160576,2.888551027509995,2.8873098749073334,2.895159,2.9030899871303166
2499,S. aureus,VANENLLR,3.397940009,8,2.602059991,2499,2499,train,0,2.7021816976373407,2.6085927090999363,4.088514685761014,2.6002708916516735,3.566122240636508,2.69393091313,2.827078989724373,2.6411166,2.6020599910066147
2500,S. aureus,VDKGRYLEAPTPPRPIYNRN,1.301029996,20,4.698970004,2500,2500,train,4,4.732276952898313,4.692886454177137,4.438419065311242,4.7196644441624125,4.3688332619682555,4.592284023469995,4.586367774182793,4.7219124,4.698970004022825
2501,S. aureus,VDKGSYLPRPTPTPRYRPIYNRN,1.301029996,23,4.698970004,2501,2501,train,4,4.732276952898313,5.003956689727521,4.673468259091445,4.99194732346661,4.678067742317158,4.764803165359994,4.797491526775252,4.7339215,4.698970003983287
2502,S. aureus,VDKGSYLPRPTPYSPRPPIYNRN,1.301029996,23,4.698970004,2502,2502,train,4,4.732276952898313,4.685609045246337,4.6554651127744355,4.742677665387619,4.646190811836783,4.726776413979994,4.582618534531637,4.7127013,4.698970004020153
2503,S. aureus,VDKPDYRPRPRPPNM,2.176091259,15,3.823908741,2503,2503,train,0,3.9237975527550355,3.8239087409935495,4.2230039685496195,3.824047534708763,4.042207863311852,4.068777909480004,4.181060259331336,3.8646016,3.8239087409340824
2504,S. aureus,VDKPPYLPRPRPPRRIYNR,0.621458588,19,5.378541412,2504,2504,train,7,5.278437210226047,4.677327973308071,4.582734477380643,4.757243708547584,4.579233554400276,5.081380007770001,4.619054126346575,5.2308106,5.3785414119167765
2505,S. aureus,VDNANDLLSKVKKDKSD,0.916876777,17,5.083123223,2505,2505,train,6,4.983226475290646,4.612738043039082,4.1299769520890175,4.460742336460923,4.105682916580705,4.790289727359994,4.508933032627687,4.9998264,5.08312322294545
2506,S. aureus,VFLGNIVSMGKKI,2.15312283,13,3.84687717,2506,2506,train,1,3.9470126037457547,4.03535129145063,4.704782008759354,4.043690274001798,4.805489079540496,4.376369855850007,4.542077493692539,3.946512,3.846877169982212
2509,S. aureus,VFRLKKWMQKVIDRFGG,1.505149978,17,4.494850022,2509,2509,train,3,4.594884647286307,4.23787675370884,4.776442104608829,4.298730566737103,4.732850009172711,4.597976265879995,4.70929765987799,4.5039234,4.4948500219043845
2510,S. aureus,VGALAVVVWKWKWKW,0.397940009,15,5.602059991,2510,2510,train,8,5.501897120471047,5.279951405189458,4.945584026422015,5.199275595058189,5.016682832579907,5.509749815969998,5.273951873658557,5.5072575,5.602059989802071
2511,S. aureus,VGALAVVVWKWKWLW,0.698970004,15,5.301029996,2511,2511,train,7,5.2010416153681485,5.299022834322302,4.984721697729867,5.273174904485811,5.060228713835258,5.320718211130006,5.231984440903193,5.4011064,5.3010299969566885
2512,S. aureus,VGALAVVVWKWLWKW,0.698970004,15,5.301029996,2512,2512,train,7,5.201001373267615,5.194194452499603,4.9858443633212435,5.159759514389126,5.0631623129285925,5.345566721440005,5.218157926263503,5.337092,5.301029996920723
2513,S. aureus,VGALAVVVWKWLWLW,0.397940009,15,5.602059991,2513,2513,train,8,5.50216480623015,5.14523593981693,5.024618081260864,5.109745639748443,5.106703329136829,5.528479963609994,5.178048845818104,5.5070486,5.602059990931525
2514,S. aureus,VGALAVVVWLWLWKW,0.397940009,15,5.602059991,2514,2514,train,8,5.502149621747536,5.214591721648448,5.022065571219233,5.127079542545218,5.100033452370877,5.527260618919993,5.18708111994747,5.5735655,5.6020599903876045
2515,S. aureus,VGALAVVVWLWLWLW,0.397940009,15,5.602059991,2515,2515,train,8,5.502215056482011,4.902883873793929,5.061386087085941,4.844309157595342,5.1294712411722605,5.465394673529994,5.113404919272196,5.5494323,5.602059990750086
2516,S. aureus,VGALAVVVWRWRWRW,0.397940009,15,5.602059991,2516,2516,train,8,5.502179363634656,5.3337241575581755,4.974925690762526,5.264961014897535,5.0677416585253505,5.508035752289995,5.303920819389002,5.597843,5.602059990860746
2517,S. aureus,VGKTWIKVIRGIGKSKIKWQ,0.447158031,20,5.552841969,2517,2517,train,8,5.452647850836916,5.223926385293128,4.810421963150231,5.220182169787089,4.8842458290704664,5.3227387947499984,4.947166307251574,5.535161,5.55284196890507
2518,S. aureus,VGRIHRHLK,1.079181246,9,4.920818754,2518,2518,train,5,4.820646162867866,4.6393575758351915,4.62574384725402,4.787965398960498,4.542362015321712,4.5738031846999965,4.316393889476515,4.857872,4.920818753975906
2519,S. aureus,VGVGGGFGR,2.191171701,9,3.808828299,2519,2519,train,0,3.9089215034877,4.362146064274257,4.486642069138815,4.290296588858712,4.326102672764147,3.8158338904800035,4.0749113374518116,3.813931,3.8088282989589057
2520,S. aureus,VIDKAKMESLGITSRDTT,1.200741275,18,4.799258725,2520,2520,train,5,4.732276952898313,4.431777530078207,4.279021399684824,4.541854829156273,4.192709926890393,4.7244150031800025,4.6133003071140415,4.8041844,4.799258724951387
2522,S. aureus,VINENLLR,3.096910013,8,2.903089987,2522,2522,train,0,3.003212097688638,3.52255582775686,4.235385145913936,3.6121627383201007,3.8095776105232564,2.9270305426999954,2.9404751664133024,2.876149,2.903089987011003
2523,S. aureus,VIPIVSGLLSSLL,0.579621152,13,5.420378848,2523,2523,train,8,5.320538636852489,4.994434262343583,4.739593084094232,5.072051713565316,4.808170673769016,5.117512344129997,4.986988487038102,5.383094,5.420378847905909
2524,S. aureus,VIRRRRILAAVV,2.2451077,12,3.7548923,2524,2524,train,0,3.8550587535595957,4.693549509156433,4.820810961942432,4.787535001893773,4.838869097911917,4.153883616659999,4.667448366669304,3.816538,3.754892300039726
2525,S. aureus,VKGSWSKKFEVIA,2.0,13,4.0,2525,2525,train,1,4.100101791809463,3.760411936224762,4.450537052318238,3.910427243535632,4.37234300636507,4.086262891770001,4.213360827008592,4.023862,3.9999999999667626
2526,S. aureus,VKKFPWWWPFLKK,0.747098253,13,5.252901747,2526,2526,train,7,5.152968565170351,5.229843340388264,4.949604535313458,5.1842352247353,5.079802039496642,5.3565530253600055,5.317251814809549,5.413624,5.252901747444903
2527,S. aureus,VKKLVYPLKVKLYP,0.948680972,14,5.051319028,2527,2527,train,6,4.951682462765108,4.778333572488498,4.8808999167453475,4.750548273200417,4.858270335981189,5.085579679710007,4.977283678051518,5.036512,5.051319027981833
2528,S. aureus,VKKVYPLKVKLYP,0.404782329,13,5.595217671,2528,2528,train,8,5.495381915771383,4.846626410123461,4.828345315269605,4.882759143314915,4.794897012044198,5.36918207249,4.905501357468184,5.4733486,5.595217670852527
2540,S. aureus,VKLVKYPKLKVKLYP,1.245957757,15,4.754042243,2540,2540,train,4,4.732276952870683,5.203809691908921,4.8749885490747715,5.011754306332019,4.8619641455892655,4.855499861690003,4.894486108356268,4.7872334,4.754042243054884
2542,S. aureus,VKLYPKVKLYP,1.074531201,11,4.925468799,2542,2542,train,5,4.825561563957103,5.03533868361065,4.807916114728556,4.962064045354913,4.774328121124923,4.942249389629995,4.872464030285657,4.897935,4.925468798947563
2545,S. aureus,VKRFKKFFRKFKKSV,1.704772772,15,4.295227228,2545,2545,train,2,4.395118818509451,4.8725821183045275,4.852610441310776,4.8674988424451895,4.94033917492444,4.4761828094399965,4.702459551084592,4.32253,4.2952272277696775
2546,S. aureus,VKRFKKFFRKLKKS,1.554653469,14,4.445346531,2546,2546,train,3,4.545346436286747,4.276951668854016,4.796864799158462,4.404678241750026,4.865737366130746,4.466971561429997,4.776587090694911,4.4763775,4.4453465312438905
2547,S. aureus,VKRFKKFFRKLKKSVK,1.497444502,16,4.502555498,2547,2547,train,3,4.602421928619065,4.512348618976363,4.848230332277844,4.671824447450113,4.940906601229913,4.527133205529996,4.732691717081205,4.462829,4.502555497312327
2548,S. aureus,VKRFKKFFRKLKKSVKK,1.471323859,17,4.528676141,2548,2548,train,3,4.628317517890713,4.516725835090243,4.853003021232412,4.554770157616414,4.946860976976579,4.613093172680003,4.762079386638044,4.52847,4.528676141724709
2549,S. aureus,VKRFKKFFRKLKKSVKKL,1.4561311,18,4.5438689,2549,2549,train,3,4.644000172445094,4.8825538800647825,4.898014102178583,4.9198360217911,5.00659529898782,4.577794833250005,4.86661249447024,4.624442,4.543868899940412
2550,S. aureus,VKRWKKFWRKWKKWW,0.313852767,15,5.686147233,2550,2550,train,9,5.586310808800081,5.255808463364467,5.016099069894645,5.341871828004777,5.1684443293746245,5.574446201659997,5.319482181970923,5.7052226,5.686147233011232
2551,S. aureus,VKRWKKWRWKWKKWV,-0.279871987,15,6.279871987,2551,2551,train,9,6.180107004235945,4.938393271852689,4.975629226363661,5.013903377989653,5.07557601700968,5.875961980849994,5.250326747028989,6.0894732,6.279871985832049
2552,S. aureus,VKRWKKWWRKLKKSV,1.68686134,15,4.31313866,2552,2552,train,3,4.413031496733525,4.7321663146283,4.878340210544924,4.720310230015532,4.980111207334698,4.538300375079996,4.685757805294397,4.401774,4.313138660275141
2553,S. aureus,VKWRWKKWRWKWKWKV,1.617093313,16,4.382906687,2553,2553,train,3,4.482991363523463,5.214553967507607,5.039037479382901,5.317664068356301,5.156904898704731,4.61917826198,5.120956923490953,4.468666,4.382906688356134
2554,S. aureus,VKWRWKWKWRWKWKWKV,1.584834302,17,4.415165698,2554,2554,train,3,4.514997570426316,5.498601938667931,5.123671978469105,5.5293234369566955,5.312486831374161,4.658615693130003,4.969761015663526,4.4352593,4.415165697721346
2555,S. aureus,VLHTGYRKFLHRSKRFFHLR,1.62181401,20,4.37818599,2555,2555,train,3,4.478009863327193,4.150989859654661,4.923364306587812,4.189114483030879,5.022325432615559,4.6988506211300045,4.947269130778093,4.487465,4.378185989986452
2556,S. aureus,VLIKTRLFIKRK,0.84509804,12,5.15490196,2556,2556,train,6,5.054729369040664,4.751940982526967,4.834493940029416,4.75715884595639,4.856432191459849,5.126359114810004,5.151846459826872,5.136228,5.154901959786475
2557,S. aureus,VLNANLLR,3.096910013,8,2.903089987,2557,2557,train,0,3.003036866177923,4.031443852237346,4.513233707961301,4.083347487275433,4.3243432720836195,3.2250954817299955,3.555293675568113,2.9474459,2.903089987029406
2558,S. aureus,VLNDNLLR,3.397940009,8,2.602059991,2558,2558,train,0,2.702162943572175,3.1791640273034507,4.270913515763883,3.2582247338415877,4.043840968574746,2.7188727794400007,2.9433497479452964,2.7095423,2.602059990984642
2559,S. aureus,VLNEALLR,3.096910013,8,2.903089987,2559,2559,train,0,3.0032165679978156,3.694511924232912,4.261844268186792,3.8013635014389733,4.068991633239291,2.920976719979995,3.0020310124102085,2.8928757,2.903089987007557
2560,S. aureus,VLNENAAR,3.096910013,8,2.903089987,2560,2560,train,0,3.003236261649607,3.11191438801636,3.981561657576238,3.1719084071098482,3.432579228716451,2.912927230179995,2.999549525604082,2.9138186,2.9030899870193503
2561,S. aureus,VLNENALR,2.971971276,8,3.028028724,2561,2561,train,0,3.1278562011876234,3.067615658077399,4.086507052504775,3.2408110231285434,3.499016692058105,2.9769293144199986,2.8434692773943984,2.9203238,3.0280287239690007
2562,S. aureus,VLNENARL,3.038918066,8,2.961081934,2562,2562,train,0,3.060940032844921,2.428273265546592,4.110485287953161,2.4115363854003844,3.5434944055305113,2.965877903569997,2.9416020470828252,2.9862916,2.9610819339522383
2563,S. aureus,VLNENLAA,2.870403905,8,3.129596095,2563,2563,train,0,3.2295735092877282,3.1089994251654036,4.049892973346447,3.1716658516170204,3.4196626755584196,3.069694038010001,2.9234221794742488,3.0857012,3.1295960949535675
2564,S. aureus,VLNENLAR,3.038918066,8,2.961081934,2564,2564,train,0,3.0610773387106835,2.6766756447137383,4.088602451149265,2.600277242104641,3.5181667085074775,2.954074363749996,2.8125931453996285,2.9176502,2.961081933968281
2565,S. aureus,VLNENLL,3.096910013,7,2.903089987,2565,2565,train,0,3.0032475514928736,2.8181728294574793,4.114052382809586,2.8770069250335664,3.521446086134797,2.9133904433799938,2.9352846643668182,2.8975267,2.9030899869626183
2566,S. aureus,VLNENLLA,3.096910013,8,2.903089987,2566,2566,train,0,3.0031820591902463,3.2252039244454265,4.154545816980813,3.113598461584802,3.6220817016600133,2.9459088569899943,2.828271808144638,2.9225042,2.9030899870849685
2567,S. aureus,VLNENLLH,3.096910013,8,2.903089987,2567,2567,train,0,3.003225056702669,3.244961425625899,4.175556506745783,3.1980944844882497,3.6843869335373003,2.9260396171499945,2.9688425980889304,2.9327807,2.903089987012842
2568,S. aureus,VLNENLLK,3.096910013,8,2.903089987,2568,2568,train,0,3.003191443323024,2.5875445720193366,4.177497459858206,2.4865912176312106,3.6907094815398,2.900867033829994,2.9323390725785754,2.8688264,2.903089987032388
2569,S. aureus,VLNENLLR,3.149932625,8,2.850067375,2569,2569,train,0,2.9503375127788614,2.5789259897106596,4.193624640792521,2.5996078272000815,3.7215508600436866,2.866163916259999,2.898475316674464,2.82887,2.8500673748758794
2570,S. aureus,VLNENLRR,3.096910013,8,2.903089987,2570,2570,train,0,3.003283419387609,2.7594760049743323,4.147907540061632,2.663198097259528,3.6343754482859865,2.8931096598399955,3.0052885617787295,2.8984134,2.9030899870540168
2571,S. aureus,VLNNLLR,3.006679928,7,2.993320072,2571,2571,train,0,3.093442182688638,3.4181067136075085,4.667018514497687,3.464105187977455,4.493197847784695,3.27868973218,3.817556578938378,2.9961574,2.9933200719739856
2572,S. aureus,VLPKVMAHMK,2.0,10,4.0,2572,2572,train,1,4.100162797633592,3.8748539434459235,4.677750858421289,3.9488409105381503,4.607233013038503,4.11485216353,4.188623589160124,3.9911494,4.000000000035358
2573,S. aureus,VLPLISMALGKLL,1.77815125,13,4.22184875,2573,2573,train,2,4.321687285588519,4.329253361076068,4.709927869004586,4.349812402324004,4.693436123540557,4.370439345939997,4.658824473151794,4.285148,4.221848750061414
2574,S. aureus,VLPLVGNLLNDLLGK,1.801918983,15,4.198081017,2574,2574,train,2,4.298227375966441,3.7231061748769934,4.473362491430508,3.887524049959892,4.354483509097608,4.391711299699995,4.313739996438532,4.173768,4.198081017003051
2577,S. aureus,VNWKKILG,2.0,8,4.0,2577,2577,train,1,4.099993611461067,4.1735417650997215,4.6800571252993395,4.128550972562515,4.5900771558175615,4.0380540739800015,3.88644231014151,3.9976897,3.999999999941855
2578,S. aureus,VNWKKILGKI,2.0,10,4.0,2578,2578,train,1,4.1001880580700165,4.3159616451705345,4.700712833070368,4.300251873401271,4.664392684806228,4.1530602535500005,4.350569369223546,4.017641,4.000000000020877
2589,S. aureus,VQLRIRVRVIRK,0.892811124,12,5.107188876,2589,2589,train,6,5.00705384494744,5.254547127934659,4.848905595346736,5.107492261501664,4.878383022526915,5.138630468930004,4.949623522539063,5.152147,5.107188876002361
2590,S. aureus,VQRWLIVWRIRK,0.480689663,12,5.519310337,2590,2590,train,8,5.41928614433078,5.503117800544507,4.9486136757276,5.431574462520144,5.15085371543816,5.443975257539997,5.385768239079148,5.479766,5.519310337007774
2592,S. aureus,VQWRIRIAVIRK,1.017192874,12,4.982807126,2592,2592,train,5,4.8831751529669445,5.225876920261918,4.846859413125011,5.18462270543872,4.873464224555764,5.052970545910008,5.104097341534027,5.002858,4.982807125961799
2593,S. aureus,VQWRIRVAVIRK,1.021172092,12,4.978827908,2593,2593,train,5,4.878668133703892,5.129492286365421,4.840830805134239,5.078661716255522,4.863303045237057,5.02482615338001,5.04974712912136,4.9970083,4.9788279080429465
2595,S. aureus,VRLIVAVRIWRR,0.512321088,12,5.487678912,2595,2595,train,8,5.387111763911135,5.587102180217484,4.914995459808379,5.517009017571784,5.114485486086556,5.440642584609995,5.37875086732634,5.4858637,5.487678911930005
2596,S. aureus,VRLRIRVAVIRA,1.2451077,12,4.7548923,2596,2596,train,4,4.734409365658411,4.510315904010291,4.805141183248466,4.580794646197816,4.8129273174122975,4.831103697429996,4.840014811966244,4.779053,4.754892300282252
2598,S. aureus,VRLRIRVAVRRA,0.913400602,12,5.086599398,2598,2598,train,6,4.986759284150387,4.427259206479445,4.767524343758742,4.583637708147031,4.778741200326187,4.982289227249992,4.812699806578021,5.024854,5.086599397819737
2599,S. aureus,VRLRIRVRVIRK,0.383488763,12,5.616511237,2599,2599,train,8,5.516690403335555,4.941370822501068,4.864895100616129,5.010211988447355,4.918941166531385,5.483608575010001,4.9577013932761975,5.5455976,5.616511236602731
2600,S. aureus,VRLWIRVAVIRA,1.537062046,12,4.462937954,2600,2600,train,3,4.5628943739571515,4.722069954726291,4.869630104685227,4.811318523821983,4.892133936086859,4.676437532859995,5.067435488725042,4.5331974,4.462937954214453
2601,S. aureus,VRRFAWWWAFLRR,0.431756069,13,5.568243931,2601,2601,train,8,5.468506446731139,5.342058980440359,4.964523682875868,5.315043843290558,5.069728980117209,5.461211092049996,5.302585356267295,5.5238943,5.568243930964746
2602,S. aureus,VRRFAWWWPFLRR,0.328776901,13,5.671223099,2602,2602,train,9,5.571051166271633,5.321655625110817,4.973692464298108,5.279490905224151,5.084041947067511,5.580451640549996,5.426272601010042,5.6322985,5.671223098968623
2603,S. aureus,VRRFGWWWGFLRR,0.943541435,13,5.056458565,2603,2603,train,6,4.956240475834287,5.117614288970454,4.955459177097975,5.160231606912614,5.0567803607327315,5.147205653340006,5.249498459704062,5.1538253,5.056458565025093
2604,S. aureus,VRRFPAAAPFLRR,1.61393086,13,4.38606914,2604,2604,train,3,4.485958344936428,4.557713077286231,4.652352197087724,4.495823806847855,4.651856949382956,4.410269896490004,4.538193910153596,4.4015455,4.386069139990473
2605,S. aureus,VRRFPFFFPFLRR,0.526477485,13,5.473522515,2605,2605,train,8,5.373684852943389,5.133804202501957,4.943705744045008,5.252126673453874,5.016783436813916,5.411966051660005,5.182468345721385,5.437185,5.473522515098428
2606,S. aureus,VRRFPWWWAFLRR,0.425686914,13,5.574313086,2606,2606,train,8,5.474160187504813,5.034029805860338,4.9736010420186805,5.019280131232785,5.116030138350185,5.4784476595900005,5.3088815986244,5.518087,5.574313085913098
2607,S. aureus,VRRFPWWWPFLRR,0.118671411,13,5.881328589,2607,2607,train,9,5.781197948035548,5.600088897985363,4.9828905008497655,5.586730794189926,5.1306871850796805,5.711242341990005,5.457971668553046,5.770431,5.881328588730039
2608,S. aureus,VRRFPYYYPFLRR,1.037833343,13,4.962166657,2608,2608,train,5,4.862277542952441,5.026281085886232,4.948001653450548,4.999368587705663,4.959140302895401,4.995509334030005,4.962176802260427,4.985334,4.9621666569344445
2609,S. aureus,VRRVRKWVRRVLKLV,0.944482672,15,5.055517328,2609,2609,train,6,4.955359841054233,4.873815162274535,4.964464166632183,4.988222657012686,5.045143462894172,5.142035145440003,5.153078132877904,5.0900536,5.055517328136688
2610,S. aureus,VRRYPWWWPYLRR,0.41245668,13,5.58754332,2610,2610,train,8,5.487706251941053,5.446786267835478,4.992662307887041,5.507752933537201,5.11038882871434,5.435940317560003,5.4169238080077085,5.566224,5.587543319966481
2612,S. aureus,VRVKVRVKVRVK,1.62978299,12,4.37021701,2612,2612,train,3,4.470379262053845,4.799292856612881,4.848423430218432,4.7993804862007385,4.911329271821036,4.666195379209995,4.7742563854431666,4.3950295,4.370217010074677
2613,S. aureus,VRWRIRVAVIRA,0.90458886,12,5.09541114,2613,2613,train,6,4.995285588987501,5.043693146152662,4.833209068610421,4.961829452571891,4.861051773753524,4.988172377320002,5.066684933211469,5.088636,5.0954111396933754
2614,S. aureus,VTRRRHGV,2.008716805,8,3.991283195,2614,2614,train,1,4.091113766042174,3.4283000528180962,4.505066984546876,3.33794643177061,4.327544667644364,3.951232618669996,3.7468841435355777,3.9723704,3.991283194948154
2615,S. aureus,VVKFSYRKGSPAPQKN,2.04429472,16,3.95570528,2615,2615,train,1,4.055619349454368,4.590411188801125,4.492337922402808,4.648645685606722,4.329392729701183,4.24909333874,4.487347505272373,3.995369,3.955705280025659
2616,S. aureus,VWLSALKFIGKHLAKHQLSKL,0.491361694,21,5.508638306,2616,2616,train,8,5.408734773414608,5.48263656754925,4.8318605002817545,5.601165265727666,4.90740562028025,5.260662642430005,5.138134980189466,5.3776617,5.508638305961677
2618,S. aureus,VWRHWRRFW,1.397940009,9,4.602059991,2618,2618,train,4,4.7021235023441825,5.042737239789234,4.9427396914102815,5.091495786844355,5.041333902951566,4.871092920049993,5.108795713895187,4.7337418,4.6020599910102735
2619,S. aureus,VWRHWRRFWH,1.096910013,10,4.903089987,2619,2619,train,5,4.803116587926937,5.000843334483719,4.915723073321916,5.009113551296026,5.004084217822864,4.984510620879995,5.1480486668030485,4.924876,4.903089986993088
2621,S. aureus,VWRKWRRFW,0.795880017,9,5.204119983,2621,2621,train,6,5.104056590961027,4.9905754679803,4.947744123744249,5.032624016156555,5.055714720957065,5.174091701529997,5.12710793743163,5.1149006,5.204119982136313
2622,S. aureus,VWRKWRRFWKR,0.795880017,11,5.204119983,2622,2622,train,6,5.104004074256298,4.925760259924644,4.91085098948739,5.1608702526455925,5.007527102588434,5.22960807514,5.3517581593707515,5.26225,5.2041199837695435
2623,S. aureus,VWRRWRRFW,1.096910013,9,4.903089987,2623,2623,train,5,4.8026584707320445,5.071496953308026,4.957932172364931,5.12225295499845,5.071694465780213,4.961278959329993,5.095098398629277,4.9646854,4.903089988040559
2624,S. aureus,VWRRWRRFWRR,0.495544338,11,5.504455662,2624,2624,train,8,5.404331292934313,5.160187894991805,4.930070184549984,5.189602601626431,5.038376868916789,5.387666736250002,5.383686571532756,5.471067,5.504455661212616
2625,S. aureus,WALRLYLVY,2.0,9,4.0,2625,2625,train,1,4.100161655076359,4.094562476060778,4.977499261640142,4.229792148703352,4.963406678713053,4.21792020051,4.525780924813077,4.0232115,4.0000000000150155
2627,S. aureus,WFKKIPKFLHLAKKF,0.494850022,15,5.505149978,2627,2627,train,8,5.4052974071204485,5.222790137082301,4.878623973698954,5.2179422277333,4.954127281415107,5.378181463100004,5.233005623716261,5.4915204,5.505149977611081
2628,S. aureus,WFKKIPKFLHLLKKF,0.494850022,15,5.505149978,2628,2628,train,8,5.405108957156416,5.346775652210052,4.940596248130346,5.529345824296354,5.031271234203128,5.467213710180005,5.30631567031952,5.505585,5.505149980482002
2629,S. aureus,WFKKLLKKALRLWKKVL,0.657809275,17,5.342190725,2629,2629,train,7,5.242361473726495,5.19895232989791,4.991781153728878,5.203227045990788,5.093218828966445,5.3685614918500075,5.286481657507173,5.380019,5.342190724545423
2630,S. aureus,WFKMRWWGR,0.462397998,9,5.537602002,2630,2630,train,8,5.437009169858618,5.138796762736208,4.843101160717336,5.189420015942097,4.8663106080519825,5.331199048509994,4.928319603386274,5.459037,5.537602001929955
2631,S. aureus,WFWKLLWKALRLWWKVL,0.527803578,17,5.472196422,2631,2631,train,8,5.372382525043149,5.567418300469328,5.167549446193432,5.523643724710341,5.326767467866354,5.385641652300006,5.41967115561655,5.4474607,5.472196421819704
2632,S. aureus,WFWKWWRRRRR,0.230448921,11,5.769551079,2632,2632,train,9,5.669717667012349,5.418423177260951,4.948606693275665,5.530608699629298,5.064348828032451,5.5872277978800025,5.512881406472517,5.7097373,5.769551078999301
2633,S. aureus,WGEAFSAGVHRLANGGNG,1.852174904,18,4.147825096,2633,2633,train,2,4.247977678880637,3.830922498808804,4.411560285616808,3.8564105705048637,4.322144638122811,4.255182385620004,4.390289360479587,4.174963,4.1478250959879555
2634,S. aureus,WGIHRILKYGKPS,0.903089987,13,5.096910013,2634,2634,train,6,4.9969054106903545,4.982484792551587,4.696534535288832,4.787340608404285,4.767758922956652,5.069173888280008,4.964463967934877,5.0179486,5.096910012962889
2635,S. aureus,WGIRDILKYGKPS,1.176091259,13,4.823908741,2635,2635,train,5,4.732277025281915,5.327794589147362,4.5399826260113745,5.029463908753079,4.57128105446347,4.836448918510007,4.810599397737642,4.868518,4.823908740979529
2636,S. aureus,WGIRRILKYGKRS,0.602059991,13,5.397940009,2636,2636,train,7,5.297799706998309,5.230744396712002,4.73087417510938,5.309967834926582,4.841908861863977,5.162831049650008,5.136513638663514,5.343948,5.397940009038857
2637,S. aureus,WGRAFRRGVRRLARGGRR,1.429375405,18,4.570624595,2637,2637,train,4,4.670784163810273,5.093346461821567,4.688093273144046,4.978488291193113,4.7669450006891285,4.591646363260007,4.8798286881769455,4.5449734,4.570624594998353
2638,S. aureus,WGRAFRRLVRRLARGLRR,1.332236415,18,4.667763585,2638,2638,train,4,4.732276862381337,5.174189078235452,4.818883052017022,4.985706763964008,4.93217861049581,4.779709817289995,5.0718814558709004,4.751857,4.667763585056699
2639,S. aureus,WGRAFSAGVHRLANGGNG,1.84565606,18,4.15434394,2639,2639,train,2,4.254497355701274,4.382215581430905,4.563280380493199,4.40644601918097,4.492160184735455,4.267286107759997,4.476568225805152,4.1499047,4.154343940015509
2640,S. aureus,WGRAFSRGVRRLARGGRG,1.678123662,18,4.321876338,2640,2640,train,3,4.4218508368373435,4.671532581161632,4.603817259794174,4.723183200659608,4.6666023873590605,4.443313899509998,4.650319955417097,4.351985,4.321876338024551
2641,S. aureus,WHWRIRKKLR,2.0,10,4.0,2641,2641,train,1,4.100262052156744,4.441879915284619,4.824761859972775,4.408053743919874,4.890677104862089,4.32430200701,4.87326503454271,4.073958,4.000000000083287
2642,S. aureus,WHWTWLPKKKRKV,2.397940009,13,3.602059991,2642,2642,train,0,3.702182038443598,4.305951881974912,4.786674978203707,4.314598612565764,4.852842286752105,4.131459761819996,4.898372240027273,3.815154,3.602059991298204
2643,S. aureus,WHWTWLPRRRK,1.193124598,11,4.806875402,2643,2643,train,5,4.732276925678901,4.367095978984679,4.749823515449625,4.406850960355205,4.811738101160574,4.899631836570001,5.0403277778561,4.8121157,4.806875401820061
2644,S. aureus,WHWTWLRIRKKLR,0.799340549,13,5.200659451,2644,2644,train,6,5.100694029963683,4.779422385381355,4.920981876589111,4.5973623825450085,5.015938600402337,5.066815100349998,5.126278464520562,5.137952,5.200659450883955
2645,S. aureus,WKIVFWWRR,0.146128036,9,5.853871964,2645,2645,train,9,5.753559577077466,5.579769524270313,4.99882823933148,5.544012064707629,5.282259733729361,5.7524272284599975,5.4076153765450865,5.793565,5.853871963904943
2646,S. aureus,WKKAWKPGAKKWAK,2.028028724,14,3.971971276,2646,2646,train,1,4.071925611884054,4.343242109798963,4.6114170640624295,4.366475422223348,4.514884634977437,4.0961624121299955,4.483438460511162,4.0539923,3.9719712761013235
2647,S. aureus,WKKILSKIKKLLK,0.495544338,13,5.504455662,2647,2647,train,8,5.404529570103081,5.064761874667088,4.7895274223214335,5.067952978362637,4.852489773450425,5.4008078814500005,5.2101262989593895,5.507977,5.504455662237602
2648,S. aureus,WKKIPKFLHLAKKF,0.494850022,14,5.505149978,2648,2648,train,8,5.40515657660648,5.159115274104,4.8226087006727045,5.115555333571882,4.876881612509921,5.3943686780800055,5.143669228462679,5.4757833,5.505149977150981
2649,S. aureus,WKKIPKFLHLLKKF,0.494850022,14,5.505149978,2649,2649,train,8,5.404626892348975,5.6587809264520015,4.888745190041411,5.376637792994569,4.966971051672696,5.4997615104600035,5.2231307838117225,5.518839,5.505149978312165
2650,S. aureus,WKKIWKPGIKKWIK,1.726998728,14,4.273001272,2650,2650,train,2,4.373167070593827,5.02257957182201,4.832982973969336,5.221261353097968,4.884741088810989,4.546873380969995,4.773448832289532,4.373915,4.273001272353744
2651,S. aureus,WKKIWSKIKKLLK,0.495544338,13,5.504455662,2651,2651,train,8,5.404370304933835,5.200678136769764,4.837778497622514,5.202751872462619,4.905192541472323,5.46903960769,5.239732321984193,5.5487895,5.504455661982186
2652,S. aureus,WKKKWLWL,1.703526007,8,4.296473993,2652,2652,train,2,4.3964731599976785,5.003750489201129,4.922205817473417,5.009055832866587,4.976813636436423,4.6260740727500025,4.761214975795142,4.370061,4.296473993095883
2656,S. aureus,WKKWWKKW,1.795880017,8,4.204119983,2656,2656,train,2,4.303949235851501,4.791944775302054,4.8697201783947275,4.819006466992949,4.925068673034311,4.40827658706,4.645547125236582,4.252713,4.204119983954534
2657,S. aureus,WKKWWKKWWK,1.193124598,10,4.806875402,2657,2657,train,5,4.759696233533962,5.288187171451509,4.919946261762403,5.051616435998383,4.999282170817534,4.881653932740003,5.175827638514179,4.8983865,4.806875403775596
2658,S. aureus,WKKWWKKWWKWWKKWWKK,0.602059991,18,5.397940009,2658,2658,train,7,5.2979293682759465,5.172404982011639,5.142155643231017,5.259080112022048,5.327469817761444,5.379821023650004,5.130388682479633,5.3924108,5.397940008898853
2659,S. aureus,WKKWWKRRW,0.011814798,9,5.988185202,2659,2659,train,9,5.888287175827543,5.182030519873398,4.8404666926887145,5.063810814839754,4.863616976991803,5.7279744174900005,5.157762150448248,5.875815,5.98818520051029
2660,S. aureus,WKKWWKWWKKWWKK,0.397940009,14,5.602059991,2660,2660,train,8,5.50222270689679,4.9573692333567205,5.038408617545079,5.094966170495158,5.1924239331538615,5.449127084399995,5.430277914398377,5.5890965,5.6020599909980175
2661,S. aureus,WKLFKKIPKFLHLAKKF,0.494850022,17,5.505149978,2661,2661,train,8,5.404974440900697,5.3380892238303606,4.925857844902292,5.433224985749295,5.012263081328733,5.462809335800005,5.363532758572808,5.4996524,5.505149973639946
2662,S. aureus,WKRLVAASAKKK,0.858330877,12,5.141669123,2662,2662,train,6,5.041909089326407,4.33849744634012,4.557824744257115,4.203657124003265,4.271093915565268,4.943512227699993,4.673387867728422,5.101146,5.141669122803159
2663,S. aureus,WKRWWKKWR,0.43778353,9,5.56221647,2663,2663,train,8,5.462378211861985,5.4126639537012675,4.8724608335973505,5.469887472989885,4.947219773303145,5.533233217300003,5.155060453851816,5.59264,5.56221647059917
2664,S. aureus,WKSDVRRWRSRY,2.0,12,4.0,2664,2664,train,1,4.099977286994745,4.534811204732339,4.466460268829001,4.5310181617279355,4.47825404049941,4.20157073572,4.311311908259708,4.069507,4.0000000000512435
2665,S. aureus,WKSYVRRW,2.0,8,4.0,2665,2665,train,1,4.099835850791527,3.984734654497042,4.781585835093334,4.068756236251353,4.794245571865313,4.10299257788,4.289976734735074,4.0183015,3.9999999999872453
2666,S. aureus,WKSYVRRWR,1.806179974,9,4.193820026,2666,2666,train,2,4.293921771450819,4.400299275182705,4.777101081269509,4.3603708591132415,4.797857209974847,4.468616984920008,4.532933226824867,4.2443223,4.193820025969165
2667,S. aureus,WKSYVRRWRS,2.0,10,4.0,2667,2667,train,1,4.099993611431417,3.898588939243074,4.712638931525405,3.819297801801433,4.725397480894663,4.1647288102,4.354108201440524,4.057861,4.000000000046926
2668,S. aureus,WKSYVRRWRSRY,1.505149978,12,4.494850022,2668,2668,train,3,4.594950200927568,4.237742486906037,4.768068549940757,4.376147703474498,4.806625386993545,4.526784323409995,4.640619040238537,4.5186763,4.494850022028164
2669,S. aureus,WKTLLKKVLKAAA,0.954242509,13,5.045757491,2669,2669,train,6,4.945808777071916,5.218434747249475,4.719111599146934,5.021214715005852,4.693704807749666,5.0110010080700045,4.858851973905575,5.0204816,5.045757491125443
2670,S. aureus,WKWKPGKWKW,1.380211242,10,4.619788758,2670,2670,train,4,4.7199086424258745,4.624572730217291,4.704229967747781,4.629726837893727,4.712689008863419,4.717617816310005,4.6447609482644765,4.607771,4.619788758325726
2671,S. aureus,WKWKWKPGKWKWKW,0.602059991,14,5.397940009,2671,2671,train,7,5.297770077211629,5.0873231027544765,4.87417761502885,5.231071443923627,4.966785837044658,5.292804647710005,5.065562643936664,5.3613353,5.397940008358749
2672,S. aureus,WKWKWKWKPGKWKWKWKW,0.477121255,18,5.522878745,2672,2672,train,8,5.42295555218307,5.803457861324222,5.01843958359996,5.625472152142612,5.174855943408777,5.296919628150007,5.149392351619578,5.4864154,5.52287874501728
2673,S. aureus,WKWKWKWKWKPGKWKWKWKWKW,1.301029996,22,4.698970004,2673,2673,train,4,4.732276953109187,5.254384680844579,5.149689818608211,5.336994932765649,5.375585893417248,4.920811552729995,5.087159864681719,4.7193556,4.698970004032975
2674,S. aureus,WKWLKKWIK,1.096910013,9,4.903089987,2674,2674,train,5,4.802917748091015,5.008745607441836,4.898556091282309,5.012227549711216,4.9657486068270185,4.944196679909994,5.017315041155141,4.9295115,4.903089987175224
2675,S. aureus,WKWRVRVTI,0.431363764,9,5.568636236,2675,2675,train,8,5.468813301426037,5.2045677553898555,4.871750893476799,5.137630677210388,4.918295234658998,5.227824066139993,4.777246538246526,5.519097,5.568636235931962
2676,S. aureus,WKWWKKWWKK,0.698970004,10,5.301029996,2676,2676,train,7,5.200888476662324,4.894564823836217,4.9196427397947025,4.911476459212327,4.998489047935623,5.163864521810004,5.205733493330935,5.2325387,5.301029992861165
2677,S. aureus,WLGALFKVASK,1.913827383,11,4.086172617,2677,2677,train,2,4.185955419949478,4.113660957683126,4.585736857470523,4.137516851501948,4.333202908003843,4.055822957829994,4.129398997708027,4.073842,4.086172616825585
2678,S. aureus,WLGSALKIGAKLLPSVVGLFKKKKQ,0.903089987,25,5.096910013,2678,2678,train,6,4.996736682620082,5.4126674968477815,4.873882455137222,5.377133592262559,4.974367072990537,5.044433229650005,5.002418152257749,5.1316743,5.096910013012321
2679,S. aureus,WLLKRWKKLL,1.380211242,10,4.619788758,2679,2679,train,4,4.719950212247927,5.507163660735937,4.917892145257858,5.530131181935532,4.970297770594108,4.884615856220008,5.12967282096917,4.700235,4.619788758606671
2682,S. aureus,WLRRIGKGVKIIGGAALDHL,1.46899925,20,4.53100075,2682,2682,train,3,4.630868711418277,4.479966501464442,4.615242262402863,4.508489485569748,4.608607091292921,4.700445223899994,4.704770547920602,4.6064615,4.531000749945099
2683,S. aureus,WLRRIKAWLRR,1.220510399,11,4.779489601,2683,2683,train,4,4.732467844634276,4.959586551917585,4.850606493364243,4.969864034272348,4.905318162085091,4.953193714490007,5.014285668487471,4.8252373,4.779489601230717
2684,S. aureus,WLRRIKAWLRRIKA,0.538390911,14,5.461609089,2684,2684,train,8,5.36177145763218,5.158612370846698,4.866496227508829,5.167154978749466,4.92628644954657,5.296333085689995,5.164461622015444,5.3551764,5.461609088775745
2685,S. aureus,WMQKVIDRFGG,2.10720997,11,3.89279003,2685,2685,train,1,3.9928308142546287,3.728307125038907,4.56723852783572,3.757889237333885,4.454708532644911,3.983695349940001,4.0103014618387025,3.8963587,3.8927900299086766
2686,S. aureus,WPSPGRPRPFPGRPKPIFRPR,2.0,21,4.0,2686,2686,train,1,4.0998307637979226,4.134487519532936,4.619570656495932,4.058149586431749,4.673919910474337,4.256769318149999,4.439615093945571,4.058103,3.9999999999266977
2689,S. aureus,WRKAWRPGAKRWAK,1.873126764,14,4.126873236,2689,2689,train,2,4.226759848190647,4.098570780807128,4.636062481608905,4.2249319096229705,4.5529953571725175,4.1984689567199975,4.53061623348418,4.1010942,4.126873235985893
2690,S. aureus,WRKFWKYLK,-0.096910013,9,6.096910013,2690,2690,train,9,5.9970531006886185,5.8147803480844305,4.914523234366917,5.82557899968765,4.967505532235335,5.84834569313,5.283506459633918,5.9787493,6.096910012943851
2691,S. aureus,WRKIWRPGIKRWIK,1.505149978,14,4.494850022,2691,2691,train,3,4.595009750933995,4.906385675181405,4.857478458977549,5.175573284504923,4.922460027413799,4.5923604986199935,4.867291900007984,4.5108232,4.494850022223153
2692,S. aureus,WRKLWRGGLKRWLK,0.970036777,14,5.029963223,2692,2692,train,6,4.92990419514729,4.430894822562658,4.826085777873833,4.662478939337161,4.908803988425911,5.044470069909995,4.903515817788856,5.0211945,5.029963223048788
2695,S. aureus,WRKWRKRWWWRKWRKRWW,0.84509804,18,5.15490196,2695,2695,train,6,5.055067779431912,5.410159947210621,5.115591653143288,5.254884089488456,5.2798736122753995,5.233267922510005,5.34141034497597,5.2233357,5.154901960569854
2696,S. aureus,WRNGRWWRNGRWWRNGRW,0.301029996,18,5.698970004,2696,2696,train,9,5.598797501515673,5.27877200389354,4.82527601017184,5.295659852728524,4.8986180505553465,5.4401155293099945,5.099145463312307,5.626093,5.698970003905348
2697,S. aureus,WRPGRWWRPGRW,0.84509804,12,5.15490196,2697,2697,train,6,5.054739960718274,5.097929436801862,4.665228376687713,4.988201067118342,4.707063754605604,5.047671596800006,4.9910936087945545,5.1293015,5.154901960034912
2698,S. aureus,WRPGRWWRPGRWWRPGRW,0.301029996,18,5.698970004,2698,2698,train,9,5.598937781631144,5.225947496948904,4.815663661704093,5.1215854602394035,4.936825309663875,5.513880954189995,5.19810113341613,5.6571193,5.698970003899045
2699,S. aureus,WRPGRWWRPGRWWRPGRWWRPGRW,0.477121255,24,5.522878745,2699,2699,train,8,5.4230558651136676,6.009055955281112,4.962808155570953,5.910656201224545,5.137197752158238,5.351567026520006,5.364464747643777,5.512008,5.522878744883277
2700,S. aureus,WRRRRRRRR,1.342671961,9,4.657328039,2700,2700,train,4,4.735889290529617,4.980045241762,4.602938576447852,5.004138053207781,4.564071459079456,4.665654630439996,4.644271810611964,4.721694,4.657328039892783
2701,S. aureus,WRRRYRRWRRRRRWRRRPRR,0.193124598,20,5.806875402,2701,2701,train,9,5.706731090070539,5.584583640684227,4.93946306789967,5.664839331666293,5.079799348099426,5.36108494418,5.260029784710044,5.7582855,5.806875401917453
2702,S. aureus,WRRWWRRWWRWWRRWWRR,0.903089987,18,5.096910013,2702,2702,train,6,4.9968002157299125,5.567007959945903,5.2108558991485605,5.586584035705357,5.434884997556332,5.271515026490007,5.377689491879929,5.159349,5.096910016086689
2703,S. aureus,WRRWWRWWRRWWRR,-0.301029996,14,6.301029996,2703,2703,train,9,6.200971662658535,5.383263169016135,5.097749132227377,5.451256273590836,5.286142726457549,5.981698288020006,5.579290008765358,6.1403503,6.301029988718458
2704,S. aureus,WRWKWRWK,1.671515722,8,4.328484278,2704,2704,train,3,4.428329695262642,5.078700121917455,4.911540967582708,5.098923021773653,5.011749134368347,4.550262864660004,4.982024086706799,4.3581824,4.328484278411209
2705,S. aureus,WRWWKIWKR,0.162433055,9,5.837566945,2705,2705,train,9,5.7374613234994865,5.908714643025273,4.9500190553586805,5.875328921994266,5.049775090034316,5.647450845049999,5.299879653670839,5.7608514,5.837566944456332
2706,S. aureus,WRWWRRWWRR,0.397940009,10,5.602059991,2706,2706,train,8,5.501947626819633,5.340682372254941,4.968628838841578,5.321446102516765,5.07591230506281,5.502442750449997,5.270485397850993,5.5538673,5.602059993701316
2707,S. aureus,WWHSWWSTW,1.962904297,9,4.037095703,2707,2707,train,1,4.1372758489843875,4.52873077819025,4.851433793741124,4.482694388814523,4.909933130871425,4.242224451399995,4.360215262799527,4.048477,4.037095702974139
2708,S. aureus,WWKDWWERW,2.529406009,9,3.470593991,2708,2708,train,0,3.5704563421608007,3.803298420784758,4.544848622980442,3.8418331311494684,4.526224784767765,3.9304403203999954,3.9804301205680646,3.5659897,3.470593990983216
2709,S. aureus,WWKKWWKK,1.447158031,8,4.552841969,2709,2709,train,4,4.6527142214176145,4.290239185218806,4.8488027608615925,4.299639997556164,4.870410084064044,4.552614301739998,4.644966167681702,4.545381,4.552841969027803
2710,S. aureus,WWKRWKKLRRIFLML,0.26746166,15,5.73253834,2710,2710,train,9,5.6326988522160395,5.097374669076816,5.069322257354387,5.091036468705753,5.1962293752994455,5.570034879700007,5.431982116583067,5.6367216,5.73253834004802
2711,S. aureus,WWKRWKRIRRIFMMV,0.562101976,15,5.437898024,2711,2711,train,8,5.337755658206817,5.337397055772285,5.079519569383184,5.290875129259817,5.202799944024615,5.41197823562,5.300099350559755,5.4410214,5.437898023947998
2712,S. aureus,WWKWWKRLRRLFLLV,0.864332406,15,5.135667594,2712,2712,train,6,5.035506805327422,5.1239822710779555,5.136440367284553,5.246747637422408,5.307485612796224,5.295088755969998,5.343827950918284,5.2016234,5.135667594195236
2713,S. aureus,WWRLRRIW,1.096910013,8,4.903089987,2713,2713,train,5,4.803089159166099,4.775071518121648,4.959196144259629,4.811580675703327,5.044076166976587,4.974566488719993,4.996238614696814,4.9160376,4.903089987127397
2714,S. aureus,WWRRRRRRRR,0.739419662,10,5.260580338,2714,2714,train,7,5.1606285515272905,5.131427281053246,4.714944765864425,5.128515410801905,4.721638087826901,5.1602932869500036,4.885807188053035,5.226406,5.260580336804306
2715,S. aureus,WWRRWWRR,0.903089987,8,5.096910013,2715,2715,train,6,4.996739799323933,4.722624039392139,4.891713885306774,4.714522635217811,4.9373396493980515,5.145706278980007,4.9728208957413615,5.1190715,5.09691001345018
2716,S. aureus,WWSYVRRWRSR,0.903089987,11,5.096910013,2716,2716,train,6,4.996759641191955,4.1849381108937775,4.8125256275986255,4.107986130145778,4.876635115613505,4.983369120370007,4.884274950038782,4.9658184,5.096910012946466
2717,S. aureus,WWSYWWTQW,1.942015054,9,4.057984946,2717,2717,train,2,4.158079423808627,4.610680168662216,4.977305288892542,4.69122644223594,4.991898780784518,4.285011674909996,4.497059243955929,4.0845795,4.05798494594741
2718,S. aureus,WWVAARAARR,1.301029996,10,4.698970004,2718,2718,train,4,4.732276952898313,4.419381441566126,4.6565512354281555,4.479424651337783,4.62222330370235,4.646249049509995,4.590119460314623,4.6599402,4.6989700039857345
2719,S. aureus,WWWLKKIW,1.096910013,8,4.903089987,2719,2719,train,5,4.803246042389627,5.240596150439209,5.02219213218026,5.23676708807164,5.099413444979732,4.846820269879992,5.093163925093973,4.933929,4.903089987148746
2721,S. aureus,WWWLRKIW,0.794720352,8,5.205279648,2721,2721,train,7,5.105515939590552,4.90151190167688,5.03102015832504,4.86515881136683,5.111181651528259,5.081270688769992,5.074674454510818,5.1400237,5.205279647815181
2722,S. aureus,WWWLRRIR,1.096910013,8,4.903089987,2722,2722,train,5,4.8032266055919575,5.086899514356764,4.961993666010127,5.083691233775508,5.051386275466492,5.014543732319992,4.998159382390867,4.931535,4.903089987002081
2724,S. aureus,WWWLRRRW,0.491361694,8,5.508638306,2724,2724,train,8,5.408793738455469,5.016973061794406,4.983226234248756,4.9779591693122995,5.07573020805257,5.381561575020004,5.1790624908157135,5.449203,5.5086383056793995
2726,S. aureus,WWWRRRIW,1.096910013,8,4.903089987,2726,2726,train,5,4.803037212871569,5.277618658748808,4.967362640322403,5.173807991403246,5.034277592850993,4.9528657788199935,5.019132650609461,4.9427624,4.903089987033488
2727,S. aureus,WWWRRRRRRRR,0.738468166,11,5.261531834,2727,2727,train,7,5.16137976386552,5.209702412729411,4.81042843768357,5.216029321146177,4.854036216405872,5.224084561309997,5.078307926394503,5.2770014,5.261531833799573
2728,S. aureus,WWWWRRRRRRRR,0.650541042,12,5.349458958,2728,2728,train,7,5.2495739195554965,5.437605182219428,4.894739701816105,5.452385888099188,4.999072157506474,5.304553989110004,5.3202624074546625,5.3813066,5.349458958847175
2729,S. aureus,WWYNWWQDW,2.531783509,9,3.468216491,2729,2729,train,0,3.568052173468319,3.8925962960481932,4.655030227314094,3.903852785151772,4.6085244598244115,3.8897860022400015,3.942429077168064,3.5037842,3.4682164909483677
2730,S. aureus,YKFRWRIYI,0.462397998,9,5.537602002,2730,2730,train,8,5.437256536591959,5.445993958755907,4.980365130719765,5.421487722237248,5.009125973455268,5.434903739149997,5.3475514416674805,5.560839,5.537602001975641
2731,S. aureus,YKLLKKLLKKLKKLLKKL,1.126873236,18,4.873126764,2731,2731,train,5,4.772962501837543,4.99333223521856,4.9705282956467425,4.938273595782496,5.047221938801909,4.946594862500002,4.9519048306987505,4.846833,4.8731267639778535
2738,S. aureus,YKLLKWLLLKLKALLEKL,1.430456347,18,4.569543653,2738,2738,train,4,4.669697779249129,5.111697757832763,4.9112054681673625,5.238786959939138,4.870828424440109,4.864851927569996,5.158285470189178,4.6231127,4.569543653124517
2739,S. aureus,YKWKIRFKR,0.612783857,9,5.387216143,2739,2739,train,7,5.287099754749361,5.412165692887897,4.813422262070202,5.159466946951518,4.819996642096097,5.188739247839996,4.849024785093528,5.369232,5.3872161429204315
2740,S. aureus,YPELQQDLIARLL,0.712148839,13,5.287851161,2740,2740,train,7,5.187915045813724,4.58077597062666,4.319457024329337,4.49196375024851,4.267039996256523,5.079311684729995,4.7662899967576315,5.2623634,5.287851160946305
2741,S. aureus,YPLKVKYPKLKV,2.329265833,12,3.670734167,2741,2741,train,0,3.7705897724328645,4.2054804623390405,4.753652794745745,4.372730659958154,4.702651343761346,3.9359377551799977,4.430850348002435,3.713032,3.670734167147869
2742,S. aureus,YPLPFIP,1.169527792,7,4.830472208,2742,2742,train,5,4.732276952898313,4.402641754107584,4.640090516579302,4.3951870886131195,4.512746755297815,4.605101094840001,4.479031318624424,4.8122134,4.830472207940887
2743,S. aureus,YPVKLKYPKVKL,2.254201153,12,3.745798847,2743,2743,train,0,3.8455816594342687,3.8528957296157964,4.77904489080125,4.008401617574705,4.715840830636762,3.905245376420001,4.063096769776935,3.7281926,3.7457988469550805
2744,S. aureus,YQWQRRMRKL,2.488550717,10,3.511449283,2744,2744,train,0,3.611610751059156,3.8091598706654373,4.800641460133283,3.82678103252138,4.763343703941458,3.7717920597399957,4.353736889776818,3.5542095,3.5114492829573183
2745,S. aureus,YRLRVKWKW,0.988588034,9,5.011411966,2745,2745,train,6,4.911514335266243,4.598199162420214,4.908125202161819,4.513774085274429,4.959169504934488,5.0261833755500085,5.088876278336713,4.999468,5.011411966074171
2746,S. aureus,YRWARWWRR,0.541924787,9,5.458075213,2746,2746,train,8,5.358042729692073,4.734693948982469,4.856290838993627,4.633412346670161,4.891211799613418,5.22012205413999,4.989027140874503,5.3593216,5.458075212867671
2747,S. aureus,YRWWRWARRW,1.72427587,10,4.27572413,2747,2747,train,2,4.375821508517912,4.716444619912223,4.937182630027836,4.837068879673069,5.013417801275985,4.5573260163300064,5.094878591835956,4.3722444,4.275724130270009
2748,S. aureus,YRWWRWARRWYRWWRWARRW,1.72427587,20,4.27572413,2748,2748,train,2,4.3758460746457155,5.183256798204772,5.214855750668446,5.119249503761793,5.429041060729239,4.520691364060006,5.125859009783625,4.292126,4.275724129912027
2749,S. aureus,YSKSLPLSVLNP,1.60723838,12,4.39276162,2749,2749,train,3,4.492584980617312,4.080729483042538,4.501656833767756,4.173069785847141,4.371967631558509,4.3391091523599945,4.198464571691983,4.3352723,4.392761619942908
2750,S. aureus,YSLQMGATAIKQVKKLFKKKGG,0.819543936,22,5.180456064,2750,2750,train,6,5.080171646391628,5.668932564394733,4.77021611519338,5.4638437594097,4.803512256889808,5.01675708621,4.881098483065406,5.0629406,5.180456063964996
2751,S. aureus,YVLAKRKRAIFI,2.301029996,12,3.698970004,2751,2751,train,0,3.7988031758711367,4.001268827998283,4.837799507347601,4.212483561687155,4.8581425044780815,4.145264281009996,4.46406026294782,3.7025242,3.698970004072174
2753,S. aureus,YVLLKRKRLIFI,2.301029996,12,3.698970004,2753,2753,train,0,3.7987974129282707,4.362426128116839,4.988198431974043,4.521847278219223,5.050452333024224,4.125837545459995,4.837896711368962,3.8217888,3.6989700040442264
2755,S. aureus,YVPPVQKPHPNGPKFPTFP,2.124830149,19,3.875169851,2755,2755,train,1,3.9753390559999895,4.088423129360893,4.668923935847043,4.00215653331815,4.60408367347898,4.054786107460004,4.078935538505008,3.914554,3.8751698509926493
2756,S. aureus,YWKKWKKLRRIFMLV,0.58177279,15,5.41822721,2756,2756,train,8,5.31833342897861,4.663599950569261,5.051372769475613,4.613839849920882,5.1516030934910795,5.37374988372,5.289243071552915,5.4201083,5.4182272099152
