,seq1,seq2,mic1,mic2,dmic,alignment seq1,alignment seq2,lev,seq id,score,bit score,tanimoto simularity,tanimoto dissimularity,blosum62 average,blosum62 disaverage,levenstein aligned,mutation,dataset
16,AFHHIFRGIVHVGKTIHRLVTG,FFHHAFRGIVHVGKTIHRLVTG,5.356547323513812,4.301029995663981,1.0555173278498309,AFHHIFRGIVHVGKTIHRLVTG,FFHHAFRGIVHVGKTIHRLVTG,2,0.9090909090909092,110.0,2.038381729691795,0.9411157024793388,0.3522727272727272,0.9363636363636364,0.3,2,"(1, A, F)|(5, I, A)",test
17,AFHHIFRGIVHVGKTIHRLVTG,FFHHFARGIVHVGKTIHRLVTG,5.356547323513812,4.301029995663981,1.0555173278498309,AFHHIFRGIVHVGKTIHRLVTG,FFHHFARGIVHVGKTIHRLVTG,3,0.8636363636363636,103.0,1.9231628575626176,0.8968531468531468,0.2435897435897435,0.9045454545454544,0.3,3,"(1, A, F)|(5, I, F)|(6, F, A)",test
39,AGKKTIRQYLKNKIKKKWRKAVIAW,AWKEKIRQYLKNEIKKKWRKAVIAW,5.096910013008056,6.0,-0.9030899869919438,AGKKTIRQYLKNKIKKKWRKAVIAW,AWKEKIRQYLKNEIKKKWRKAVIAW,4,0.84,111.0,1.808260580339305,0.8876063829787233,0.2975398936170212,0.90444444448,0.4027777779999999,4,"(2, G, W)|(4, K, E)|(5, T, K)|(13, K, E)",test
48,AGRGKQGGKVRAKAKTRSS,DGRGKQGGKVRAKAKTRSS,5.686461801542011,4.191037881071658,1.495423920470353,AGRGKQGGKVRAKAKTRSS,DGRGKQGGKVRAKAKTRSS,1,0.9473684210526316,89.0,1.9599974996154612,0.9674185463659148,0.3809523809523809,0.9592105263157896,0.225,1,"(1, A, D)",test
49,AGRGKQGGKVRAKAKTRSS,GRGKQGGKVRAKAKTRSS,5.686461801542011,4.165128654398684,1.5213331471433271,AGRGKQGGKVRAKAKTRSS,-GRGKQGGKVRAKAKTRSS,1,0.9473684210526316,89.0,1.9599974996154612,0.9473684210526316,0.0,0.9473684210526316,0.0,1,"(1, A, -)",test
50,AGRGKQGGKVRAKAKTRSS,KGRGKQGGKVRAKAKTRSS,5.686461801542011,4.37417368959435,1.3122881119476606,AGRGKQGGKVRAKAKTRSS,KGRGKQGGKVRAKAKTRSS,1,0.9473684210526316,89.0,1.9599974996154612,0.962406015037594,0.2857142857142857,0.9660087719473684,0.354166667,1,"(1, A, K)",test
51,AGRGKQGGKVRAKAKTRSS,RGRGKQGGKVRAKAKTRSS,5.686461801542011,4.0,1.686461801542011,AGRGKQGGKVRAKAKTRSS,RGRGKQGGKVRAKAKTRSS,1,0.9473684210526316,89.0,1.9599974996154612,0.9593984962406016,0.2285714285714285,0.9660087719473684,0.354166667,1,"(1, A, R)",test
72,AIHDILKYGKPS,GIHDILKYGKPS,4.301029995663981,5.301029995663981,-1.0,AIHDILKYGKPS,GIHDILKYGKPS,1,0.9166666666666666,60.0,2.22821460750525,0.9411764705882352,0.2941176470588235,0.9541666666666666,0.45,1,"(1, A, G)",test
73,AIHDILKYGKPS,GIHDILKYAKPS,4.301029995663981,5.301029995663981,-1.0,AIHDILKYGKPS,GIHDILKYAKPS,2,0.8333333333333334,54.0,2.047156379873685,0.8823529411764706,0.2941176470588235,0.9083333333333332,0.45,2,"(1, A, G)|(9, G, A)",test
82,AIHDILKYGKPS,GIRDILKYGKPS,4.301029995663981,5.301029995663981,-1.0,AIHDILKYGKPS,GIRDILKYGKPS,2,0.8333333333333334,52.0,1.98680363732983,0.8751387347391786,0.2508324084350721,0.90324074075,0.4194444445,2,"(1, A, G)|(3, H, R)",test
88,AIHKLAHKLLKKLLRAVKKLAN,AIHKLAHKTLKKTLRAVKKLAN,5.552841968657781,4.823908740944319,0.7289332277134619,AIHKLAHKLLKKLLRAVKKLAN,AIHKLAHKTLKKTLRAVKKLAN,2,0.9090909090909092,95.0,1.7914841465578428,0.9454545454545454,0.4,0.9412878788181818,0.354166667,2,"(9, L, T)|(13, L, T)",test
89,AIHKLAHKLLKKLLRAVKKLAN,AIHKLAHKLLPKTLRAVKKLAN,5.552841968657781,4.643018599006869,0.909823369650912,AIHKLAHKLLKKLLRAVKKLAN,AIHKLAHKLLPKTLRAVKKLAN,2,0.9090909090909092,94.0,1.7750243076822465,0.9317073170731708,0.248780487804878,0.9389634986363636,0.328598485,2,"(11, K, P)|(13, L, T)",test
108,AKKIRVRLSA,QRKIRVRLSA,4.853321918761966,5.787628810704988,-0.934306891943022,AKKIRVRLSA,QRKIRVRLSA,2,0.8,37.0,1.8409896819011016,0.8717948717948719,0.3589743589743589,0.9020833334,0.510416667,2,"(1, A, Q)|(2, K, R)",test
115,AKKVFKRLEKLFSKIFNFK,AKKVFKRLPKLFSKIWNWK,5.3973970415434245,6.721246399047171,-1.3238493575037469,AKKVFKRLEKLFSKIFNFK,AKKVFKRLPKLFSKIWNWK,3,0.8421052631578947,78.0,1.7503511307789126,0.883395181100716,0.2615028136378681,0.9019138756315788,0.378787879,3,"(9, E, P)|(16, F, W)|(18, F, W)",test
126,AKKVFKRLEKLFSKIQNDK,AKKVFKRLEKLFSKIWNWK,4.994445824362845,5.702052640502834,-0.7076068161399887,AKKVFKRLEKLFSKIQNDK,AKKVFKRLEKLFSKIWNWK,2,0.8947368421052632,76.0,1.7122336091722674,0.918468678434631,0.2254524451289949,0.9040935672631578,0.088888889,2,"(16, Q, W)|(18, D, W)",test
129,AKKVFKRLEKLFSKIQNWK,AKKVFKRLEKSFSKIQNDK,5.216263392839662,4.361685998105445,0.8545773947342168,AKKVFKRLEKLFSKIQNWK,AKKVFKRLEKSFSKIQNDK,2,0.8947368421052632,77.0,1.7312923699755902,0.9317237192359782,0.3513753327417923,0.9078947368421052,0.125,2,"(11, L, S)|(18, W, D)",test
130,AKKVFKRLEKLFSKIQNWK,AKKVFKRLPKLFSKIWNWK,5.216263392839662,6.721246399047171,-1.5049830062075094,AKKVFKRLEKLFSKIQNWK,AKKVFKRLPKLFSKIWNWK,2,0.8947368421052632,85.0,1.883762456402171,0.9121935922228608,0.1658391261171796,0.9200425305789474,0.2404040405,2,"(9, E, P)|(16, Q, W)",test
131,AKKVFKRLEKLFSKIQNWK,AKKVSKRLEKLFSKIQNDK,5.216263392839662,4.4154250916860205,0.8008383011536413,AKKVFKRLEKLFSKIQNWK,AKKVSKRLEKLFSKIQNDK,2,0.8947368421052632,75.0,1.6931748483689446,0.9246441997851772,0.2841198979591836,0.9065789473684212,0.1125,2,"(5, F, S)|(18, W, D)",test
134,AKKVFKRLEKLFSKIWNDK,AKKVFKRLPKLFSKIWNWK,5.215922307596103,6.721246399047171,-1.505324091451068,AKKVFKRLEKLFSKIWNDK,AKKVFKRLPKLFSKIWNWK,2,0.8947368421052632,83.0,1.8456449347955253,0.9120922607270052,0.164876476906552,0.9106858054210526,0.1515151515,2,"(9, E, P)|(18, D, W)",test
137,AKKVFKRLEKLFSKIWNDK,AKKVFKRLEKSFSKIQNDK,5.215922307596103,4.361685998105445,0.8542363094906582,AKKVFKRLEKLFSKIWNDK,AKKVFKRLEKSFSKIQNDK,2,0.8947368421052632,80.0,1.7884686523855575,0.9318250507318336,0.35233798195242,0.917251462,0.213888889,2,"(11, L, S)|(16, W, Q)",test
138,AKKVFKRLEKLFSKIWNDK,AKKVSKRLEKLFSKIQNDK,5.215922307596103,4.4154250916860205,0.8004972159100827,AKKVFKRLEKLFSKIWNDK,AKKVSKRLEKLFSKIQNDK,2,0.8947368421052632,78.0,1.7503511307789126,0.9247455312810328,0.2850825471698113,0.9159356725263158,0.201388889,2,"(5, F, S)|(16, W, Q)",test
142,AKKVFKRLEKLFSKIWNWK,AKKVFKRLPKLFSKIWNWK,5.702052640502834,6.721246399047171,-1.0191937585443371,AKKVFKRLEKLFSKIWNWK,AKKVFKRLPKLFSKIWNWK,1,0.9473684210526316,98.0,2.131526346845365,0.9529085872576176,0.1052631578947368,0.9633173843684212,0.303030303,1,"(9, E, P)",test
145,AKKVFKRLEKLFSKIYNYK,AKKVFKRLPKLFSKIWNWK,5.598481799113496,6.721246399047171,-1.1227645999336753,AKKVFKRLEKLFSKIYNYK,AKKVFKRLPKLFSKIWNWK,3,0.8421052631578947,80.0,1.7884686523855575,0.8771929824561404,0.2222222222222221,0.9078149920526316,0.4161616163333333,3,"(9, E, P)|(16, Y, W)|(18, Y, W)",test
148,AKKVFKRLPKLFSKIWNWK,WKKVFKRLEKLFSKIWNWK,6.721246399047171,5.204119982655925,1.517126416391246,AKKVFKRLPKLFSKIWNWK,WKKVFKRLEKLFSKIWNWK,2,0.8947368421052632,94.0,2.0552913036320746,0.9092355749395886,0.1377379619260918,0.9157296650526316,0.199431818,2,"(1, A, W)|(9, P, E)",test
152,AKRLKKLAKKIWKWK,AKRLKKLAKKIWKWL,5.632023214705406,4.494850021680094,1.137173193025312,AKRLKKLAKKIWKWK,AKRLKKLAKKIWKWL,1,0.9333333333333332,77.0,2.192970335302414,0.95625,0.34375,0.9490740740666668,0.236111111,1,"(15, K, L)",test
157,ALFKTMLKKLGTMAL,ALHKTMLKKLGTMAL,5.346787486224656,4.347753658996677,0.9990338272279792,ALFKTMLKKLGTMAL,ALHKTMLKKLGTMAL,1,0.9333333333333332,64.0,1.879136074074368,0.955072463768116,0.3260869565217391,0.9516666666666668,0.275,1,"(3, F, H)",test
159,ALFKTMLKKLGTMAL,ALYKTMLKKLGTMAL,5.346787486224656,4.330683119433887,1.0161043667907688,ALFKTMLKKLGTMAL,ALYKTMLKKLGTMAL,1,0.9333333333333332,68.0,1.975700462144536,0.9711711711711712,0.5675675675675675,0.9778787878666668,0.668181818,1,"(3, F, Y)",test
160,ALFKTMLKKLGTMAL,KALWKTMLKKLGTMAL,5.346787486224656,6.096910013008056,-0.7501225267834002,-ALFKTMLKKLGTMAL,KALWKTMLKKLGTMAL,2,0.875,66.0,1.8069546263526115,0.8962264150943396,0.1698113207547169,0.9010416666875,0.2083333335,2,"(1, -, K)|(4, F, W)",test
172,ALLKRIKTLL,GLLKKIKTLL,4.745415145649396,3.768020973168496,0.9773941724809,ALLKRIKTLL,GLLKKIKTLL,2,0.8,37.0,1.8409896819011016,0.8704374057315233,0.3521870286576168,0.9116666667,0.5583333335,2,"(1, A, G)|(5, R, K)",test
174,ALLKRIKTLL,GLLKRIKSLL,4.745415145649396,4.0,0.745415145649396,ALLKRIKTLL,GLLKRIKSLL,2,0.8,36.0,1.8047780363747887,0.8641943734015346,0.3209718670076725,0.9040277778,0.520138889,2,"(1, A, G)|(8, T, S)",test
175,ALLKRIKTLL,GLLKRIKTLL,4.745415145649396,3.761359728404466,0.9840554172449298,ALLKRIKTLL,GLLKRIKTLL,1,0.9,40.0,1.9496246184800403,0.9294117647058824,0.2941176470588235,0.945,0.45,1,"(1, A, G)",test
181,ALLKRIKTLL,GMLKRIKTLL,4.745415145649396,3.6989700043360174,1.0464451413133775,ALLKRIKTLL,GMLKRIKTLL,2,0.8,38.0,1.8772013274274149,0.8681214421252372,0.3406072106261859,0.9158333333,0.5791666665,2,"(1, A, G)|(2, L, M)",test
204,ALWKTLLKKVLKA,ALWKTLLKKVLKAA,4.903089986991944,5.698970004336019,-0.795880017344075,ALWKTLLKKVLKA-,ALWKTLLKKVLKAA,1,0.9285714285714286,64.0,2.0133600793653943,0.9285714285714286,0.0,0.9285714285714286,0.0,1,"(14, -, A)",test
205,ALWKTLLKKVLKA,KALWKTLLKKVLKA,4.903089986991944,5.657577319177793,-0.7544873321858496,-ALWKTLLKKVLKA,KALWKTLLKKVLKA,1,0.9285714285714286,64.0,2.0133600793653943,0.9285714285714286,0.0,0.9285714285714286,0.0,1,"(1, -, K)",test
206,ALWKTLLKKVLKAA,ALWKTLLKKVLKAAA,5.698970004336019,4.431798275933005,1.2671717284030135,ALWKTLLKKVLKAA-,ALWKTLLKKVLKAAA,1,0.9333333333333332,68.0,1.975700462144536,0.9333333333333332,0.0,0.9333333333333332,0.0,1,"(15, -, A)",test
209,ALWKTLLKKVLKAAA,ALWKTLLKKVLKAAAK,4.431798275933005,5.672294971797152,-1.240496695864147,ALWKTLLKKVLKAAA-,ALWKTLLKKVLKAAAK,1,0.9375,72.0,1.942748297076285,0.9375,0.0,0.9375,0.0,1,"(16, -, K)",test
211,ALWKTLLKKVLKAAAK,ALWMTLLKKVLKAAAK,5.672294971797152,4.698970004336019,0.9733249674611332,ALWKTLLKKVLKAAAK,ALWMTLLKKVLKAAAK,1,0.9375,71.0,1.92011601862234,0.9607142857142856,0.3714285714285714,0.9583333333125,0.333333333,1,"(4, K, M)",test
222,ALYKTMLKKLGTMAL,KALWKTMLKKLGTMAL,4.330683119433887,6.096910013008056,-1.766226893574169,-ALYKTMLKKLGTMAL,KALWKTMLKKLGTMAL,2,0.875,67.0,1.829586904806557,0.8925438596491229,0.1403508771929824,0.9045454545625,0.2363636365,2,"(1, -, K)|(4, Y, W)",test
238,ATLHLVLRLRGG,SALHLVLRLRGG,5.0,4.0,1.0,ATLHLVLRLRGG,SALHLVLRLRGG,2,0.8333333333333334,51.0,1.9566272660579027,0.9147173489278752,0.4883040935672514,0.9247685185,0.548611111,2,"(1, A, S)|(2, T, A)",test
239,ATLHLVLRLRGG,STAHLVLRLRGG,5.0,4.0,1.0,ATLHLVLRLRGG,STAHLVLRLRGG,2,0.8333333333333334,51.0,1.9566272660579027,0.9081035923141186,0.4486215538847117,0.9166666666666666,0.5,2,"(1, A, S)|(3, L, A)",test
240,ATLHLVLRLRGG,STLHLVLALRGG,5.0,4.0,1.0,ATLHLVLRLRGG,STLHLVLALRGG,2,0.8333333333333334,50.0,1.9264508947859755,0.8874686716791981,0.3248120300751879,0.9149305555833336,0.4895833335,2,"(1, A, S)|(8, R, A)",test
242,ATLHLVLRLRGG,STLHLALRLRGG,5.0,4.0,1.0,ATLHLVLRLRGG,STLHLALRLRGG,2,0.8333333333333334,52.0,1.98680363732983,0.9174406604747162,0.5046439628482972,0.9270833333333334,0.5625,2,"(1, A, S)|(6, V, A)",test
243,ATLHLVLRLRGG,STLHLVLRLRAG,5.0,4.0,1.0,ATLHLVLRLRGG,STLHLVLRLRAG,2,0.8333333333333334,50.0,1.9264508947859755,0.8929308565531476,0.3575851393188853,0.9229166666666666,0.5375,2,"(1, A, S)|(11, G, A)",test
245,ATLHLVLRLRGG,STLHLVLRLRGA,5.0,4.0,1.0,ATLHLVLRLRGG,STLHLVLRLRGA,2,0.8333333333333334,50.0,1.9264508947859755,0.8929308565531476,0.3575851393188853,0.9229166666666666,0.5375,2,"(1, A, S)|(12, G, A)",test
246,ATLHLVLRLRGG,STLHLVLRLAGG,5.0,4.0,1.0,ATLHLVLRLRGG,STLHLVLRLAGG,2,0.8333333333333334,50.0,1.9264508947859755,0.8874686716791979,0.3248120300751879,0.9149305555833332,0.4895833335,2,"(1, A, S)|(10, R, A)",test
247,ATLHLVLRLRGG,STLHLVARLRGG,5.0,4.0,1.0,ATLHLVLRLRGG,STLHLVARLRGG,2,0.8333333333333334,51.0,1.9566272660579027,0.9081035923141186,0.4486215538847117,0.9166666666666666,0.5,2,"(1, A, S)|(7, L, A)",test
249,AVVDILKGAAKDIAGHLASKVMNKL,GVVDILKGALKDIAGHLASKVMNKL,4.0,4.903089986991944,-0.9030899869919438,AVVDILKGAAKDIAGHLASKVMNKL,GVVDILKGALKDIAGHLASKVMNKL,2,0.92,110.0,1.7937759221287797,0.950812324929972,0.3851540616246498,0.953,0.4125,2,"(1, A, G)|(10, A, L)",test
252,AVVDILKGAAKDIAGHLASKVMNKL,GVVDILKGAAKAIAGHLASKVMNKL,4.0,5.505845405981558,-1.5058454059815576,AVVDILKGAAKDIAGHLASKVMNKL,GVVDILKGAAKAIAGHLASKVMNKL,2,0.92,107.0,1.7503219474972045,0.9470028011204482,0.3375350140056021,0.9469999999999998,0.3375,2,"(1, A, G)|(12, D, A)",test
255,AVVDILKGAAKDIAGHLASKVMNKL,GVVDILKGAAKDIAAHLASKVMNKL,4.0,4.903089986991944,-0.9030899869919438,AVVDILKGAAKDIAGHLASKVMNKL,GVVDILKGAAKDIAAHLASKVMNKL,2,0.92,109.0,1.7792912639182543,0.9435294117647058,0.2941176470588235,0.956,0.45,2,"(1, A, G)|(15, G, A)",test
256,AVVDILKGAAKDIAGHLASKVMNKL,GVVDILKGAAKDILGHLASKVMNKL,4.0,5.204119982655925,-1.204119982655925,AVVDILKGAAKDIAGHLASKVMNKL,GVVDILKGAAKDILGHLASKVMNKL,2,0.92,110.0,1.7937759221287797,0.950812324929972,0.3851540616246498,0.953,0.4125,2,"(1, A, G)|(14, A, L)",test
257,AVVDILKGAAKDIAGHLASKVMNKL,GVVDILKGAAKDIAGHLLSKVMNKL,4.0,4.903089986991944,-0.9030899869919438,AVVDILKGAAKDIAGHLASKVMNKL,GVVDILKGAAKDIAGHLLSKVMNKL,2,0.92,110.0,1.7937759221287797,0.950812324929972,0.3851540616246498,0.953,0.4125,2,"(1, A, G)|(18, A, L)",test
259,AVVDILKGAAKDIAGHLASKVMNKL,GVVDILKGLAKDIAGHLASKVMNKL,4.0,4.903089986991944,-0.9030899869919438,AVVDILKGAAKDIAGHLASKVMNKL,GVVDILKGLAKDIAGHLASKVMNKL,2,0.92,110.0,1.7937759221287797,0.950812324929972,0.3851540616246498,0.953,0.4125,2,"(1, A, G)|(9, A, L)",test
260,AWASFFKKAAHVAKHVAKAALTHYL,AWASFFKKAAHVGKHVGKAALTHYL,6.141015999253004,5.233500827194578,0.9075151720584262,AWASFFKKAAHVAKHVAKAALTHYL,AWASFFKKAAHVGKHVGKAALTHYL,2,0.92,123.0,1.9820764788656071,0.943529411764706,0.2941176470588235,0.956,0.45,2,"(13, A, G)|(17, A, G)",test
261,AWASFFKKAAHVAKHVAKAALTHYL,GWGSFFKKAAHVGKHVGKAALTHYL,6.141015999253004,4.801539293099524,1.33947670615348,AWASFFKKAAHVAKHVAKAALTHYL,GWGSFFKKAAHVGKHVGKAALTHYL,4,0.84,115.0,1.8661992131814056,0.8870588235294119,0.2941176470588235,0.912,0.45,4,"(1, A, G)|(3, A, G)|(13, A, G)|(17, A, G)",test
267,AWKEKIRQYLKNEIKKKWRKAVIAW,AWKKTIRQYLKNKIKKKGRKAVIAW,6.0,5.096910013008056,0.9030899869919438,AWKEKIRQYLKNEIKKKWRKAVIAW,AWKKTIRQYLKNKIKKKGRKAVIAW,4,0.84,111.0,1.808260580339305,0.8876063829787233,0.2975398936170212,0.90444444448,0.4027777779999999,4,"(4, E, K)|(5, K, T)|(13, E, K)|(18, W, G)",test
280,DGRGKQGGKVRAKAKTRSS,KRGKQGGKVRAKAKTRSS,4.191037881071658,5.385441438288307,-1.1944035572166491,DGRGKQGGKVRAKAKTRSS,-KRGKQGGKVRAKAKTRSS,2,0.8947368421052632,83.0,1.8456449347955253,0.9083820662768032,0.1296296296296296,0.9058479532105264,0.1055555555,2,"(1, D, -)|(2, G, K)",test
281,DGRGKQGGKVRAKAKTRSS,SGRGKQGGKVRAKAKTRSS,4.191037881071658,5.388992908154021,-1.1979550270823631,DGRGKQGGKVRAKAKTRSS,SGRGKQGGKVRAKAKTRSS,1,0.9473684210526316,89.0,1.9599974996154612,0.974937343358396,0.5238095238095238,0.9710526315789472,0.45,1,"(1, D, S)",test
283,DIFGAIWPLALGALKNLIK,KIFGAIWPLALGALKNLIK,3.892790030352132,5.3979400086720375,-1.5051499783199054,DIFGAIWPLALGALKNLIK,KIFGAIWPLALGALKNLIK,1,0.9473684210526316,92.0,2.0171737820254294,0.9666666666666668,0.3666666666666666,0.964035087736842,0.316666667,1,"(1, D, K)",test
285,EKHWLWLW,HKHWLWLW,4.078234103468752,4.905043927285233,-0.8268098238164807,EKHWLWLW,HKHWLWLW,1,0.875,54.0,3.0707345698105275,0.9069767441860466,0.2558139534883721,0.923611111125,0.388888889,1,"(1, E, H)",test
294,FAGAAFKALSKLL,FLGAVFKALSKLL,3.523948126366943,4.671096687887324,-1.1471485615203814,FAGAAFKALSKLL,FLGAVFKALSKLL,2,0.8461538461538461,51.0,1.806117476361141,0.9280327515621634,0.5322128851540616,0.9134615384615384,0.4375,2,"(2, A, L)|(5, A, V)",test
299,FAGAAFKALSKLL,FVGALFKALSKLL,3.523948126366943,4.449247938270967,-0.9252998119040244,FAGAAFKALSKLL,FVGALFKALSKLL,2,0.8461538461538461,51.0,1.806117476361141,0.9280327515621634,0.5322128851540616,0.9134615384615384,0.4375,2,"(2, A, V)|(5, A, L)",test
301,FAHHIFRGIVHVGKTIHRLVTG,FFHHIFRAIVHVAKTIHRLVTG,5.119186407719209,5.823908740944319,-0.70472233322511,FAHHIFRGIVHVGKTIHRLVTG,FFHHIFRAIVHVAKTIHRLVTG,3,0.8636363636363636,101.0,1.890243179811424,0.9017379679144384,0.2794117647058823,0.9147727272727272,0.375,3,"(2, A, F)|(8, G, A)|(13, G, A)",test
302,FAHHIFRGIVHVGKTIHRLVTG,FFHHFARGIVHVGKTIHRLVTG,5.119186407719209,4.301029995663981,0.8181564120552274,FAHHIFRGIVHVGKTIHRLVTG,FFHHFARGIVHVGKTIHRLVTG,3,0.8636363636363636,101.0,1.890243179811424,0.8968531468531468,0.2435897435897435,0.9045454545454544,0.3,3,"(2, A, F)|(5, I, F)|(6, F, A)",test
310,FAHHIFRGIVHVGKTIHRLVTG,FFHHAFRGIVHVGKTIHRLVTG,5.119186407719209,4.301029995663981,0.8181564120552274,FAHHIFRGIVHVGKTIHRLVTG,FFHHAFRGIVHVGKTIHRLVTG,2,0.9090909090909092,108.0,2.005462051940601,0.9411157024793388,0.3522727272727272,0.9363636363636364,0.3,2,"(2, A, F)|(5, I, A)",test
323,FAKWAFKWAKK,FAKWAFKWLKK,4.149436390341377,5.065291423784879,-0.9158550334435028,FAKWAFKWAKK,FAKWAFKWLKK,1,0.9090909090909092,61.0,2.463699249575103,0.9523809523809524,0.4761904761904761,0.9431818181818182,0.375,1,"(9, A, L)",test
351,FFAAIFRPIVHVGKTIHRLVTG,FFHHIFRPIVHVAKTIHRLVTG,4.795880017344075,5.698970004336019,-0.9030899869919438,FFAAIFRPIVHVGKTIHRLVTG,FFHHIFRPIVHVAKTIHRLVTG,3,0.8636363636363636,96.0,1.80794398543344,0.8966613672496024,0.2421833598304186,0.903030303,0.2888888886666667,3,"(3, A, H)|(4, A, H)|(13, G, A)",test
368,FFGWLIKGAIHAGKAIHGLIHRRRH,FFGWLIRGAIHAGKAIHGLIHRRRH,5.576754126063192,6.6020599913279625,-1.0253058652647704,FFGWLIKGAIHAGKAIHGLIHRRRH,FFGWLIRGAIHAGKAIHGLIHRRRH,1,0.96,137.0,2.18486169381296,0.9764102564102564,0.4102564102564102,0.98666666668,0.666666667,1,"(7, K, R)",test
369,FFGWLIKGAIHAGKAIHGLIHRRRH,FFGWLIKGAIHAPKAIHPLIHRRRH,5.576754126063192,4.785156151952302,0.7915979741108901,FFGWLIKGAIHAGKAIHGLIHRRRH,FFGWLIKGAIHAPKAIHPLIHRRRH,2,0.92,124.0,1.9965611370761325,0.931851851851852,0.1481481481481481,0.93527272728,0.190909091,2,"(13, G, P)|(18, G, P)",test
370,FFGWLIKGAIHAGKAIHPLIHRRRH,FFGWLIRGAIHAGKAIHGLIHRRRH,5.449771646944906,6.6020599913279625,-1.1522883443830567,FFGWLIKGAIHAGKAIHPLIHRRRH,FFGWLIRGAIHAGKAIHGLIHRRRH,2,0.92,129.0,2.068984428128758,0.9423361823361824,0.2792022792022791,0.95430303032,0.428787879,2,"(7, K, R)|(18, P, G)",test
373,FFGWLIKGAIHAPKAIHGLIHRRRH,FFGWLIRGAIHAGKAIHGLIHRRRH,5.449771646944906,6.6020599913279625,-1.1522883443830567,FFGWLIKGAIHAPKAIHGLIHRRRH,FFGWLIRGAIHAGKAIHGLIHRRRH,2,0.92,129.0,2.068984428128758,0.9423361823361824,0.2792022792022791,0.95430303032,0.428787879,2,"(7, K, R)|(13, P, G)",test
375,FFGWLIKGAIHAPKAIHPLIHRRRH,FFGWLIRGAIHAGKAIHGLIHRRRH,4.785156151952302,6.6020599913279625,-1.8169038393756605,FFGWLIKGAIHAPKAIHPLIHRRRH,FFGWLIRGAIHAGKAIHGLIHRRRH,3,0.88,121.0,1.9531071624445568,0.9082621082621084,0.2355175688509021,0.92193939396,0.3494949496666666,3,"(7, K, R)|(13, P, G)|(18, P, G)",test
376,FFGWLIKPAIHAGKAIHGLIHRRRH,FFGWLIRGAIHAGKAIHGLIHRRRH,5.431798275933005,6.6020599913279625,-1.1702617153949575,FFGWLIKPAIHAGKAIHGLIHRRRH,FFGWLIRGAIHAGKAIHGLIHRRRH,2,0.92,129.0,2.068984428128758,0.9423361823361824,0.2792022792022791,0.95430303032,0.428787879,2,"(7, K, R)|(8, P, G)",test
379,FFHHAFRGIVHVGKTIHRLVTG,FFHHIFRAIVHVPKTIHRLVTG,4.301029995663981,5.096910013008056,-0.795880017344075,FFHHAFRGIVHVGKTIHRLVTG,FFHHIFRAIVHVPKTIHRLVTG,3,0.8636363636363636,102.0,1.9067030186870209,0.904400511352383,0.2989370832508087,0.909814049590909,0.3386363636666666,3,"(5, A, I)|(8, G, A)|(13, G, P)",test
380,FFHHAFRGIVHVGKTIHRLVTG,FFHHIFRGIKHVGKTIHRLVTG,4.301029995663981,5.585026652029182,-1.2839966563652006,FFHHAFRGIVHVGKTIHRLVTG,FFHHIFRGIKHVGKTIHRLVTG,2,0.9090909090909092,110.0,2.038381729691795,0.9414822713942947,0.3563049853372433,0.9368686868636364,0.3055555555,2,"(5, A, I)|(10, V, K)",test
381,FFHHAFRGIVHVGKTIHRLVTG,FFHHIFRGIVHVGKKIHRLVKG,4.301029995663981,5.455931955649724,-1.154901959985743,FFHHAFRGIVHVGKTIHRLVTG,FFHHIFRGIVHVGKKIHRLVKG,3,0.8636363636363636,104.0,1.9396226964382144,0.9070247933884296,0.3181818181818182,0.9109848484545452,0.347222222,3,"(5, A, I)|(15, T, K)|(21, T, K)",test
382,FFHHAFRGIVHVGKTIHRLVTG,FFHHIFRPIVHVGKTIHRLVTG,4.301029995663981,5.3979400086720375,-1.0969100130080562,FFHHAFRGIVHVGKTIHRLVTG,FFHHIFRPIVHVGKTIHRLVTG,2,0.9090909090909092,108.0,2.005462051940601,0.9364860728497092,0.3013468013468013,0.9348140495909092,0.2829545455,2,"(5, A, I)|(8, G, P)",test
383,FFHHAFRGIVHVGKTIHRLVTG,FFHHIFRAIVHVGKTIHRLVTG,4.301029995663981,5.698970004336019,-1.3979400086720375,FFHHAFRGIVHVGKTIHRLVTG,FFHHIFRAIVHVGKTIHRLVTG,2,0.9090909090909092,110.0,2.038381729691795,0.9431210500729218,0.374331550802139,0.946590909090909,0.4125,2,"(5, A, I)|(8, G, A)",test
384,FFHHAFRGIVHVGKTIHRLVTG,FFHHIFRAIVHVAKTIHRLVTG,4.301029995663981,5.823908740944319,-1.5228787452803374,FFHHAFRGIVHVGKTIHRLVTG,FFHHIFRAIVHVAKTIHRLVTG,3,0.8636363636363636,104.0,1.9396226964382144,0.9110354885755956,0.3475935828877004,0.921590909090909,0.425,3,"(5, A, I)|(8, G, A)|(13, G, A)",test
386,FFHHAFRGIVHVGKTIHRLVTG,FFHHIFRGIVHVGKKIHRLVTG,4.301029995663981,5.425968732272281,-1.1249387366083,FFHHAFRGIVHVGKTIHRLVTG,FFHHIFRGIVHVGKKIHRLVTG,2,0.9090909090909092,110.0,2.038381729691795,0.9411157024793388,0.3522727272727272,0.9412878787727272,0.3541666665,2,"(5, A, I)|(15, T, K)",test
388,FFHHAFRGIVHVGKTIHRLVTG,FFHHIFRGIVHVGKTIHRLVTG,4.301029995663981,5.070581074285707,-0.7695510786217259,FFHHAFRGIVHVGKTIHRLVTG,FFHHIFRGIVHVGKTIHRLVTG,1,0.9545454545454546,116.0,2.137140762945376,0.975206611570248,0.4545454545454545,0.9715909090909092,0.375,1,"(5, A, I)",test
389,FFHHAFRGIVHVGKTIHRLVTG,FFHHIFRGIVHVGKTIHKLVTG,4.301029995663981,5.308918507877031,-1.00788851221305,FFHHAFRGIVHVGKTIHRLVTG,FFHHIFRGIVHVGKTIHKLVTG,2,0.9090909090909092,113.0,2.087761246318585,0.948400084763721,0.4324009324009323,0.9564393939545456,0.5208333334999999,2,"(5, A, I)|(18, R, K)",test
390,FFHHAFRGIVHVGKTIHRLVTG,FFHHIFRGIVHVGKTIHKLVTGT,4.301029995663981,5.6020599913279625,-1.3010299956639813,FFHHAFRGIVHVGKTIHRLVTG-,FFHHIFRGIVHVGKTIHKLVTGT,3,0.8695652173913043,113.0,1.9969890182177772,0.9071652984696462,0.2882672882672882,0.9148550724782608,0.3472222223333333,3,"(5, A, I)|(18, R, K)|(23, -, T)",test
395,FFHHAFRGIVHVGKTIHRLVTG,FFHHIFRPIVHVAKTIHRLVTG,4.301029995663981,5.698970004336019,-1.3979400086720375,FFHHAFRGIVHVGKTIHRLVTG,FFHHIFRPIVHVAKTIHRLVTG,3,0.8636363636363636,102.0,1.9067030186870209,0.904400511352383,0.2989370832508087,0.909814049590909,0.3386363636666666,3,"(5, A, I)|(8, G, P)|(13, G, A)",test
396,FFHHAFRGIVHVGKTIHRLVTG,FFHHIKRGIVHVGKTIHRLVTG,4.301029995663981,5.075720713938118,-0.7746907182741367,FFHHAFRGIVHVGKTIHRLVTG,FFHHIKRGIVHVGKTIHRLVTG,2,0.9090909090909092,107.0,1.989002213065005,0.941947188066922,0.3614190687361419,0.9309343434545454,0.240277778,2,"(5, A, I)|(6, F, K)",test
398,FFHHAFRGIVHVGKTIHRLVTG,FFHHIWRGIVHVGKTIHRLVTG,4.301029995663981,5.698970004336019,-1.3979400086720375,FFHHAFRGIVHVGKTIHRLVTG,FFHHIWRGIVHVGKTIHRLVTG,2,0.9090909090909092,111.0,2.054841568567392,0.945189458911586,0.3970840480274442,0.9450757575909092,0.3958333335,2,"(5, A, I)|(6, F, W)",test
399,FFHHAFRGIVHVGKTIHRLVTG,FFHHIFRGIVHVAKTIHRLVTG,4.301029995663981,5.698970004336019,-1.3979400086720375,FFHHAFRGIVHVGKTIHRLVTG,FFHHIFRGIVHVAKTIHRLVTG,2,0.9090909090909092,110.0,2.038381729691795,0.9431210500729218,0.374331550802139,0.946590909090909,0.4125,2,"(5, A, I)|(13, G, A)",test
400,FFHHAFRGIVHVGKTIHRLVTG,FFHHIFRGIVHVPKTIHRLVTG,4.301029995663981,5.096910013008056,-0.795880017344075,FFHHAFRGIVHVGKTIHRLVTG,FFHHIFRGIVHVPKTIHRLVTG,2,0.9090909090909092,108.0,2.005462051940601,0.9364860728497092,0.3013468013468013,0.9348140495909092,0.2829545455,2,"(5, A, I)|(13, G, P)",test
402,FFHHAFRGIVHVGKTIHRLVTG,FKHHIFRGIVHVGKTIHRLVTG,4.301029995663981,5.096910013008056,-0.795880017344075,FFHHAFRGIVHVGKTIHRLVTG,FKHHIFRGIVHVGKTIHRLVTG,2,0.9090909090909092,107.0,1.989002213065005,0.941947188066922,0.3614190687361419,0.9309343434545454,0.240277778,2,"(2, F, K)|(5, A, I)",test
403,FFHHAFRGIVHVGKTIHRLVTG,FWHHIFRGIVHVGKTIHRLVTG,4.301029995663981,5.698970004336019,-1.3979400086720375,FFHHAFRGIVHVGKTIHRLVTG,FWHHIFRGIVHVGKTIHRLVTG,2,0.9090909090909092,111.0,2.054841568567392,0.945189458911586,0.3970840480274442,0.9450757575909092,0.3958333335,2,"(2, F, W)|(5, A, I)",test
404,FFHHAFRGIVHVGKTIHRLVTG,IFHHIFKGIVHVGKTIHRLVTG,4.301029995663981,5.301029995663981,-1.0,FFHHAFRGIVHVGKTIHRLVTG,IFHHIFKGIVHVGKTIHRLVTG,3,0.8636363636363636,107.0,1.989002213065005,0.9134350497986862,0.3651903651903651,0.9314393939545454,0.4972222223333333,3,"(1, F, I)|(5, A, I)|(7, R, K)",test
406,FFHHAFRGIVHVGKTIHRLVTG,KFHHIFRGIVHVGKTIHRLVTG,4.301029995663981,5.318758762624412,-1.0177287669604311,FFHHAFRGIVHVGKTIHRLVTG,KFHHIFRGIVHVGKTIHRLVTG,2,0.9090909090909092,110.0,2.038381729691795,0.941947188066922,0.3614190687361419,0.9309343434545454,0.240277778,2,"(1, F, K)|(5, A, I)",test
407,FFHHAFRGIVHVGKTIHRLVTG,WFHHIFRGIVHVGKTIHRLVTG,4.301029995663981,5.698970004336019,-1.3979400086720375,FFHHAFRGIVHVGKTIHRLVTG,WFHHIFRGIVHVGKTIHRLVTG,2,0.9090909090909092,111.0,2.054841568567392,0.945189458911586,0.3970840480274442,0.9450757575909092,0.3958333335,2,"(1, F, W)|(5, A, I)",test
409,FFHHFARGIVHVGKTIHRLVTG,FFHHIFRGIVHVGKKIHRLVTG,4.301029995663981,5.425968732272281,-1.1249387366083,FFHHFARGIVHVGKTIHRLVTG,FFHHIFRGIVHVGKKIHRLVTG,3,0.8636363636363636,103.0,1.9231628575626176,0.8968531468531468,0.2435897435897435,0.9094696969545456,0.3361111109999999,3,"(5, F, I)|(6, A, F)|(15, T, K)",test
411,FFHHFARGIVHVGKTIHRLVTG,FFHHIFRGIVHVGKTIHKLVTG,4.301029995663981,5.308918507877031,-1.00788851221305,FFHHFARGIVHVGKTIHRLVTG,FFHHIFRGIVHVGKTIHKLVTG,3,0.8636363636363636,106.0,1.972542374189408,0.9041375291375292,0.297008547008547,0.9246212121363636,0.4472222223333333,3,"(5, F, I)|(6, A, F)|(18, R, K)",test
414,FFHHFARGIVHVGKTIHRLVTG,FFHHIFRGIVHVPKTIHRLVTG,4.301029995663981,5.096910013008056,-0.795880017344075,FFHHFARGIVHVGKTIHRLVTG,FFHHIFRGIVHVPKTIHRLVTG,3,0.8636363636363636,101.0,1.890243179811424,0.8922235172235172,0.2096391263057929,0.9029958677727272,0.2886363636666667,3,"(5, F, I)|(6, A, F)|(13, G, P)",test
415,FFHHFARGIVHVGKTIHRLVTG,FFHHIFRPIVHVGKTIHRLVTG,4.301029995663981,5.3979400086720375,-1.0969100130080562,FFHHFARGIVHVGKTIHRLVTG,FFHHIFRPIVHVGKTIHRLVTG,3,0.8636363636363636,101.0,1.890243179811424,0.8922235172235172,0.2096391263057929,0.9029958677727272,0.2886363636666667,3,"(5, F, I)|(6, A, F)|(8, G, P)",test
420,FFHHFARGIVHVGKTIHRLVTG,FFHHIFRGIVHVAKTIHRLVTG,4.301029995663981,5.698970004336019,-1.3979400086720375,FFHHFARGIVHVGKTIHRLVTG,FFHHIFRGIVHVAKTIHRLVTG,3,0.8636363636363636,103.0,1.9231628575626176,0.8988584944467296,0.2582956259426847,0.9147727272727272,0.375,3,"(5, F, I)|(6, A, F)|(13, G, A)",test
421,FFHHFARGIVHVGKTIHRLVTG,FFHHIFRGIKHVGKTIHRLVTG,4.301029995663981,5.585026652029182,-1.2839966563652006,FFHHFARGIVHVGKTIHRLVTG,FFHHIFRGIKHVGKTIHRLVTG,3,0.8636363636363636,103.0,1.9231628575626176,0.8972197157681028,0.2462779156327542,0.9050505050454546,0.3037037036666667,3,"(5, F, I)|(6, A, F)|(10, V, K)",test
422,FFHHFARGIVHVGKTIHRLVTG,FFHHIFRGIVHVGKTIHRLVTG,4.301029995663981,5.070581074285707,-0.7695510786217259,FFHHFARGIVHVGKTIHRLVTG,FFHHIFRGIVHVGKTIHRLVTG,2,0.9090909090909092,109.0,2.0219218908161984,0.930944055944056,0.2403846153846153,0.9397727272727272,0.3375,2,"(5, F, I)|(6, A, F)",test
425,FFHHFARGIVHVGKTIHRLVTG,FFHHIKRGIKHVGKTIHRLVTG,4.301029995663981,5.2839966563652006,-0.9829666607012192,FFHHFARGIVHVGKTIHRLVTG,FFHHIKRGIKHVGKTIHRLVTG,3,0.8636363636363636,104.0,1.9396226964382144,0.8988430923914795,0.2581826775375162,0.910921717181818,0.3467592593333333,3,"(5, F, I)|(6, A, K)|(10, V, K)",test
427,FFHHFARGIVHVGKTIHRLVTG,FFHHIFRAIVHVGKTIHRLVTG,4.301029995663981,5.698970004336019,-1.3979400086720375,FFHHFARGIVHVGKTIHRLVTG,FFHHIFRAIVHVGKTIHRLVTG,3,0.8636363636363636,103.0,1.9231628575626176,0.8988584944467296,0.2582956259426847,0.9147727272727272,0.375,3,"(5, F, I)|(6, A, F)|(8, G, A)",test
428,FFHHFARGIVHVGKTIHRLVTG,FFHHIKRGIVHVGKTIHRLVTG,4.301029995663981,5.075720713938118,-0.7746907182741367,FFHHFARGIVHVGKTIHRLVTG,FFHHIKRGIVHVGKTIHRLVTG,2,0.9090909090909092,110.0,2.038381729691795,0.9325674325674328,0.2582417582417582,0.945643939409091,0.4020833335,2,"(5, F, I)|(6, A, K)",test
431,FFHHFARGIVHVGKTIHRLVTG,FFHHIWRGIVHVGKTIHRLVTG,4.301029995663981,5.698970004336019,-1.3979400086720375,FFHHFARGIVHVGKTIHRLVTG,FFHHIWRGIVHVGKTIHRLVTG,2,0.9090909090909092,108.0,2.005462051940601,0.9273173634875764,0.2004909983633387,0.9339015151363635,0.2729166665,2,"(5, F, I)|(6, A, W)",test
434,FFHHFARGIVHVGKTIHRLVTG,FWHHIFRGIVHVGKTIHRLVTG,4.301029995663981,5.698970004336019,-1.3979400086720375,FFHHFARGIVHVGKTIHRLVTG,FWHHIFRGIVHVGKTIHRLVTG,3,0.8636363636363636,104.0,1.9396226964382144,0.9009269032853936,0.2734639574262215,0.9132575757727271,0.363888889,3,"(2, F, W)|(5, F, I)|(6, A, F)",test
438,FFHHFARGIVHVGKTIHRLVTG,WFHHIFRGIVHVGKTIHRLVTG,4.301029995663981,5.698970004336019,-1.3979400086720375,FFHHFARGIVHVGKTIHRLVTG,WFHHIFRGIVHVGKTIHRLVTG,3,0.8636363636363636,104.0,1.9396226964382144,0.9009269032853936,0.2734639574262215,0.9132575757727271,0.363888889,3,"(1, F, W)|(5, F, I)|(6, A, F)",test
439,FFHHIARGIVHVGKTIHRLVTG,FFHHIFRAIVHVAKTIHRLVTG,4.84163750790475,5.823908740944319,-0.9822712330395688,FFHHIARGIVHVGKTIHRLVTG,FFHHIFRAIVHVAKTIHRLVTG,3,0.8636363636363636,101.0,1.890243179811424,0.9017379679144384,0.2794117647058823,0.9147727272727272,0.375,3,"(6, A, F)|(8, G, A)|(13, G, A)",test
440,FFHHIARGIVHVGKTIHRLVTG,FFHHIFRAIVHVGKTIHRLVTG,4.84163750790475,5.698970004336019,-0.857332496431269,FFHHIARGIVHVGKTIHRLVTG,FFHHIFRAIVHVGKTIHRLVTG,2,0.9090909090909092,107.0,1.989002213065005,0.9338235294117646,0.2720588235294117,0.9397727272727272,0.3375,2,"(6, A, F)|(8, G, A)",test
442,FFHHIARGIVHVGKTIHRLVTG,FFHHIFRGIKHVGKTIHRLVTG,4.84163750790475,5.585026652029182,-0.743389144124432,FFHHIARGIVHVGKTIHRLVTG,FFHHIFRGIKHVGKTIHRLVTG,2,0.9090909090909092,107.0,1.989002213065005,0.9321847507331378,0.2540322580645161,0.9300505050454546,0.2305555555,2,"(6, A, F)|(10, V, K)",test
443,FFHHIARGIVHVGKTIHRLVTG,FFHHIWRGIVHVGKTIHRLVTG,4.84163750790475,5.698970004336019,-0.857332496431269,FFHHIARGIVHVGKTIHRLVTG,FFHHIWRGIVHVGKTIHRLVTG,1,0.9545454545454546,112.0,2.0713014074429887,0.9622823984526112,0.1702127659574468,0.9589015151363636,0.095833333,1,"(6, A, W)",test
446,FFHHIARGIVHVGKTIHRLVTG,FFHHIFRGIVHVAKTIHRLVTG,4.84163750790475,5.698970004336019,-0.857332496431269,FFHHIARGIVHVGKTIHRLVTG,FFHHIFRGIVHVAKTIHRLVTG,2,0.9090909090909092,107.0,1.989002213065005,0.9338235294117648,0.2720588235294117,0.9397727272727272,0.3375,2,"(6, A, F)|(13, G, A)",test
449,FFHHIARGIVHVGKTIHRLVTG,FFHHIFRGIVHVGKTIHKLVTGT,4.84163750790475,5.6020599913279625,-0.7604224834232127,FFHHIARGIVHVGKTIHRLVTG-,FFHHIFRGIVHVGKTIHKLVTGT,3,0.8695652173913043,110.0,1.9497564370965,0.8982720178372352,0.22008547008547,0.9083333333478262,0.2972222223333333,3,"(6, A, F)|(18, R, K)|(23, -, T)",test
450,FFHHIARGIVHVGKTIHRLVTG,FFHHIFRPIVHVAKTIHRLVTG,4.84163750790475,5.698970004336019,-0.857332496431269,FFHHIARGIVHVGKTIHRLVTG,FFHHIFRPIVHVAKTIHRLVTG,3,0.8636363636363636,99.0,1.8573235020602303,0.895102990691226,0.2307552650689905,0.9029958677727272,0.2886363636666667,3,"(6, A, F)|(8, G, P)|(13, G, A)",test
452,FFHHIARGIVHVGKTIHRLVTG,FWHHIFRGIVHVGKTIHRLVTG,4.84163750790475,5.698970004336019,-0.857332496431269,FFHHIARGIVHVGKTIHRLVTG,FWHHIFRGIVHVGKTIHRLVTG,2,0.9090909090909092,108.0,2.005462051940601,0.9358919382504288,0.2948113207547169,0.9382575757727272,0.3208333335,2,"(2, F, W)|(6, A, F)",test
456,FFHHIARGIVHVGKTIHRLVTG,WFHHIFRGIVHVGKTIHRLVTG,4.84163750790475,5.698970004336019,-0.857332496431269,FFHHIARGIVHVGKTIHRLVTG,WFHHIFRGIVHVGKTIHRLVTG,2,0.9090909090909092,108.0,2.005462051940601,0.9358919382504288,0.2948113207547169,0.9382575757727272,0.3208333335,2,"(1, F, W)|(6, A, F)",test
457,FFHHIFRAIVHVAKTIHRLVTG,FFHHIFRGIVHIGKTIHRLVTG,5.823908740944319,4.920818753952375,0.9030899869919438,FFHHIFRAIVHVAKTIHRLVTG,FFHHIFRGIVHIGKTIHRLVTG,3,0.8636363636363636,108.0,2.005462051940601,0.914089746570565,0.3699914748508098,0.9443181818181816,0.5916666666666667,3,"(8, A, G)|(12, V, I)|(13, A, G)",test
461,FFHHIFRAIVHVAKTIHRLVTG,FFHHIFRGIVHVGKTVHRLVTG,5.823908740944319,4.698970004336019,1.1249387366083,FFHHIFRAIVHVAKTIHRLVTG,FFHHIFRGIVHVGKTVHRLVTG,3,0.8636363636363636,108.0,2.005462051940601,0.914089746570565,0.3699914748508098,0.9443181818181816,0.5916666666666667,3,"(8, A, G)|(13, A, G)|(16, I, V)",test
462,FFHHIFRAIVHVAKTIHRLVTG,FFHHIFRGIVHVGKTIHRLVTG,5.823908740944319,5.070581074285707,0.7533276666586115,FFHHIFRAIVHVAKTIHRLVTG,FFHHIFRGIVHVGKTIHRLVTG,2,0.9090909090909092,109.0,2.0219218908161984,0.9358288770053474,0.2941176470588235,0.95,0.45,2,"(8, A, G)|(13, A, G)",test
463,FFHHIFRAIVHVAKTIHRLVTG,FFHHIKRGIVHVGKTIHRLVTG,5.823908740944319,5.075720713938118,0.7481880270062007,FFHHIFRAIVHVAKTIHRLVTG,FFHHIKRGIVHVGKTIHRLVTG,3,0.8636363636363636,100.0,1.8737833409358275,0.9025694535020218,0.285509325681492,0.9093434343636364,0.3351851853333333,3,"(6, F, K)|(8, A, G)|(13, A, G)",test
464,FFHHIFRAIVHVAKTIHRLVTG,FFHHVFRGIVHVGKTIHRLVTG,5.823908740944319,4.698970004336019,1.1249387366083,FFHHIFRAIVHVAKTIHRLVTG,FFHHVFRGIVHVGKTIHRLVTG,3,0.8636363636363636,108.0,2.005462051940601,0.914089746570565,0.3699914748508098,0.9443181818181816,0.5916666666666667,3,"(5, I, V)|(8, A, G)|(13, A, G)",test
466,FFHHIFRAIVHVAKTIHRLVTG,FFHHIFRPIVHVPKTIHRLVTG,5.823908740944319,4.795880017344075,1.0280287236002437,FFHHIFRAIVHVAKTIHRLVTG,FFHHIFRPIVHVPKTIHRLVTG,2,0.9090909090909092,107.0,1.989002213065005,0.9216300940438872,0.1379310344827586,0.938533057818182,0.323863636,2,"(8, A, P)|(13, A, P)",test
467,FFHHIFRAIVHVAKTIHRLVTG,FFHHIFRGIVHVPKTIHRLVTG,5.823908740944319,5.096910013008056,0.7269987279362624,FFHHIFRAIVHVAKTIHRLVTG,FFHHIFRGIVHVPKTIHRLVTG,2,0.9090909090909092,108.0,2.005462051940601,0.9287294855246172,0.216024340770791,0.944266528909091,0.386931818,2,"(8, A, G)|(13, A, P)",test
468,FFHHIFRAIVHVAKTIHRLVTG,FFHHIFRGIVHVGKTAHRLVTG,5.823908740944319,4.698970004336019,1.1249387366083,FFHHIFRAIVHVAKTIHRLVTG,FFHHIFRGIVHVGKTAHRLVTG,3,0.8636363636363636,104.0,1.9396226964382144,0.9110354885755956,0.3475935828877004,0.921590909090909,0.425,3,"(8, A, G)|(13, A, G)|(16, I, A)",test
469,FFHHIFRAIVHVAKTIHRLVTG,FFHHIFRAIVHVPKTIHRLVTG,5.823908740944319,5.096910013008056,0.7269987279362624,FFHHIFRAIVHVAKTIHRLVTG,FFHHIFRAIVHVPKTIHRLVTG,1,0.9545454545454546,112.0,2.0713014074429887,0.9608150470219436,0.1379310344827586,0.9692665289090908,0.323863636,1,"(13, A, P)",test
470,FFHHIFRAIVHVAKTIHRLVTG,FFHHIFRGAVHVGKTIHRLVTG,5.823908740944319,4.698970004336019,1.1249387366083,FFHHIFRAIVHVAKTIHRLVTG,FFHHIFRGAVHVGKTIHRLVTG,3,0.8636363636363636,104.0,1.9396226964382144,0.9110354885755956,0.3475935828877004,0.921590909090909,0.425,3,"(8, A, G)|(9, I, A)|(13, A, G)",test
472,FFHHIFRAIVHVAKTIHRLVTG,FFHHIFRGVVHVGKTIHRLVTG,5.823908740944319,4.698970004336019,1.1249387366083,FFHHIFRAIVHVAKTIHRLVTG,FFHHIFRGVVHVGKTIHRLVTG,3,0.8636363636363636,108.0,2.005462051940601,0.914089746570565,0.3699914748508098,0.9443181818181816,0.5916666666666667,3,"(8, A, G)|(9, I, V)|(13, A, G)",test
474,FFHHIFRAIVHVAKTIHRLVTG,FKHHIFRGIVHVGKTIHRLVTG,5.823908740944319,5.096910013008056,0.7269987279362624,FFHHIFRAIVHVAKTIHRLVTG,FKHHIFRGIVHVGKTIHRLVTG,3,0.8636363636363636,100.0,1.8737833409358275,0.9025694535020218,0.285509325681492,0.9093434343636364,0.3351851853333333,3,"(2, F, K)|(8, A, G)|(13, A, G)",test
478,FFHHIFRAIVHVGKTIHRLVTG,FFHHIFRGAVHVGKTIHRLVTG,5.698970004336019,4.698970004336019,1.0,FFHHIFRAIVHVGKTIHRLVTG,FFHHIFRGAVHVGKTIHRLVTG,2,0.9090909090909092,110.0,2.038381729691795,0.9431210500729218,0.374331550802139,0.946590909090909,0.4125,2,"(8, A, G)|(9, I, A)",test
479,FFHHIFRAIVHVGKTIHRLVTG,FFHHIFRGIVHIGKTIHRLVTG,5.698970004336019,4.920818753952375,0.7781512503836439,FFHHIFRAIVHVGKTIHRLVTG,FFHHIFRGIVHIGKTIHRLVTG,2,0.9090909090909092,114.0,2.1042210851941827,0.9461753080678912,0.407928388746803,0.9693181818181816,0.6625,2,"(8, A, G)|(12, V, I)",test
481,FFHHIFRAIVHVGKTIHRLVTG,FFHHIFRPIVHVPKTIHRLVTG,5.698970004336019,4.795880017344075,0.9030899869919438,FFHHIFRAIVHVGKTIHRLVTG,FFHHIFRPIVHVPKTIHRLVTG,2,0.9090909090909092,106.0,1.972542374189408,0.9220945083014048,0.1430395913154533,0.932489669409091,0.2573863635,2,"(8, A, P)|(13, G, P)",test
487,FFHHIFRAIVHVGKTIHRLVTG,FFHHIFRGVVHVGKTIHRLVTG,5.698970004336019,4.698970004336019,1.0,FFHHIFRAIVHVGKTIHRLVTG,FFHHIFRGVVHVGKTIHRLVTG,2,0.9090909090909092,114.0,2.1042210851941827,0.9461753080678912,0.407928388746803,0.9693181818181816,0.6625,2,"(8, A, G)|(9, I, V)",test
488,FFHHIFRAIVHVGKTIHRLVTG,FFHHIFRGIVHVGKTVHRLVTG,5.698970004336019,4.698970004336019,1.0,FFHHIFRAIVHVGKTIHRLVTG,FFHHIFRGIVHVGKTVHRLVTG,2,0.9090909090909092,114.0,2.1042210851941827,0.9461753080678912,0.407928388746803,0.9693181818181816,0.6625,2,"(8, A, G)|(16, I, V)",test
489,FFHHIFRAIVHVGKTIHRLVTG,FFHHIFRGIVHVGKTAHRLVTG,5.698970004336019,4.698970004336019,1.0,FFHHIFRAIVHVGKTIHRLVTG,FFHHIFRGIVHVGKTAHRLVTG,2,0.9090909090909092,110.0,2.038381729691795,0.9431210500729218,0.374331550802139,0.946590909090909,0.4125,2,"(8, A, G)|(16, I, A)",test
490,FFHHIFRAIVHVGKTIHRLVTG,FFHHVFRGIVHVGKTIHRLVTG,5.698970004336019,4.698970004336019,1.0,FFHHIFRAIVHVGKTIHRLVTG,FFHHVFRGIVHVGKTIHRLVTG,2,0.9090909090909092,114.0,2.1042210851941827,0.9461753080678912,0.407928388746803,0.9693181818181816,0.6625,2,"(5, I, V)|(8, A, G)",test
512,FFHHIFRGAVHVGKTIHRLVTG,FFHHIFRGIVHVAKTIHRLVTG,4.698970004336019,5.698970004336019,-1.0,FFHHIFRGAVHVGKTIHRLVTG,FFHHIFRGIVHVAKTIHRLVTG,2,0.9090909090909092,110.0,2.038381729691795,0.9431210500729218,0.374331550802139,0.946590909090909,0.4125,2,"(9, A, I)|(13, G, A)",test
513,FFHHIFRGAVHVGKTIHRLVTG,FFHHIFRGIVHVGKKIHRLVKG,4.698970004336019,5.455931955649724,-0.7569619513137056,FFHHIFRGAVHVGKTIHRLVTG,FFHHIFRGIVHVGKKIHRLVKG,3,0.8636363636363636,104.0,1.9396226964382144,0.9070247933884296,0.3181818181818182,0.9109848484545452,0.347222222,3,"(9, A, I)|(15, T, K)|(21, T, K)",test
514,FFHHIFRGAVHVGKTIHRLVTG,FFHHIFRGIKHVGKTIHRLVTG,4.698970004336019,5.585026652029182,-0.8860566476931631,FFHHIFRGAVHVGKTIHRLVTG,FFHHIFRGIKHVGKTIHRLVTG,2,0.9090909090909092,110.0,2.038381729691795,0.9414822713942947,0.3563049853372433,0.9368686868636364,0.3055555555,2,"(9, A, I)|(10, V, K)",test
517,FFHHIFRGAVHVGKTIHRLVTG,FFHHIFRPIVHVAKTIHRLVTG,4.698970004336019,5.698970004336019,-1.0,FFHHIFRGAVHVGKTIHRLVTG,FFHHIFRPIVHVAKTIHRLVTG,3,0.8636363636363636,102.0,1.9067030186870209,0.904400511352383,0.2989370832508087,0.909814049590909,0.3386363636666666,3,"(8, G, P)|(9, A, I)|(13, G, A)",test
519,FFHHIFRGAVHVGKTIHRLVTG,FFHHIWRGIVHVGKTIHRLVTG,4.698970004336019,5.698970004336019,-1.0,FFHHIFRGAVHVGKTIHRLVTG,FFHHIWRGIVHVGKTIHRLVTG,2,0.9090909090909092,111.0,2.054841568567392,0.945189458911586,0.3970840480274442,0.9450757575909092,0.3958333335,2,"(6, F, W)|(9, A, I)",test
521,FFHHIFRGAVHVGKTIHRLVTG,FFHHIFRGIVHVGKKIHRLVTG,4.698970004336019,5.425968732272281,-0.7269987279362624,FFHHIFRGAVHVGKTIHRLVTG,FFHHIFRGIVHVGKKIHRLVTG,2,0.9090909090909092,110.0,2.038381729691795,0.9411157024793388,0.3522727272727272,0.9412878787727272,0.3541666665,2,"(9, A, I)|(15, T, K)",test
523,FFHHIFRGAVHVGKTIHRLVTG,FFHHIFRGIVHVGKTIHKLVTGT,4.698970004336019,5.6020599913279625,-0.9030899869919438,FFHHIFRGAVHVGKTIHRLVTG-,FFHHIFRGIVHVGKTIHKLVTGT,3,0.8695652173913043,113.0,1.9969890182177772,0.9071652984696462,0.2882672882672882,0.9148550724782608,0.3472222223333333,3,"(9, A, I)|(18, R, K)|(23, -, T)",test
527,FFHHIFRGAVHVGKTIHRLVTG,FWHHIFRGIVHVGKTIHRLVTG,4.698970004336019,5.698970004336019,-1.0,FFHHIFRGAVHVGKTIHRLVTG,FWHHIFRGIVHVGKTIHRLVTG,2,0.9090909090909092,111.0,2.054841568567392,0.945189458911586,0.3970840480274442,0.9450757575909092,0.3958333335,2,"(2, F, W)|(9, A, I)",test
531,FFHHIFRGAVHVGKTIHRLVTG,WFHHIFRGIVHVGKTIHRLVTG,4.698970004336019,5.698970004336019,-1.0,FFHHIFRGAVHVGKTIHRLVTG,WFHHIFRGIVHVGKTIHRLVTG,2,0.9090909090909092,111.0,2.054841568567392,0.945189458911586,0.3970840480274442,0.9450757575909092,0.3958333335,2,"(1, F, W)|(9, A, I)",test
532,FFHHIFRGIKHVGKTIHRLVTG,FFHHIFRGIVHVGKTAHRLVTG,5.585026652029182,4.698970004336019,0.8860566476931631,FFHHIFRGIKHVGKTIHRLVTG,FFHHIFRGIVHVGKTAHRLVTG,2,0.9090909090909092,110.0,2.038381729691795,0.9414822713942947,0.3563049853372433,0.9368686868636364,0.3055555555,2,"(10, K, V)|(16, I, A)",test
537,FFHHIFRGIKHVGKTIHRLVTG,FFHHVFRGIVHVGKTIHRLVTG,5.585026652029182,4.698970004336019,0.8860566476931631,FFHHIFRGIKHVGKTIHRLVTG,FFHHVFRGIVHVGKTIHRLVTG,2,0.9090909090909092,114.0,2.1042210851941827,0.9445365293892642,0.3899018232819073,0.959595959590909,0.5555555555,2,"(5, I, V)|(10, K, V)",test
539,FFHHIFRGIKHVGKTIHRLVTG,FFHHIFRGVVHVGKTIHRLVTG,5.585026652029182,4.698970004336019,0.8860566476931631,FFHHIFRGIKHVGKTIHRLVTG,FFHHIFRGVVHVGKTIHRLVTG,2,0.9090909090909092,114.0,2.1042210851941827,0.9445365293892642,0.3899018232819073,0.959595959590909,0.5555555555,2,"(9, I, V)|(10, K, V)",test
540,FFHHIFRGIKHVGKTIHRLVTG,FFHHIFRGIVHVGKTVHRLVTG,5.585026652029182,4.698970004336019,0.8860566476931631,FFHHIFRGIKHVGKTIHRLVTG,FFHHIFRGIVHVGKTVHRLVTG,2,0.9090909090909092,114.0,2.1042210851941827,0.9445365293892642,0.3899018232819073,0.959595959590909,0.5555555555,2,"(10, K, V)|(16, I, V)",test
543,FFHHIFRGIVHIGKTIHRLVTG,FFHHIFRPIVHVAKTIHRLVTG,4.920818753952375,5.698970004336019,-0.7781512503836439,FFHHIFRGIVHIGKTIHRLVTG,FFHHIFRPIVHVAKTIHRLVTG,3,0.8636363636363636,106.0,1.972542374189408,0.9074547693473526,0.3213349752139181,0.9325413223181817,0.5053030303333333,3,"(8, G, P)|(12, I, V)|(13, G, A)",test
545,FFHHIFRGIVHIGKTIHRLVTG,FFHHIWRGIVHVGKTIHRLVTG,4.920818753952375,5.698970004336019,-0.7781512503836439,FFHHIFRGIVHIGKTIHRLVTG,FFHHIWRGIVHVGKTIHRLVTG,2,0.9090909090909092,115.0,2.120680924069779,0.9482437169065552,0.4306808859721082,0.9678030303181818,0.6458333334999999,2,"(6, F, W)|(12, I, V)",test
548,FFHHIFRGIVHIGKTIHRLVTG,FFHHIFRGIVHVAKTIHRLVTG,4.920818753952375,5.698970004336019,-0.7781512503836439,FFHHIFRGIVHIGKTIHRLVTG,FFHHIFRGIVHVAKTIHRLVTG,2,0.9090909090909092,114.0,2.1042210851941827,0.9461753080678912,0.407928388746803,0.9693181818181816,0.6625,2,"(12, I, V)|(13, G, A)",test
553,FFHHIFRGIVHIGKTIHRLVTG,FWHHIFRGIVHVGKTIHRLVTG,4.920818753952375,5.698970004336019,-0.7781512503836439,FFHHIFRGIVHIGKTIHRLVTG,FWHHIFRGIVHVGKTIHRLVTG,2,0.9090909090909092,115.0,2.120680924069779,0.9482437169065552,0.4306808859721082,0.9678030303181818,0.6458333334999999,2,"(2, F, W)|(12, I, V)",test
557,FFHHIFRGIVHIGKTIHRLVTG,WFHHIFRGIVHVGKTIHRLVTG,4.920818753952375,5.698970004336019,-0.7781512503836439,FFHHIFRGIVHIGKTIHRLVTG,WFHHIFRGIVHVGKTIHRLVTG,2,0.9090909090909092,115.0,2.120680924069779,0.9482437169065552,0.4306808859721082,0.9678030303181818,0.6458333334999999,2,"(1, F, W)|(12, I, V)",test
558,FFHHIFRGIVHVAKTIHRLVTG,FFHHIFRPIVHVPKTIHRLVTG,5.698970004336019,4.795880017344075,0.9030899869919438,FFHHIFRGIVHVAKTIHRLVTG,FFHHIFRPIVHVPKTIHRLVTG,2,0.9090909090909092,106.0,1.972542374189408,0.9220945083014048,0.1430395913154533,0.932489669409091,0.2573863635,2,"(8, G, P)|(13, A, P)",test
559,FFHHIFRGIVHVAKTIHRLVTG,FFHHIFRGIVHVGKTVHRLVTG,5.698970004336019,4.698970004336019,1.0,FFHHIFRGIVHVAKTIHRLVTG,FFHHIFRGIVHVGKTVHRLVTG,2,0.9090909090909092,114.0,2.1042210851941827,0.9461753080678912,0.407928388746803,0.9693181818181816,0.6625,2,"(13, A, G)|(16, I, V)",test
560,FFHHIFRGIVHVAKTIHRLVTG,FFHHVFRGIVHVGKTIHRLVTG,5.698970004336019,4.698970004336019,1.0,FFHHIFRGIVHVAKTIHRLVTG,FFHHVFRGIVHVGKTIHRLVTG,2,0.9090909090909092,114.0,2.1042210851941827,0.9461753080678912,0.407928388746803,0.9693181818181816,0.6625,2,"(5, I, V)|(13, A, G)",test
563,FFHHIFRGIVHVAKTIHRLVTG,FFHHIFRGIVHVGKTAHRLVTG,5.698970004336019,4.698970004336019,1.0,FFHHIFRGIVHVAKTIHRLVTG,FFHHIFRGIVHVGKTAHRLVTG,2,0.9090909090909092,110.0,2.038381729691795,0.9431210500729218,0.374331550802139,0.946590909090909,0.4125,2,"(13, A, G)|(16, I, A)",test
566,FFHHIFRGIVHVAKTIHRLVTG,FFHHIFRGVVHVGKTIHRLVTG,5.698970004336019,4.698970004336019,1.0,FFHHIFRGIVHVAKTIHRLVTG,FFHHIFRGVVHVGKTIHRLVTG,2,0.9090909090909092,114.0,2.1042210851941827,0.9461753080678912,0.407928388746803,0.9693181818181816,0.6625,2,"(9, I, V)|(13, A, G)",test
574,FFHHIFRGIVHVGKKIHRLVKG,FFHHIFRGIVHVGKTAHRLVTG,5.455931955649724,4.698970004336019,0.7569619513137056,FFHHIFRGIVHVGKKIHRLVKG,FFHHIFRGIVHVGKTAHRLVTG,3,0.8636363636363636,104.0,1.9396226964382144,0.9070247933884296,0.3181818181818182,0.9109848484545452,0.347222222,3,"(15, K, T)|(16, I, A)|(21, K, T)",test
577,FFHHIFRGIVHVGKKIHRLVKG,FFHHVFRGIVHVGKTIHRLVTG,5.455931955649724,4.698970004336019,0.7569619513137056,FFHHIFRGIVHVGKKIHRLVKG,FFHHVFRGIVHVGKTIHRLVTG,3,0.8636363636363636,108.0,2.005462051940601,0.9100790513833992,0.3405797101449275,0.933712121181818,0.5138888886666667,3,"(5, I, V)|(15, K, T)|(21, K, T)",test
578,FFHHIFRGIVHVGKKIHRLVKG,FFHHIFRGIVHVGKTVHRLVTG,5.455931955649724,4.698970004336019,0.7569619513137056,FFHHIFRGIVHVGKKIHRLVKG,FFHHIFRGIVHVGKTVHRLVTG,3,0.8636363636363636,108.0,2.005462051940601,0.9100790513833992,0.3405797101449275,0.933712121181818,0.5138888886666667,3,"(15, K, T)|(16, I, V)|(21, K, T)",test
580,FFHHIFRGIVHVGKKIHRLVKG,FFHHIFRGVVHVGKTIHRLVTG,5.455931955649724,4.698970004336019,0.7569619513137056,FFHHIFRGIVHVGKKIHRLVKG,FFHHIFRGVVHVGKTIHRLVTG,3,0.8636363636363636,108.0,2.005462051940601,0.9100790513833992,0.3405797101449275,0.933712121181818,0.5138888886666667,3,"(9, I, V)|(15, K, T)|(21, K, T)",test
583,FFHHIFRGIVHVGKKIHRLVTG,FFHHVFRGIVHVGKTIHRLVTG,5.425968732272281,4.698970004336019,0.7269987279362624,FFHHIFRGIVHVGKKIHRLVTG,FFHHVFRGIVHVGKTIHRLVTG,2,0.9090909090909092,114.0,2.1042210851941827,0.9441699604743082,0.3858695652173913,0.9640151515,0.6041666665000001,2,"(5, I, V)|(15, K, T)",test
584,FFHHIFRGIVHVGKKIHRLVTG,FFHHIFRGIVHVGKTAHRLVTG,5.425968732272281,4.698970004336019,0.7269987279362624,FFHHIFRGIVHVGKKIHRLVTG,FFHHIFRGIVHVGKTAHRLVTG,2,0.9090909090909092,110.0,2.038381729691795,0.9411157024793388,0.3522727272727272,0.9412878787727272,0.3541666665,2,"(15, K, T)|(16, I, A)",test
587,FFHHIFRGIVHVGKKIHRLVTG,FFHHIFRGIVHVGKTVHRLVTG,5.425968732272281,4.698970004336019,0.7269987279362624,FFHHIFRGIVHVGKKIHRLVTG,FFHHIFRGIVHVGKTVHRLVTG,2,0.9090909090909092,114.0,2.1042210851941827,0.9441699604743082,0.3858695652173913,0.9640151515,0.6041666665000001,2,"(15, K, T)|(16, I, V)",test
588,FFHHIFRGIVHVGKKIHRLVTG,FFHHIFRGVVHVGKTIHRLVTG,5.425968732272281,4.698970004336019,0.7269987279362624,FFHHIFRGIVHVGKKIHRLVTG,FFHHIFRGVVHVGKTIHRLVTG,2,0.9090909090909092,114.0,2.1042210851941827,0.9441699604743082,0.3858695652173913,0.9640151515,0.6041666665000001,2,"(9, I, V)|(15, K, T)",test
593,FFHHIFRGIVHVGKTAHRLVTG,FFHHIFRGIVHVGKTIHKLVTGT,4.698970004336019,5.6020599913279625,-0.9030899869919438,FFHHIFRGIVHVGKTAHRLVTG-,FFHHIFRGIVHVGKTIHKLVTGT,3,0.8695652173913043,113.0,1.9969890182177772,0.9071652984696462,0.2882672882672882,0.9148550724782608,0.3472222223333333,3,"(16, A, I)|(18, R, K)|(23, -, T)",test
594,FFHHIFRGIVHVGKTAHRLVTG,FFHHIFRPIVHVAKTIHRLVTG,4.698970004336019,5.698970004336019,-1.0,FFHHIFRGIVHVGKTAHRLVTG,FFHHIFRPIVHVAKTIHRLVTG,3,0.8636363636363636,102.0,1.9067030186870209,0.9044005113523832,0.2989370832508087,0.909814049590909,0.3386363636666667,3,"(8, G, P)|(13, G, A)|(16, A, I)",test
599,FFHHIFRGIVHVGKTAHRLVTG,FFHHIWRGIVHVGKTIHRLVTG,4.698970004336019,5.698970004336019,-1.0,FFHHIFRGIVHVGKTAHRLVTG,FFHHIWRGIVHVGKTIHRLVTG,2,0.9090909090909092,111.0,2.054841568567392,0.945189458911586,0.3970840480274442,0.9450757575909092,0.3958333335,2,"(6, F, W)|(16, A, I)",test
602,FFHHIFRGIVHVGKTAHRLVTG,FWHHIFRGIVHVGKTIHRLVTG,4.698970004336019,5.698970004336019,-1.0,FFHHIFRGIVHVGKTAHRLVTG,FWHHIFRGIVHVGKTIHRLVTG,2,0.9090909090909092,111.0,2.054841568567392,0.945189458911586,0.3970840480274442,0.9450757575909092,0.3958333335,2,"(2, F, W)|(16, A, I)",test
606,FFHHIFRGIVHVGKTAHRLVTG,WFHHIFRGIVHVGKTIHRLVTG,4.698970004336019,5.698970004336019,-1.0,FFHHIFRGIVHVGKTAHRLVTG,WFHHIFRGIVHVGKTIHRLVTG,2,0.9090909090909092,111.0,2.054841568567392,0.945189458911586,0.3970840480274442,0.9450757575909092,0.3958333335,2,"(1, F, W)|(16, A, I)",test
615,FFHHIFRGIVHVGKTIHKLVTGT,FFHHIFRGIVHVGKTVHRLVTG,5.6020599913279625,4.698970004336019,0.9030899869919438,FFHHIFRGIVHVGKTIHKLVTGT,FFHHIFRGIVHVGKTVHRLVTG-,3,0.8695652173913043,117.0,2.059965793046148,0.9100867626387474,0.3106651802303976,0.9365942029130436,0.513888889,3,"(16, I, V)|(18, K, R)|(23, T, -)",test
618,FFHHIFRGIVHVGKTIHKLVTGT,FFHHIFRGVVHVGKTIHRLVTG,5.6020599913279625,4.698970004336019,0.9030899869919438,FFHHIFRGIVHVGKTIHKLVTGT,FFHHIFRGVVHVGKTIHRLVTG-,3,0.8695652173913043,117.0,2.059965793046148,0.9100867626387474,0.3106651802303976,0.9365942029130436,0.513888889,3,"(9, I, V)|(18, K, R)|(23, T, -)",test
622,FFHHIFRGIVHVGKTIHKLVTGT,FFHHVFRGIVHVGKTIHRLVTG,5.6020599913279625,4.698970004336019,0.9030899869919438,FFHHIFRGIVHVGKTIHKLVTGT,FFHHVFRGIVHVGKTIHRLVTG-,3,0.8695652173913043,117.0,2.059965793046148,0.9100867626387474,0.3106651802303976,0.9365942029130436,0.513888889,3,"(5, I, V)|(18, K, R)|(23, T, -)",test
638,FFHHIFRGIVHVGKTVHRLVTG,FFHHIFRPIVHVAKTIHRLVTG,4.698970004336019,5.698970004336019,-1.0,FFHHIFRGIVHVGKTVHRLVTG,FFHHIFRPIVHVAKTIHRLVTG,3,0.8636363636363636,106.0,1.972542374189408,0.9074547693473526,0.3213349752139181,0.9325413223181817,0.5053030303333333,3,"(8, G, P)|(13, G, A)|(16, V, I)",test
639,FFHHIFRGIVHVGKTVHRLVTG,FFHHIWRGIVHVGKTIHRLVTG,4.698970004336019,5.698970004336019,-1.0,FFHHIFRGIVHVGKTVHRLVTG,FFHHIWRGIVHVGKTIHRLVTG,2,0.9090909090909092,115.0,2.120680924069779,0.9482437169065552,0.4306808859721082,0.9678030303181818,0.6458333334999999,2,"(6, F, W)|(16, V, I)",test
643,FFHHIFRGIVHVGKTVHRLVTG,FWHHIFRGIVHVGKTIHRLVTG,4.698970004336019,5.698970004336019,-1.0,FFHHIFRGIVHVGKTVHRLVTG,FWHHIFRGIVHVGKTIHRLVTG,2,0.9090909090909092,115.0,2.120680924069779,0.9482437169065552,0.4306808859721082,0.9678030303181818,0.6458333334999999,2,"(2, F, W)|(16, V, I)",test
645,FFHHIFRGIVHVGKTVHRLVTG,KFHHIFRGIKHVGKTIHRLVTG,4.698970004336019,5.585026652029182,-0.8860566476931631,FFHHIFRGIVHVGKTVHRLVTG,KFHHIFRGIKHVGKTIHRLVTG,3,0.8636363636363636,108.0,2.005462051940601,0.9112771058859384,0.349365443163548,0.9189393939545454,0.4055555556666667,3,"(1, F, K)|(10, V, K)|(16, V, I)",test
647,FFHHIFRGIVHVGKTVHRLVTG,WFHHIFRGIVHVGKTIHRLVTG,4.698970004336019,5.698970004336019,-1.0,FFHHIFRGIVHVGKTVHRLVTG,WFHHIFRGIVHVGKTIHRLVTG,2,0.9090909090909092,115.0,2.120680924069779,0.9482437169065552,0.4306808859721082,0.9678030303181818,0.6458333334999999,2,"(1, F, W)|(16, V, I)",test
658,FFHHIFRGVVHVGKTIHRLVTG,FFHHIWRGIVHVGKTIHRLVTG,4.698970004336019,5.698970004336019,-1.0,FFHHIFRGVVHVGKTIHRLVTG,FFHHIWRGIVHVGKTIHRLVTG,2,0.9090909090909092,115.0,2.120680924069779,0.9482437169065552,0.4306808859721082,0.9678030303181818,0.6458333334999999,2,"(6, F, W)|(9, V, I)",test
661,FFHHIFRGVVHVGKTIHRLVTG,FFHHIFRPIVHVAKTIHRLVTG,4.698970004336019,5.698970004336019,-1.0,FFHHIFRGVVHVGKTIHRLVTG,FFHHIFRPIVHVAKTIHRLVTG,3,0.8636363636363636,106.0,1.972542374189408,0.9074547693473524,0.3213349752139181,0.9325413223181817,0.5053030303333333,3,"(8, G, P)|(9, V, I)|(13, G, A)",test
664,FFHHIFRGVVHVGKTIHRLVTG,FWHHIFRGIVHVGKTIHRLVTG,4.698970004336019,5.698970004336019,-1.0,FFHHIFRGVVHVGKTIHRLVTG,FWHHIFRGIVHVGKTIHRLVTG,2,0.9090909090909092,115.0,2.120680924069779,0.9482437169065552,0.4306808859721082,0.9678030303181818,0.6458333334999999,2,"(2, F, W)|(9, V, I)",test
667,FFHHIFRGVVHVGKTIHRLVTG,KFHHIFRGIKHVGKTIHRLVTG,4.698970004336019,5.585026652029182,-0.8860566476931631,FFHHIFRGVVHVGKTIHRLVTG,KFHHIFRGIKHVGKTIHRLVTG,3,0.8636363636363636,108.0,2.005462051940601,0.9112771058859384,0.349365443163548,0.9189393939545454,0.4055555556666666,3,"(1, F, K)|(9, V, I)|(10, V, K)",test
668,FFHHIFRGVVHVGKTIHRLVTG,WFHHIFRGIVHVGKTIHRLVTG,4.698970004336019,5.698970004336019,-1.0,FFHHIFRGVVHVGKTIHRLVTG,WFHHIFRGIVHVGKTIHRLVTG,2,0.9090909090909092,115.0,2.120680924069779,0.9482437169065552,0.4306808859721082,0.9678030303181818,0.6458333334999999,2,"(1, F, W)|(9, V, I)",test
669,FFHHIFRPIVHVAKTIHRLVTG,FFHHIFRPIVHVPKTIHRLVTG,5.698970004336019,4.795880017344075,0.9030899869919438,FFHHIFRPIVHVAKTIHRLVTG,FFHHIFRPIVHVPKTIHRLVTG,1,0.9545454545454546,115.0,2.120680924069779,0.9608150470219436,0.1379310344827586,0.9692665289090908,0.323863636,1,"(13, A, P)",test
671,FFHHIFRPIVHVAKTIHRLVTG,FFHHVFRGIVHVGKTIHRLVTG,5.698970004336019,4.698970004336019,1.0,FFHHIFRPIVHVAKTIHRLVTG,FFHHVFRGIVHVGKTIHRLVTG,3,0.8636363636363636,106.0,1.972542374189408,0.9074547693473524,0.3213349752139181,0.9325413223181817,0.5053030303333333,3,"(5, I, V)|(8, P, G)|(13, A, G)",test
706,FFHHIWRGIVHVGKTIHRLVTG,FFHHVFRGIVHVGKTIHRLVTG,5.698970004336019,4.698970004336019,1.0,FFHHIWRGIVHVGKTIHRLVTG,FFHHVFRGIVHVGKTIHRLVTG,2,0.9090909090909092,115.0,2.120680924069779,0.9482437169065552,0.4306808859721082,0.9678030303181818,0.6458333334999999,2,"(5, I, V)|(6, W, F)",test
711,FFHHVFRGIVHVGKTIHRLVTG,FWHHIFRGIVHVGKTIHRLVTG,4.698970004336019,5.698970004336019,-1.0,FFHHVFRGIVHVGKTIHRLVTG,FWHHIFRGIVHVGKTIHRLVTG,2,0.9090909090909092,115.0,2.120680924069779,0.9482437169065552,0.4306808859721082,0.9678030303181818,0.6458333334999999,2,"(2, F, W)|(5, V, I)",test
713,FFHHVFRGIVHVGKTIHRLVTG,KFHHIFRGIKHVGKTIHRLVTG,4.698970004336019,5.585026652029182,-0.8860566476931631,FFHHVFRGIVHVGKTIHRLVTG,KFHHIFRGIKHVGKTIHRLVTG,3,0.8636363636363636,108.0,2.005462051940601,0.9112771058859384,0.349365443163548,0.9189393939545454,0.4055555556666666,3,"(1, F, K)|(5, V, I)|(10, V, K)",test
715,FFHHVFRGIVHVGKTIHRLVTG,WFHHIFRGIVHVGKTIHRLVTG,4.698970004336019,5.698970004336019,-1.0,FFHHVFRGIVHVGKTIHRLVTG,WFHHIFRGIVHVGKTIHRLVTG,2,0.9090909090909092,115.0,2.120680924069779,0.9482437169065552,0.4306808859721082,0.9678030303181818,0.6458333334999999,2,"(1, F, W)|(5, V, I)",test
725,FFPIVGKLLSGLL,FLPILGKLLSGLL,5.27234350085506,3.795880017344075,1.4764634835109849,FFPIVGKLLSGLL,FLPILGKLLSGLL,2,0.8461538461538461,55.0,1.917537924134412,0.9017094017094016,0.3611111111111111,0.9288461538461538,0.5375,2,"(2, F, L)|(5, V, L)",test
726,FFPIVGKLLSGLL,FLPIIGKLLSGLL,5.27234350085506,4.308682630897419,0.963660869957641,FFPIVGKLLSGLL,FLPIIGKLLSGLL,2,0.8461538461538461,57.0,1.973248148021047,0.9097918989223336,0.4136473429951691,0.948076923076923,0.6625,2,"(2, F, L)|(5, V, I)",test
729,FFPIVGKLLSGLL,FLPILGKLLSGIL,5.27234350085506,4.0,1.27234350085506,FFPIVGKLLSGLL,FLPILGKLLSGIL,3,0.7692307692307693,53.0,1.8618277002477768,0.8550061050061049,0.3716931216931217,0.9096153846153846,0.6083333333333333,3,"(2, F, L)|(5, V, L)|(12, L, I)",test
730,FFPIVGKLLSGLL,FLPIVGRLISGLL,5.27234350085506,3.903089986991944,1.3692535138631157,FFPIVGKLLSGLL,FLPIVGRLISGLL,3,0.7692307692307693,53.0,1.8618277002477768,0.8545130083591622,0.3695563695563695,0.9128205128461538,0.6222222223333334,3,"(2, F, L)|(7, K, R)|(9, L, I)",test
734,FFPIVGKLLSGLL,FLPIVGKLLSGLL,5.27234350085506,3.892790030352132,1.3795534705029278,FFPIVGKLLSGLL,FLPIVGKLLSGLL,1,0.9230769230769232,58.0,2.0011032599643648,0.9465811965811964,0.3055555555555556,0.9576923076923076,0.45,1,"(2, F, L)",test
776,FKKLKKLFSKLWNWK,FKRLEKLFSKIWNWK,6.0,4.0,2.0,FKKLKKLFSKLWNWK,FKRLEKLFSKIWNWK,3,0.8,77.0,2.192970335302414,0.8806242368742369,0.4031211843711843,0.9314814815333332,0.6574074076666666,3,"(3, K, R)|(5, K, E)|(11, L, I)",test
778,FKKLKKLFSKLWNWK,FKRLKKLFSKIWNWK,6.0,5.204119982655925,0.795880017344075,FKKLKKLFSKLWNWK,FKRLKKLFSKIWNWK,2,0.8666666666666667,81.0,2.289534723372582,0.9202075702075702,0.4015567765567764,0.9611111111333333,0.7083333334999999,2,"(3, K, R)|(11, L, I)",test
796,FKRLEKLFKKIWNWK,FKRLEKLFSKIWNWK,5.204119982655925,4.0,1.204119982655925,FKRLEKLFKKIWNWK,FKRLEKLFSKIWNWK,1,0.9333333333333332,82.0,2.313675820390124,0.9595238095238094,0.3928571428571428,0.9648148148,0.472222222,1,"(9, K, S)",test
798,FKRLEKLFSKIWNWK,FKRLKKLFSKIWNWK,4.0,5.204119982655925,-1.204119982655925,FKRLEKLFSKIWNWK,FKRLKKLFSKIWNWK,1,0.9333333333333332,82.0,2.313675820390124,0.9604166666666668,0.40625,0.9703703704,0.555555556,1,"(5, E, K)",test
800,FKRLEKLFSKIWNWK,FKRLKKLFKKIWNWK,4.0,5.574031267727719,-1.5740312677277188,FKRLEKLFSKIWNWK,FKRLKKLFKKIWNWK,2,0.8666666666666667,78.0,2.217111432319956,0.919940476190476,0.3995535714285714,0.9351851852,0.513888889,2,"(5, E, K)|(9, S, K)",test
802,FKVQNQHGQVVKIFHH,KVQNQHGQVVKIFHH,3.3872161432802645,2.494850021680094,0.8923661216001704,FKVQNQHGQVVKIFHH,-KVQNQHGQVVKIFHH,1,0.9375,83.0,2.1917033600696865,0.9375,0.0,0.9375,0.0,1,"(1, F, -)",test
813,FLFSLIPHAIGGLISAFK,FLFSLIPSAISGLISAFK,3.823908740944319,5.023647126498338,-1.1997383855540185,FLFSLIPHAIGGLISAFK,FLFSLIPSAISGLISAFK,2,0.8888888888888888,75.0,1.7872401177227748,0.9229492650545283,0.3065433854907539,0.93125,0.38125,2,"(8, H, S)|(11, G, S)",test
815,FLFSLIPHAIGGLISAFK,FLFSLIPKAIGGLISAFK,3.823908740944319,5.301029995663981,-1.4771212547196622,FLFSLIPHAIGGLISAFK,FLFSLIPKAIGGLISAFK,1,0.9444444444444444,81.0,1.9079456028104849,0.957729468599034,0.2391304347826087,0.9606481481666668,0.291666667,1,"(8, H, K)",test
816,FLFSLIPKAIGGLISAFK,FLFSLIPSAIGGLISAFK,5.301029995663981,4.301029995663981,1.0,FLFSLIPKAIGGLISAFK,FLFSLIPSAIGGLISAFK,1,0.9444444444444444,82.0,1.9280631836584363,0.9662698412698412,0.3928571428571428,0.9706790123333332,0.472222222,1,"(8, K, S)",test
822,FLFSLIPSAIGGLISAFK,FLFSLIPSAISGLISAFK,4.301029995663981,5.023647126498338,-0.7226171308343563,FLFSLIPSAIGGLISAFK,FLFSLIPSAISGLISAFK,1,0.9444444444444444,80.0,1.887828021962533,0.9619883040935674,0.3157894736842105,0.9694444444444444,0.45,1,"(11, G, S)",test
824,FLFSLIPSAISGLISAF,FLFSLIPSAISGLISAFK,3.9208187539523753,5.023647126498338,-1.1028283725459622,FLFSLIPSAISGLISAF-,FLFSLIPSAISGLISAFK,1,0.9444444444444444,79.0,1.8677104411145813,0.9444444444444444,0.0,0.9444444444444444,0.0,1,"(18, -, K)",test
841,FLGALFKALSKLL,FLKALFKALSKLL,4.006398768766399,4.7757999672712135,-0.7694011985048146,FLGALFKALSKLL,FLKALFKALSKLL,1,0.9230769230769232,52.0,1.8339725883044584,0.9430199430199432,0.2592592592592592,0.9393162393076924,0.211111111,1,"(3, G, K)",test
861,FLGALFKVASK,FLGWLFKVASK,3.771013222745038,4.714520907854393,-0.9435076851093548,FLGALFKVASK,FLGWLFKVASK,1,0.9090909090909092,45.0,1.936984405556005,0.9245647969052224,0.1702127659574468,0.9178030302727272,0.095833333,1,"(4, A, W)",test
867,FLGALWEVAKSVF,FLGALWKVAKSVF,4.903089986991944,5.806875401645538,-0.9037854146535942,FLGALWEVAKSVF,FLGALWKVAKSVF,1,0.9230769230769232,63.0,2.140378819680953,0.9543269230769232,0.40625,0.9658119658461538,0.555555556,1,"(7, E, K)",test
868,FLGALWEVAKSVF,FLGALWNVAKKVF,4.903089986991944,5.806875401645538,-0.9037854146535942,FLGALWEVAKSVF,FLGALWNVAKKVF,2,0.8461538461538461,58.0,2.0011032599643648,0.9065934065934064,0.3928571428571428,0.9149572649230768,0.447222222,2,"(7, E, N)|(11, S, K)",test
872,FLGALWKVAKSVF,FLGALWNVAKSVF,5.806875401645538,4.801893001126599,1.004982400518939,FLGALWKVAKSVF,FLGALWNVAKSVF,1,0.9230769230769232,62.0,2.112523707737635,0.9503722084367248,0.3548387096774194,0.9555555555384616,0.422222222,1,"(7, K, N)",test
873,FLGALWKVAKSVF,FLGELWNVAKSVF,5.806875401645538,4.301029995663981,1.5058454059815567,FLGALWKVAKSVF,FLGELWNVAKSVF,2,0.8461538461538461,57.0,1.973248148021047,0.8980645161290324,0.3374193548387096,0.9058760683846152,0.3881944444999999,2,"(4, A, E)|(7, K, N)",test
878,FLGALWNVAKKVF,FLGALWNVAKSVF,5.806875401645538,4.801893001126599,1.004982400518939,FLGALWNVAKKVF,FLGALWNVAKSVF,1,0.9230769230769232,64.0,2.168233931624271,0.9532967032967032,0.3928571428571428,0.9594017093846152,0.472222222,1,"(11, K, S)",test
879,FLGALWNVAKKVF,FLGELWNVAKSVF,5.806875401645538,4.301029995663981,1.5058454059815567,FLGALWNVAKKVF,FLGELWNVAKSVF,2,0.8461538461538461,59.0,2.0289583719076822,0.900989010989011,0.3564285714285714,0.9097222222307692,0.4131944445,2,"(4, A, E)|(11, K, S)",test
880,FLGALWNVAKSVF,FLGALWNVWKSVF,4.801893001126599,5.806875401645538,-1.004982400518939,FLGALWNVAKSVF,FLGALWNVWKSVF,1,0.9230769230769232,61.0,2.0846685957943176,0.9361702127659574,0.1702127659574468,0.9304487179230768,0.095833333,1,"(9, A, W)",test
882,FLGALWNVAKSVF,FLKALWNVAKSVF,4.801893001126599,5.806875401645538,-1.004982400518939,FLGALWNVAKSVF,FLKALWNVAKSVF,1,0.9230769230769232,60.0,2.056813483851,0.9430199430199432,0.2592592592592592,0.9393162393076924,0.211111111,1,"(3, G, K)",test
883,FLGALWNVWKSVF,FLGELWNVWKSVF,5.806875401645538,5.028028723600244,0.7788466780452943,FLGALWNVWKSVF,FLGELWNVWKSVF,1,0.9230769230769232,70.0,2.335364603284177,0.9476923076923076,0.32,0.9503205128461538,0.354166667,1,"(4, A, E)",test
888,FLGELWNVAKSVF,FLGELWNVWKSVF,4.301029995663981,5.028028723600244,-0.7269987279362624,FLGELWNVAKSVF,FLGELWNVWKSVF,1,0.9230769230769232,62.0,2.112523707737635,0.9361702127659574,0.1702127659574468,0.9304487179230768,0.095833333,1,"(9, A, W)",test
898,FLGGVFKGASKVFPAVFGKV,FLGKVFKGASKVFGAVFGKV,3.904669592578232,4.814272490350091,-0.9096028977718592,FLGGVFKGASKVFPAVFGKV,FLGKVFKGASKVFGAVFGKV,2,0.9,85.0,1.7895743335820626,0.9203703703703704,0.2037037037037036,0.9201010101,0.201010101,2,"(4, G, K)|(14, P, G)",test
901,FLGGVFKGASKVFPAVFGKV,FLGKVFKLASKVFPAVFGKV,3.904669592578232,5.134872036277775,-1.2302024436995431,FLGGVFKGASKVFPAVFGKV,FLGKVFKLASKVFPAVFGKV,2,0.9,84.0,1.771468510818906,0.9260064412238324,0.2600644122383252,0.91055555555,0.1055555555,2,"(4, G, K)|(8, G, L)",test
909,FLGGVFKGASKVFPAVFGKV,FLGKVFKKASKVFPAVFGKV,3.904669592578232,4.836819319118423,-0.9321497265401916,FLGGVFKGASKVFPAVFGKV,FLGKVFKKASKVFPAVFGKV,2,0.9,86.0,1.807680156345219,0.925925925925926,0.2592592592592592,0.9211111111,0.211111111,2,"(4, G, K)|(8, G, K)",test
911,FLGGVFKGASKVFPAVFGKV,FLGGVFKKASKVFGAVFGKV,3.904669592578232,4.814272490350091,-0.9096028977718592,FLGGVFKGASKVFPAVFGKV,FLGGVFKKASKVFGAVFGKV,2,0.9,85.0,1.7895743335820626,0.9203703703703704,0.2037037037037036,0.9201010101,0.201010101,2,"(8, G, K)|(14, P, G)",test
930,FLGGVFKKASKVFGAVFGKV,FLGVVFKLASKVFGAVFGKV,4.814272490350091,3.9167796706137,0.897492819736391,FLGGVFKKASKVFGAVFGKV,FLGVVFKLASKVFGAVFGKV,2,0.9,84.0,1.771468510818906,0.9296875,0.296875,0.91743055555,0.1743055555,2,"(4, G, V)|(8, K, L)",test
932,FLGGVFKKASKVFGAVFGKV,FLGVVFKKASKVFPAVFGKV,4.814272490350091,3.927952144683424,0.8863203456666673,FLGGVFKKASKVFGAVFGKV,FLGVVFKKASKVFPAVFGKV,2,0.9,83.0,1.7533626880557491,0.9199074074074074,0.199074074074074,0.91517045455,0.1517045455,2,"(4, G, V)|(14, G, P)",test
937,FLGGVFKKASKVFGAVFGKV,FLGSVFKSASKVFPAVFGKV,4.814272490350091,3.9171760410741614,0.8970964492759297,FLGGVFKKASKVFGAVFGKV,FLGSVFKSASKVFPAVFGKV,3,0.85,81.0,1.7171510425294365,0.8928397382344752,0.2855982548965005,0.90565656565,0.371043771,3,"(4, G, S)|(8, K, S)|(14, G, P)",test
965,FLGGVFKLASKVFPAVFGKV,FLKKVFKLASKVFPAVFGKV,4.518425262368362,5.750857464319673,-1.232432201951311,FLGGVFKLASKVFPAVFGKV,FLKKVFKLASKVFPAVFGKV,2,0.9,84.0,1.771468510818906,0.925925925925926,0.2592592592592592,0.9211111111,0.211111111,2,"(3, G, K)|(4, G, K)",test
967,FLGKLFKVASK,FLGWLFKVASK,3.791526617505522,4.714520907854393,-0.9229942903488708,FLGKLFKVASK,FLGWLFKVASK,1,0.9090909090909092,45.0,1.936984405556005,0.926948051948052,0.1964285714285714,0.917171717181818,0.088888889,1,"(4, K, W)",test
972,FLGKVFKGASKVFGAVFGKV,FLGKVFKGASKVVPAVFGKV,4.814272490350091,3.909518567553649,0.9047539227964424,FLGKVFKGASKVFGAVFGKV,FLGKVFKGASKVVPAVFGKV,2,0.9,85.0,1.7895743335820626,0.9188359788359788,0.1883597883597883,0.92642045455,0.2642045455,2,"(13, F, V)|(14, G, P)",test
979,FLGKVFKGASKVFGAVFGKV,FLGVVFKGASKVFPAVFGKV,4.814272490350091,3.913470741753977,0.900801748596114,FLGKVFKGASKVFGAVFGKV,FLGVVFKGASKVFPAVFGKV,2,0.9,85.0,1.7895743335820626,0.9203106332138592,0.2031063321385901,0.9213510101,0.213510101,2,"(4, K, V)|(14, G, P)",test
982,FLGKVFKGASKVFGAVFGKV,FLGKVVKGASKVFPAVFGKV,4.814272490350091,3.909518567553649,0.9047539227964424,FLGKVFKGASKVFGAVFGKV,FLGKVVKGASKVFPAVFGKV,2,0.9,85.0,1.7895743335820626,0.9188359788359788,0.1883597883597883,0.92642045455,0.2642045455,2,"(6, F, V)|(14, G, P)",test
987,FLGKVFKGASKVFGAVFGKV,FLGSVFKSASKVFPAVFGKV,4.814272490350091,3.9171760410741614,0.8970964492759297,FLGKVFKGASKVFGAVFGKV,FLGSVFKSASKVFPAVFGKV,3,0.85,81.0,1.7171510425294365,0.8928397382344752,0.2855982548965005,0.90565656565,0.371043771,3,"(4, K, S)|(8, G, S)|(14, G, P)",test
989,FLGKVFKGASKVFGAVFGKV,FLGVVFKLASKVFGAVFGKV,4.814272490350091,3.9167796706137,0.897492819736391,FLGKVFKGASKVFGAVFGKV,FLGVVFKLASKVFGAVFGKV,2,0.9,83.0,1.7533626880557491,0.9259467040673212,0.2594670406732117,0.91180555555,0.1180555555,2,"(4, K, V)|(8, G, L)",test
992,FLGKVFKGASKVVPAVFGKV,FLGKVFKKASKVFPAVFGKV,3.909518567553649,4.836819319118423,-0.9273007515647748,FLGKVFKGASKVVPAVFGKV,FLGKVFKKASKVFPAVFGKV,2,0.9,86.0,1.807680156345219,0.9243915343915344,0.2439153439153438,0.92743055555,0.2743055555,2,"(8, G, K)|(13, V, F)",test
996,FLGKVFKGASKVVPAVFGKV,FLGKVFKLASKVFPAVFGKV,3.909518567553649,5.134872036277775,-1.2253534687241263,FLGKVFKGASKVVPAVFGKV,FLGKVFKLASKVFPAVFGKV,2,0.9,84.0,1.771468510818906,0.924472049689441,0.2447204968944099,0.916875,0.16875,2,"(8, G, L)|(13, V, F)",test
999,FLGKVFKGASKVVPAVFGKV,FLGKVFKKVSKVFPAVFGKV,3.909518567553649,4.8423278866587145,-0.9328093191050656,FLGKVFKGASKVVPAVFGKV,FLGKVFKKVSKVFPAVFGKV,3,0.85,82.0,1.7352568652925928,0.9038032990974166,0.3586886606494449,0.90243055555,0.349537037,3,"(8, G, K)|(9, A, V)|(13, V, F)",test
1015,FLGKVFKGAVKVFPAVFGKV,FLGKVFKLASKVFPAVFGKV,4.222927147134156,5.134872036277775,-0.9119448891436192,FLGKVFKGAVKVFPAVFGKV,FLGKVFKLASKVFPAVFGKV,2,0.9,85.0,1.7895743335820626,0.9312252964426876,0.3122529644268774,0.9125,0.125,2,"(8, G, L)|(10, V, S)",test
1030,FLGKVFKGVSKVFPAVFGKV,FLGKVFKLASKVFPAVFGKV,4.2261640631212165,5.134872036277775,-0.9087079731565586,FLGKVFKGVSKVFPAVFGKV,FLGKVFKLASKVFPAVFGKV,2,0.9,87.0,1.8257859791083757,0.942455242966752,0.4245524296675191,0.925,0.25,2,"(8, G, L)|(9, V, A)",test
1045,FLGKVFKKASKVFPAVFGKV,FLGKVFKKASKVVPAVFGKV,4.836819319118423,3.924130153495184,0.9126891656232394,FLGKVFKKASKVFPAVFGKV,FLGKVFKKASKVVPAVFGKV,1,0.95,93.0,1.9344209156873144,0.9614285714285714,0.2285714285714285,0.966875,0.3375,1,"(13, F, V)",test
1047,FLGKVFKKASKVFPAVFGKV,FLGKVVKGASKVFPAVFGKV,4.836819319118423,3.909518567553649,0.9273007515647748,FLGKVFKKASKVFPAVFGKV,FLGKVVKGASKVFPAVFGKV,2,0.9,86.0,1.807680156345219,0.9243915343915344,0.2439153439153438,0.92743055555,0.2743055555,2,"(6, F, V)|(8, K, G)",test
1053,FLGKVFKKASKVFPAVFGKV,FLGSVFKSASKVFPAVFGKV,4.836819319118423,3.9171760410741614,0.919643278044262,FLGKVFKKASKVFPAVFGKV,FLGSVFKSASKVFPAVFGKV,2,0.9,90.0,1.8801034473978449,0.9392857142857144,0.3928571428571428,0.9472222222,0.472222222,2,"(4, K, S)|(8, K, S)",test
1054,FLGKVFKKASKVFPAVFGKV,FLGVVFKKASKVFPAVFGKV,4.836819319118423,3.927952144683424,0.9088671744349996,FLGKVFKKASKVFPAVFGKV,FLGVVFKKASKVFPAVFGKV,1,0.95,93.0,1.9344209156873144,0.9629032258064516,0.2580645161290322,0.96180555555,0.236111111,1,"(4, K, V)",test
1057,FLGKVFKKASKVFPAVFGKV,FLGVVFKSASKVFPAVFGKV,4.836819319118423,3.919643525141104,0.9171757939773192,FLGKVFKKASKVFPAVFGKV,FLGVVFKSASKVFPAVFGKV,2,0.9,88.0,1.843891801871532,0.9325460829493089,0.3254608294930875,0.93541666665,0.3541666665,2,"(4, K, V)|(8, K, S)",test
1059,FLGKVFKKASKVFPAVFGKV,FLGVVFKGASKVFPAVFGKV,4.836819319118423,3.913470741753977,0.9233485773644464,FLGKVFKKASKVFPAVFGKV,FLGVVFKGASKVFPAVFGKV,2,0.9,86.0,1.807680156345219,0.9258661887694146,0.2586618876941456,0.9223611111,0.223611111,2,"(4, K, V)|(8, K, G)",test
1069,FLGKVFKKASKVFPAVFGKV,FLKKVFKLASKVFPAVFGKV,4.836819319118423,5.750857464319673,-0.9140381452012498,FLGKVFKKASKVFPAVFGKV,FLKKVFKLASKVFPAVFGKV,2,0.9,85.0,1.7895743335820626,0.930150462962963,0.3015046296296296,0.9223611111,0.223611111,2,"(3, G, K)|(8, K, L)",test
1078,FLGKVFKKASKVFPAVVGKV,FLGKVFKLASKVFPAVFGKV,4.225160149159165,5.134872036277775,-0.9097118871186104,FLGKVFKKASKVFPAVVGKV,FLGKVFKLASKVFPAVFGKV,2,0.9,86.0,1.807680156345219,0.9286160714285714,0.2861607142857142,0.92868055555,0.2868055555,2,"(8, K, L)|(17, V, F)",test
1093,FLGKVFKKASKVVPAVFGKV,FLGKVFKKVSKVFPAVFGKV,3.924130153495184,4.8423278866587145,-0.9181977331635304,FLGKVFKKASKVVPAVFGKV,FLGKVFKKVSKVFPAVFGKV,2,0.9,89.0,1.8619976246346883,0.9408403361344536,0.4084033613445378,0.941875,0.41875,2,"(9, A, V)|(13, V, F)",test
1094,FLGKVFKKASKVVPAVFGKV,FLGKVFKLASKVFPAVFGKV,3.924130153495184,5.134872036277775,-1.210741882782591,FLGKVFKKASKVVPAVFGKV,FLGKVFKLASKVFPAVFGKV,2,0.9,86.0,1.807680156345219,0.9286160714285714,0.2861607142857142,0.92868055555,0.2868055555,2,"(8, K, L)|(13, V, F)",test
1099,FLGKVFKKASKVVPAVFGKV,FLGKVFKKAVKVFPAVFGKV,3.924130153495184,4.839194775839893,-0.9150646223447088,FLGKVFKKASKVVPAVFGKV,FLGKVFKKAVKVFPAVFGKV,2,0.9,87.0,1.8257859791083757,0.9296103896103896,0.296103896103896,0.929375,0.29375,2,"(10, S, V)|(13, V, F)",test
1118,FLGKVFKKAVKVFPAVFGKV,FLGVVFKKASKVFPAVFGKV,4.839194775839893,3.927952144683424,0.911242631156469,FLGKVFKKAVKVFPAVFGKV,FLGVVFKKASKVFPAVFGKV,2,0.9,87.0,1.8257859791083757,0.9310850439882696,0.3108504398826979,0.92430555555,0.2430555555,2,"(4, K, V)|(10, V, S)",test
1123,FLGKVFKKAVKVFPAVFGKV,FLGSVFKSASKVFPAVFGKV,4.839194775839893,3.9171760410741614,0.9220187347657314,FLGKVFKKAVKVFPAVFGKV,FLGSVFKSASKVFPAVFGKV,3,0.85,84.0,1.771468510818906,0.9074675324675324,0.383116883116883,0.9097222222,0.398148148,3,"(4, K, S)|(8, K, S)|(10, V, S)",test
1124,FLGKVFKKAVKVFPAVFGKV,FLGVVFKLAVKVFPAVFGKV,4.839194775839893,3.927358772393696,0.9118360034461968,FLGKVFKKAVKVFPAVFGKV,FLGVVFKLAVKVFPAVFGKV,2,0.9,86.0,1.807680156345219,0.9300907258064516,0.3009072580645161,0.9236111111,0.236111111,2,"(4, K, V)|(8, K, L)",test
1135,FLGKVFKKVSKVFPAVFGKV,FLGKVVKGASKVFPAVFGKV,4.8423278866587145,3.909518567553649,0.9328093191050656,FLGKVFKKVSKVFPAVFGKV,FLGKVVKGASKVFPAVFGKV,3,0.85,82.0,1.7352568652925928,0.9038032990974167,0.358688660649445,0.90243055555,0.349537037,3,"(6, F, V)|(8, K, G)|(9, V, A)",test
1136,FLGKVFKKVSKVFPAVFGKV,FLGSVFKSASKVFPAVFGKV,4.8423278866587145,3.9171760410741614,0.9251518455845532,FLGKVFKKVSKVFPAVFGKV,FLGSVFKSASKVFPAVFGKV,3,0.85,86.0,1.807680156345219,0.9186974789915964,0.4579831932773109,0.9222222222,0.4814814813333334,3,"(4, K, S)|(8, K, S)|(9, V, A)",test
1141,FLGKVFKKVSKVFPAVFGKV,FLGVVFKKASKVFPAVFGKV,4.8423278866587145,3.927952144683424,0.9143757419752908,FLGKVFKKVSKVFPAVFGKV,FLGVVFKKASKVFPAVFGKV,2,0.9,89.0,1.8619976246346883,0.9423149905123338,0.4231499051233396,0.93680555555,0.3680555555,2,"(4, K, V)|(9, V, A)",test
1148,FLGKVFKKVSKVFPAVFGKV,FLGVVFKSASKVFPAVFGKV,4.8423278866587145,3.919643525141104,0.9226843615176104,FLGKVFKKVSKVFPAVFGKV,FLGVVFKSASKVFPAVFGKV,3,0.85,84.0,1.771468510818906,0.9119578476551912,0.413052317701274,0.91041666665,0.4027777776666667,3,"(4, K, V)|(8, K, S)|(9, V, A)",test
1152,FLGKVFKKVSKVFPAVFGKV,FLGVVFKLVSKVFPAVFGKV,4.8423278866587145,3.9305553848197112,0.9117725018390032,FLGKVFKKVSKVFPAVFGKV,FLGVVFKLVSKVFPAVFGKV,2,0.9,86.0,1.807680156345219,0.9300907258064516,0.3009072580645161,0.9236111111,0.236111111,2,"(4, K, V)|(8, K, L)",test
1157,FLGKVFKLASKVFGAVFGKV,FLGVVFKLASKVFGAVFGKV,5.126826367691385,3.9167796706137,1.210046697077685,FLGKVFKLASKVFGAVFGKV,FLGVVFKLASKVFGAVFGKV,1,0.95,91.0,1.8982092701610012,0.9629032258064516,0.2580645161290322,0.96180555555,0.236111111,1,"(4, K, V)",test
1159,FLGKVFKLASKVFGAVFGKV,FLGVVFKLASKVFKAVFGKV,5.126826367691385,4.232182952249088,0.8946434154422969,FLGKVFKLASKVFGAVFGKV,FLGVVFKLASKVFKAVFGKV,2,0.9,83.0,1.7533626880557491,0.9258661887694146,0.2586618876941456,0.9223611111,0.223611111,2,"(4, K, V)|(14, G, K)",test
1164,FLGKVFKLASKVFGAVFGKV,FLGVVFKLASKVFGAVFKKV,5.126826367691385,3.931152956585107,1.195673411106278,FLGKVFKLASKVFGAVFGKV,FLGVVFKLASKVFGAVFKKV,2,0.9,83.0,1.7533626880557491,0.9258661887694146,0.2586618876941456,0.9223611111,0.223611111,2,"(4, K, V)|(18, G, K)",test
1175,FLGKVFKLASKVFGAVFGKV,FLKVVFKLASKVFGAVFGKV,5.126826367691385,4.232182952249088,0.8946434154422969,FLGKVFKLASKVFGAVFGKV,FLKVVFKLASKVFGAVFGKV,2,0.9,83.0,1.7533626880557491,0.9258661887694146,0.2586618876941456,0.9223611111,0.223611111,2,"(3, G, K)|(4, K, V)",test
1177,FLGKVFKLASKVFKAVFGKV,FLGSVFKSASKVFPAVFGKV,5.14100798338237,3.9171760410741614,1.223831942308209,FLGKVFKLASKVFKAVFGKV,FLGSVFKSASKVFPAVFGKV,3,0.85,80.0,1.6990452197662798,0.8984339494016058,0.3228929960107054,0.90126262625,0.3417508416666666,3,"(4, K, S)|(8, L, S)|(14, K, P)",test
1185,FLGKVFKLASKVFKAVFGKV,FLGVVFKLASKVFGAVFGKV,5.14100798338237,3.9167796706137,1.2242283127686702,FLGKVFKLASKVFKAVFGKV,FLGVVFKLASKVFGAVFGKV,2,0.9,83.0,1.7533626880557491,0.9258661887694146,0.2586618876941456,0.9223611111,0.223611111,2,"(4, K, V)|(14, K, G)",test
1188,FLGKVFKLASKVFKAVFGKV,FLGVVFKLVSKVFPAVFGKV,5.14100798338237,3.9305553848197112,1.210452598562659,FLGKVFKLASKVFKAVFGKV,FLGVVFKLVSKVFPAVFGKV,3,0.85,80.0,1.6990452197662798,0.8971930392928218,0.3146202619521451,0.9019570707,0.3463804713333333,3,"(4, K, V)|(9, A, V)|(14, K, P)",test
1191,FLGKVFKLASKVFKAVFGKV,FLGVVFKLASKVFKAVFGKV,5.14100798338237,4.232182952249088,0.908825031133282,FLGKVFKLASKVFKAVFGKV,FLGVVFKLASKVFKAVFGKV,1,0.95,90.0,1.8801034473978449,0.9629032258064516,0.2580645161290322,0.96180555555,0.236111111,1,"(4, K, V)",test
1199,FLGKVFKLASKVFPAVFGKV,FLGSVFKSASKVFPAVFGKV,5.134872036277775,3.9171760410741614,1.2176959952036135,FLGKVFKLASKVFPAVFGKV,FLGSVFKSASKVFPAVFGKV,2,0.9,88.0,1.843891801871532,0.943555900621118,0.4355590062111801,0.9361111111,0.361111111,2,"(4, K, S)|(8, L, S)",test
1202,FLGKVFKLASKVFPAVFGKV,FLGVVFKGASKVFPAVFGKV,5.134872036277775,3.913470741753977,1.221401294523798,FLGKVFKLASKVFPAVFGKV,FLGVVFKGASKVFPAVFGKV,2,0.9,84.0,1.771468510818906,0.9259467040673212,0.2594670406732117,0.91180555555,0.1180555555,2,"(4, K, V)|(8, L, G)",test
1204,FLGKVFKLASKVFPAVFGKV,FLGVVFKKASKVFPAVFGKV,5.134872036277775,3.927952144683424,1.206919891594351,FLGKVFKLASKVFPAVFGKV,FLGVVFKKASKVFPAVFGKV,2,0.9,86.0,1.807680156345219,0.9300907258064516,0.3009072580645161,0.9236111111,0.236111111,2,"(4, K, V)|(8, L, K)",test
1206,FLGKVFKLASKVFPAVFGKV,FLGVVFKLASKVFGAVFGKV,5.134872036277775,3.9167796706137,1.218092365664075,FLGKVFKLASKVFPAVFGKV,FLGVVFKLASKVFGAVFGKV,2,0.9,83.0,1.7533626880557491,0.9203106332138592,0.2031063321385901,0.9213510101,0.213510101,2,"(4, K, V)|(14, P, G)",test
1207,FLGKVFKLASKVFPAVFGKV,FLGVVFKLASKVFKAVFGKV,5.134872036277775,4.232182952249088,0.9026890840286868,FLGKVFKLASKVFPAVFGKV,FLGVVFKLASKVFKAVFGKV,2,0.9,84.0,1.771468510818906,0.9177812745869394,0.1778127458693941,0.9269570707,0.269570707,2,"(4, K, V)|(14, P, K)",test
1209,FLGKVFKLASKVFPAVFGKV,FLGKVVKKASKVFPAVFGKV,5.134872036277775,4.225160149159165,0.9097118871186104,FLGKVFKLASKVFPAVFGKV,FLGKVVKKASKVFPAVFGKV,2,0.9,86.0,1.807680156345219,0.9286160714285714,0.2861607142857142,0.92868055555,0.2868055555,2,"(6, F, V)|(8, L, K)",test
1211,FLGKVFKLASKVFPAVFGKV,FLGVVFKLVSKVFPAVFGKV,5.134872036277775,3.9305553848197112,1.204316651458064,FLGKVFKLASKVFPAVFGKV,FLGVVFKLVSKVFPAVFGKV,2,0.9,88.0,1.843891801871532,0.9423149905123338,0.4231499051233396,0.93680555555,0.3680555555,2,"(4, K, V)|(9, A, V)",test
1212,FLGKVFKLASKVFPAVFGKV,FLGVVFKLAVKVFPAVFGKV,5.134872036277775,3.927358772393696,1.207513263884079,FLGKVFKLASKVFPAVFGKV,FLGVVFKLAVKVFPAVFGKV,2,0.9,86.0,1.807680156345219,0.9310850439882696,0.3108504398826979,0.92430555555,0.2430555555,2,"(4, K, V)|(10, S, V)",test
1213,FLGKVFKLASKVFPAVFGKV,FLGVVFKSASKVFPAVFGKV,5.134872036277775,3.919643525141104,1.215228511136671,FLGKVFKLASKVFPAVFGKV,FLGVVFKSASKVFPAVFGKV,2,0.9,86.0,1.807680156345219,0.9368162692847124,0.3681626928471248,0.92430555555,0.2430555555,2,"(4, K, V)|(8, L, S)",test
1214,FLGKVFKLASKVFPAVFGKV,FLGVVFKLASKVFPAVVGKV,5.134872036277775,3.915137082284624,1.219734953993151,FLGKVFKLASKVFPAVFGKV,FLGVVFKLASKVFPAVVGKV,2,0.9,85.0,1.7895743335820626,0.924331797235023,0.2433179723502303,0.92868055555,0.2868055555,2,"(4, K, V)|(17, F, V)",test
1216,FLGKVFKLASKVFPAVFGKV,FLGVVFKLASKVVPAVFGKV,5.134872036277775,3.915137082284624,1.219734953993151,FLGKVFKLASKVFPAVFGKV,FLGVVFKLASKVVPAVFGKV,2,0.9,85.0,1.7895743335820626,0.924331797235023,0.2433179723502303,0.92868055555,0.2868055555,2,"(4, K, V)|(13, F, V)",test
1218,FLGKVFKLASKVFPAVFGKV,FLGVVVKLASKVFPAVFGKV,5.134872036277775,3.915137082284624,1.219734953993151,FLGKVFKLASKVFPAVFGKV,FLGVVVKLASKVFPAVFGKV,2,0.9,85.0,1.7895743335820626,0.924331797235023,0.2433179723502303,0.92868055555,0.2868055555,2,"(4, K, V)|(6, F, V)",test
1219,FLGKVFKLASKVFPAVFGKV,FLGKVVKGASKVFPAVFGKV,5.134872036277775,3.909518567553649,1.2253534687241263,FLGKVFKLASKVFPAVFGKV,FLGKVVKGASKVFPAVFGKV,2,0.9,84.0,1.771468510818906,0.924472049689441,0.2447204968944099,0.916875,0.16875,2,"(6, F, V)|(8, L, G)",test
1226,FLGKVFKLASKVFPAVFKKV,FLGVVFKLASKVFGAVFKKV,5.148797472991711,3.931152956585107,1.2176445164066036,FLGKVFKLASKVFPAVFKKV,FLGVVFKLASKVFGAVFKKV,2,0.9,82.0,1.7352568652925928,0.9203106332138592,0.2031063321385901,0.9213510101,0.213510101,2,"(4, K, V)|(14, P, G)",test
1247,FLGKVFKLASKVFPKVFGKV,FLGVVFKKASKVFPKVFGKV,5.146086194042533,4.240267895330752,0.9058182987117808,FLGKVFKLASKVFPKVFGKV,FLGVVFKKASKVFPKVFGKV,2,0.9,87.0,1.8257859791083757,0.9300907258064516,0.3009072580645161,0.9236111111,0.236111111,2,"(4, K, V)|(8, L, K)",test
1260,FLGKVFKLASKVFPKVFGKV,FLGVVFKLVSKVFPAVFGKV,5.146086194042533,3.9305553848197112,1.2155308092228214,FLGKVFKLASKVFPKVFGKV,FLGVVFKLVSKVFPAVFGKV,3,0.85,83.0,1.7533626880557491,0.9066007047980482,0.3773380319869883,0.9045138889,0.3634259259999999,3,"(4, K, V)|(9, A, V)|(15, K, A)",test
1261,FLGKVFKLASKVFPKVFGKV,FLGSVFKSASKVFPAVFGKV,5.146086194042533,3.9171760410741614,1.2289101529683712,FLGKVFKLASKVFPKVFGKV,FLGSVFKSASKVFPAVFGKV,3,0.85,83.0,1.7533626880557491,0.9078416149068324,0.3856107660455486,0.90381944445,0.3587962963333333,3,"(4, K, S)|(8, L, S)|(15, K, A)",test
1285,FLGLLFKVASK,FLGWLFKVASK,3.786225195555398,4.714520907854393,-0.9282957122989948,FLGLLFKVASK,FLGWLFKVASK,1,0.9090909090909092,46.0,1.9699040833071988,0.928698752228164,0.2156862745098039,0.9265151515454544,0.191666667,1,"(4, L, W)",test
1300,FLGSVFKLASKVFPAVFGKV,FLKKVFKLASKVFPAVFGKV,4.524557329687122,5.750857464319673,-1.2263001346325515,FLGSVFKLASKVFPAVFGKV,FLKKVFKLASKVFPAVFGKV,2,0.9,86.0,1.807680156345219,0.93260582010582,0.326058201058201,0.93416666665,0.3416666665,2,"(3, G, K)|(4, S, K)",test
1304,FLGSVFKSASKVFPAVFGKV,FLGVVFKKASKVFKAVFGKV,3.9171760410741614,4.8372174843709335,-0.920041443296772,FLGSVFKSASKVFPAVFGKV,FLGVVFKKASKVFKAVFGKV,3,0.85,80.0,1.6990452197662798,0.892702724105163,0.2846848273677541,0.90126262625,0.3417508416666666,3,"(4, S, V)|(8, S, K)|(14, P, K)",test
1314,FLGVVFKGASKVFPAVFGKV,FLGVVFKKASKVFKAVFGKV,3.913470741753977,4.8372174843709335,-0.9237467426169564,FLGVVFKGASKVFPAVFGKV,FLGVVFKKASKVFKAVFGKV,2,0.9,84.0,1.771468510818906,0.9178410117434508,0.1784101174345076,0.9257070707,0.257070707,2,"(8, G, K)|(14, P, K)",test
1321,FLGVVFKGASKVFPAVFGKV,FLKVVFKLASKVFPAVFGKV,3.913470741753977,4.842135043710013,-0.928664301956036,FLGVVFKGASKVFPAVFGKV,FLKVVFKLASKVFPAVFGKV,2,0.9,82.0,1.7352568652925928,0.9260064412238324,0.2600644122383252,0.91055555555,0.1055555555,2,"(3, G, K)|(8, G, L)",test
1346,FLGVVFKKASKVFKAVFGKV,FLGVVFKLVSKVFPAVFGKV,4.8372174843709335,3.9305553848197112,0.9066620995512222,FLGVVFKKASKVFKAVFGKV,FLGVVFKLVSKVFPAVFGKV,3,0.85,80.0,1.6990452197662798,0.9014773134863704,0.3431820899091344,0.9019570707,0.3463804713333333,3,"(8, K, L)|(9, A, V)|(14, K, P)",test
1350,FLGVVFKKASKVFKAVFGKV,FLGVVFKKASKVFPAVFGKV,4.8372174843709335,3.927952144683424,0.9092653396875096,FLGVVFKKASKVFKAVFGKV,FLGVVFKKASKVFPAVFGKV,1,0.95,91.0,1.8982092701610012,0.9548780487804878,0.0975609756097561,0.96515151515,0.303030303,1,"(14, K, P)",test
1352,FLGVVFKKASKVFKAVFGKV,FLGVVFKSASKVFPAVFGKV,4.8372174843709335,3.919643525141104,0.9175739592298292,FLGVVFKKASKVFKAVFGKV,FLGVVFKSASKVFPAVFGKV,2,0.9,86.0,1.807680156345219,0.9245209059233448,0.2452090592334494,0.93876262625,0.3876262625,2,"(8, K, S)|(14, K, P)",test
1355,FLGVVFKKASKVFKAVFGKV,FLGVVFKLASKVFGAVFGKV,4.8372174843709335,3.9167796706137,0.9204378137572332,FLGVVFKKASKVFKAVFGKV,FLGVVFKLASKVFGAVFGKV,2,0.9,83.0,1.7533626880557491,0.930150462962963,0.3015046296296296,0.9223611111,0.223611111,2,"(8, K, L)|(14, K, G)",test
1366,FLGVVFKKASKVFPAVFGKV,FLKVVFKLASKVFPAVFGKV,3.927952144683424,4.842135043710013,-0.9141828990265894,FLGVVFKKASKVFPAVFGKV,FLKVVFKLASKVFPAVFGKV,2,0.9,84.0,1.771468510818906,0.930150462962963,0.3015046296296296,0.9223611111,0.223611111,2,"(3, G, K)|(8, K, L)",test
1380,FLGVVFKLASKVFGAVFGKV,FLKVVFKLASKVFPAVFGKV,3.9167796706137,4.842135043710013,-0.9253553730963132,FLGVVFKLASKVFGAVFGKV,FLKVVFKLASKVFPAVFGKV,2,0.9,81.0,1.7171510425294365,0.9203703703703704,0.2037037037037036,0.9201010101,0.201010101,2,"(3, G, K)|(14, G, P)",test
1407,FLGVVFKLASKVFPAVFGKV,FLKKVFKLASKVFPAVFGKV,4.526994848948739,5.750857464319673,-1.2238626153709342,FLGVVFKLASKVFPAVFGKV,FLKKVFKLASKVFPAVFGKV,2,0.9,84.0,1.771468510818906,0.9258661887694146,0.2586618876941456,0.9223611111,0.223611111,2,"(3, G, K)|(4, V, K)",test
1425,FLGVVFKLASKVFPAVVGKV,FLKVVFKLASKVFPAVFGKV,3.915137082284624,4.842135043710013,-0.9269979614253891,FLGVVFKLASKVFPAVVGKV,FLKVVFKLASKVFPAVFGKV,2,0.9,83.0,1.7533626880557491,0.9243915343915344,0.2439153439153438,0.92743055555,0.2743055555,2,"(3, G, K)|(17, V, F)",test
1428,FLGVVFKLASKVVPAVFGKV,FLKVVFKLASKVFPAVFGKV,3.915137082284624,4.842135043710013,-0.9269979614253891,FLGVVFKLASKVVPAVFGKV,FLKVVFKLASKVFPAVFGKV,2,0.9,83.0,1.7533626880557491,0.9243915343915344,0.2439153439153438,0.92743055555,0.2743055555,2,"(3, G, K)|(13, V, F)",test
1431,FLGVVFKLAVKVFPAVFGKV,FLKVVFKLASKVFPAVFGKV,3.927358772393696,4.842135043710013,-0.9147762713163172,FLGVVFKLAVKVFPAVFGKV,FLKVVFKLASKVFPAVFGKV,2,0.9,84.0,1.771468510818906,0.9311447811447812,0.3114478114478114,0.92305555555,0.2305555555,2,"(3, G, K)|(10, V, S)",test
1438,FLGVVFKLVSKVFPAVFGKV,FLKVVFKLASKVFPAVFGKV,3.9305553848197112,4.842135043710013,-0.911579658890302,FLGVVFKLVSKVFPAVFGKV,FLKVVFKLASKVFPAVFGKV,2,0.9,86.0,1.807680156345219,0.9423747276688452,0.4237472766884531,0.93555555555,0.3555555555,2,"(3, G, K)|(9, V, A)",test
1441,FLGVVFKSASKVFPAVFGKV,FLKVVFKLASKVFPAVFGKV,3.919643525141104,4.842135043710013,-0.9224915185689092,FLGVVFKSASKVFPAVFGKV,FLKVVFKLASKVFPAVFGKV,2,0.9,84.0,1.771468510818906,0.936876006441224,0.3687600644122383,0.92305555555,0.2305555555,2,"(3, G, K)|(8, S, L)",test
1444,FLGVVVKLASKVFPAVFGKV,FLKVVFKLASKVFPAVFGKV,3.915137082284624,4.842135043710013,-0.9269979614253891,FLGVVVKLASKVFPAVFGKV,FLKVVFKLASKVFPAVFGKV,2,0.9,83.0,1.7533626880557491,0.9243915343915344,0.2439153439153438,0.92743055555,0.2743055555,2,"(3, G, K)|(6, V, F)",test
1453,FLGWLFKWAWK,FLWWLFKWAWK,4.7728441889628535,3.906049423531124,0.8667947654317296,FLGWLFKWAWK,FLWWLFKWAWK,1,0.9090909090909092,65.0,2.595377960579877,0.920696324951644,0.1276595744680851,0.9242424242727272,0.166666667,1,"(3, G, W)",test
1458,FLKALFKVALKVL,FLKALFKVASKVL,4.474195277527115,5.366155345239922,-0.891960067712807,FLKALFKVALKVL,FLKALFKVASKVL,1,0.9230769230769232,53.0,1.8618277002477768,0.959866220735786,0.4782608695652174,0.9423076923076924,0.25,1,"(10, L, S)",test
1471,FLKKVFKLASKVFPAVFGKV,FLKVVFKLASKVFGAVFGKV,5.750857464319673,4.232182952249088,1.518674512070585,FLKKVFKLASKVFPAVFGKV,FLKVVFKLASKVFGAVFGKV,2,0.9,82.0,1.7352568652925928,0.9203106332138592,0.2031063321385901,0.9213510101,0.213510101,2,"(4, K, V)|(14, P, G)",test
1472,FLKKVFKLASKVFPAVFGKV,FLKVVFKLASKVFPAVFGKV,5.750857464319673,4.842135043710013,0.90872242060966,FLKKVFKLASKVFPAVFGKV,FLKVVFKLASKVFPAVFGKV,1,0.95,91.0,1.8982092701610012,0.9629032258064516,0.2580645161290322,0.96180555555,0.236111111,1,"(4, K, V)",test
1473,FLKKVFKLASKVFPAVFGKV,FLKVVFKKASKVFPAVFGKV,5.750857464319673,4.242996207050589,1.5078612572690844,FLKKVFKLASKVFPAVFGKV,FLKVVFKKASKVFPAVFGKV,2,0.9,85.0,1.7895743335820626,0.9300907258064516,0.3009072580645161,0.9236111111,0.236111111,2,"(4, K, V)|(8, L, K)",test
1474,FLKLIPRKIVTAL,FLLLIPRKIVTAL,5.138140550436275,3.698077539300996,1.4400630111352792,FLKLIPRKIVTAL,FLLLIPRKIVTAL,1,0.9230769230769232,54.0,1.8896828121910936,0.9495192307692308,0.34375,0.9412393162307692,0.236111111,1,"(3, K, L)",test
1498,FLPIIAKLLGGLL,FLPIVGKLLSGLL,4.658888739222493,3.892790030352132,0.766098708870361,FLPIIAKLLGGLL,FLPIVGKLLSGLL,3,0.7692307692307693,51.0,1.806117476361141,0.856280480859832,0.3772154170592722,0.9057692307692308,0.5916666666666667,3,"(5, I, V)|(6, A, G)|(10, G, S)",test
1516,FLPILGKLLSGIL,FLPIVAKLLSGLL,4.0,4.795880017344075,-0.795880017344075,FLPILGKLLSGIL,FLPIVAKLLSGLL,3,0.7692307692307693,51.0,1.806117476361141,0.8541262658909717,0.3678804855275443,0.9096153846153846,0.6083333333333333,3,"(5, L, V)|(6, G, A)|(12, I, L)",test
1519,FLPILGKLLSGIL,FLPLIGRVLSGIL,4.0,5.0,-1.0,FLPILGKLLSGIL,FLPLIGRVLSGIL,4,0.6923076923076923,52.0,1.8339725883044584,0.8163567202028741,0.4031593406593406,0.9070512820769232,0.69791666675,4,"(4, I, L)|(5, L, I)|(7, K, R)|(8, L, V)",test
1524,FLPILGKLLSGLL,FLPIVAKLLSGLL,3.795880017344075,4.795880017344075,-1.0,FLPILGKLLSGLL,FLPIVAKLLSGLL,2,0.8461538461538461,53.0,1.8618277002477768,0.9008295625942684,0.355392156862745,0.9288461538461538,0.5375,2,"(5, L, V)|(6, G, A)",test
1535,FLPIVAKLLSGLL,FLPIVGKLLSGLL,4.795880017344075,3.892790030352132,0.9030899869919428,FLPIVAKLLSGLL,FLPIVGKLLSGLL,1,0.9230769230769232,56.0,1.9453930360777296,0.9457013574660632,0.2941176470588235,0.9576923076923076,0.45,1,"(6, A, G)",test
1536,FLPIVAKLLSGLL,FLPIVGRLISGLL,4.795880017344075,3.903089986991944,0.8927900303521308,FLPIVAKLLSGLL,FLPIVGRLISGLL,3,0.7692307692307693,51.0,1.806117476361141,0.853633169244029,0.3657437333907922,0.9128205128461538,0.6222222223333334,3,"(6, A, G)|(7, K, R)|(9, L, I)",test
1537,FLPIVAKLLSGLL,FLPIVTNLLSGLL,4.795880017344075,3.636388020107856,1.159491997236219,FLPIVAKLLSGLL,FLPIVTNLLSGLL,2,0.8461538461538461,51.0,1.806117476361141,0.9161841742486904,0.4551971326164875,0.914957264923077,0.447222222,2,"(6, A, T)|(7, K, N)",test
1539,FLPIVAKLLSGLL,FLYIVAKLLSGLL,4.795880017344075,3.290730039024169,1.5051499783199058,FLPIVAKLLSGLL,FLYIVAKLLSGLL,1,0.9230769230769232,50.0,1.7782623644178237,0.9296235679214404,0.0851063829787234,0.9300699300769232,0.090909091,1,"(3, P, Y)",test
1548,FLPIVGRLISGLL,FLPLIGRVLSGIL,3.903089986991944,5.0,-1.0969100130080558,FLPIVGRLISGLL,FLPLIGRVLSGIL,5,0.6153846153846154,52.0,1.8339725883044584,0.7782290173594522,0.4233954451345755,0.903846153846154,0.75,5,"(4, I, L)|(5, V, I)|(8, L, V)|(9, I, L)|(12, L, I)",test
1578,FLSLIPHAINAVSAIAKHF,FLSLIPHAINAVSALANHG,5.161150909262744,4.457797217565972,0.7033536916967726,FLSLIPHAINAVSAIAKHF,FLSLIPHAINAVSALANHG,3,0.8421052631578947,81.0,1.8075274131888803,0.891326097501819,0.311731950844854,0.9090643274736842,0.424074074,3,"(15, I, L)|(17, K, N)|(19, F, G)",test
1585,FLSLIPHIATGIAALAKHL,FLSMIPHIVSGVAALAKHL,5.431798275933005,4.6020599913279625,0.8297382846050425,FLSLIPHIATGIAALAKHL,FLSMIPHIVSGVAALAKHL,4,0.7894736842105263,82.0,1.826586173992203,0.8865735413527632,0.461224321425625,0.9301900584736842,0.66840277775,4,"(4, L, M)|(9, A, V)|(10, T, S)|(12, I, V)",test
1593,FLSLIPHIVSGVASLAIHF,FLSLIPHIVSGVASLAKHF,3.6989700043360174,4.560667306169737,-0.8616973018337188,FLSLIPHIVSGVASLAIHF,FLSLIPHIVSGVASLAKHF,1,0.9473684210526316,86.0,1.9028212172054937,0.9609022556390976,0.2571428571428571,0.9535818713684212,0.118055556,1,"(17, I, K)",test
1606,FPLTWPTKWWKG,FPVTWRTKWWKG,3.791497102800223,4.809668301829708,-1.018171199029485,FPLTWPTKWWKG,FPVTWRTKWWKG,2,0.8333333333333334,71.0,2.560154691496453,0.875,0.25,0.9022516835,0.413510101,2,"(3, L, V)|(6, P, R)",test
1609,FPVTWGWWKWWKG,FPVTWKWWKWWKG,4.4403274452548,5.275724130399211,-0.8353966851444108,FPVTWGWWKWWKG,FPVTWKWWKWWKG,1,0.9230769230769232,91.0,2.9203219540938483,0.9430199430199432,0.2592592592592592,0.9393162393076924,0.211111111,1,"(6, G, K)",test
1617,FPVTWPTKWWKG,FPVTWRTKWWKG,3.787540921359744,4.809668301829708,-1.0221273804699642,FPVTWPTKWWKG,FPVTWRTKWWKG,1,0.9166666666666666,74.0,2.650683805312235,0.923611111111111,0.0833333333333333,0.9335016835,0.202020202,1,"(6, P, R)",test
1623,FQWQRNIRKVR,FQWQRNPRKVR,3.786972203341844,3.057991946977687,0.728980256364157,FQWQRNIRKVR,FQWQRNPRKVR,1,0.9090909090909092,54.0,2.2332615053167477,0.918918918918919,0.1081081081081081,0.9189049586363636,0.107954545,1,"(7, I, P)",test
1653,FWGALAKGALKLIGSLFSSFSKKD,FWGALAKGALKLIVGSLFSSFSKKD,4.903089986991944,3.5228787452803374,1.3802112417116064,FWGALAKGALKLI-GSLFSSFSKKD,FWGALAKGALKLIVGSLFSSFSKKD,1,0.96,110.0,1.7937759221287797,0.96,0.0,0.96,0.0,1,"(14, -, V)",test
1654,FWGALAKGALKLIGSLFSSFSKKD,FWGALAKGALKLIGVSLFSSFSKKD,4.903089986991944,3.5228787452803374,1.3802112417116064,FWGALAKGALKLIG-SLFSSFSKKD,FWGALAKGALKLIGVSLFSSFSKKD,1,0.96,110.0,1.7937759221287797,0.96,0.0,0.96,0.0,1,"(15, -, V)",test
1655,FWGALAKGALKLIGVSLFSSFSKKD,FWGALAKGALKLIPSLFSSFSKKD,3.5228787452803374,4.801342913045577,-1.2784641677652395,FWGALAKGALKLIGVSLFSSFSKKD,FWGALAKGALKLI-PSLFSSFSKKD,2,0.92,102.0,1.677898656444578,0.925,0.0625,0.92863636364,0.1079545455,2,"(14, G, -)|(15, V, P)",test
1657,FWGALAKGALKLIPSLFSSFSKKD,FWGALAKGALKLIVGSLFSSFSKKD,4.801342913045577,3.5228787452803374,1.2784641677652395,FWGALAKGALKLIP-SLFSSFSKKD,FWGALAKGALKLIVGSLFSSFSKKD,2,0.92,102.0,1.677898656444578,0.925,0.0625,0.92863636364,0.1079545455,2,"(14, P, V)|(15, -, G)",test
1666,GAHDILKYGKPS,GIHDILKYGKPS,4.301029995663981,5.301029995663981,-1.0,GAHDILKYGKPS,GIHDILKYGKPS,1,0.9166666666666666,61.0,2.258390978777177,0.9545454545454546,0.4545454545454545,0.9479166666666666,0.375,1,"(2, A, I)",test
1667,GAHDILKYGKPS,GIHDILKYAKPS,4.301029995663981,5.301029995663981,-1.0,GAHDILKYGKPS,GIHDILKYAKPS,2,0.8333333333333334,55.0,2.077332751145613,0.89572192513369,0.374331550802139,0.9020833333333332,0.4125,2,"(2, A, I)|(9, G, A)",test
1692,GALKRIKTLL,GMLKRIKTLL,4.41279607734862,3.6989700043360174,0.7138260730126018,GALKRIKTLL,GMLKRIKTLL,1,0.9,41.0,1.9858362640063536,0.9333333333333332,0.3333333333333333,0.9354166667,0.354166667,1,"(2, A, M)",test
1693,GALKRIKTLL,GMLKRIKTLM,4.41279607734862,3.6989700043360174,0.7138260730126018,GALKRIKTLL,GMLKRIKTLM,2,0.8,39.0,1.9134129729537277,0.872043010752688,0.3602150537634409,0.90625,0.53125,2,"(2, A, M)|(10, L, M)",test
1694,GALKRIKTLL,GVLKRIKTLV,4.41279607734862,3.6989700043360174,0.7138260730126018,GALKRIKTLL,GVLKRIKTLV,2,0.8,39.0,1.9134129729537277,0.9004901960784313,0.5024509803921569,0.9125,0.5625,2,"(2, A, V)|(10, L, V)",test
1697,GAVDILKGAAKDIAGHLASKVMNKL,GVVDILKGAAKAIAGHLASKVMNKL,4.0,5.505845405981558,-1.5058454059815576,GAVDILKGAAKDIAGHLASKVMNKL,GVVDILKGAAKAIAGHLASKVMNKL,2,0.92,109.0,1.7792912639182543,0.9587675070028012,0.4845938375350139,0.949,0.3625,2,"(2, A, V)|(12, D, A)",test
1700,GAVDILKGAAKDIAGHLASKVMNKL,GVVDILKGAAKDILGHLASKVMNKL,4.0,5.204119982655925,-1.204119982655925,GAVDILKGAAKDIAGHLASKVMNKL,GVVDILKGAAKDILGHLASKVMNKL,2,0.92,112.0,1.8227452385498304,0.9625770308123248,0.5322128851540616,0.955,0.4375,2,"(2, A, V)|(14, A, L)",test
1702,GAVDILKGAAKDIAGHLASKVMNKL,GVVDILKGALKDIAGHLASKVMNKL,4.0,4.903089986991944,-0.9030899869919438,GAVDILKGAAKDIAGHLASKVMNKL,GVVDILKGALKDIAGHLASKVMNKL,2,0.92,112.0,1.8227452385498304,0.9625770308123248,0.5322128851540616,0.955,0.4375,2,"(2, A, V)|(10, A, L)",test
1703,GAVDILKGAAKDIAGHLASKVMNKL,GVVDILKGAAKDIAGHLLSKVMNKL,4.0,4.903089986991944,-0.9030899869919438,GAVDILKGAAKDIAGHLASKVMNKL,GVVDILKGAAKDIAGHLLSKVMNKL,2,0.92,112.0,1.8227452385498304,0.9625770308123248,0.5322128851540616,0.955,0.4375,2,"(2, A, V)|(18, A, L)",test
1704,GAVDILKGAAKDIAGHLASKVMNKL,GVVDILKGLAKDIAGHLASKVMNKL,4.0,4.903089986991944,-0.9030899869919438,GAVDILKGAAKDIAGHLASKVMNKL,GVVDILKGLAKDIAGHLASKVMNKL,2,0.92,112.0,1.8227452385498304,0.9625770308123248,0.5322128851540616,0.955,0.4375,2,"(2, A, V)|(9, A, L)",test
1706,GAVDILKGAAKDIAGHLASKVMNKL,GVVDILKGAAKDIAAHLASKVMNKL,4.0,4.903089986991944,-0.9030899869919438,GAVDILKGAAKDIAGHLASKVMNKL,GVVDILKGAAKDIAAHLASKVMNKL,2,0.92,111.0,1.808260580339305,0.9552941176470588,0.4411764705882353,0.958,0.475,2,"(2, A, V)|(15, G, A)",test
1707,GEFKKIVQKIKDFLKNLV,KEFKRIVQRIKDFLRNLV,4.221848749616356,6.040029853713031,-1.8181811040966744,GEFKKIVQKIKDFLKNLV,KEFKRIVQRIKDFLRNLV,4,0.7777777777777778,74.0,1.7671225368748231,0.8605571383349162,0.3725071225071224,0.9006172839999999,0.5527777779999999,4,"(1, G, K)|(5, K, R)|(9, K, R)|(15, K, R)",test
1711,GEFKRIVQRIKDFLRNLV,GFKRIVQRIKDFLRNLV,4.221848749616356,4.942143791258112,-0.720295041641756,GEFKRIVQRIKDFLRNLV,-GFKRIVQRIKDFLRNLV,1,0.8888888888888888,78.0,1.84759286026663,0.9050925925925928,0.1458333333333333,0.9006172839444445,0.1055555555,2,"(1, G, -)|(2, E, G)",test
1712,GEFKRIVQRIKDFLRNLV,KEFKRIVQRIKDFLRNLV,4.221848749616356,6.040029853713031,-1.8181811040966744,GEFKRIVQRIKDFLRNLV,KEFKRIVQRIKDFLRNLV,1,0.9444444444444444,83.0,1.948180764506388,0.9588477366255144,0.2592592592592592,0.9561728395,0.211111111,1,"(1, G, K)",test
1714,GEFRRIVQRIRDFLRNLV,KEFKRIVQRIKDFLRNLV,4.221848749616356,6.040029853713031,-1.8181811040966744,GEFRRIVQRIRDFLRNLV,KEFKRIVQRIKDFLRNLV,3,0.8333333333333334,77.0,1.8274752794186784,0.8933206710984487,0.3599240265906931,0.9191358025,0.5148148149999999,3,"(1, G, K)|(4, R, K)|(11, R, K)",test
1720,GEKLKKIGQKIKNFFKKL,GEKLKKIGQKIKNFFQKL,5.204119982655925,4.301029995663981,0.9030899869919438,GEKLKKIGQKIKNFFKKL,GEKLKKIGQKIKNFFQKL,1,0.9444444444444444,87.0,2.028651087898195,0.9663299663299664,0.3939393939393939,0.975308642,0.555555556,1,"(16, K, Q)",test
1730,GFGSLLGKALRLGANVL,GFGSVLGKALKFGANLL,5.187289588550474,4.301029995663981,0.8862595928864927,GFGSLLGKALRLGANVL,GFGSVLGKALKFGANLL,4,0.7647058823529411,69.0,1.7645660816135982,0.8558320764203118,0.3872863247863248,0.9039215686470587,0.5916666667499999,4,"(5, L, V)|(11, R, K)|(12, L, F)|(16, V, L)",test
1750,GFKEVLKADLGSLVKGIAAHVAN,GLKEIFKAGLGSLVKGIAAHVAN,3.669586226650809,4.6020599913279625,-0.9324737646771536,GFKEVLKADLGSLVKGIAAHVAN,GLKEIFKAGLGSLVKGIAAHVAN,4,0.8260869565217391,94.0,1.6978493377830182,0.8905587061541693,0.3707125603864735,0.9163043478260868,0.5187499999999999,4,"(2, F, L)|(5, V, I)|(6, L, F)|(9, D, G)",test
1752,GFKEVLKADLGSLVKGIAAHVAN,GLKDIFKAGLGSLVKGIAAHVAN,3.669586226650809,4.6020599913279625,-0.9324737646771536,GFKEVLKADLGSLVKGIAAHVAN,GLKDIFKAGLGSLVKGIAAHVAN,5,0.782608695652174,91.0,1.6506167566617405,0.8671473349167111,0.388877740616871,0.9003623188260869,0.5416666666000001,5,"(2, F, L)|(4, E, D)|(5, V, I)|(6, L, F)|(9, D, G)",test
1754,GFKEVLKAGLGSLVKGIPAHVAN,GLKDIFKAGLGSLVKGIAAHVAN,3.6635402661514704,4.6020599913279625,-0.938519725176492,GFKEVLKAGLGSLVKGIPAHVAN,GLKDIFKAGLGSLVKGIAAHVAN,5,0.782608695652174,93.0,1.6821051440759256,0.8579269451116136,0.3464639475134228,0.9013998682173912,0.5464393938000001,5,"(2, F, L)|(4, E, D)|(5, V, I)|(6, L, F)|(18, P, A)",test
1756,GFKEVLKAGLGSLVKGIPAHVAN,GLKEIFKAGLGSLVKGIAAHVAN,3.6635402661514704,4.6020599913279625,-0.938519725176492,GFKEVLKAGLGSLVKGIPAHVAN,GLKEIFKAGLGSLVKGIAAHVAN,4,0.8260869565217391,96.0,1.7293377251972033,0.8813383163490718,0.3176953190071631,0.9173418972173912,0.524715909,4,"(2, F, L)|(5, V, I)|(6, L, F)|(18, P, A)",test
1760,GFKRIVQAIKDFLRNLV,GFKRIVQRIKDFLRNLV,4.221848749616356,4.942143791258112,-0.720295041641756,GFKRIVQAIKDFLRNLV,GFKRIVQRIKDFLRNLV,1,0.9411764705882352,78.0,1.9562747932234907,0.9546218487394956,0.2285714285714285,0.9620098039411764,0.354166667,1,"(8, A, R)",test
1763,GFKRIVQRIADFLRNLV,GFKRIVQRIKDFLRNLV,4.221848749616356,4.942143791258112,-0.720295041641756,GFKRIVQRIADFLRNLV,GFKRIVQRIKDFLRNLV,1,0.9411764705882352,78.0,1.9562747932234907,0.9579831932773109,0.2857142857142857,0.9620098039411764,0.354166667,1,"(10, A, K)",test
1767,GFKRIVQRIKDFLRNLV,KEFKRIVQRIKDFLRNLV,4.942143791258112,6.040029853713031,-1.0978860624549185,-GFKRIVQRIKDFLRNLV,KEFKRIVQRIKDFLRNLV,2,0.8888888888888888,78.0,1.84759286026663,0.9050925925925928,0.1458333333333333,0.9006172839444445,0.1055555555,2,"(1, -, K)|(2, G, E)",test
1769,GFMKYIGPLIPHAVKAIKKLI,GFMKYIGPLIPHKVKAISDLI,5.079181246047625,4.0,1.079181246047625,GFMKYIGPLIPHAVKAIKKLI,GFMKYIGPLIPHKVKAISDLI,3,0.8571428571428571,92.0,1.8250619932611027,0.9069160997732426,0.3484126984126983,0.911574074095238,0.3810185186666666,3,"(13, A, K)|(18, K, S)|(19, K, D)",test
1770,GFMKYIGPLIPHAVKAISDLI,GFMKYIGPLIPHKVKAISDLI,4.806179973983888,4.0,0.8061799739838884,GFMKYIGPLIPHAVKAISDLI,GFMKYIGPLIPHKVKAISDLI,1,0.9523809523809524,103.0,2.0147420412560755,0.9659863945578232,0.2857142857142857,0.9692460317619048,0.354166667,1,"(13, A, K)",test
1772,GFMKYIGPLIPHAVKAISKLI,GFMKYIGPLIPHKVKAISDLI,4.778151250383644,4.0,0.7781512503836439,GFMKYIGPLIPHAVKAISKLI,GFMKYIGPLIPHKVKAISDLI,2,0.9047619047619048,96.0,1.8940365561683656,0.9358276643990928,0.3261904761904761,0.9367063492380951,0.335416667,2,"(13, A, K)|(19, K, D)",test
1793,GIADILKYGKPS,GIHDILKYGKPS,4.301029995663981,5.301029995663981,-1.0,GIADILKYGKPS,GIHDILKYGKPS,1,0.9166666666666666,56.0,2.1075091224175404,0.9346846846846848,0.2162162162162162,0.93402777775,0.208333333,1,"(3, A, H)",test
1798,GIADILKYGKPS,GIRDILKYGKPS,4.301029995663981,5.301029995663981,-1.0,GIADILKYGKPS,GIRDILKYGKPS,1,0.9166666666666666,57.0,2.137685493689468,0.9357142857142856,0.2285714285714285,0.9461805555833332,0.354166667,1,"(3, A, R)",test
1800,GIGAAILSAGKSALKGLAKGLAEHF,GIGGALLSAGKSALKGLAKGLAEHL,5.823908740944319,4.36786644807278,1.4560422928715386,GIGAAILSAGKSALKGLAKGLAEHF,GIGGALLSAGKSALKGLAKGLAEHL,3,0.88,108.0,1.7648066057077292,0.9197012138188608,0.3308434484905073,0.946,0.5499999999999999,3,"(4, A, G)|(6, I, L)|(25, F, L)",test
1801,GIGAAILSAGKSALKGLAKGLAEHF,GIGGALLSVGKSALKGLTKGLAEHF,5.823908740944319,4.384682353191505,1.4392263877528135,GIGAAILSAGKSALKGLAKGLAEHF,GIGGALLSVGKSALKGLTKGLAEHF,4,0.84,106.0,1.7358372892866791,0.9132306255835668,0.4576914098972922,0.92688888888,0.5430555555,4,"(4, A, G)|(6, I, L)|(9, A, V)|(18, A, T)",test
1802,GIGAAILSAGKSALKGLAKGLAEHF,GIGGALLSAGKSALKGLAKGLAEHF,5.823908740944319,4.499016547365393,1.3248921935789255,GIGAAILSAGKSALKGLAKGLAEHF,GIGGALLSAGKSALKGLAKGLAEHF,2,0.92,114.0,1.8517145549708809,0.9474789915966386,0.3434873949579831,0.968,0.6,2,"(4, A, G)|(6, I, L)",test
1803,GIGAAILSAGKSALKGLAKGLAEHF,GIGSAILSAGKSIIKGLAKGLAEHF,5.823908740944319,4.583012347312504,1.2408963936318145,GIGAAILSAGKSALKGLAKGLAEHF,GIGSAILSAGKSIIKGLAKGLAEHF,3,0.88,110.0,1.7937759221287797,0.9307382091592618,0.4228184096605148,0.95,0.5833333333333334,3,"(4, A, S)|(13, A, I)|(14, L, I)",test
1807,GIGKALHSAKKFGKAFVGEIMNS,GIGKFLHSAKKFGKAFVAEIMNS,3.892790030352132,4.795880017344075,-0.9030899869919428,GIGKALHSAKKFGKAFVGEIMNS,GIGKFLHSAKKFGKAFVAEIMNS,2,0.9130434782608696,104.0,1.855291274853944,0.9367007672634272,0.2720588235294117,0.942391304347826,0.3375,2,"(5, A, F)|(18, G, A)",test
1808,GIGKALHSAKKFGKAFVGEIMNS,GIGKFIHAAKKFGKLFIGEIMNS,3.892790030352132,5.619788758288394,-1.7269987279362615,GIGKALHSAKKFGKAFVGEIMNS,GIGKFIHAAKKFGKLFIGEIMNS,5,0.782608695652174,99.0,1.7765703063184812,0.8722538861331021,0.4123678762122697,0.9065217391304348,0.5700000000000001,5,"(5, A, F)|(6, L, I)|(8, S, A)|(15, A, L)|(17, V, I)",test
1809,GIGKALHSAKKFGKAFVGEIMNS,GIGKFIHSAKKFGKLFVGEIMNS,3.892790030352132,4.721246399047171,-0.828456368695039,GIGKALHSAKKFGKAFVGEIMNS,GIGKFIHSAKKFGKLFVGEIMNS,3,0.8695652173913043,103.0,1.839547081146852,0.9182194616977226,0.3730158730158729,0.9282608695652176,0.45,3,"(5, A, F)|(6, L, I)|(15, A, L)",test
1811,GIGKALHSAKKFGKAFVGEIMNS,GIGKFLHAAKKFAKAFVAEIMNS,3.892790030352132,4.819018723065715,-0.9262286927135824,GIGKALHSAKKFGKAFVGEIMNS,GIGKFLHAAKKFAKAFVAEIMNS,4,0.8260869565217391,95.0,1.7135935314901105,0.8808386054650694,0.3148219814241486,0.9021739130434784,0.4375,4,"(5, A, F)|(8, S, A)|(13, G, A)|(18, G, A)",test
1812,GIGKALHSAKKFGKAFVGEIMNS,GIGKFLHSAGKFGKAFVGEIMKS,3.892790030352132,4.678869925832815,-0.7860798954806825,GIGKALHSAKKFGKAFVGEIMNS,GIGKFLHSAGKFGKAFVGEIMKS,3,0.8695652173913043,97.0,1.745081918904296,0.9071346943015948,0.2880326563122262,0.9068840579565216,0.286111111,3,"(5, A, F)|(10, K, G)|(22, N, K)",test
1814,GIGKALHSAKKFGKAFVGEIMNS,GIGKFLHSAGKFGKAFIGEIMKS,3.892790030352132,4.903089986991944,-1.0102999566398116,GIGKALHSAKKFGKAFVGEIMNS,GIGKFLHSAGKFGKAFIGEIMKS,4,0.8260869565217391,96.0,1.7293377251972033,0.886340743450933,0.3464592748428653,0.901449275347826,0.43333333325,4,"(5, A, F)|(10, K, G)|(17, V, I)|(22, N, K)",test
1817,GIGKALHSAKKFGKAFVGEIMNS,GIGKFLHSAKKFAKAFVGEIMNS,3.892790030352132,4.795880017344075,-0.9030899869919428,GIGKALHSAKKFGKAFVGEIMNS,GIGKFLHSAKKFAKAFVGEIMNS,2,0.9130434782608696,104.0,1.855291274853944,0.9367007672634272,0.2720588235294117,0.942391304347826,0.3375,2,"(5, A, F)|(13, G, A)",test
1820,GIGKALHSAKKFGKAFVGEIMNS,GIGKFLHSAKKWGKAFVGEIMNS,3.892790030352132,4.819185910652873,-0.926395880300741,GIGKALHSAKKFGKAFVGEIMNS,GIGKFLHSAKKWGKAFVGEIMNS,2,0.9130434782608696,105.0,1.8710354685610369,0.9386792452830188,0.2948113207547169,0.940942029,0.3208333335,2,"(5, A, F)|(12, F, W)",test
1821,GIGKALHSAKKFGKAFVGEIMNS,GIGKFLHSAKKFAKAFVAEIMNS,3.892790030352132,4.676902612797773,-0.7841125824456405,GIGKALHSAKKFGKAFVGEIMNS,GIGKFLHSAKKFAKAFVAEIMNS,3,0.8695652173913043,98.0,1.7608261126113884,0.9060102301790282,0.2794117647058823,0.9184782608695652,0.375,3,"(5, A, F)|(13, G, A)|(18, G, A)",test
1823,GIGKALKKAKKGIGAVLKVLTTGL,GIGKFLKKAKKGIGAVLKVLTTGL,4.823908740944319,6.0,-1.1760912590556811,GIGKALKKAKKGIGAVLKVLTTGL,GIGKFLKKAKKGIGAVLKVLTTGL,1,0.9583333333333334,108.0,1.8383402142788847,0.96875,0.25,0.9677083333333334,0.225,1,"(5, A, F)",test
1824,GIGKFAHSAKKFGKAFVGEIMNS,GIGKFLHAAKKFAKAFVAEIMNS,3.892790030352132,4.819018723065715,-0.9262286927135824,GIGKFAHSAKKFGKAFVGEIMNS,GIGKFLHAAKKFAKAFVAEIMNS,4,0.8260869565217391,98.0,1.7608261126113884,0.89067297399509,0.3713696004717676,0.908695652173913,0.475,4,"(6, A, L)|(8, S, A)|(13, G, A)|(18, G, A)",test
1826,GIGKFAHSAKKFGKAFVGEIMNS,GIGKFIHSAKKFGKLFVGEIMNS,3.892790030352132,4.721246399047171,-0.828456368695039,GIGKFAHSAKKFGKAFVGEIMNS,GIGKFIHSAKKFGKLFVGEIMNS,2,0.9130434782608696,108.0,1.9182680496823143,0.953510257858084,0.4653679653679653,0.9456521739130436,0.375,2,"(6, A, I)|(15, A, L)",test
1827,GIGKFAHSAKKFGKAFVGEIMNS,GIGKFIHAAKKFGKLFIGEIMNS,3.892790030352132,5.619788758288394,-1.7269987279362615,GIGKFAHSAKKFGKAFVGEIMNS,GIGKFIHAAKKFGKLFIGEIMNS,4,0.8260869565217391,104.0,1.855291274853944,0.9075446822934636,0.4683819231874151,0.9239130434782608,0.5625,4,"(6, A, I)|(8, S, A)|(15, A, L)|(17, V, I)",test
1828,GIGKFAHSAKKFGKAFVGEIMNS,GIGKFLHSAGKFGKAFVGEIMKS,3.892790030352132,4.678869925832815,-0.7860798954806825,GIGKFAHSAKKFGKAFVGEIMNS,GIGKFLHSAGKFGKAFVGEIMKS,3,0.8695652173913043,100.0,1.792314500025574,0.9169690628316154,0.3634294817090516,0.9134057970869564,0.3361111109999999,3,"(6, A, L)|(10, K, G)|(22, N, K)",test
1831,GIGKFAHSAKKFGKAFVGEIMNS,GIGKFLHSAKKWGKAFVGEIMNS,3.892790030352132,4.819185910652873,-0.926395880300741,GIGKFAHSAKKFGKAFVGEIMNS,GIGKFLHSAKKWGKAFVGEIMNS,2,0.9130434782608696,108.0,1.9182680496823143,0.9485136138130396,0.4079065588499549,0.9474637681304348,0.3958333335,2,"(6, A, L)|(12, F, W)",test
1834,GIGKFAHSAKKFGKAFVGEIMNS,GIGKFLHSAGKFGKAFIGEIMKS,3.892790030352132,4.903089986991944,-1.0102999566398116,GIGKFAHSAKKFGKAFVGEIMNS,GIGKFLHSAGKFGKAFIGEIMKS,4,0.8260869565217391,99.0,1.7765703063184812,0.8961751119809539,0.4030068938904844,0.9079710144782608,0.47083333325,4,"(6, A, L)|(10, K, G)|(17, V, I)|(22, N, K)",test
1836,GIGKFAHSAKKFGKAFVGEIMNS,GIGKFLHSAKKFAKAFVGEIMNS,3.892790030352132,4.795880017344075,-0.9030899869919428,GIGKFAHSAKKFGKAFVGEIMNS,GIGKFLHSAKKFAKAFVGEIMNS,2,0.9130434782608696,107.0,1.902523855975222,0.9465351357934478,0.3851540616246498,0.9489130434782608,0.4125,2,"(6, A, L)|(13, G, A)",test
1837,GIGKFAHSAKKFGKAFVGEIMNS,GIGKFLHSAKKFAKAFVAEIMNS,3.892790030352132,4.676902612797773,-0.7841125824456405,GIGKFAHSAKKFGKAFVGEIMNS,GIGKFLHSAKKFAKAFVAEIMNS,3,0.8695652173913043,101.0,1.808058693732666,0.9158445987090488,0.3548085901027076,0.925,0.425,3,"(6, A, L)|(13, G, A)|(18, G, A)",test
1838,GIGKFAHSAKKFGKAFVGEIMNS,GIGKFLHSAKKFGKAFVAEIMNS,3.892790030352132,4.795880017344075,-0.9030899869919428,GIGKFAHSAKKFGKAFVGEIMNS,GIGKFLHSAKKFGKAFVAEIMNS,2,0.9130434782608696,107.0,1.902523855975222,0.9465351357934476,0.3851540616246498,0.9489130434782608,0.4125,2,"(6, A, L)|(18, G, A)",test
1843,GIGKFIHAAKKFGKLFIGEIMNS,GIGKFIHSAKKFGKLFVGEIMNS,5.619788758288394,4.721246399047171,0.8985423592412225,GIGKFIHAAKKFGKLFIGEIMNS,GIGKFIHSAKKFGKLFVGEIMNS,2,0.9130434782608696,114.0,2.0127332119248704,0.9540344244353796,0.4713958810068649,0.9782608695652174,0.75,2,"(8, A, S)|(17, I, V)",test
1845,GIGKFIHAAKKFGKLFIGEIMNS,GIGKFLHSAKKAGKAFVGEIMNS,5.619788758288394,4.1938200260161125,1.4259687322722812,GIGKFIHAAKKFGKLFIGEIMNS,GIGKFLHSAKKAGKAFVGEIMNS,5,0.782608695652174,99.0,1.7765703063184812,0.8722538861331021,0.4123678762122697,0.9065217391304348,0.5700000000000001,5,"(6, I, L)|(8, A, S)|(12, F, A)|(15, L, A)|(17, I, V)",test
1847,GIGKFIHAAKKFGKLFIGEIMNS,GIGKFLHSAKKFGKAFVGEIMNS,5.619788758288394,4.373149434154323,1.2466393241340707,GIGKFIHAAKKFGKLFIGEIMNS,GIGKFLHSAKKFGKAFVGEIMNS,4,0.8260869565217391,107.0,1.902523855975222,0.904862581785276,0.4529598452653371,0.9402173913043478,0.65625,4,"(6, I, L)|(8, A, S)|(15, L, A)|(17, I, V)",test
1848,GIGKFIHAAKKFGKLFIGEIMNS,GIGKFLHSAKKFAKAFVGEIMNS,5.619788758288394,4.795880017344075,0.8239087409443187,GIGKFIHAAKKFGKLFIGEIMNS,GIGKFLHSAKKFAKAFVGEIMNS,5,0.782608695652174,101.0,1.808058693732666,0.8741720447008771,0.4211914056240344,0.9163043478260868,0.615,5,"(6, I, L)|(8, A, S)|(13, G, A)|(15, L, A)|(17, I, V)",test
1850,GIGKFIHAAKKFGKLFIGEIMNS,GIGKFLHSAKKFGKAFVAEIMNS,5.619788758288394,4.795880017344075,0.8239087409443187,GIGKFIHAAKKFGKLFIGEIMNS,GIGKFLHSAKKFGKAFVAEIMNS,5,0.782608695652174,101.0,1.808058693732666,0.8741720447008771,0.4211914056240344,0.9163043478260868,0.615,5,"(6, I, L)|(8, A, S)|(15, L, A)|(17, I, V)|(18, G, A)",test
1851,GIGKFIHAAKKFGKLFIGEIMNS,GIGKFLHSAKKFGKAFAGEIMNS,5.619788758288394,4.1938200260161125,1.4259687322722812,GIGKFIHAAKKFGKLFIGEIMNS,GIGKFLHSAKKFGKAFAGEIMNS,4,0.8260869565217391,103.0,1.839547081146852,0.9019411176161748,0.4361614262930051,0.9184782608695652,0.53125,4,"(6, I, L)|(8, A, S)|(15, L, A)|(17, I, A)",test
1852,GIGKFIHAAKKFGKLFIGEIMNS,GIGKFLHSAKKFGKAAVGEIMNS,5.619788758288394,3.892790030352132,1.7269987279362615,GIGKFIHAAKKFGKLFIGEIMNS,GIGKFLHSAKKFGKAAVGEIMNS,5,0.782608695652174,99.0,1.7765703063184812,0.8722538861331021,0.4123678762122697,0.9065217391304348,0.5700000000000001,5,"(6, I, L)|(8, A, S)|(15, L, A)|(16, F, A)|(17, I, V)",test
1854,GIGKFIHAAKKFGKLFIGEIMNS,GIGKFLHSAKKFGKAWVGEIMNS,5.619788758288394,4.3979400086720375,1.221848749616356,GIGKFIHAAKKFGKLFIGEIMNS,GIGKFLHSAKKFGKAWVGEIMNS,5,0.782608695652174,102.0,1.823802887439759,0.8761505227204688,0.4302924045141565,0.9148550724782608,0.6083333334,5,"(6, I, L)|(8, A, S)|(15, L, A)|(16, F, W)|(17, I, V)",test
1855,GIGKFIHAAKKFGKLFIGEIMNS,GIGKFLHSAKKFGKAFVGEAMNS,5.619788758288394,3.892790030352132,1.7269987279362615,GIGKFIHAAKKFGKLFIGEIMNS,GIGKFLHSAKKFGKAFVGEAMNS,5,0.782608695652174,102.0,1.823802887439759,0.8811471667655131,0.4532769671213607,0.9130434782608696,0.6,5,"(6, I, L)|(8, A, S)|(15, L, A)|(17, I, V)|(20, I, A)",test
1857,GIGKFIHAAKKFGKLFIGEIMNS,GIGKFLHSAKKWGKAFVGEIMNS,5.619788758288394,4.819185910652873,0.8006028476355205,GIGKFIHAAKKFGKLFIGEIMNS,GIGKFLHSAKKWGKAFVGEIMNS,5,0.782608695652174,102.0,1.823802887439759,0.8761505227204688,0.4302924045141565,0.9148550724782608,0.6083333334,5,"(6, I, L)|(8, A, S)|(12, F, W)|(15, L, A)|(17, I, V)",test
1858,GIGKFIHAAKKFGKLFIGEIMNS,GIGKFLHAAKKFAKAFVAEIMNS,5.619788758288394,4.819018723065715,0.800770035222679,GIGKFIHAAKKFGKLFIGEIMNS,GIGKFLHAAKKFAKAFVAEIMNS,5,0.782608695652174,98.0,1.7608261126113884,0.868653132330437,0.3958044087200097,0.908695652173913,0.5800000000000001,5,"(6, I, L)|(13, G, A)|(15, L, A)|(17, I, V)|(18, G, A)",test
1863,GIGKFIHSAKKFGKLFVGEIMNS,GIGKFLHSAKKFGKAFVGEAMNS,4.721246399047171,3.892790030352132,0.828456368695039,GIGKFIHSAKKFGKLFVGEIMNS,GIGKFLHSAKKFGKAFVGEAMNS,3,0.8695652173913043,106.0,1.8867796622681292,0.9271127423301336,0.4411976911976911,0.9347826086956522,0.5,3,"(6, I, L)|(15, L, A)|(20, I, A)",test
1867,GIGKFIHSAKKFGKLFVGEIMNS,GIGKFLHSAKKFGKAAVGEIMNS,4.721246399047171,3.892790030352132,0.828456368695039,GIGKFIHSAKKFGKLFVGEIMNS,GIGKFLHSAKKFGKAAVGEIMNS,3,0.8695652173913043,103.0,1.839547081146852,0.9182194616977226,0.3730158730158729,0.9282608695652176,0.45,3,"(6, I, L)|(15, L, A)|(16, F, A)",test
1880,GIGKFLHAAKKFAKAFVAEIMNS,GIGKFLHSAKKFGKAFVGEAMNS,4.819018723065715,3.892790030352132,0.9262286927135824,GIGKFLHAAKKFAKAFVAEIMNS,GIGKFLHSAKKFGKAFVGEAMNS,4,0.8260869565217391,98.0,1.7608261126113884,0.8897318860974803,0.3659583450605121,0.908695652173913,0.475,4,"(8, A, S)|(13, A, G)|(18, A, G)|(20, I, A)",test
1881,GIGKFLHAAKKFAKAFVAEIMNS,GIGKFLHAALLFAKAFVAEIMNS,4.819018723065715,5.911853627084351,-1.0928349040186367,GIGKFLHAAKKFAKAFVAEIMNS,GIGKFLHAALLFAKAFVAEIMNS,2,0.9130434782608696,100.0,1.792314500025574,0.9429347826086956,0.34375,0.9335748792173912,0.236111111,2,"(10, K, L)|(11, K, L)",test
1883,GIGKFLHAAKKFAKAFVAEIMNS,GIGKFLHSAKKFGKAAVGEIMNS,4.819018723065715,3.892790030352132,0.9262286927135824,GIGKFLHAAKKFAKAFVAEIMNS,GIGKFLHSAKKFGKAAVGEIMNS,4,0.8260869565217391,95.0,1.7135935314901105,0.8808386054650694,0.3148219814241485,0.9021739130434784,0.4375,4,"(8, A, S)|(13, A, G)|(16, F, A)|(18, A, G)",test
1886,GIGKFLHAAKKFAKAFVAEIMNS,GIGKLFLHAAKKFAKAFVAEKMNS,4.819018723065715,5.620281553618404,-0.8012628305526892,GIGK-FLHAAKKFAKAFVAEIMNS,GIGKLFLHAAKKFAKAFVAEKMNS,2,0.9166666666666666,96.0,1.6572819866473198,0.9273809523809524,0.1285714285714285,0.9215856481666668,0.059027778,2,"(5, -, L)|(21, I, K)",test
1891,GIGKFLHAALLFAKAFVAEIMNS,GIGKFLHSAKKFAKAFVAEIMNS,5.911853627084351,4.676902612797773,1.2349510142865787,GIGKFLHAALLFAKAFVAEIMNS,GIGKFLHSAKKFAKAFVAEIMNS,3,0.8695652173913043,97.0,1.745081918904296,0.9177631578947368,0.3695175438596491,0.9172705313913044,0.3657407406666667,3,"(8, A, S)|(10, L, K)|(11, L, K)",test
1902,GIGKFLHSAGKFGKAFIGEIMKS,GIGKFLHSAKKFGKAFAGEIMNS,4.903089986991944,4.1938200260161125,0.7092699609758313,GIGKFLHSAGKFGKAFIGEIMKS,GIGKFLHSAKKFGKAFAGEIMNS,3,0.8695652173913043,100.0,1.792314500025574,0.9160279749340058,0.3562144744940443,0.9134057970869564,0.3361111109999999,3,"(10, G, K)|(17, I, A)|(22, K, N)",test
1903,GIGKFLHSAGKFGKAFIGEIMKS,GIGKFLHSAKKFGKAFVGEAMNS,4.903089986991944,3.892790030352132,1.0102999566398116,GIGKFLHSAGKFGKAFIGEIMKS,GIGKFLHSAKKFGKAFVGEAMNS,4,0.8260869565217391,99.0,1.7765703063184812,0.8952340240833441,0.3975956384792289,0.9079710144782608,0.47083333325,4,"(10, G, K)|(17, I, V)|(20, I, A)|(22, K, N)",test
1906,GIGKFLHSAGKFGKAFIGEIMKS,GIGKFLHSAKKFGKAAVGEIMNS,4.903089986991944,3.892790030352132,1.0102999566398116,GIGKFLHSAGKFGKAFIGEIMKS,GIGKFLHSAKKFGKAAVGEIMNS,4,0.8260869565217391,96.0,1.7293377251972033,0.886340743450933,0.3464592748428653,0.901449275347826,0.43333333325,4,"(10, G, K)|(16, F, A)|(17, I, V)|(22, K, N)",test
1907,GIGKFLHSAGKFGKAFIGEIMKS,GIGKFLHSAKKAGKAFVGEIMNS,4.903089986991944,4.1938200260161125,0.7092699609758313,GIGKFLHSAGKFGKAFIGEIMKS,GIGKFLHSAKKAGKAFVGEIMNS,4,0.8260869565217391,96.0,1.7293377251972033,0.886340743450933,0.3464592748428653,0.901449275347826,0.43333333325,4,"(10, G, K)|(12, F, A)|(17, I, V)|(22, K, N)",test
1910,GIGKFLHSAGKFGKAFIGEIMKS,GVSKILHSAGKFGKAFLGEIMKS,4.903089986991944,4.0,0.9030899869919438,GIGKFLHSAGKFGKAFIGEIMKS,GVSKILHSAGKFGKAFLGEIMKS,4,0.8260869565217391,103.0,1.839547081146852,0.889615433815016,0.3652887444363416,0.9358695652173912,0.63125,4,"(2, I, V)|(3, G, S)|(5, F, I)|(17, I, L)",test
1923,GIGKFLHSAGKFGKAFVGEIMKS,GIGKFLHSAKKFGKAAVGEIMNS,4.678869925832815,3.892790030352132,0.7860798954806825,GIGKFLHSAGKFGKAFVGEIMKS,GIGKFLHSAKKFGKAAVGEIMNS,3,0.8695652173913043,97.0,1.745081918904296,0.9071346943015948,0.2880326563122262,0.9068840579565216,0.286111111,3,"(10, G, K)|(16, F, A)|(22, K, N)",test
1925,GIGKFLHSAGKFGKAFVGEIMKS,GIGKFLHSAKKFGKAFVGEAMNS,4.678869925832815,3.892790030352132,0.7860798954806825,GIGKFLHSAGKFGKAFVGEIMKS,GIGKFLHSAKKFGKAFVGEAMNS,3,0.8695652173913043,100.0,1.792314500025574,0.9160279749340058,0.3562144744940443,0.9134057970869564,0.3361111109999999,3,"(10, G, K)|(20, I, A)|(22, K, N)",test
1937,GIGKFLHSAKKFAKAFVAEIMNS,GIGKFLHSAKKFGKAFVGEAMNS,4.676902612797773,3.892790030352132,0.7841125824456405,GIGKFLHSAKKFAKAFVAEIMNS,GIGKFLHSAKKFGKAFVGEAMNS,3,0.8695652173913043,101.0,1.808058693732666,0.9149035108114392,0.3475935828877004,0.925,0.425,3,"(13, A, G)|(18, A, G)|(20, I, A)",test
1938,GIGKFLHSAKKFAKAFVAEIMNS,GIGKFLHSAKKFGKAAVGEIMNS,4.676902612797773,3.892790030352132,0.7841125824456405,GIGKFLHSAKKFAKAFVAEIMNS,GIGKFLHSAKKFGKAAVGEIMNS,3,0.8695652173913043,98.0,1.7608261126113884,0.9060102301790282,0.2794117647058823,0.9184782608695652,0.375,3,"(13, A, G)|(16, F, A)|(18, A, G)",test
1941,GIGKFLHSAKKFAKAFVAEIMNS,GIGKLFLHAAKKFAKAFVAEKMNS,4.676902612797773,5.620281553618404,-0.9433789408206312,GIGK-FLHSAKKFAKAFVAEIMNS,GIGKLFLHAAKKFAKAFVAEKMNS,3,0.875,93.0,1.6120174297394287,0.9032581453634084,0.2260651629072681,0.9059606481666668,0.2476851853333333,3,"(5, -, L)|(9, S, A)|(21, I, K)",test
1946,GIGKFLHSAKKFAKAFVGEIMNS,GIGKFLHSAKKFGKAAVGEIMNS,4.795880017344075,3.892790030352132,0.9030899869919428,GIGKFLHSAKKFAKAFVGEIMNS,GIGKFLHSAKKFGKAAVGEIMNS,2,0.9130434782608696,104.0,1.855291274853944,0.9367007672634272,0.2720588235294117,0.942391304347826,0.3375,2,"(13, A, G)|(16, F, A)",test
1947,GIGKFLHSAKKFAKAFVGEIMNS,GIGKFLHSAKKFGKAFVGEAMNS,4.795880017344075,3.892790030352132,0.9030899869919428,GIGKFLHSAKKFAKAFVGEIMNS,GIGKFLHSAKKFGKAFVGEAMNS,2,0.9130434782608696,107.0,1.902523855975222,0.9455940478958382,0.374331550802139,0.9489130434782608,0.4125,2,"(13, A, G)|(20, I, A)",test
1955,GIGKFLHSAKKFGKAAVGEIMNS,GIGKFLHSAKKFGKAFVAEIMNS,3.892790030352132,4.795880017344075,-0.9030899869919428,GIGKFLHSAKKFGKAAVGEIMNS,GIGKFLHSAKKFGKAFVAEIMNS,2,0.9130434782608696,104.0,1.855291274853944,0.9367007672634272,0.2720588235294117,0.942391304347826,0.3375,2,"(16, A, F)|(18, G, A)",test
1959,GIGKFLHSAKKFGKAAVGEIMNS,GIGKFLHSAKKWGKAFVGEIMNS,3.892790030352132,4.819185910652873,-0.926395880300741,GIGKFLHSAKKFGKAAVGEIMNS,GIGKFLHSAKKWGKAFVGEIMNS,2,0.9130434782608696,105.0,1.8710354685610369,0.9386792452830188,0.2948113207547169,0.940942029,0.3208333335,2,"(12, F, W)|(16, A, F)",test
1965,GIGKFLHSAKKFGKAFVAEIMNS,GIGKFLHSAKKFGKAFVGEAMNS,4.795880017344075,3.892790030352132,0.9030899869919428,GIGKFLHSAKKFGKAFVAEIMNS,GIGKFLHSAKKFGKAFVGEAMNS,2,0.9130434782608696,107.0,1.902523855975222,0.945594047895838,0.374331550802139,0.9489130434782608,0.4125,2,"(18, A, G)|(20, I, A)",test
1972,GIGKFLHSAKKFGKAFVGEAMNS,GIGKFLHSAKKWGKAFVGEIMNS,3.892790030352132,4.819185910652873,-0.926395880300741,GIGKFLHSAKKFGKAFVGEAMNS,GIGKFLHSAKKWGKAFVGEIMNS,2,0.9130434782608696,108.0,1.9182680496823143,0.94757252591543,0.3970840480274442,0.9474637681304348,0.3958333335,2,"(12, F, W)|(20, A, I)",test
1998,GIHAILKYGKPS,GIHKILKYGKPS,4.301029995663981,5.301029995663981,-1.0,GIHAILKYGKPS,GIHKILKYGKPS,1,0.9166666666666666,59.0,2.1980382362333226,0.9404761904761904,0.2857142857142857,0.9461805555833332,0.354166667,1,"(4, A, K)",test
1999,GIHAILKYGKPS,GIHRILKYGKPS,4.301029995663981,5.657577319177793,-1.356547323513812,GIHAILKYGKPS,GIHRILKYGKPS,1,0.9166666666666666,59.0,2.1980382362333226,0.9357142857142856,0.2285714285714285,0.9461805555833332,0.354166667,1,"(4, A, R)",test
2002,GIHAILKYGKPS,GIHDILKYGKPS,4.301029995663981,5.301029995663981,-1.0,GIHAILKYGKPS,GIHDILKYGKPS,1,0.9166666666666666,58.0,2.167861864961395,0.9484126984126984,0.3809523809523809,0.9354166666666668,0.225,1,"(4, A, D)",test
2020,GIHDIAKYGKPS,GIHDILKYAKPS,4.301029995663981,5.301029995663981,-1.0,GIHDIAKYGKPS,GIHDILKYAKPS,2,0.8333333333333334,55.0,2.077332751145613,0.8975256769374417,0.3851540616246498,0.9020833333333332,0.4125,2,"(6, A, L)|(9, G, A)",test
2022,GIHDIAKYGKPS,GIHDILKYGKPS,4.301029995663981,5.301029995663981,-1.0,GIHDIAKYGKPS,GIHDILKYGKPS,1,0.9166666666666666,61.0,2.258390978777177,0.9563492063492064,0.4761904761904761,0.9479166666666666,0.375,1,"(6, A, L)",test
2048,GIHDILKYAKPS,GIHDILKYGKPA,5.301029995663981,4.301029995663981,1.0,GIHDILKYAKPS,GIHDILKYGKPA,2,0.8333333333333334,57.0,2.137685493689468,0.8929308565531476,0.3575851393188853,0.9229166666666666,0.5375,2,"(9, A, G)|(12, S, A)",test
2063,GIHDILKYGKAS,GIHDILKYGKPS,4.301029995663981,5.301029995663981,-1.0,GIHDILKYGKAS,GIHDILKYGKPS,1,0.9166666666666666,58.0,2.167861864961395,0.9281609195402298,0.1379310344827586,0.943655303,0.323863636,1,"(11, A, P)",test
2076,GIHDILKYGKPA,GIHRILKYGKPS,4.301029995663981,5.657577319177793,-1.356547323513812,GIHDILKYGKPA,GIHRILKYGKPS,2,0.8333333333333334,55.0,2.077332751145613,0.8931958274063537,0.3591749644381223,0.90300925925,0.4180555555,2,"(4, D, R)|(12, A, S)",test
2077,GIHDILKYGKPA,GIHKILKYGKPS,4.301029995663981,5.301029995663981,-1.0,GIHDILKYGKPA,GIHKILKYGKPS,2,0.8333333333333334,56.0,2.1075091224175404,0.8989766081871345,0.3938596491228069,0.9118055555833332,0.4708333335,2,"(4, D, K)|(12, A, S)",test
2078,GIHDILKYGKPA,GIHDILKYGKPS,4.301029995663981,5.301029995663981,-1.0,GIHDILKYGKPA,GIHDILKYGKPS,1,0.9166666666666666,63.0,2.318743721321032,0.9517543859649122,0.4210526315789473,0.96875,0.625,1,"(12, A, S)",test
2081,GIHDILKYGKPA,GIRDILKYGKPS,4.301029995663981,5.301029995663981,-1.0,GIHDILKYGKPA,GIRDILKYGKPS,2,0.8333333333333334,55.0,2.077332751145613,0.8857166501158557,0.314299900695134,0.9178240740833332,0.5069444445,2,"(3, H, R)|(12, A, S)",test
2084,GIHDILKYGKPS,GIHHILKYGKPS,5.301029995663981,4.494850021680094,0.8061799739838875,GIHDILKYGKPS,GIHHILKYGKPS,1,0.9166666666666666,59.0,2.1980382362333226,0.94017094017094,0.282051282051282,0.9395833333333332,0.275,1,"(4, D, H)",test
2093,GIHHILKYGKPS,GIHKILKYGKPS,4.494850021680094,5.301029995663981,-0.8061799739838875,GIHHILKYGKPS,GIHKILKYGKPS,1,0.9166666666666666,59.0,2.1980382362333226,0.9365942028985508,0.2391304347826087,0.94097222225,0.291666667,1,"(4, H, K)",test
2094,GIHHILKYGKPS,GIHRILKYGKPS,4.494850021680094,5.657577319177793,-1.1627272974976997,GIHHILKYGKPS,GIHRILKYGKPS,1,0.9166666666666666,60.0,2.22821460750525,0.9339622641509434,0.2075471698113207,0.9490740740833332,0.388888889,1,"(4, H, R)",test
2126,GILKSLLKKLKKIIAK,GIWSSLLKKLKKIIAK,5.0,5.795880017344075,-0.795880017344075,GILKSLLKKLKKIIAK,GIWSSLLKKLKKIIAK,2,0.875,61.0,1.6937932340828832,0.9130339635854342,0.3042717086834733,0.9164930555625,0.3319444445,2,"(3, L, W)|(4, K, S)",test
2136,GILSKLLKKLKKIIAK,GIWSSLLKKLKKIIAK,4.7447274948966935,5.795880017344075,-1.0511525224473814,GILSKLLKKLKKIIAK,GIWSSLLKKLKKIIAK,2,0.875,61.0,1.6937932340828832,0.9130339635854342,0.3042717086834733,0.9164930555625,0.3319444445,2,"(3, L, W)|(5, K, S)",test
2150,GILSSLLKKLKKWIAK,GIMSSLMKKLKKHIAK,5.3979400086720375,4.585026652029182,0.8129133566428557,GILSSLLKKLKKWIAK,GIMSSLMKKLKKHIAK,3,0.8125,61.0,1.6937932340828832,0.8788955713504647,0.3541097138691452,0.910416666625,0.522222222,3,"(3, L, M)|(7, L, M)|(13, W, H)",test
2161,GILSSLWKKLKKIIAK,GILSSLWKKPKKIIAK,5.376750709602099,4.0,1.3767507096020992,GILSSLWKKLKKIIAK,GILSSLWKKPKKIIAK,1,0.9375,71.0,1.92011601862234,0.9444444444444444,0.1111111111111111,0.9442471590625,0.107954545,1,"(10, L, P)",test
2183,GIMSSLMKKLAAHIAK,GIMSSLMKKLAAIIAK,4.438993593738205,5.443697499232712,-1.004703905494507,GIMSSLMKKLAAHIAK,GIMSSLMKKLAAIIAK,1,0.9375,64.0,1.7616900694447202,0.9502840909090908,0.2045454545454545,0.9440104166875,0.104166667,1,"(13, H, I)",test
2186,GIMSSLMKKLAAHIAK,GIMSSLMKKLAKIIAK,4.438993593738205,5.431798275933005,-0.9928046821947998,GIMSSLMKKLAAHIAK,GIMSSLMKKLAKIIAK,2,0.875,59.0,1.648528677174992,0.9056412337662338,0.2451298701298701,0.903645833375,0.229166667,2,"(12, A, K)|(13, H, I)",test
2188,GIMSSLMKKLAAHIKK,GIMSSLMKKLAAIIAK,4.698970004336019,5.443697499232712,-0.7447274948966935,GIMSSLMKKLAAHIKK,GIMSSLMKKLAAIIAK,2,0.875,59.0,1.648528677174992,0.9056412337662338,0.2451298701298701,0.903645833375,0.229166667,2,"(13, H, I)|(15, K, A)",test
2194,GIMSSLMKKLAAIIAK,GIMSSLMKKLKAHIAK,5.443697499232712,4.522878745280337,0.9208187539523748,GIMSSLMKKLAAIIAK,GIMSSLMKKLKAHIAK,2,0.875,59.0,1.648528677174992,0.9056412337662338,0.2451298701298701,0.903645833375,0.229166667,2,"(11, A, K)|(13, I, H)",test
2201,GIMSSLMKKLAKIIAK,GIMSSLMKKLKKHIAK,5.431798275933005,4.585026652029182,0.8467716239038232,GIMSSLMKKLAKIIAK,GIMSSLMKKLKKHIAK,2,0.875,60.0,1.6711609556289375,0.9056412337662338,0.2451298701298701,0.903645833375,0.229166667,2,"(11, A, K)|(13, I, H)",test
2202,GIMSSLMKKLAKIIAK,GIMSSLMKKLKKIIKK,5.431798275933005,4.657577319177793,0.7742209567552116,GIMSSLMKKLAKIIAK,GIMSSLMKKLKKIIKK,2,0.875,62.0,1.7164255125368286,0.9107142857142858,0.2857142857142857,0.919270833375,0.354166667,2,"(11, A, K)|(15, A, K)",test
2224,GIWDTIKSMGKVFAGAILQNL,GIWKTIKSMGKVFAGKILQNL,4.301029995663981,5.315186730682498,-1.014156735018517,GIWDTIKSMGKVFAGAILQNL,GIWKTIKSMGKVFAGKILQNL,2,0.9047619047619048,96.0,1.8940365561683656,0.9358276643990928,0.3261904761904761,0.9367063492380951,0.335416667,2,"(4, D, K)|(16, A, K)",test
2227,GIWDTIKSMGKVFAGKILQNL,GIWDTIKSMGKVFAGLILQNL,4.886056647693163,4.0,0.8860566476931631,GIWDTIKSMGKVFAGKILQNL,GIWDTIKSMGKVFAGLILQNL,1,0.9523809523809524,102.0,1.99749840052926,0.96875,0.34375,0.9636243386190476,0.236111111,1,"(16, K, L)",test
2228,GIWDTIKSMGKVFAGLILQNL,GIWKTIKSMGKVFAGAIKQNL,4.0,4.903089986991944,-0.9030899869919438,GIWDTIKSMGKVFAGLILQNL,GIWKTIKSMGKVFAGAIKQNL,3,0.8571428571428571,90.0,1.790574711807471,0.9136479591836734,0.3955357142857142,0.9013227513333332,0.3092592593333333,3,"(4, D, K)|(16, L, A)|(18, L, K)",test
2229,GIWDTIKSMGKVFAGLILQNL,GIWKTIKSMGKVFAGAILQNL,4.0,4.903089986991944,-0.9030899869919438,GIWDTIKSMGKVFAGLILQNL,GIWKTIKSMGKVFAGAILQNL,2,0.9047619047619048,96.0,1.8940365561683656,0.9448979591836734,0.4214285714285714,0.9376984127142856,0.3458333335,2,"(4, D, K)|(16, L, A)",test
2231,GIWDTIKSMGKVFAGLILQNL,GIWKTIKSMGKVFAGKILQNL,4.0,5.315186730682498,-1.3151867306824985,GIWDTIKSMGKVFAGLILQNL,GIWKTIKSMGKVFAGKILQNL,2,0.9047619047619048,95.0,1.8767929154415497,0.9385912698412698,0.3552083333333333,0.931084656095238,0.276388889,2,"(4, D, K)|(16, L, K)",test
2236,GIWKTIKSMGKVFAGKIKQNL,GIWKTIKSMGKVFAGKILQNL,4.6020599913279625,5.315186730682498,-0.7131267393545357,GIWKTIKSMGKVFAGKIKQNL,GIWKTIKSMGKVFAGKILQNL,1,0.9523809523809524,102.0,1.99749840052926,0.96875,0.34375,0.9636243386190476,0.236111111,1,"(18, K, L)",test
2237,GIWSSLLKKLKKIIAK,KILSSLLKKLKKIIAK,5.795880017344075,4.795880017344075,1.0,GIWSSLLKKLKKIIAK,KILSSLLKKLKKIIAK,2,0.875,59.0,1.648528677174992,0.9046840958605664,0.2374727668845315,0.900173611125,0.201388889,2,"(1, G, K)|(3, W, L)",test
2238,GKAMSLLKHILK,GKFMSLLKHILK,4.3979400086720375,5.236572006437063,-0.8386319977650256,GKAMSLLKHILK,GKFMSLLKHILK,1,0.9166666666666666,52.0,1.98680363732983,0.9375,0.25,0.9354166666666668,0.225,1,"(3, A, F)",test
2241,GKAMSLLKHILK,GKWLSLLKHILK,4.3979400086720375,5.7447274948966935,-1.346787486224656,GKAMSLLKHILK,GKWLSLLKHILK,2,0.8333333333333334,48.0,1.8660981522421205,0.879775795012583,0.2786547700754976,0.9003472221666667,0.402083333,2,"(3, A, W)|(4, M, L)",test
2246,GKAMSLLKHILK,GKWMSLLKHILK,4.3979400086720375,5.438898616350944,-1.040958607678906,GKAMSLLKHILK,GKWMSLLKHILK,1,0.9166666666666666,51.0,1.9566272660579027,0.9308510638297872,0.1702127659574468,0.92465277775,0.095833333,1,"(3, A, W)",test
2267,GKKLLKKLKKLWKKW,GKKLLKKWKKLWKKW,3.5602665707217045,4.431482754978103,-0.8712161842563986,GKKLLKKLKKLWKKW,GKKLLKKWKKLWKKW,1,0.9333333333333332,78.0,2.217111432319956,0.9477124183006536,0.2156862745098039,0.9461111111333332,0.191666667,1,"(8, L, W)",test
2274,GKPKPYSPRPTSHPRPIRV,GKPRPYSPRPTSHPRPIRV,5.971971276399756,4.998405782684587,0.973565493715169,GKPKPYSPRPTSHPRPIRV,GKPRPYSPRPTSHPRPIRV,1,0.9473684210526316,106.0,2.283996433271946,0.9689608636977056,0.4102564102564102,0.9824561403684212,0.666666667,1,"(4, K, R)",test
2275,GKPKPYSPRPTSHPRPIRV,GKPRPYSPRPTSHPRPIR,5.971971276399756,4.214885533517572,1.7570857428821842,GKPKPYSPRPTSHPRPIRV,GKPRPYSPRPTSHPRPIR-,2,0.8947368421052632,102.0,2.207761390058656,0.9163292847503371,0.2051282051282051,0.9298245614210529,0.3333333335,2,"(4, K, R)|(19, V, -)",test
2281,GKPRPYSPKPTSHPRPIRV,GKPRPYSPRPTSHPRPIR,5.54770232900537,4.214885533517572,1.3328167954877976,GKPRPYSPKPTSHPRPIRV,GKPRPYSPRPTSHPRPIR-,2,0.8947368421052632,102.0,2.207761390058656,0.9163292847503371,0.2051282051282051,0.9298245614210529,0.3333333335,2,"(9, K, R)|(19, V, -)",test
2282,GKPRPYSPKPTSHPRPIRV,GKPRPYSPRPSSHPRPIRV,5.54770232900537,6.3979400086720375,-0.8502376796666677,GKPRPYSPKPTSHPRPIRV,GKPRPYSPRPSSHPRPIRV,2,0.8947368421052632,102.0,2.207761390058656,0.9346359209059438,0.3790412486064659,0.9608918128947368,0.6284722225,2,"(9, K, R)|(11, T, S)",test
2285,GKPRPYSPRPSSHPRPIRV,GKPRPYTPRPTSHPRPIRV,6.3979400086720375,5.64592487569422,0.7520151329778173,GKPRPYSPRPSSHPRPIRV,GKPRPYTPRPTSHPRPIRV,2,0.8947368421052632,102.0,2.207761390058656,0.931350114416476,0.3478260869565217,0.9568713450526316,0.590277778,2,"(7, S, T)|(11, S, T)",test
2286,GKPRPYSPRPSSHPRPIRV,GKPRPYSPRPTSHPRPIRV,6.3979400086720375,4.998405782684587,1.39953422598745,GKPRPYSPRPSSHPRPIRV,GKPRPYSPRPTSHPRPIRV,1,0.9473684210526316,105.0,2.264937672468623,0.965675057208238,0.3478260869565217,0.9784356725263158,0.590277778,1,"(11, S, T)",test
2287,GKPRPYSPRPSSHPRPIRV,GKPRPYSPRPTSHPRPIR,6.3979400086720375,4.214885533517572,2.1830544751544654,GKPRPYSPRPSSHPRPIRV,GKPRPYSPRPTSHPRPIR-,2,0.8947368421052632,101.0,2.188702629255333,0.9130434782608696,0.1739130434782608,0.9258040935789474,0.295138889,2,"(11, S, T)|(19, V, -)",test
2288,GKPRPYSPRPTSHPRPIR,GKPRPYTPRPTSHPRPIRV,4.214885533517572,5.64592487569422,-1.431039342176648,GKPRPYSPRPTSHPRPIR-,GKPRPYTPRPTSHPRPIRV,2,0.8947368421052632,102.0,2.207761390058656,0.9130434782608696,0.1739130434782608,0.9258040935789474,0.295138889,2,"(7, S, T)|(19, -, V)",test
2289,GKPRPYSPRPTSHPRPIR,GKPRPYSPRPTSHPRPIRV,4.214885533517572,4.998405782684587,-0.7835202491670152,GKPRPYSPRPTSHPRPIR-,GKPRPYSPRPTSHPRPIRV,1,0.9473684210526316,105.0,2.264937672468623,0.9473684210526316,0.0,0.9473684210526316,0.0,1,"(19, -, V)",test
2294,GKWKKILGHLIR,GMWSKILGHLIR,5.568636235841012,4.59108197915322,0.9775542566877924,GKWKKILGHLIR,GMWSKILGHLIR,2,0.8333333333333334,56.0,2.1075091224175404,0.8970238095238096,0.3821428571428571,0.9004629629166666,0.4027777775,2,"(2, K, M)|(4, K, S)",test
2300,GKWLSLLKHILK,GKWMSALKHILK,5.7447274948966935,4.698970004336019,1.0457574905606748,GKWLSLLKHILK,GKWMSALKHILK,2,0.8333333333333334,57.0,2.137685493689468,0.905273937532002,0.4316436251920122,0.9236111110833334,0.5416666665000001,2,"(4, L, M)|(6, L, A)",test
2311,GKWMKLLKHILK,GKWMSALKHILK,5.6020599913279625,4.698970004336019,0.9030899869919438,GKWMKLLKHILK,GKWMSALKHILK,2,0.8333333333333334,56.0,2.1075091224175404,0.9057539682539684,0.4345238095238094,0.9039351851666666,0.423611111,2,"(5, K, S)|(6, L, A)",test
2317,GKWMSALKHILK,GKWMSLLKHILK,4.698970004336019,5.438898616350944,-0.7399286120149249,GKWMSALKHILK,GKWMSLLKHILK,1,0.9166666666666666,60.0,2.22821460750525,0.9563492063492064,0.4761904761904761,0.9479166666666666,0.375,1,"(6, A, L)",test
2318,GKWMSALKHILK,GKWMTLLKHILK,4.698970004336019,5.568636235841012,-0.8696662315049934,GKWMSALKHILK,GKWMTLLKHILK,2,0.8333333333333334,57.0,2.137685493689468,0.90200138026225,0.4120082815734989,0.9137731481666668,0.482638889,2,"(5, S, T)|(6, A, L)",test
2320,GKWMSALKHILK,GKWMSWLKHILK,4.698970004336019,5.4089353929735005,-0.7099653886374817,GKWMSALKHILK,GKWMSWLKHILK,1,0.9166666666666666,58.0,2.167861864961395,0.9308510638297872,0.1702127659574468,0.92465277775,0.095833333,1,"(6, A, W)",test
2328,GKWMSALKHILK,SKWMSLLKHILK,4.698970004336019,5.638272163982407,-0.9393021596463882,GKWMSALKHILK,SKWMSLLKHILK,2,0.8333333333333334,54.0,2.047156379873685,0.8993316624895572,0.3959899749373433,0.9020833333333332,0.4125,2,"(1, G, S)|(6, A, L)",test
2360,GKWSKILGHLIR,GMWSKILGHLIR,5.431798275933005,4.59108197915322,0.8407162967797852,GKWSKILGHLIR,GMWSKILGHLIR,1,0.9166666666666666,60.0,2.22821460750525,0.9476190476190476,0.3714285714285714,0.9444444444166668,0.333333333,1,"(2, K, M)",test
2371,GLAKRIKTLL,GLLKRIKTLL,4.466480936311396,3.761359728404466,0.70512120790693,GLAKRIKTLL,GLLKRIKTLL,1,0.9,41.0,1.9858362640063536,0.9476190476190476,0.4761904761904761,0.9375,0.375,1,"(3, A, L)",test
2382,GLAKRIKTLL,GMLKRIKTLL,4.466480936311396,3.6989700043360174,0.7675109319753779,GLAKRIKTLL,GMLKRIKTLL,2,0.8,39.0,1.9134129729537277,0.8863287250384024,0.4316436251920122,0.9083333333,0.5416666665000001,2,"(2, L, M)|(3, A, L)",test
2394,GLFAVIKKVASV,GLFAVIKKVASVI,3.983233721251502,4.924500222411133,-0.9412665011596312,GLFAVIKKVASV-,GLFAVIKKVASVI,1,0.9230769230769232,54.0,1.8896828121910936,0.9230769230769232,0.0,0.9230769230769232,0.0,1,"(13, -, I)",test
2400,GLFAVIKKVASVIG,GLFAVIKKVASVIGG,4.34048600538107,3.454721774607348,0.8857642307737219,GLFAVIKKVASVIG-,GLFAVIKKVASVIGG,1,0.9333333333333332,64.0,1.879136074074368,0.9333333333333332,0.0,0.9333333333333332,0.0,1,"(15, -, G)",test
2402,GLFAVIKKVASVIGG,GLFAVIKKVASVIGGL,3.454721774607348,4.196437098005429,-0.7417153233980809,GLFAVIKKVASVIGG-,GLFAVIKKVASVIGGL,1,0.9375,70.0,1.8974837401683935,0.9375,0.0,0.9375,0.0,1,"(16, -, L)",test
2434,GLFDVIKKLLKKIGGL,GLFDVIKKVASKIGGL,5.200659450546418,4.216164555839008,0.98449489470741,GLFDVIKKLLKKIGGL,GLFDVIKKVASKIGGL,3,0.8125,65.0,1.7843223478986658,0.8928571428571428,0.4285714285714285,0.904513888875,0.4907407406666667,3,"(9, L, V)|(10, L, A)|(11, K, S)",test
2440,GLFDVIKKVASKIGGL,GLFDVIKKVLKKIGGL,4.216164555839008,5.200659450546418,-0.98449489470741,GLFDVIKKVASKIGGL,GLFDVIKKVLKKIGGL,2,0.875,68.0,1.8522191832605024,0.9293154761904762,0.4345238095238094,0.927951388875,0.423611111,2,"(10, A, L)|(11, S, K)",test
2452,GLFGVLAKVAAHVVPAIAEHF,GLFGVLAKVAAKVVPAIAKHF,4.331737346992503,5.096910013008056,-0.7651726660155536,GLFGVLAKVAAHVVPAIAEHF,GLFGVLAKVAAKVVPAIAKHF,2,0.9047619047619048,92.0,1.8250619932611027,0.9354943064182196,0.3226902173913043,0.9451058201428572,0.4236111114999999,2,"(12, H, K)|(19, E, K)",test
2467,GLFRALLRLLRSLWRLLLRA,GLRRALLRLLRSLRRLLLRA,4.1938200260161125,5.096910013008056,-0.9030899869919438,GLFRALLRLLRSLWRLLLRA,GLRRALLRLLRSLRRLLLRA,2,0.9,73.0,1.5723044604241845,0.921135752688172,0.2113575268817203,0.90972222225,0.0972222225,2,"(3, F, R)|(14, W, R)",test
2508,GLKALKKVFKGIHKAIKLINNHVQ,GLNTLKKVFQGLHEAIKLINNHVQ,5.301029995663981,4.281913705216908,1.019116290447073,GLKALKKVFKGIHKAIKLINNHVQ,GLNTLKKVFQGLHEAIKLINNHVQ,5,0.7916666666666666,102.0,1.7478111004631025,0.8793100334178963,0.4206881604059023,0.9064814815,0.5511111112,5,"(3, K, N)|(4, A, T)|(10, K, Q)|(12, I, L)|(14, K, E)",test
2511,GLKALKKVFKGIHKAIKLINNHVQ,GLNALKKVFQGFHEAIKLINNHVQ,5.301029995663981,4.096910013008056,1.204119982655925,GLKALKKVFKGIHKAIKLINNHVQ,GLNALKKVFQGFHEAIKLINNHVQ,4,0.8333333333333334,104.0,1.77798747173503,0.8910748889327519,0.346449333596511,0.91597222225,0.4958333334999999,4,"(3, K, N)|(10, K, Q)|(12, I, F)|(14, K, E)",test
2517,GLKALKKVFQGIHEAIKLINNHVQ,GLNTLKKVFQGLHEAIKLINNHVQ,5.0,4.281913705216908,0.7180862947830917,GLKALKKVFQGIHEAIKLINNHVQ,GLNTLKKVFQGLHEAIKLINNHVQ,3,0.875,110.0,1.868516585550812,0.9293021420037548,0.4344171360300392,0.9435185185,0.548148148,3,"(3, K, N)|(4, A, T)|(12, I, L)",test
2518,GLKALKKVFQGIHEAIKLINNHVQ,GLNALKKVFQGFHEAIKLINNHVQ,5.0,4.096910013008056,0.9030899869919438,GLKALKKVFQGIHEAIKLINNHVQ,GLNALKKVFQGFHEAIKLINNHVQ,2,0.9166666666666666,112.0,1.89869295682274,0.9410669975186104,0.292803970223325,0.95300925925,0.436111111,2,"(3, K, N)|(12, I, F)",test
2523,GLKALKKVFQGIHEAIKLINNHVQ,GLNALKKVFQGIHKAIKKINNHVQ,5.0,5.778151250383644,-0.7781512503836439,GLKALKKVFQGIHEAIKLINNHVQ,GLNALKKVFQGIHKAIKKINNHVQ,3,0.875,106.0,1.808163843006957,0.9210349462365592,0.3682795698924732,0.9255787037083332,0.4046296296666666,3,"(3, K, N)|(14, E, K)|(18, L, K)",test
2533,GLKALKKVFQGIHKAIKLINNHVQ,GLNALKKVFQGFHEAIKLINNHVQ,5.301029995663981,4.096910013008056,1.204119982655925,GLKALKKVFQGIHKAIKLINNHVQ,GLNALKKVFQGFHEAIKLINNHVQ,3,0.875,108.0,1.8383402142788847,0.9163274141852772,0.3306193134822167,0.93449074075,0.4759259259999999,3,"(3, K, N)|(12, I, F)|(14, K, E)",test
2539,GLKALKKVFQGIHKAIKLINNHVQ,GLNTLKKVFQGLHEAIKLINNHVQ,5.301029995663981,4.281913705216908,1.019116290447073,GLKALKKVFQGIHKAIKLINNHVQ,GLNTLKKVFQGLHEAIKLINNHVQ,4,0.8333333333333334,106.0,1.808163843006957,0.9045625586704216,0.4273753520225294,0.925,0.5499999999999999,4,"(3, K, N)|(4, A, T)|(12, I, L)|(14, K, E)",test
2549,GLKKIFKAGLGSLVKGIAAHVAS,GLKKIFKKGLGSLVKGIAAHVAS,4.371611069949688,5.1249387366083,-0.7533276666586115,GLKKIFKAGLGSLVKGIAAHVAS,GLKKIFKKGLGSLVKGIAAHVAS,1,0.9565217391304348,105.0,1.8710354685610369,0.968944099378882,0.2857142857142857,0.9719202898695652,0.354166667,1,"(8, A, K)",test
2556,GLLALISWIKRKRQQ,GLSALISWIKRKRQQ,4.407691887366919,5.455542535126404,-1.0478506477594849,GLLALISWIKRKRQQ,GLSALISWIKRKRQQ,1,0.9333333333333332,69.0,1.999841559162078,0.9652173913043478,0.4782608695652174,0.95,0.25,1,"(3, L, S)",test
2563,GLLARIKTLL,GLLKKIKTLL,4.836242757006483,3.768020973168496,1.0682217838379868,GLLARIKTLL,GLLKKIKTLL,2,0.8,37.0,1.8409896819011016,0.8695970695970695,0.3479853479853479,0.9020833334,0.510416667,2,"(4, A, K)|(5, R, K)",test
2566,GLLARIKTLL,GLLSRIKTLL,4.836242757006483,4.0,0.8362427570064828,GLLARIKTLL,GLLSRIKTLL,1,0.9,42.0,2.0220479095326667,0.9421052631578948,0.4210526315789473,0.9625,0.625,1,"(4, A, S)",test
2567,GLLARIKTLL,GLLKRIKTLL,4.836242757006483,3.761359728404466,1.0748830286020166,GLLARIKTLL,GLLKRIKTLL,1,0.9,40.0,1.9496246184800403,0.9285714285714284,0.2857142857142857,0.9354166667,0.354166667,1,"(4, A, K)",test
2568,GLLARIKTLL,GLLTRIKTLL,4.836242757006483,3.6989700043360174,1.1372727526704645,GLLARIKTLL,GLLTRIKTLL,1,0.9,41.0,1.9858362640063536,0.9555555555555556,0.5555555555555556,0.9472222222,0.472222222,1,"(4, A, T)",test
2570,GLLARIKTLL,GMLKRIKTLL,4.836242757006483,3.6989700043360174,1.1372727526704645,GLLARIKTLL,GMLKRIKTLL,2,0.8,38.0,1.8772013274274149,0.8672811059907835,0.336405529953917,0.90625,0.53125,2,"(2, L, M)|(4, A, K)",test
2602,GLLKAIKTLL,GLLKKIKTLL,5.330162459261798,3.768020973168496,1.562141486093302,GLLKAIKTLL,GLLKKIKTLL,1,0.9,40.0,1.9496246184800403,0.9285714285714284,0.2857142857142857,0.9354166667,0.354166667,1,"(5, A, K)",test
2606,GLLKAIKTLL,GLLKWIKTLL,5.330162459261798,4.425968732272281,0.9041937269895168,GLLKAIKTLL,GLLKWIKTLL,1,0.9,38.0,1.8772013274274149,0.9170212765957448,0.1702127659574468,0.9095833333,0.095833333,1,"(5, A, W)",test
2609,GLLKAIKTLL,GLLKRIKTLL,5.330162459261798,3.761359728404466,1.5688027308573318,GLLKAIKTLL,GLLKRIKTLL,1,0.9,40.0,1.9496246184800403,0.9228571428571428,0.2285714285714285,0.9354166667,0.354166667,1,"(5, A, R)",test
2612,GLLKAIKTLL,GLLKNIKTLL,5.330162459261798,4.514784288493452,0.8153781707683461,GLLKAIKTLL,GLLKNIKTLL,1,0.9,39.0,1.9134129729537277,0.9363636363636364,0.3636363636363636,0.9225,0.225,1,"(5, A, N)",test
2620,GLLKAIKTLL,GMLKRIKTLL,5.330162459261798,3.6989700043360174,1.6311924549257797,GLLKAIKTLL,GMLKRIKTLL,2,0.8,38.0,1.8772013274274149,0.8615668202764978,0.3078341013824884,0.90625,0.53125,2,"(2, L, M)|(5, A, R)",test
2624,GLLKFIKKLL,GLLKFIKTLL,4.467069638873651,5.757956339848613,-1.290886700974962,GLLKFIKKLL,GLLKFIKTLL,1,0.9,41.0,1.9858362640063536,0.925,0.25,0.9333333333,0.333333333,1,"(8, K, T)",test
2626,GLLKFIKKLL,GLLKWIKKLL,4.467069638873651,5.494850021680094,-1.0277803828064425,GLLKFIKKLL,GLLKWIKKLL,1,0.9,42.0,2.0220479095326667,0.9339622641509434,0.3396226415094339,0.9416666667,0.416666667,1,"(5, F, W)",test
2629,GLLKFIKKLL,KLLKFIKKLL,4.467069638873651,3.492643874951392,0.9744257639222592,GLLKFIKKLL,KLLKFIKKLL,1,0.9,41.0,1.9858362640063536,0.925925925925926,0.2592592592592592,0.9211111111,0.211111111,1,"(1, G, K)",test
2630,GLLKFIKKLL,RLLKFIKKLL,4.467069638873651,3.5023177473120093,0.964751891561642,GLLKFIKKLL,RLLKFIKKLL,1,0.9,41.0,1.9858362640063536,0.917142857142857,0.1714285714285714,0.9211111111,0.211111111,1,"(1, G, R)",test
2631,GLLKFIKTLL,GLLKKIKTLL,5.757956339848613,3.768020973168496,1.9899353666801172,GLLKFIKTLL,GLLKKIKTLL,1,0.9,38.0,1.8772013274274149,0.9268292682926832,0.2682926829268293,0.9105555556,0.105555556,1,"(5, F, K)",test
2632,GLLKFIKTLL,GLLKFIKWLL,5.757956339848613,4.655607726314889,1.1023486135337244,GLLKFIKTLL,GLLKFIKWLL,1,0.9,40.0,1.9496246184800403,0.915686274509804,0.1568627450980392,0.9177777778,0.177777778,1,"(8, T, W)",test
2633,GLLKFIKTLL,GLLKNIKTLL,5.757956339848613,4.514784288493452,1.2431720513551614,GLLKFIKTLL,GLLKNIKTLL,1,0.9,38.0,1.8772013274274149,0.9314285714285712,0.3142857142857143,0.91,0.1,1,"(5, F, N)",test
2638,GLLKFIKTLL,GLLKWIKTLL,5.757956339848613,4.425968732272281,1.3319876075763322,GLLKFIKTLL,GLLKWIKTLL,1,0.9,42.0,2.0220479095326667,0.9339622641509434,0.3396226415094339,0.9416666667,0.416666667,1,"(5, F, W)",test
2639,GLLKFIKTLL,GLLKRIKTLL,5.757956339848613,3.761359728404466,1.9965966114441471,GLLKFIKTLL,GLLKRIKTLL,1,0.9,38.0,1.8772013274274149,0.9229166666666668,0.2291666666666666,0.9105555556,0.105555556,1,"(5, F, R)",test
2649,GLLKFIKWLL,GLLKRIKWLL,4.655607726314889,5.792249750076834,-1.1366420237619457,GLLKFIKWLL,GLLKRIKWLL,1,0.9,44.0,2.0944712005852923,0.9229166666666668,0.2291666666666666,0.9105555556,0.105555556,1,"(5, F, R)",test
2651,GLLKKIKKLL,GLLKKIKTLL,4.6020599913279625,3.768020973168496,0.8340390181594666,GLLKKIKKLL,GLLKKIKTLL,1,0.9,40.0,1.9496246184800403,0.925,0.25,0.9333333333,0.333333333,1,"(8, K, T)",test
2658,GLLKKIKKLL,GLLKRIKTLL,4.6020599913279625,3.761359728404466,0.8407002629234963,GLLKKIKKLL,GLLKRIKTLL,2,0.8,37.0,1.8409896819011016,0.8660256410256411,0.330128205128205,0.9,0.5,2,"(5, K, R)|(8, K, T)",test
2660,GLLKKIKKLL,GLLKWIKKLL,4.6020599913279625,5.494850021680094,-0.8927900303521312,GLLKKIKKLL,GLLKWIKKLL,1,0.9,38.0,1.8772013274274149,0.9196428571428572,0.1964285714285714,0.9088888889,0.088888889,1,"(5, K, W)",test
2663,GLLKKIKTLL,GLLKKIKWLL,3.768020973168496,4.903089986991944,-1.1350690138234478,GLLKKIKTLL,GLLKKIKWLL,1,0.9,39.0,1.9134129729537277,0.915686274509804,0.1568627450980392,0.9177777778,0.177777778,1,"(8, T, W)",test
2664,GLLKKIKTLL,GLLKNIKTLL,3.768020973168496,4.514784288493452,-0.746763315324956,GLLKKIKTLL,GLLKNIKTLL,1,0.9,41.0,1.9858362640063536,0.935483870967742,0.3548387096774194,0.9422222222,0.422222222,1,"(5, K, N)",test
2665,GLLKKIKTLL,GLLKLIKTLL,3.768020973168496,5.744864115478196,-1.9768431423097,GLLKKIKTLL,GLLKLIKTLL,1,0.9,39.0,1.9134129729537277,0.934375,0.34375,0.9236111111,0.236111111,1,"(5, K, L)",test
2667,GLLKKIKTLL,GLLKRIKALL,3.768020973168496,4.846825109821853,-1.078804136653357,GLLKKIKTLL,GLLKRIKALL,2,0.8,38.0,1.8772013274274149,0.8965811965811966,0.4829059829059828,0.9138888889,0.5694444445,2,"(5, K, R)|(8, T, A)",test
2669,GLLKKIKTLL,GLLKVIKTLL,3.768020973168496,5.563257195957008,-1.795236222788512,GLLKKIKTLL,GLLKVIKTLL,1,0.9,39.0,1.9134129729537277,0.9258064516129032,0.2580645161290322,0.9236111111,0.236111111,1,"(5, K, V)",test
2670,GLLKKIKTLL,GLLKRIKVLL,3.768020973168496,4.719224244766274,-0.9512032715977776,GLLKKIKTLL,GLLKRIKVLL,2,0.8,38.0,1.8772013274274149,0.9041835357624832,0.5209176788124156,0.9138888889,0.5694444445,2,"(5, K, R)|(8, T, V)",test
2671,GLLKKIKTLL,GLLKRIKKLL,3.768020973168496,4.6020599913279625,-0.8340390181594666,GLLKKIKTLL,GLLKRIKKLL,2,0.8,37.0,1.8409896819011016,0.8660256410256411,0.330128205128205,0.9,0.5,2,"(5, K, R)|(8, T, K)",test
2673,GLLKKIKTLL,GLLKRIKILL,3.768020973168496,5.11265805639019,-1.344637083221694,GLLKKIKTLL,GLLKRIKILL,2,0.8,37.0,1.8409896819011016,0.8910256410256411,0.455128205128205,0.9020833334,0.510416667,2,"(5, K, R)|(8, T, I)",test
2677,GLLKKIKTLL,GLLKRIKNLL,3.768020973168496,4.724829558557198,-0.9568085853887024,GLLKKIKTLL,GLLKRIKNLL,2,0.8,38.0,1.8772013274274149,0.8717948717948719,0.3589743589743589,0.9088888889,0.5444444445,2,"(5, K, R)|(8, T, N)",test
2679,GLLKKIKTLL,GLLKRIKLLL,3.768020973168496,4.952957213522678,-1.1849362403541823,GLLKKIKTLL,GLLKRIKLLL,2,0.8,37.0,1.8409896819011016,0.8810256410256411,0.4051282051282051,0.9020833334,0.510416667,2,"(5, K, R)|(8, T, L)",test
2685,GLLKKIKWLL,GLLKRIKWLL,4.903089986991944,5.792249750076834,-0.8891597630848906,GLLKKIKWLL,GLLKRIKWLL,1,0.9,49.0,2.275529428216857,0.941025641025641,0.4102564102564102,0.9666666667,0.666666667,1,"(5, K, R)",test
2688,GLLKLIKTLL,GLLKNIKTLL,5.744864115478196,4.514784288493452,1.2300798269847435,GLLKLIKTLL,GLLKNIKTLL,1,0.9,38.0,1.8772013274274149,0.948,0.48,0.91125,0.1125,1,"(5, L, N)",test
2697,GLLKLIKTLL,GLLKRIKTLL,5.744864115478196,3.761359728404466,1.9835043870737292,GLLKLIKTLL,GLLKRIKTLL,1,0.9,39.0,1.9134129729537277,0.928205128205128,0.282051282051282,0.9236111111,0.236111111,1,"(5, L, R)",test
2699,GLLKLIKTLL,GLLKVIKVLL,5.744864115478196,4.592438968606253,1.152425146871943,GLLKLIKTLL,GLLKVIKVLL,2,0.8,37.0,1.8409896819011016,0.9048245614035088,0.5241228070175439,0.9097222222,0.548611111,2,"(5, L, V)|(8, T, V)",test
2700,GLLKLIKTLL,GLLKWIKTLL,5.744864115478196,4.425968732272281,1.3188953832059145,GLLKLIKTLL,GLLKWIKTLL,1,0.9,39.0,1.9134129729537277,0.9215686274509804,0.2156862745098039,0.9191666667,0.191666667,1,"(5, L, W)",test
2710,GLLKNIKTLL,GLLKRIKTLL,4.514784288493452,3.761359728404466,0.7534245600889857,GLLKNIKTLL,GLLKRIKTLL,1,0.9,41.0,1.9858362640063536,0.9324324324324323,0.3243243243243243,0.9422222222,0.422222222,1,"(5, N, R)",test
2714,GLLKNIKTLL,GLLKVIKTLL,4.514784288493452,5.563257195957008,-1.048472907463556,GLLKNIKTLL,GLLKVIKTLL,1,0.9,38.0,1.8772013274274149,0.932,0.32,0.91125,0.1125,1,"(5, N, V)",test
2716,GLLKNIKTLL,GMLKRIKTLL,4.514784288493452,3.6989700043360174,0.8158142841574336,GLLKNIKTLL,GMLKRIKTLL,2,0.8,39.0,1.9134129729537277,0.8711421098517873,0.3557105492589363,0.9130555555,0.5652777775,2,"(2, L, M)|(5, N, R)",test
2729,GLLKRAKTLL,GMLKRIKTLL,4.433480676208471,3.6989700043360174,0.7345106718724526,GLLKRAKTLL,GMLKRIKTLL,2,0.8,39.0,1.9134129729537277,0.8841642228739002,0.4208211143695014,0.9083333333,0.5416666665000001,2,"(2, L, M)|(6, A, I)",test
2732,GLLKRIKALL,GLLKRIKSLL,4.846825109821853,4.0,0.8468251098218529,GLLKRIKALL,GLLKRIKSLL,1,0.9,42.0,2.0220479095326667,0.9421052631578948,0.4210526315789473,0.9625,0.625,1,"(8, A, S)",test
2735,GLLKRIKALL,GLLKRIKTLL,4.846825109821853,3.761359728404466,1.085465381417387,GLLKRIKALL,GLLKRIKTLL,1,0.9,41.0,1.9858362640063536,0.9555555555555556,0.5555555555555556,0.9472222222,0.472222222,1,"(8, A, T)",test
2736,GLLKRIKALL,GLLKRIKWLL,4.846825109821853,5.792249750076834,-0.9454246402549816,GLLKRIKALL,GLLKRIKWLL,1,0.9,38.0,1.8772013274274149,0.9170212765957448,0.1702127659574468,0.9095833333,0.095833333,1,"(8, A, W)",test
2740,GLLKRIKALL,GMLKRIKTLL,4.846825109821853,3.6989700043360174,1.1478551054858346,GLLKRIKALL,GMLKRIKTLL,2,0.8,39.0,1.9134129729537277,0.8942652329749103,0.471326164874552,0.9180555555000002,0.5902777775,2,"(2, L, M)|(8, A, T)",test
2747,GLLKRIKFLL,GLLKRIKTLL,5.176293412272281,3.761359728404466,1.4149336838678144,GLLKRIKFLL,GLLKRIKTLL,1,0.9,39.0,1.9134129729537277,0.9222222222222222,0.2222222222222222,0.9211111111,0.211111111,1,"(8, F, T)",test
2748,GLLKRIKFLL,GLLKRIKSLL,5.176293412272281,4.0,1.1762934122722806,GLLKRIKFLL,GLLKRIKSLL,1,0.9,39.0,1.9134129729537277,0.934375,0.34375,0.9225,0.225,1,"(8, F, S)",test
2760,GLLKRIKILL,GLLKRIKSLL,5.11265805639019,4.0,1.11265805639019,GLLKRIKILL,GLLKRIKSLL,1,0.9,39.0,1.9134129729537277,0.9346153846153846,0.3461538461538461,0.925,0.25,1,"(8, I, S)",test
2762,GLLKRIKILL,GLLKRIKTLL,5.11265805639019,3.761359728404466,1.3512983279857238,GLLKRIKILL,GLLKRIKTLL,1,0.9,40.0,1.9496246184800403,0.95,0.5,0.9354166667,0.354166667,1,"(8, I, T)",test
2765,GLLKRIKILL,GMLKRIKTLL,5.11265805639019,3.6989700043360174,1.4136880520541717,GLLKRIKILL,GMLKRIKTLL,2,0.8,38.0,1.8772013274274149,0.8887096774193548,0.4435483870967742,0.90625,0.53125,2,"(2, L, M)|(8, I, T)",test
2771,GLLKRIKKLL,GLLKWIKKLL,4.6020599913279625,5.494850021680094,-0.8927900303521312,GLLKRIKKLL,GLLKWIKKLL,1,0.9,38.0,1.8772013274274149,0.9193548387096774,0.1935483870967742,0.9088888889,0.088888889,1,"(5, R, W)",test
2772,GLLKRIKKLL,GLLKRIKTLL,4.6020599913279625,3.761359728404466,0.8407002629234963,GLLKRIKKLL,GLLKRIKTLL,1,0.9,40.0,1.9496246184800403,0.925,0.25,0.9333333333,0.333333333,1,"(8, K, T)",test
2775,GLLKRIKKLL,GLLKRIKWLL,4.6020599913279625,5.792249750076834,-1.190189758748872,GLLKRIKKLL,GLLKRIKWLL,1,0.9,38.0,1.8772013274274149,0.9196428571428572,0.1964285714285714,0.9088888889,0.088888889,1,"(8, K, W)",test
2777,GLLKRIKKLL,GMLKRIKTLL,4.6020599913279625,3.6989700043360174,0.9030899869919442,GLLKRIKKLL,GMLKRIKTLL,2,0.8,38.0,1.8772013274274149,0.8637096774193548,0.3185483870967742,0.9041666666,0.520833333,2,"(2, L, M)|(8, K, T)",test
2779,GLLKRIKLLL,GLLKRIKSLL,4.952957213522678,4.0,0.9529572135226784,GLLKRIKLLL,GLLKRIKSLL,1,0.9,39.0,1.9134129729537277,0.9478260869565218,0.4782608695652174,0.925,0.25,1,"(8, L, S)",test
2780,GLLKRIKLLL,GLLKRIKTLL,4.952957213522678,3.761359728404466,1.191597485118212,GLLKRIKLLL,GLLKRIKTLL,1,0.9,40.0,1.9496246184800403,0.94,0.4,0.9354166667,0.354166667,1,"(8, L, T)",test
2783,GLLKRIKLLL,GLLKRIKWLL,4.952957213522678,5.792249750076834,-0.8392925365541561,GLLKRIKLLL,GLLKRIKWLL,1,0.9,39.0,1.9134129729537277,0.9215686274509804,0.2156862745098039,0.9191666667,0.191666667,1,"(8, L, W)",test
2786,GLLKRIKLLL,GMLKRIKTLL,4.952957213522678,3.6989700043360174,1.25398720918666,GLLKRIKLLL,GMLKRIKTLL,2,0.8,38.0,1.8772013274274149,0.8787096774193548,0.3935483870967742,0.90625,0.53125,2,"(2, L, M)|(8, L, T)",test
2789,GLLKRIKNLL,GLLKRIKTLL,4.724829558557198,3.761359728404466,0.9634698301527322,GLLKRIKNLL,GLLKRIKTLL,1,0.9,41.0,1.9858362640063536,0.9307692307692308,0.3076923076923077,0.9422222222,0.422222222,1,"(8, N, T)",test
2791,GLLKRIKNLL,GLLKRIKSLL,4.724829558557198,4.0,0.7248295585571984,GLLKRIKNLL,GLLKRIKSLL,1,0.9,42.0,2.0220479095326667,0.95,0.5,0.95625,0.5625,1,"(8, N, S)",test
2795,GLLKRIKNLL,GLLKRIKWLL,4.724829558557198,5.792249750076834,-1.067420191519636,GLLKRIKNLL,GLLKRIKWLL,1,0.9,37.0,1.8409896819011016,0.9244897959183674,0.2448979591836734,0.9,0.0,1,"(8, N, W)",test
2798,GLLKRIKNLL,GMLKRIKTLL,4.724829558557198,3.6989700043360174,1.02585955422118,GLLKRIKNLL,GMLKRIKTLL,2,0.8,39.0,1.9134129729537277,0.8694789081885854,0.347394540942928,0.9130555555,0.5652777775,2,"(2, L, M)|(8, N, T)",test
2801,GLLKRIKSLL,GLLKRIKVLL,4.0,4.719224244766274,-0.7192242447662736,GLLKRIKSLL,GLLKRIKVLL,1,0.9,39.0,1.9134129729537277,0.9363636363636364,0.3636363636363636,0.925,0.25,1,"(8, S, V)",test
2803,GLLKRIKSLL,GLLKRIKWLL,4.0,5.792249750076834,-1.7922497500768344,GLLKRIKSLL,GLLKRIKWLL,1,0.9,38.0,1.8772013274274149,0.9234042553191488,0.2340425531914893,0.9095833333,0.095833333,1,"(8, S, W)",test
2827,GLLKRIKTLL,GLLKRIKWLL,3.761359728404466,5.792249750076834,-2.030890021672368,GLLKRIKTLL,GLLKRIKWLL,1,0.9,39.0,1.9134129729537277,0.915686274509804,0.1568627450980392,0.9177777778,0.177777778,1,"(8, T, W)",test
2829,GLLKRIKTLL,GLLKVIKTLL,3.761359728404466,5.563257195957008,-1.8018974675525417,GLLKRIKTLL,GLLKVIKTLL,1,0.9,38.0,1.8772013274274149,0.9210526315789472,0.2105263157894736,0.9118055556,0.118055556,1,"(5, R, V)",test
2830,GLLKRIKTLL,GLLKRIKVLL,3.761359728404466,4.719224244766274,-0.9578645163618074,GLLKRIKTLL,GLLKRIKVLL,1,0.9,41.0,1.9858362640063536,0.963157894736842,0.631578947368421,0.9472222222,0.472222222,1,"(8, T, V)",test
2831,GLLKRIKTLL,KLLKRIKTLL,3.761359728404466,4.7081409832180015,-0.9467812548135351,GLLKRIKTLL,KLLKRIKTLL,1,0.9,40.0,1.9496246184800403,0.925925925925926,0.2592592592592592,0.9211111111,0.211111111,1,"(1, G, K)",test
2835,GLLKRIKVLL,GLLKRIKWLL,4.719224244766274,5.792249750076834,-1.0730255053105608,GLLKRIKVLL,GLLKRIKWLL,1,0.9,38.0,1.8772013274274149,0.916,0.16,0.9095833333,0.095833333,1,"(8, V, W)",test
2839,GLLKRIKVLL,GMLKRIKTLL,4.719224244766274,3.6989700043360174,1.0202542404302553,GLLKRIKVLL,GMLKRIKTLL,2,0.8,39.0,1.9134129729537277,0.901867572156197,0.5093378607809846,0.9180555555000002,0.5902777775,2,"(2, L, M)|(8, V, T)",test
2845,GLLKVIKTLL,GLLKWIKTLL,5.563257195957008,4.425968732272281,1.137288463684727,GLLKVIKTLL,GLLKWIKTLL,1,0.9,38.0,1.8772013274274149,0.916,0.16,0.9095833333,0.095833333,1,"(5, V, W)",test
2846,GLLKVIKTLL,GLLKVIKVLL,5.563257195957008,4.592438968606253,0.9708182273507556,GLLKVIKTLL,GLLKVIKVLL,1,0.9,40.0,1.9496246184800403,0.963157894736842,0.631578947368421,0.9472222222,0.472222222,1,"(8, T, V)",test
2850,GLLKWIKKLL,GLLKWIKTLL,5.494850021680094,4.425968732272281,1.0688812894078126,GLLKWIKKLL,GLLKWIKTLL,1,0.9,46.0,2.1668944916379185,0.925,0.25,0.9333333333,0.333333333,1,"(8, K, T)",test
2873,GLNAFKKVFQGIHEAIKLINNHVQ,GLNALKKVFQGIHKAIKKINNHVQ,4.698970004336019,5.778151250383644,-1.079181246047625,GLNAFKKVFQGIHEAIKLINNHVQ,GLNALKKVFQGIHKAIKKINNHVQ,3,0.875,108.0,1.8383402142788847,0.9189814814814816,0.3518518518518518,0.926736111125,0.413888889,3,"(5, F, L)|(14, E, K)|(18, L, K)",test
2876,GLNAFKKVFQGIHEAIKLINNHVQ,GLNALKKVFQGIHEAIKKINNHVQ,4.698970004336019,5.574031267727719,-0.8750612633917001,GLNAFKKVFQGIHEAIKLINNHVQ,GLNALKKVFQGIHEAIKKINNHVQ,2,0.9166666666666666,112.0,1.89869295682274,0.9437210648148148,0.3246527777777778,0.945254629625,0.3430555555,2,"(5, F, L)|(18, L, K)",test
2883,GLNALKKFFQGIHEAIKLINNHVQ,GLNALKKVFQGIHEAIKKINNHVQ,4.698970004336019,5.574031267727719,-0.8750612633917001,GLNALKKFFQGIHEAIKLINNHVQ,GLNALKKVFQGIHEAIKKINNHVQ,2,0.9166666666666666,111.0,1.883604771186776,0.9405133928571427,0.2861607142857142,0.940567129625,0.2868055555,2,"(8, F, V)|(18, L, K)",test
2885,GLNALKKFFQGIHEAIKLINNHVQ,GLNALKKVFQGIHKAIKKINNHVQ,4.698970004336019,5.778151250383644,-1.079181246047625,GLNALKKFFQGIHEAIKLINNHVQ,GLNALKKVFQGIHKAIKKINNHVQ,3,0.875,107.0,1.823252028642921,0.9157738095238096,0.3261904761904762,0.922048611125,0.376388889,3,"(8, F, V)|(14, E, K)|(18, L, K)",test
2888,GLNALKKVFKGIHEAIKLINNHVQ,GLNALKKVFQGIHEAIKKINNHVQ,4.698970004336019,5.574031267727719,-0.8750612633917001,GLNALKKVFKGIHEAIKLINNHVQ,GLNALKKVFQGIHEAIKKINNHVQ,2,0.9166666666666666,112.0,1.89869295682274,0.9474037247474748,0.3688446969696969,0.9496527777916668,0.3958333335,2,"(10, K, Q)|(18, L, K)",test
2891,GLNALKKVFKGIHEAIKLINNHVQ,GLNALKKVFQGIHKAIKKINNHVQ,4.698970004336019,5.778151250383644,-1.079181246047625,GLNALKKVFKGIHEAIKLINNHVQ,GLNALKKVFQGIHKAIKKINNHVQ,3,0.875,108.0,1.8383402142788847,0.9226641414141414,0.3813131313131313,0.9311342592916666,0.4490740743333333,3,"(10, K, Q)|(14, E, K)|(18, L, K)",test
2895,GLNALKKVFQGFHEAIKLINNHVQ,GLNALKKVFQGIHKAIKKINNHVQ,4.096910013008056,5.778151250383644,-1.6812412373755876,GLNALKKVFQGFHEAIKLINNHVQ,GLNALKKVFQGIHKAIKKINNHVQ,3,0.875,108.0,1.8383402142788847,0.9158653846153846,0.3269230769230769,0.926736111125,0.413888889,3,"(12, F, I)|(14, E, K)|(18, L, K)",test
2898,GLNALKKVFQGFHEAIKLINNHVQ,GLNALKKVFQGIHEAIKLFNNHVQ,4.096910013008056,5.0,-0.9030899869919438,GLNALKKVFQGFHEAIKLINNHVQ,GLNALKKVFQGIHEAIKLFNNHVQ,2,0.9166666666666666,114.0,1.9288693280946676,0.9358974358974358,0.2307692307692307,0.9541666666666666,0.45,2,"(12, F, I)|(19, I, F)",test
2900,GLNALKKVFQGFHEAIKLINNHVQ,GLNALKKVFQGIHEAIKLINNHVQ,4.096910013008056,5.096910013008056,-1.0,GLNALKKVFQGFHEAIKLINNHVQ,GLNALKKVFQGIHEAIKLINNHVQ,1,0.9583333333333334,118.0,1.9892220706385224,0.967948717948718,0.2307692307692307,0.9770833333333332,0.45,1,"(12, F, I)",test
2903,GLNALKKVFQGFHEAIKLINNHVQ,GLNALKKVFQPIHEAIKLINNHVQ,4.096910013008056,5.096910013008056,-1.0,GLNALKKVFQGFHEAIKLINNHVQ,GLNALKKVFQPIHEAIKLINNHVQ,2,0.9166666666666666,110.0,1.868516585550812,0.932454890788224,0.1894586894586894,0.943371212125,0.3204545455,2,"(11, G, P)|(12, F, I)",test
2905,GLNALKKVFQGFHEAIKLINNHVQ,GLNALKKVFQGIHEAIKKINNHVQ,4.096910013008056,5.574031267727719,-1.4771212547196626,GLNALKKVFQGFHEAIKLINNHVQ,GLNALKKVFQGIHEAIKKINNHVQ,2,0.9166666666666666,112.0,1.89869295682274,0.940604967948718,0.2872596153846153,0.945254629625,0.3430555555,2,"(12, F, I)|(18, L, K)",test
2906,GLNALKKVFQGIHEAFKLINNHVQ,GLNALKKVFQGIHKAIKKINNHVQ,4.698970004336019,5.778151250383644,-1.079181246047625,GLNALKKVFQGIHEAFKLINNHVQ,GLNALKKVFQGIHKAIKKINNHVQ,3,0.875,108.0,1.8383402142788847,0.9158653846153846,0.3269230769230769,0.926736111125,0.413888889,3,"(14, E, K)|(16, F, I)|(18, L, K)",test
2912,GLNALKKVFQGIHEAFKLINNHVQ,GLNALKKVFQGIHEAIKKINNHVQ,4.698970004336019,5.574031267727719,-0.8750612633917001,GLNALKKVFQGIHEAFKLINNHVQ,GLNALKKVFQGIHEAIKKINNHVQ,2,0.9166666666666666,112.0,1.89869295682274,0.940604967948718,0.2872596153846153,0.945254629625,0.3430555555,2,"(16, F, I)|(18, L, K)",test
2913,GLNALKKVFQGIHEAIKKINNHVQ,GLNALKKVFQGIHEAIKLINKHVQ,5.574031267727719,4.698970004336019,0.8750612633917001,GLNALKKVFQGIHEAIKKINNHVQ,GLNALKKVFQGIHEAIKLINKHVQ,2,0.9166666666666666,110.0,1.868516585550812,0.9457745295698924,0.3492943548387097,0.9440972222083333,0.3291666665,2,"(18, K, L)|(21, N, K)",test
2915,GLNALKKVFQGIHEAIKKINNHVQ,GLNALKKVFQGIHEAIKLINNHVK,5.574031267727719,4.698970004336019,0.8750612633917001,GLNALKKVFQGIHEAIKKINNHVQ,GLNALKKVFQGIHEAIKLINNHVK,2,0.9166666666666666,112.0,1.89869295682274,0.9474037247474748,0.3688446969696969,0.9496527777916668,0.3958333335,2,"(18, K, L)|(24, Q, K)",test
2917,GLNALKKVFQGIHEAIKKINNHVQ,GLNALKKVFQGIHKAIKLINNHVQ,5.574031267727719,4.698970004336019,0.8750612633917001,GLNALKKVFQGIHEAIKKINNHVQ,GLNALKKVFQGIHKAIKLINNHVQ,2,0.9166666666666666,112.0,1.89869295682274,0.9479166666666666,0.375,0.9496527777916668,0.3958333335,2,"(14, E, K)|(18, K, L)",test
2918,GLNALKKVFQGIHEAIKKINNHVQ,GLNALKKVFQPIHEAIKKINNHVQ,5.574031267727719,4.670941280735775,0.9030899869919438,GLNALKKVFQGIHEAIKKINNHVQ,GLNALKKVFQPIHEAIKKINNHVQ,1,0.9583333333333334,115.0,1.9439575137306309,0.9645061728395062,0.1481481481481481,0.9662878787916668,0.190909091,1,"(11, G, P)",test
2921,GLNALKKVFQGIHEAIKKINNHVQ,GLNTLKKVFQGLHEAIKLINNHVQ,5.574031267727719,4.281913705216908,1.2921175625108106,GLNALKKVFQGIHEAIKKINNHVQ,GLNTLKKVFQGLHEAIKLINNHVQ,3,0.875,110.0,1.868516585550812,0.9288401124338624,0.4307208994708995,0.935763888875,0.486111111,3,"(4, A, T)|(12, I, L)|(18, K, L)",test
2924,GLNALKKVFQGIHEAIKLFNNHVQ,GLNALKKVFQGIHKAIKKINNHVQ,5.0,5.778151250383644,-0.7781512503836439,GLNALKKVFQGIHEAIKLFNNHVQ,GLNALKKVFQGIHKAIKKINNHVQ,3,0.875,108.0,1.8383402142788847,0.9158653846153846,0.3269230769230769,0.926736111125,0.413888889,3,"(14, E, K)|(18, L, K)|(19, F, I)",test
2926,GLNALKKVFQGIHEAIKLFNNHVQ,GLNTLKKVFQGLHEAIKLINNHVQ,5.0,4.281913705216908,0.7180862947830917,GLNALKKVFQGIHEAIKLFNNHVQ,GLNTLKKVFQGLHEAIKLINNHVQ,3,0.875,112.0,1.89869295682274,0.9241325803825804,0.393060643060643,0.9446759259166666,0.5574074073333334,3,"(4, A, T)|(12, I, L)|(19, F, I)",test
2930,GLNALKKVFQGIHEAIKLINKHVQ,GLNALKKVFQGIHKAIKKINNHVQ,4.698970004336019,5.778151250383644,-1.079181246047625,GLNALKKVFQGIHEAIKLINKHVQ,GLNALKKVFQGIHKAIKKINNHVQ,3,0.875,106.0,1.808163843006957,0.9210349462365592,0.3682795698924732,0.9255787037083332,0.4046296296666666,3,"(14, E, K)|(18, L, K)|(21, K, N)",test
2938,GLNALKKVFQGIHEAIKLINNHVK,GLNALKKVFQGIHKAIKKINNHVQ,4.698970004336019,5.778151250383644,-1.079181246047625,GLNALKKVFQGIHEAIKLINNHVK,GLNALKKVFQGIHKAIKKINNHVQ,3,0.875,108.0,1.8383402142788847,0.9226641414141414,0.3813131313131313,0.9311342592916668,0.4490740743333333,3,"(14, E, K)|(18, L, K)|(24, K, Q)",test
2942,GLNALKKVFQGIHEAIKLINNHVQ,GLNTLKKVFQGLHEAIKLINNHVQ,5.096910013008056,4.281913705216908,0.814996307791148,GLNALKKVFQGIHEAIKLINNHVQ,GLNTLKKVFQGLHEAIKLINNHVQ,2,0.9166666666666666,116.0,1.9590456993665943,0.9561838624338624,0.4742063492063492,0.9675925925833332,0.611111111,2,"(4, A, T)|(12, I, L)",test
2943,GLNALKKVFQGIHKAIKKINNHVQ,GLNTLKKVFQGLHEAIKLINNHVQ,5.778151250383644,4.281913705216908,1.4962375451667356,GLNALKKVFQGIHKAIKKINNHVQ,GLNTLKKVFQGLHEAIKLINNHVQ,4,0.8333333333333334,106.0,1.808163843006957,0.904100529100529,0.4246031746031746,0.917245370375,0.50347222225,4,"(4, A, T)|(12, I, L)|(14, K, E)|(18, K, L)",test
2944,GLNALKKVFQGIHKAIKKINNHVQ,GLNALKKVFQGIHKAIKLINNHVQ,5.778151250383644,4.698970004336019,1.079181246047625,GLNALKKVFQGIHKAIKKINNHVQ,GLNALKKVFQGIHKAIKLINNHVQ,1,0.9583333333333334,116.0,1.9590456993665943,0.97265625,0.34375,0.9681712962916666,0.236111111,1,"(18, K, L)",test
2946,GLNALKKVFQGIHKAIKKINNHVQ,GLNALKKVFQPIHEAIKKINNHVQ,5.778151250383644,4.670941280735775,1.1072099696478688,GLNALKKVFQGIHKAIKKINNHVQ,GLNALKKVFQPIHEAIKKINNHVQ,2,0.9166666666666666,111.0,1.883604771186776,0.9397665895061728,0.277199074074074,0.9477693602916668,0.3732323234999999,2,"(11, G, P)|(14, K, E)",test
2954,GLNALKKVFQPIHEAIKLINNHVQ,GLNTLKKVFQGLHEAIKLINNHVQ,5.096910013008056,4.281913705216908,0.814996307791148,GLNALKKVFQPIHEAIKLINNHVQ,GLNTLKKVFQGLHEAIKLINNHVQ,3,0.875,108.0,1.8383402142788847,0.9206900352733688,0.3655202821869488,0.933880471375,0.471043771,3,"(4, A, T)|(11, P, G)|(12, I, L)",test
2960,GLPALISLIKRKRQQ,GLSALISWIKRKRQQ,4.028980077168979,5.455542535126404,-1.4265624579574243,GLPALISLIKRKRQQ,GLSALISWIKRKRQQ,2,0.8666666666666667,57.0,1.710148394951574,0.8893790849673202,0.1703431372549019,0.9010353535333332,0.2577651515,2,"(3, P, S)|(8, L, W)",test
2973,GLPALISWIKRKRQ,GLPALISWIKRKRQQ,5.204647523054017,4.304957399971729,0.8996901230822871,GLPALISWIKRKRQ-,GLPALISWIKRKRQQ,1,0.9333333333333332,73.0,2.0964059472322463,0.9333333333333332,0.0,0.9333333333333332,0.0,1,"(15, -, Q)",test
2982,GLPALISWIKRKRQQ,GLSALISWIKRKRQQ,4.304957399971729,5.455542535126404,-1.1505851351546743,GLPALISWIKRKRQQ,GLSALISWIKRKRQQ,1,0.9333333333333332,70.0,2.02398265617962,0.9416666666666668,0.125,0.9549242424,0.323863636,1,"(3, P, S)",test
2993,GLPALISWSKRKRQQ,GLSALISWIKRKRQQ,4.272527804840461,5.455542535126404,-1.1830147302859428,GLPALISWSKRKRQQ,GLSALISWIKRKRQQ,2,0.8666666666666667,64.0,1.879136074074368,0.8980769230769231,0.235576923076923,0.9049242424,0.286931818,2,"(3, P, S)|(9, S, I)",test
2996,GLPALSSWIKRKRQQ,GLSALISWIKRKRQQ,3.754739410111692,5.455542535126404,-1.700803125014712,GLPALSSWIKRKRQQ,GLSALISWIKRKRQQ,2,0.8666666666666667,64.0,1.879136074074368,0.8980769230769231,0.235576923076923,0.9049242424,0.286931818,2,"(3, P, S)|(6, S, I)",test
2999,GLPASISWIKRKRQQ,GLSALISWIKRKRQQ,3.849559790466492,5.455542535126404,-1.605982744659912,GLPASISWIKRKRQQ,GLSALISWIKRKRQQ,2,0.8666666666666667,64.0,1.879136074074368,0.9068840579710143,0.3016304347826087,0.9049242424,0.286931818,2,"(3, P, S)|(5, S, L)",test
3001,GLPLLISWIKRKRQQ,GLSALISWIKRKRQQ,4.379132045710721,5.455542535126404,-1.0764104894156832,GLPLLISWIKRKRQQ,GLSALISWIKRKRQQ,2,0.8666666666666667,65.0,1.9032771710919103,0.9067460317460316,0.300595238095238,0.9132575757333332,0.349431818,2,"(3, P, S)|(4, L, A)",test
3011,GLRKRKRKFRNKKKEKLKKI,GLRKRLRKFRNKIKEKLKKI,4.1938200260161125,5.522878745280337,-1.329058719264225,GLRKRKRKFRNKKKEKLKKI,GLRKRLRKFRNKIKEKLKKI,2,0.9,85.0,1.7895743335820626,0.9300446428571428,0.3004464285714285,0.91770833335,0.1770833335,2,"(6, K, L)|(13, K, I)",test
3013,GLRKRLRKARNKIKEKLKKI,GLRKRLRKFRNKIKEKLKKIG,5.3979400086720375,6.823908740944319,-1.4259687322722812,GLRKRLRKARNKIKEKLKKI-,GLRKRLRKFRNKIKEKLKKIG,2,0.9047619047619048,90.0,1.790574711807471,0.9166666666666666,0.125,0.9154761904761906,0.1125,2,"(9, A, F)|(21, -, G)",test
3014,GLRKRLRKARNKIKEKLKKI,GLRKRLRKPRNKPKEKLKKI,5.3979400086720375,4.1938200260161125,1.204119982655925,GLRKRLRKARNKIKEKLKKI,GLRKRLRKPRNKPKEKLKKI,2,0.9,84.0,1.771468510818906,0.9123019571295432,0.1230195712954333,0.92159090905,0.2159090905,2,"(9, A, P)|(13, I, P)",test
3015,GLRKRLRKFRNKIKEKLKKI,GLRKRLRKFRNKIKEKLKKIG,5.522878745280337,6.823908740944319,-1.3010299956639813,GLRKRLRKFRNKIKEKLKKI-,GLRKRLRKFRNKIKEKLKKIG,1,0.9523809523809524,98.0,1.9285238376219969,0.9523809523809524,0.0,0.9523809523809524,0.0,1,"(21, -, G)",test
3016,GLRKRLRKFRNKIKEKLKKI,GLRKRLRKPRNKPKEKLKKI,5.522878745280337,4.1938200260161125,1.329058719264225,GLRKRLRKFRNKIKEKLKKI,GLRKRLRKPRNKPKEKLKKI,2,0.9,81.0,1.7171510425294365,0.9098498498498498,0.0984984984984984,0.90539772725,0.0539772725,2,"(9, F, P)|(13, I, P)",test
3018,GLSALISWIKRKRQQ,GSPALISWIKRKRQQ,5.455542535126404,3.816136034979543,1.639406500146861,GLSALISWIKRKRQQ,GSPALISWIKRKRQQ,2,0.8666666666666667,64.0,1.879136074074368,0.9068840579710143,0.3016304347826087,0.9049242424,0.286931818,2,"(2, L, S)|(3, S, P)",test
3027,GLWSTIKNVGKEAAIAAGKAALGAL,GLWSTIKNVGKEAAIAAGKAVLGSL,5.393618634889395,6.301029995663981,-0.907411360774586,GLWSTIKNVGKEAAIAAGKAALGAL,GLWSTIKNVGKEAAIAAGKAVLGSL,2,0.92,115.0,1.8661992131814056,0.960371517027864,0.5046439628482972,0.965,0.5625,2,"(21, A, V)|(24, A, S)",test
3030,GMASKAGAIAGKIAKVALKAL,GMASKAGSVAGKIAKFALGAL,5.045757490560675,4.096910013008056,0.9488474775526186,GMASKAGAIAGKIAKVALKAL,GMASKAGSVAGKIAKFALGAL,4,0.8095238095238095,79.0,1.6008946638124986,0.8776486880878294,0.3576556124611043,0.9070767195714284,0.51215277775,4,"(8, A, S)|(9, I, V)|(16, V, F)|(19, K, G)",test
3042,GMASKAGSVAGKIAKFALGAL,GMASKAGSVLGKITKIALGAL,4.096910013008056,4.903089986991944,-0.8061799739838875,GMASKAGSVAGKIAKFALGAL,GMASKAGSVLGKITKIALGAL,3,0.8571428571428571,83.0,1.669869226719761,0.9172626315483458,0.4208384208384207,0.9189153439047618,0.4324074073333333,3,"(10, A, L)|(14, A, T)|(16, F, I)",test
3046,GMASKAGSVLGKLAKVAIGAL,GMASTAGSVLGKLAKAVAIGAL,4.6020599913279625,3.6989700043360174,0.9030899869919442,GMASKAGSVLGKLAK-VAIGAL,GMASTAGSVLGKLAKAVAIGAL,2,0.9090909090909092,79.0,1.528126724548294,0.9204545454545454,0.125,0.9242424242272728,0.1666666665,2,"(5, K, T)|(16, -, A)",test
3049,GMATKAGTAFGKAAKAIIGAAL,GMATKAGTALGKVAKAVIGAAL,4.795880017344075,4.022276394711152,0.7736036226329226,GMATKAGTAFGKAAKAIIGAAL,GMATKAGTALGKVAKAVIGAAL,3,0.8636363636363636,93.0,1.7585644688066495,0.9279786354594538,0.4718433267026617,0.946590909090909,0.6083333333333333,3,"(10, F, L)|(13, A, V)|(17, I, V)",test
3053,GMWKKILGHLIR,GMWPKILGHLIR,5.7447274948966935,4.477555766493681,1.2671717284030128,GMWKKILGHLIR,GMWPKILGHLIR,1,0.9166666666666666,61.0,2.258390978777177,0.9247967479674796,0.0975609756097561,0.9419191919166666,0.303030303,1,"(4, K, P)",test
3059,GMWKKILGHLIR,GMWSKILGHLIR,5.7447274948966935,4.59108197915322,1.1536455157434735,GMWKKILGHLIR,GMWSKILGHLIR,1,0.9166666666666666,62.0,2.288567350049105,0.949404761904762,0.3928571428571428,0.9560185185,0.472222222,1,"(4, K, S)",test
3071,GMWSKILGHL,GMWSKILGHLI,4.0,5.154901959985743,-1.154901959985743,GMWSKILGHL-,GMWSKILGHLI,1,0.9090909090909092,57.0,2.3320205385703283,0.9090909090909092,0.0,0.9090909090909092,0.0,1,"(11, -, I)",test
3078,GMWSKILGHLIR,GMWSKILGKLIR,4.59108197915322,5.431798275933005,-0.8407162967797852,GMWSKILGHLIR,GMWSKILGKLIR,1,0.9166666666666666,57.0,2.137685493689468,0.9365942028985508,0.2391304347826087,0.94097222225,0.291666667,1,"(9, H, K)",test
3082,GMWSKILGKLIR,GMWSKILGPLIR,5.431798275933005,4.522878745280337,0.9089195306526676,GMWSKILGKLIR,GMWSKILGPLIR,1,0.9166666666666666,57.0,2.137685493689468,0.9247967479674796,0.0975609756097561,0.9419191919166666,0.303030303,1,"(9, K, P)",test
3096,GNNKPVYIPRPRPPHPRLV,GNNRPVYIPRPRPPHPRL,5.53055830535499,6.329695680873226,-0.799137375518236,GNNKPVYIPRPRPPHPRLV,GNNRPVYIPRPRPPHPRL-,2,0.8947368421052632,104.0,2.245878911665301,0.9163292847503371,0.2051282051282051,0.9298245614210529,0.3333333335,2,"(4, K, R)|(19, V, -)",test
3098,GNNRPIYIPQPRPPHPRL,GNNRPVYIAQPRPPHPAL,7.025804321251203,4.203525221869887,2.8222790993813165,GNNRPIYIPQPRPPHPRL,GNNRPVYIAQPRPPHPAL,3,0.8333333333333334,92.0,2.129238992137953,0.882680088527165,0.2960805311629899,0.9196127946111112,0.5176767676666666,3,"(6, I, V)|(9, P, A)|(17, R, A)",test
3099,GNNRPIYIPQPRPPHPRL,GNNRPVYIPQPRPPHPRF,7.025804321251203,4.223695495671253,2.8021088255799507,GNNRPIYIPQPRPPHPRL,GNNRPVYIPQPRPPHPRF,2,0.8888888888888888,102.0,2.33041480061747,0.934849704777241,0.4136473429951691,0.9625,0.6625,2,"(6, I, V)|(18, L, F)",test
3100,GNNRPIYIPQPRPPHPRL,GNNRPVYIAQPRPPHPRL,7.025804321251203,4.221648031394967,2.8041562898562367,GNNRPIYIPQPRPPHPRL,GNNRPVYIAQPRPPHPRL,2,0.8888888888888888,98.0,2.2499444772256627,0.925537231384308,0.3298350824587706,0.955492424222222,0.599431818,2,"(6, I, V)|(9, P, A)",test
3101,GNNRPIYIPQPRPPHPRL,GNNRPVYIPQPKPPHPRL,7.025804321251203,5.435728569561437,1.590075751689766,GNNRPIYIPQPRPPHPRL,GNNRPVYIPQPKPPHPRL,2,0.8888888888888888,103.0,2.3505323814654218,0.9406664189272884,0.4659977703455964,0.9745370370555556,0.7708333334999999,2,"(6, I, V)|(12, R, K)",test
3102,GNNRPIYIPQPRPPHPRL,GNNRPVYIPQPRPPHPRL,7.025804321251203,4.934788571038975,2.091015750212228,GNNRPIYIPQPRPPHPRL,GNNRPVYIPQPRPPHPRL,1,0.9444444444444444,106.0,2.410885124009277,0.9734299516908212,0.5217391304347826,0.9930555555555556,0.875,1,"(6, I, V)",test
3103,GNNRPIYIPQPRPPHPRL,GNNRPVYIPKPRPPHPRI,7.025804321251203,5.152646708488271,1.873157612762932,GNNRPIYIPQPRPPHPRL,GNNRPVYIPKPRPPHPRI,3,0.8333333333333334,100.0,2.2901796389215665,0.9060297592906288,0.4361785557437731,0.9544753086666669,0.7268518519999999,3,"(6, I, V)|(10, Q, K)|(18, L, I)",test
3104,GNNRPIYIPQPRPPHPRL,GNNRPVYIPRPRPPHPRLV,7.025804321251203,5.456742192881947,1.5690621283692563,GNNRPIYIPQPRPPHPRL-,GNNRPVYIPRPRPPHPRLV,3,0.8421052631578947,102.0,2.207761390058656,0.8884586047057441,0.2935711631363805,0.9173976608421054,0.4768518519999999,3,"(6, I, V)|(10, Q, R)|(19, -, V)",test
3106,GNNRPIYIPQPRPPHPRL,GNNRPVYIPQPRPPHPAL,7.025804321251203,4.209150311448862,2.816654009802341,GNNRPIYIPQPRPPHPRL,GNNRPVYIPQPRPPHPAL,2,0.8888888888888888,100.0,2.2901796389215665,0.9305728088336784,0.3751552795031055,0.9571759259444446,0.6145833334999999,2,"(6, I, V)|(17, R, A)",test
3107,GNNRPIYIPQPRPPHPRL,GNNRPVYIPQPRPPHPRI,7.025804321251203,4.861031276162783,2.1647730450884204,GNNRPIYIPQPRPPHPRL,GNNRPVYIPQPRPPHPRI,2,0.8888888888888888,104.0,2.370649962313373,0.9396997929606624,0.4572981366459627,0.9791666666666666,0.8125,2,"(6, I, V)|(18, L, I)",test
3108,GNNRPIYIPQPRPPHPRL,GNNRPVYLPQPRPPHPRI,7.025804321251203,4.819810146095142,2.2059941751560617,GNNRPIYIPQPRPPHPRL,GNNRPVYLPQPRPPHPRI,3,0.8333333333333334,102.0,2.33041480061747,0.905969634230504,0.4358178053830228,0.9652777777777778,0.7916666666666666,3,"(6, I, V)|(8, I, L)|(18, L, I)",test
3110,GNNRPIYIPQPRPPHPRL,GNNRPVYIPQPRPHPRL,7.025804321251203,3.892790030352132,3.1330142908990712,GNNRPIYIPQPRPPHPRL,GNNRPVYIPQPR-PHPRL,2,0.8888888888888888,88.0,2.048768668746147,0.9178743961352656,0.2608695652173913,0.9375,0.4375,2,"(6, I, V)|(13, P, -)",test
3112,GNNRPIYIPQPRPPHPRL,KNNRPVYIPKPRPPHPRL,7.025804321251203,5.537883280419529,1.487921040831674,GNNRPIYIPQPRPPHPRL,KNNRPVYIPKPRPPHPRL,3,0.8333333333333334,96.0,2.20970931552976,0.898607654646302,0.3916459278778119,0.9245370370555556,0.5472222223333333,3,"(1, G, K)|(6, I, V)|(10, Q, K)",test
3113,GNNRPIYIPQPRPPHPRL,NNRPVYIPQPRPPHPRI,7.025804321251203,5.719864426801076,1.3059398944501277,GNNRPIYIPQPRPPHPRL,-NNRPVYIPQPRPPHPRI,3,0.8333333333333334,98.0,2.2499444772256627,0.8841442374051068,0.3048654244306418,0.9236111111111112,0.5416666666666666,3,"(1, G, -)|(6, I, V)|(18, L, I)",test
3116,GNNRPIYIPQPRPPHPRL,RNPRPVYIPQPRPPHPRL,7.025804321251203,5.483927591407058,1.5418767298441454,GNNRPIYIPQPRPPHPRL,RNPRPVYIPQPRPPHPRL,3,0.8333333333333334,92.0,2.129238992137953,0.878191856452726,0.269151138716356,0.9042789001111112,0.4256734006666667,3,"(1, G, R)|(3, N, P)|(6, I, V)",test
3121,GNNRPVYIAQPRPPHPAL,GNNRPVYIPQPKPPHPRL,4.203525221869887,5.435728569561437,-1.2322033476915504,GNNRPVYIAQPRPPHPAL,GNNRPVYIPQPKPPHPRL,3,0.8333333333333334,90.0,2.0890038304420497,0.8764866040728109,0.2589196244368658,0.9080387205555556,0.4482323233333333,3,"(9, A, P)|(12, R, K)|(17, A, R)",test
3124,GNNRPVYIAQPRPPHPAL,GNNRPVYIPQPRPPHPRL,4.203525221869887,4.934788571038975,-0.7312633491690885,GNNRPVYIAQPRPPHPAL,GNNRPVYIPQPRPPHPRL,2,0.8888888888888888,93.0,2.149356572985905,0.9092501368363436,0.1832512315270935,0.9265572390555556,0.3390151515,2,"(9, A, P)|(17, A, R)",test
3125,GNNRPVYIAQPRPPHPAL,GNNRPVYIPRPRPPHPRL,4.203525221869887,6.329695680873226,-2.1261704590033395,GNNRPVYIAQPRPPHPAL,GNNRPVYIPRPRPPHPRL,3,0.8333333333333334,89.0,2.0688862495940983,0.8736376012238081,0.2418256073428487,0.9018658810555557,0.4111952863333333,3,"(9, A, P)|(10, Q, R)|(17, A, R)",test
3131,GNNRPVYIAQPRPPHPRL,GNNRPVYIPQPKPPHPRL,4.221648031394967,5.435728569561437,-1.2140805381664703,GNNRPVYIAQPRPPHPRL,GNNRPVYIPQPKPPHPRL,2,0.8888888888888888,96.0,2.20970931552976,0.919343746929954,0.2740937223695844,0.9439183501666668,0.4952651515,2,"(9, A, P)|(12, R, K)",test
3133,GNNRPVYIAQPRPPHPRL,GNNRPVYIPKPRPPHPRI,4.221648031394967,5.152646708488271,-0.9309986770933047,GNNRPVYIAQPRPPHPRL,GNNRPVYIPKPRPPHPRI,3,0.8333333333333334,93.0,2.149356572985905,0.8847070872932942,0.3082425237597651,0.9238566217777778,0.5431397306666667,3,"(9, A, P)|(10, Q, K)|(18, L, I)",test
3134,GNNRPVYIAQPRPPHPRL,GNNRPVYIPQPRPPHPR,4.221648031394967,7.299997406546173,-3.0783493751512063,GNNRPVYIAQPRPPHPRL,GNNRPVYIPQPRPPHPR-,2,0.8888888888888888,95.0,2.189591734681808,0.896551724137931,0.0689655172413793,0.9068813131111112,0.161931818,2,"(9, A, P)|(18, L, -)",test
3136,GNNRPVYIAQPRPPHPRL,GNNRPVYIPRPRPPHPRL,4.221648031394967,6.329695680873226,-2.10804764947826,GNNRPVYIAQPRPPHPRL,GNNRPVYIPRPRPPHPRL,2,0.8888888888888888,95.0,2.189591734681808,0.9164947440809512,0.2484526967285588,0.9377455106666668,0.439709596,2,"(9, A, P)|(10, Q, R)",test
3139,GNNRPVYIAQPRPPHPRL,GNNRPVYIPQPRPPHPRL,4.221648031394967,4.934788571038975,-0.7131405396440087,GNNRPVYIAQPRPPHPRL,GNNRPVYIPQPRPPHPRL,1,0.9444444444444444,99.0,2.2700620580736146,0.9521072796934864,0.1379310344827586,0.9624368686666666,0.323863636,1,"(9, A, P)",test
3145,GNNRPVYIPKPRPPHPRI,GNNRPVYIPQPRPPHPRF,5.152646708488271,4.223695495671253,0.9289512128170188,GNNRPVYIPKPRPPHPRI,GNNRPVYIPQPRPPHPRF,2,0.8888888888888888,99.0,2.2700620580736146,0.9235949235949236,0.3123543123543123,0.9447530864444444,0.502777778,2,"(10, K, Q)|(18, I, F)",test
3147,GNNRPVYIPKPRPPHPRI,GNNRPVYIPQPRPHPRL,5.152646708488271,3.892790030352132,1.259856678136139,GNNRPVYIPKPRPPHPRI,GNNRPVYIPQPR-PHPRL,3,0.8333333333333334,83.0,1.948180764506388,0.8770442520442521,0.2622655122655122,0.9058641975555556,0.4351851853333333,3,"(10, K, Q)|(13, P, -)|(18, I, L)",test
3148,GNNRPVYIPKPRPPHPRI,GNNRPVYIPQPRPPHPR,5.152646708488271,7.299997406546173,-2.1473506980579016,GNNRPVYIPKPRPPHPRI,GNNRPVYIPQPRPPHPR-,2,0.8888888888888888,99.0,2.2700620580736146,0.9107744107744108,0.1969696969696969,0.9197530864444444,0.277777778,2,"(10, K, Q)|(18, I, -)",test
3149,GNNRPVYIPKPRPPHPRI,GNNRPVYIPQPRPPHPAL,5.152646708488271,4.209150311448862,0.943496397039409,GNNRPVYIPKPRPPHPRI,GNNRPVYIPQPRPPHPAL,3,0.8333333333333334,95.0,2.189591734681808,0.8897426647426647,0.3384559884559884,0.9255401235,0.553240741,3,"(10, K, Q)|(17, R, A)|(18, I, L)",test
3151,GNNRPVYIPKPRPPHPRI,GNNRPVYIPRPRPPHPRL,5.152646708488271,6.329695680873226,-1.1770489723849549,GNNRPVYIPKPRPPHPRI,GNNRPVYIPRPRPPHPRL,2,0.8888888888888888,102.0,2.33041480061747,0.9335063085063084,0.4015567765567764,0.9675925926111112,0.7083333334999999,2,"(10, K, R)|(18, I, L)",test
3157,GNNRPVYIPQPKPPHPRL,GNNRPVYIPQPRPPHPR,5.435728569561437,7.299997406546173,-1.864268836984736,GNNRPVYIPQPKPPHPRL,GNNRPVYIPQPRPPHPR-,2,0.8888888888888888,100.0,2.2901796389215665,0.9116809116809116,0.2051282051282051,0.9259259259444446,0.3333333335,2,"(12, K, R)|(18, L, -)",test
3158,GNNRPVYIPQPKPPHPRL,GNNRPVYIPQPRPPHPAL,5.435728569561437,4.209150311448862,1.2265782581125748,GNNRPVYIPQPKPPHPRL,GNNRPVYIPQPRPPHPAL,2,0.8888888888888888,98.0,2.2499444772256627,0.9243793243793242,0.3194139194139193,0.9456018518888888,0.510416667,2,"(12, K, R)|(17, R, A)",test
3159,GNNRPVYIPQPKPPHPRL,GNNRPVYIPQPRPHPRL,5.435728569561437,3.892790030352132,1.5429385392093051,GNNRPVYIPQPKPPHPRL,GNNRPVYIPQPR-PHPRL,2,0.8888888888888888,86.0,2.0085335070502435,0.9116809116809116,0.2051282051282051,0.9259259259444446,0.3333333335,2,"(12, K, R)|(13, P, -)",test
3162,GNNRPVYIPQPKPPHPRL,GNNRPVYIPQPRPPHPRF,5.435728569561437,4.223695495671253,1.2120330738901846,GNNRPVYIPQPKPPHPRL,GNNRPVYIPQPRPPHPRF,2,0.8888888888888888,100.0,2.2901796389215665,0.928656220322887,0.3579059829059828,0.9509259259444444,0.5583333335,2,"(12, K, R)|(18, L, F)",test
3163,GNNRPVYIPQPKPPHPRL,GNNRPVYIPRPRPPHPRL,5.435728569561437,6.329695680873226,-0.8939671113117891,GNNRPVYIPQPKPPHPRL,GNNRPVYIPRPRPPHPRL,2,0.8888888888888888,100.0,2.2901796389215665,0.9316239316239316,0.3846153846153846,0.9567901235,0.6111111115,2,"(10, Q, R)|(12, K, R)",test
3170,GNNRPVYIPQPRPHPRL,GNNRPVYIPQPRPPHPRL,3.892790030352132,4.934788571038975,-1.0419985406868433,GNNRPVYIPQPRP-HPRL,GNNRPVYIPQPRPPHPRL,1,0.9444444444444444,89.0,2.0688862495940983,0.9444444444444444,0.0,0.9444444444444444,0.0,1,"(14, -, P)",test
3172,GNNRPVYIPQPRPHPRL,GNNRPVYIPRPRPPHPRL,3.892790030352132,6.329695680873226,-2.436905650521094,GNNRPVYIPQPRP-HPRL,GNNRPVYIPRPRPPHPRL,2,0.8888888888888888,85.0,1.988415926202292,0.9088319088319088,0.1794871794871795,0.9197530864444444,0.277777778,2,"(10, Q, R)|(14, -, P)",test
3173,GNNRPVYIPQPRPHPRL,GNNRPVYLPQPRPPHPRI,3.892790030352132,4.819810146095142,-0.9270201157430096,GNNRPVYIPQPRP-HPRL,GNNRPVYLPQPRPPHPRI,3,0.8333333333333334,85.0,1.988415926202292,0.876984126984127,0.2619047619047618,0.9166666666666666,0.5,3,"(8, I, L)|(14, -, P)|(18, L, I)",test
3175,GNNRPVYIPQPRPHPRL,GNNRPVYIPQPRPPHPRI,3.892790030352132,4.861031276162783,-0.9682412458106509,GNNRPVYIPQPRP-HPRL,GNNRPVYIPQPRPPHPRI,2,0.8888888888888888,87.0,2.028651087898195,0.9107142857142856,0.1964285714285714,0.9305555555555556,0.375,2,"(14, -, P)|(18, L, I)",test
3180,GNNRPVYIPQPRPPHPAL,GNNRPVYIPQPRPPHPRL,4.209150311448862,4.934788571038975,-0.725638259590113,GNNRPVYIPQPRPPHPAL,GNNRPVYIPQPRPPHPRL,1,0.9444444444444444,101.0,2.310297219769518,0.9571428571428572,0.2285714285714285,0.964120370388889,0.354166667,1,"(17, A, R)",test
3183,GNNRPVYIPQPRPPHPAL,GNNRPVYIPRPRPPHPRL,4.209150311448862,6.329695680873226,-2.120545369424364,GNNRPVYIPQPRPPHPAL,GNNRPVYIPRPRPPHPRL,2,0.8888888888888888,97.0,2.2298268963777117,0.9215303215303214,0.2937728937728937,0.9394290123888888,0.4548611114999999,2,"(10, Q, R)|(17, A, R)",test
3184,GNNRPVYIPQPRPPHPAL,GNNRPVYIPQPRPPHPR,4.209150311448862,7.299997406546173,-3.0908470950973106,GNNRPVYIPQPRPPHPAL,GNNRPVYIPQPRPPHPR-,2,0.8888888888888888,98.0,2.2499444772256627,0.9015873015873016,0.1142857142857142,0.9085648148333334,0.1770833335,2,"(17, A, R)|(18, L, -)",test
3191,GNNRPVYIPQPRPPHPL,GNNRPVYIPQPRPPHPRL,4.183319299710671,4.934788571038975,-0.751469271328304,GNNRPVYIPQPRPPHPL-,GNNRPVYIPQPRPPHPRL,1,0.8888888888888888,98.0,2.2499444772256627,0.9045584045584044,0.141025641025641,0.9020061728333332,0.1180555555,2,"(17, L, R)|(18, -, L)",test
3195,GNNRPVYIPQPRPPHPL,GNNRPVYIPQPRPPHPR,4.183319299710671,7.299997406546173,-3.1166781068355016,GNNRPVYIPQPRPPHPL,GNNRPVYIPQPRPPHPR,1,0.9411764705882352,98.0,2.382294152356584,0.9577677224736048,0.282051282051282,0.9550653594705882,0.236111111,1,"(17, L, R)",test
3196,GNNRPVYIPQPRPPHPR,GNNRPVYLPQPRPPHPRI,7.299997406546173,4.819810146095142,2.4801872604510318,GNNRPVYIPQPRPPHPR-,GNNRPVYLPQPRPPHPRI,2,0.8888888888888888,101.0,2.310297219769518,0.9107142857142856,0.1964285714285714,0.9305555555555556,0.375,2,"(8, I, L)|(18, -, I)",test
3197,GNNRPVYIPQPRPPHPR,GNNRPVYIPRPRPPHPRL,7.299997406546173,6.329695680873226,0.9703017256729468,GNNRPVYIPQPRPPHPR-,GNNRPVYIPRPRPPHPRL,2,0.8888888888888888,99.0,2.2700620580736146,0.9088319088319088,0.1794871794871795,0.9197530864444444,0.277777778,2,"(10, Q, R)|(18, -, L)",test
3198,GNNRPVYIPQPRPPHPR,GNNRPVYIPQPRPPHPRI,7.299997406546173,4.861031276162783,2.43896613038339,GNNRPVYIPQPRPPHPR-,GNNRPVYIPQPRPPHPRI,1,0.9444444444444444,103.0,2.3505323814654218,0.9444444444444444,0.0,0.9444444444444444,0.0,1,"(18, -, I)",test
3199,GNNRPVYIPQPRPPHPR,GNNRPVYIPQPRPPHPRL,7.299997406546173,4.934788571038975,2.3652088355071976,GNNRPVYIPQPRPPHPR-,GNNRPVYIPQPRPPHPRL,1,0.9444444444444444,103.0,2.3505323814654218,0.9444444444444444,0.0,0.9444444444444444,0.0,1,"(18, -, L)",test
3201,GNNRPVYIPQPRPPHPR,GNNRPVYIPQPRPPHPRF,7.299997406546173,4.223695495671253,3.0763019108749203,GNNRPVYIPQPRPPHPR-,GNNRPVYIPQPRPPHPRF,1,0.9444444444444444,103.0,2.3505323814654218,0.9444444444444444,0.0,0.9444444444444444,0.0,1,"(18, -, F)",test
3207,GNNRPVYIPQPRPPHPRF,GNNRPVYIPQPRPPHPRL,4.223695495671253,4.934788571038975,-0.7110930753677227,GNNRPVYIPQPRPPHPRF,GNNRPVYIPQPRPPHPRL,1,0.9444444444444444,103.0,2.3505323814654218,0.9614197530864198,0.3055555555555556,0.9694444444444444,0.45,1,"(18, F, L)",test
3208,GNNRPVYIPQPRPPHPRF,GNNRPVYIPRPRPPHPRL,4.223695495671253,6.329695680873226,-2.1060001852019736,GNNRPVYIPQPRPPHPRF,GNNRPVYIPRPRPPHPRL,2,0.8888888888888888,99.0,2.2700620580736146,0.9258072174738842,0.3322649572649573,0.9447530864444444,0.502777778,2,"(10, Q, R)|(18, F, L)",test
3212,GNNRPVYIPQPRPPHPRF,KNNRPVYIPKPRPPHPRL,4.223695495671253,5.537883280419529,-1.3141877847482766,GNNRPVYIPQPRPPHPRF,KNNRPVYIPKPRPPHPRL,3,0.8333333333333334,93.0,2.149356572985905,0.8865974560419005,0.3195847362514029,0.9009259259444444,0.4055555556666666,3,"(1, G, K)|(10, Q, K)|(18, F, L)",test
3213,GNNRPVYIPQPRPPHPRF,NNRPVYIPQPRPPHPRI,4.223695495671253,5.719864426801076,-1.496168931129823,GNNRPVYIPQPRPPHPRF,-NNRPVYIPQPRPPHPRI,2,0.8888888888888888,97.0,2.2298268963777117,0.9017094017094016,0.1153846153846153,0.9138888888888888,0.225,2,"(1, G, -)|(18, F, I)",test
3216,GNNRPVYIPQPRPPHPRI,GNNRPVYIPRPRPPHPRL,4.861031276162783,6.329695680873226,-1.4686644047104431,GNNRPVYIPQPRPPHPRI,GNNRPVYIPRPRPPHPRL,2,0.8888888888888888,101.0,2.310297219769518,0.9306573056573056,0.3759157509157509,0.9614197531111112,0.6527777779999999,2,"(10, Q, R)|(18, I, L)",test
3220,GNNRPVYIPQPRPPHPRI,NNRPVYIPQPRPPHPRI,4.861031276162783,5.719864426801076,-0.8588331506382927,GNNRPVYIPQPRPPHPRI,-NNRPVYIPQPRPPHPRI,1,0.9444444444444444,101.0,2.310297219769518,0.9444444444444444,0.0,0.9444444444444444,0.0,1,"(1, G, -)",test
3225,GNNRPVYIPQPRPPHPRL,GNNRPVYIPRPRPPHPRL,4.934788571038975,6.329695680873226,-1.394907109834251,GNNRPVYIPQPRPPHPRL,GNNRPVYIPRPRPPHPRL,1,0.9444444444444444,103.0,2.3505323814654218,0.9643874643874644,0.358974358974359,0.975308642,0.555555556,1,"(10, Q, R)",test
3229,GNNRPVYIPQPRPPHPRL,NNRPVYIPQPRPPHPRI,4.934788571038975,5.719864426801076,-0.7850758557621003,GNNRPVYIPQPRPPHPRL,-NNRPVYIPQPRPPHPRI,2,0.8888888888888888,99.0,2.2700620580736146,0.9107142857142856,0.1964285714285714,0.9305555555555556,0.375,2,"(1, G, -)|(18, L, I)",test
3234,GNNRPVYIPRPRPPHPRL,GNNRPVYIPRPRPPHPRLV,6.329695680873226,5.456742192881947,0.8729534879912793,GNNRPVYIPRPRPPHPRL-,GNNRPVYIPRPRPPHPRLV,1,0.9473684210526316,107.0,2.303055194075269,0.9473684210526316,0.0,0.9473684210526316,0.0,1,"(19, -, V)",test
3235,GNNRPVYIPRPRPPHPRL,GNNRPVYLPQPRPPHPRI,6.329695680873226,4.819810146095142,1.5098855347780846,GNNRPVYIPRPRPPHPRL,GNNRPVYLPQPRPPHPRI,3,0.8333333333333334,99.0,2.2700620580736146,0.896927146927147,0.3815628815628815,0.9475308642222224,0.6851851853333333,3,"(8, I, L)|(10, R, Q)|(18, L, I)",test
3237,GNNRPVYIPRPRPPHPRL,KNNRPVYIPKPRPPHPRL,6.329695680873226,5.537883280419529,0.791812400453697,GNNRPVYIPRPRPPHPRL,KNNRPVYIPKPRPPHPRL,2,0.8888888888888888,98.0,2.2499444772256627,0.9260842038619816,0.3347578347578347,0.937654321,0.438888889,2,"(1, G, K)|(10, R, K)",test
3244,GNNRPVYLPQPRPPHPRI,KNNRPVYIPKPRPPHPRL,4.819810146095142,5.537883280419529,-0.7180731343243876,GNNRPVYLPQPRPPHPRI,KNNRPVYIPKPRPPHPRL,4,0.7777777777777778,93.0,2.149356572985905,0.8577173854951633,0.3597282347282347,0.9037037037222224,0.56666666675,4,"(1, G, K)|(8, L, I)|(10, Q, K)|(18, I, L)",test
3245,GNNRPVYLPQPRPPHPRI,NNRPVYIPQPRPPHPRI,4.819810146095142,5.719864426801076,-0.900054280705934,GNNRPVYLPQPRPPHPRI,-NNRPVYIPQPRPPHPRI,2,0.8888888888888888,99.0,2.2700620580736146,0.9107142857142856,0.1964285714285714,0.9305555555555556,0.375,2,"(1, G, -)|(8, L, I)",test
3248,GRFRRLRKKTRKRLKKIGKVLKAI,GRFRRLRKKTRKRLKKIGKVLKLI,4.795880017344075,5.823908740944319,-1.0280287236002437,GRFRRLRKKTRKRLKKIGKVLKAI,GRFRRLRKKTRKRLKKIGKVLKLI,1,0.9583333333333334,111.0,1.883604771186776,0.9781746031746033,0.4761904761904761,0.9739583333333334,0.375,1,"(23, A, L)",test
3249,GRFRRLRKKTRKRLKKIGKVLKAI,GRFRRLRKKTRKRLKKIGKVLKWI,4.795880017344075,5.698970004336019,-0.9030899869919438,GRFRRLRKKTRKRLKKIGKVLKAI,GRFRRLRKKTRKRLKKIGKVLKWI,1,0.9583333333333334,109.0,1.8534283999148489,0.9654255319148936,0.1702127659574468,0.962326388875,0.095833333,1,"(23, A, W)",test
3251,GRFRRLRKKTRKRLKKIGKVLKKI,GRFRRLRKKTRKRLKKIGKVLKLI,4.619788758288394,5.823908740944319,-1.204119982655925,GRFRRLRKKTRKRLKKIGKVLKKI,GRFRRLRKKTRKRLKKIGKVLKLI,1,0.9583333333333334,110.0,1.868516585550812,0.97265625,0.34375,0.9681712962916666,0.236111111,1,"(23, K, L)",test
3253,GRFRRLRKKTRKRLKKIGKVLKKI,GRFRRLRKKTRKRLKKIGKVLKWI,4.619788758288394,5.698970004336019,-1.079181246047625,GRFRRLRKKTRKRLKKIGKVLKKI,GRFRRLRKKTRKRLKKIGKVLKWI,1,0.9583333333333334,109.0,1.8534283999148489,0.9665178571428572,0.1964285714285714,0.9620370370416668,0.088888889,1,"(23, K, W)",test
3256,GRGKQGGKVRAKAKTRSS,KRGKQGGKVRAKAKTRSS,4.165128654398684,5.385441438288307,-1.2203127838896233,GRGKQGGKVRAKAKTRSS,KRGKQGGKVRAKAKTRSS,1,0.9444444444444444,83.0,1.948180764506388,0.9588477366255144,0.2592592592592592,0.9561728395,0.211111111,1,"(1, G, K)",test
3257,GRGKQGGKVRAKAKTRSS,SGRGKQGGKVRAKAKTRSS,4.165128654398684,5.388992908154021,-1.2238642537553377,-GRGKQGGKVRAKAKTRSS,SGRGKQGGKVRAKAKTRSS,1,0.9473684210526316,89.0,1.9599974996154612,0.9473684210526316,0.0,0.9473684210526316,0.0,1,"(1, -, S)",test
3266,GRRPRPRPRPFFFF,GRRPRPRPRPFFFFF,3.795880017344075,4.698970004336019,-0.9030899869919438,GRRPRPRPRPFFFF-,GRRPRPRPRPFFFFF,1,0.9333333333333332,83.0,2.337816917407665,0.9333333333333332,0.0,0.9333333333333332,0.0,1,"(15, -, F)",test
3279,GVADILKGAAKDIAGHLASKVMNKL,GVVDILKGAAKAIAGHLASKVMNKL,4.0,5.505845405981558,-1.5058454059815576,GVADILKGAAKDIAGHLASKVMNKL,GVVDILKGAAKAIAGHLASKVMNKL,2,0.92,109.0,1.7792912639182543,0.9587675070028012,0.4845938375350139,0.949,0.3625,2,"(3, A, V)|(12, D, A)",test
3280,GVADILKGAAKDIAGHLASKVMNKL,GVLDILKGAAKDLAGHVATKVINKI,4.0,4.920818753952375,-0.9208187539523748,GVADILKGAAKDIAGHLASKVMNKL,GVLDILKGAAKDLAGHVATKVINKI,6,0.76,102.0,1.677898656444578,0.8528206065034709,0.3867525270977956,0.90722222224,0.613425926,6,"(3, A, L)|(13, I, L)|(17, L, V)|(19, S, T)|(22, M, I)|(25, L, I)",test
3284,GVADILKGAAKDIAGHLASKVMNKL,GVVDILKGAAKDIAAHLASKVMNKL,4.0,4.903089986991944,-0.9030899869919438,GVADILKGAAKDIAGHLASKVMNKL,GVVDILKGAAKDIAAHLASKVMNKL,2,0.92,111.0,1.808260580339305,0.9552941176470588,0.4411764705882353,0.958,0.475,2,"(3, A, V)|(15, G, A)",test
3286,GVADILKGAAKDIAGHLASKVMNKL,GVVDILKGAAKDILGHLASKVMNKL,4.0,5.204119982655925,-1.204119982655925,GVADILKGAAKDIAGHLASKVMNKL,GVVDILKGAAKDILGHLASKVMNKL,2,0.92,112.0,1.8227452385498304,0.9625770308123248,0.5322128851540616,0.955,0.4375,2,"(3, A, V)|(14, A, L)",test
3288,GVADILKGAAKDIAGHLASKVMNKL,GVVDILKGAAKDIAGHLLSKVMNKL,4.0,4.903089986991944,-0.9030899869919438,GVADILKGAAKDIAGHLASKVMNKL,GVVDILKGAAKDIAGHLLSKVMNKL,2,0.92,112.0,1.8227452385498304,0.9625770308123248,0.5322128851540616,0.955,0.4375,2,"(3, A, V)|(18, A, L)",test
3289,GVADILKGAAKDIAGHLASKVMNKL,GVVDILKGLAKDIAGHLASKVMNKL,4.0,4.903089986991944,-0.9030899869919438,GVADILKGAAKDIAGHLASKVMNKL,GVVDILKGLAKDIAGHLASKVMNKL,2,0.92,112.0,1.8227452385498304,0.9625770308123248,0.5322128851540616,0.955,0.4375,2,"(3, A, V)|(9, A, L)",test
3290,GVADILKGAAKDIAGHLASKVMNKL,GVVDILKGALKDIAGHLASKVMNKL,4.0,4.903089986991944,-0.9030899869919438,GVADILKGAAKDIAGHLASKVMNKL,GVVDILKGALKDIAGHLASKVMNKL,2,0.92,112.0,1.8227452385498304,0.9625770308123248,0.5322128851540616,0.955,0.4375,2,"(3, A, V)|(10, A, L)",test
3296,GVLDILKGAAKDLAGHVATKVI,GVVDILKGAAKDIAGHLASKVM,4.656591406196142,3.9429427913625776,0.7136486148335646,GVLDILKGAAKDLAGHVATKVI,GVVDILKGAAKDIAGHLASKVM,5,0.7727272727272727,91.0,1.7256447910554558,0.8576424641002646,0.3736268420411643,0.9172979798181818,0.6361111112,5,"(3, L, V)|(13, L, I)|(17, V, L)|(19, T, S)|(22, I, M)",test
3304,GVLDILKGAAKDLAGHVATKVINKI,GVVDILKGAAKDIAGHLASKVMNKA,4.920818753952375,4.0,0.9208187539523748,GVLDILKGAAKDLAGHVATKVINKI,GVVDILKGAAKDIAGHLASKVMNKA,6,0.76,102.0,1.677898656444578,0.8529071865900509,0.387113277458546,0.90222222224,0.5925925926666666,6,"(3, L, V)|(13, L, I)|(17, V, L)|(19, T, S)|(22, I, M)|(25, I, A)",test
3307,GVLDILKGAAKDLAGHVATKVINKI,GVVDILKGAAKDIAGHLASKVMNKL,4.920818753952375,3.798193357042978,1.122625396909397,GVLDILKGAAKDLAGHVATKVINKI,GVVDILKGAAKDIAGHLASKVMNKL,6,0.76,104.0,1.7068679728656286,0.8504396541225185,0.3768318921771607,0.91722222224,0.6550925926666666,6,"(3, L, V)|(13, L, I)|(17, V, L)|(19, T, S)|(22, I, M)|(25, I, L)",test
3311,GVLDILKGAAKDLAGHVATKVINKI,GVVDILKGAAKDAAGHLASKVMNKL,4.920818753952375,4.0,0.9208187539523748,GVLDILKGAAKDLAGHVATKVINKI,GVVDILKGAAKDAAGHLASKVMNKL,6,0.76,101.0,1.6634139982340528,0.853772987455852,0.3907207810660495,0.90222222224,0.5925925926666666,6,"(3, L, V)|(13, L, A)|(17, V, L)|(19, T, S)|(22, I, M)|(25, I, L)",test
3314,GVLDILKGAAKDLAGHVATKVINKI,GVVDILKGAAKDIAGHLASKVANKL,4.920818753952375,4.0,0.9208187539523748,GVLDILKGAAKDLAGHVATKVINKI,GVVDILKGAAKDIAGHLASKVANKL,6,0.76,102.0,1.677898656444578,0.8568567664219837,0.4035698600915992,0.90861111112,0.619212963,6,"(3, L, V)|(13, L, I)|(17, V, L)|(19, T, S)|(22, I, A)|(25, I, L)",test
3316,GVVAILKGAAKDIAGHLASKVMNKL,GVVDILKGAAKAIAGHLASKVMNKL,4.301029995663981,5.505845405981558,-1.2048154103175763,GVVAILKGAAKDIAGHLASKVMNKL,GVVDILKGAAKAIAGHLASKVMNKL,2,0.92,105.0,1.7213526310761538,0.9504761904761904,0.3809523809523809,0.938,0.225,2,"(4, A, D)|(12, D, A)",test
3335,GVVAILKGAAKDIAGHLASKVMNKL,GVVDILKGAAKDILGHLASKVMNKL,4.301029995663981,5.204119982655925,-0.9030899869919438,GVVAILKGAAKDIAGHLASKVMNKL,GVVDILKGAAKDILGHLASKVMNKL,2,0.92,108.0,1.7648066057077292,0.9542857142857144,0.4285714285714285,0.944,0.3,2,"(4, A, D)|(14, A, L)",test
3340,GVVDALKGAAKDIAGHLASKVMNKL,GVVDILKGLAKDIAGHLASKVMNKL,4.0,4.903089986991944,-0.9030899869919438,GVVDALKGAAKDIAGHLASKVMNKL,GVVDILKGLAKDIAGHLASKVMNKL,2,0.92,111.0,1.808260580339305,0.9572294372294372,0.4653679653679653,0.95,0.375,2,"(5, A, I)|(9, A, L)",test
3341,GVVDALKGAAKDIAGHLASKVMNKL,GVVDILKGAAKDILGHLASKVMNKL,4.0,5.204119982655925,-1.204119982655925,GVVDALKGAAKDIAGHLASKVMNKL,GVVDILKGAAKDILGHLASKVMNKL,2,0.92,111.0,1.808260580339305,0.9572294372294372,0.4653679653679653,0.95,0.375,2,"(5, A, I)|(14, A, L)",test
3342,GVVDALKGAAKDIAGHLASKVMNKL,GVVDILKGAAKDIAGHLLSKVMNKL,4.0,4.903089986991944,-0.9030899869919438,GVVDALKGAAKDIAGHLASKVMNKL,GVVDILKGAAKDIAGHLLSKVMNKL,2,0.92,111.0,1.808260580339305,0.9572294372294372,0.4653679653679653,0.95,0.375,2,"(5, A, I)|(18, A, L)",test
3343,GVVDALKGAAKDIAGHLASKVMNKL,GVVDILKGALKDIAGHLASKVMNKL,4.0,4.903089986991944,-0.9030899869919438,GVVDALKGAAKDIAGHLASKVMNKL,GVVDILKGALKDIAGHLASKVMNKL,2,0.92,111.0,1.808260580339305,0.9572294372294372,0.4653679653679653,0.95,0.375,2,"(5, A, I)|(10, A, L)",test
3344,GVVDALKGAAKDIAGHLASKVMNKL,GVVDILKGAAKDIAAHLASKVMNKL,4.0,4.903089986991944,-0.9030899869919438,GVVDALKGAAKDIAGHLASKVMNKL,GVVDILKGAAKDIAAHLASKVMNKL,2,0.92,110.0,1.7937759221287797,0.9499465240641712,0.374331550802139,0.953,0.4125,2,"(5, A, I)|(15, G, A)",test
3345,GVVDALKGAAKDIAGHLASKVMNKL,GVVDILKGAAKAIAGHLASKVMNKL,4.0,5.505845405981558,-1.5058454059815576,GVVDALKGAAKDIAGHLASKVMNKL,GVVDILKGAAKAIAGHLASKVMNKL,2,0.92,108.0,1.7648066057077292,0.9534199134199132,0.4177489177489176,0.944,0.3,2,"(5, A, I)|(12, D, A)",test
3347,GVVDIAKGAAKDIAGHLASKVMNKL,GVVDILKGAAKAIAGHLASKVMNKL,4.0,5.505845405981558,-1.5058454059815576,GVVDIAKGAAKDIAGHLASKVMNKL,GVVDILKGAAKAIAGHLASKVMNKL,2,0.92,108.0,1.7648066057077292,0.9542857142857144,0.4285714285714285,0.944,0.3,2,"(6, A, L)|(12, D, A)",test
3348,GVVDIAKGAAKDIAGHLASKVMNKL,GVVDILKGAAKDIAAHLASKVMNKL,4.0,4.903089986991944,-0.9030899869919438,GVVDIAKGAAKDIAGHLASKVMNKL,GVVDILKGAAKDIAAHLASKVMNKL,2,0.92,110.0,1.7937759221287797,0.950812324929972,0.3851540616246498,0.953,0.4125,2,"(6, A, L)|(15, G, A)",test
3351,GVVDIAKGAAKDIAGHLASKVMNKL,GVVDILKGAAKDIAGHLLSKVMNKL,4.0,4.903089986991944,-0.9030899869919438,GVVDIAKGAAKDIAGHLASKVMNKL,GVVDILKGAAKDIAGHLLSKVMNKL,2,0.92,111.0,1.808260580339305,0.958095238095238,0.4761904761904761,0.95,0.375,2,"(6, A, L)|(18, A, L)",test
3352,GVVDIAKGAAKDIAGHLASKVMNKL,GVVDILKGALKDIAGHLASKVMNKL,4.0,4.903089986991944,-0.9030899869919438,GVVDIAKGAAKDIAGHLASKVMNKL,GVVDILKGALKDIAGHLASKVMNKL,2,0.92,111.0,1.808260580339305,0.958095238095238,0.4761904761904761,0.95,0.375,2,"(6, A, L)|(10, A, L)",test
3355,GVVDIAKGAAKDIAGHLASKVMNKL,GVVDILKGAAKDILGHLASKVMNKL,4.0,5.204119982655925,-1.204119982655925,GVVDIAKGAAKDIAGHLASKVMNKL,GVVDILKGAAKDILGHLASKVMNKL,2,0.92,111.0,1.808260580339305,0.958095238095238,0.4761904761904761,0.95,0.375,2,"(6, A, L)|(14, A, L)",test
3356,GVVDIAKGAAKDIAGHLASKVMNKL,GVVDILKGLAKDIAGHLASKVMNKL,4.0,4.903089986991944,-0.9030899869919438,GVVDIAKGAAKDIAGHLASKVMNKL,GVVDILKGLAKDIAGHLASKVMNKL,2,0.92,111.0,1.808260580339305,0.958095238095238,0.4761904761904761,0.95,0.375,2,"(6, A, L)|(9, A, L)",test
3357,GVVDILAGAAKDIAGHLASKVMNKL,GVVDILKGAAKAIAGHLASKVMNKL,4.0,5.505845405981558,-1.5058454059815576,GVVDILAGAAKDIAGHLASKVMNKL,GVVDILKGAAKAIAGHLASKVMNKL,2,0.92,107.0,1.7503219474972045,0.9466666666666664,0.3333333333333332,0.9431666666800002,0.2895833335,2,"(7, A, K)|(12, D, A)",test
3360,GVVDILAGAAKDIAGHLASKVMNKL,GVVDILKGAAKDIAAHLASKVMNKL,4.0,4.903089986991944,-0.9030899869919438,GVVDILAGAAKDIAGHLASKVMNKL,GVVDILKGAAKDIAAHLASKVMNKL,2,0.92,109.0,1.7792912639182543,0.9431932773109244,0.2899159663865546,0.95216666668,0.4020833335,2,"(7, A, K)|(15, G, A)",test
3362,GVVDILAGAAKDIAGHLASKVMNKL,GVVDILKGAAKDIAGHLLSKVMNKL,4.0,4.903089986991944,-0.9030899869919438,GVVDILAGAAKDIAGHLASKVMNKL,GVVDILKGAAKDIAGHLLSKVMNKL,2,0.92,110.0,1.7937759221287797,0.9504761904761904,0.3809523809523809,0.94916666668,0.3645833335,2,"(7, A, K)|(18, A, L)",test
3363,GVVDILAGAAKDIAGHLASKVMNKL,GVVDILKGALKDIAGHLASKVMNKL,4.0,4.903089986991944,-0.9030899869919438,GVVDILAGAAKDIAGHLASKVMNKL,GVVDILKGALKDIAGHLASKVMNKL,2,0.92,110.0,1.7937759221287797,0.9504761904761904,0.3809523809523809,0.94916666668,0.3645833335,2,"(7, A, K)|(10, A, L)",test
3365,GVVDILAGAAKDIAGHLASKVMNKL,GVVDILKGAAKDILGHLASKVMNKL,4.0,5.204119982655925,-1.204119982655925,GVVDILAGAAKDIAGHLASKVMNKL,GVVDILKGAAKDILGHLASKVMNKL,2,0.92,110.0,1.7937759221287797,0.9504761904761904,0.3809523809523809,0.94916666668,0.3645833335,2,"(7, A, K)|(14, A, L)",test
3366,GVVDILAGAAKDIAGHLASKVMNKL,GVVDILKGLAKDIAGHLASKVMNKL,4.0,4.903089986991944,-0.9030899869919438,GVVDILAGAAKDIAGHLASKVMNKL,GVVDILKGLAKDIAGHLASKVMNKL,2,0.92,110.0,1.7937759221287797,0.9504761904761904,0.3809523809523809,0.94916666668,0.3645833335,2,"(7, A, K)|(9, A, L)",test
3367,GVVDILKAAAKDIAGHLASKVMNKL,GVVDILKGAAKAIAGHLASKVMNKL,4.6020599913279625,5.505845405981558,-0.9037854146535952,GVVDILKAAAKDIAGHLASKVMNKL,GVVDILKGAAKAIAGHLASKVMNKL,2,0.92,107.0,1.7503219474972045,0.9470028011204482,0.3375350140056021,0.9469999999999998,0.3375,2,"(8, A, G)|(12, D, A)",test
3378,GVVDILKAAAKDIAGHLASKVMNKL,GVVDILKGAAKDIAGHLASKVMNKL,4.6020599913279625,3.798193357042978,0.8038666342849847,GVVDILKAAAKDIAGHLASKVMNKL,GVVDILKGAAKDIAGHLASKVMNKL,1,0.96,115.0,1.8661992131814056,0.9717647058823528,0.2941176470588235,0.978,0.45,1,"(8, A, G)",test
3387,GVVDILKGAAADIAGHLASKVMNKL,GVVDILKGAAKAIAGHLASKVMNKL,4.0,5.505845405981558,-1.5058454059815576,GVVDILKGAAADIAGHLASKVMNKL,GVVDILKGAAKAIAGHLASKVMNKL,2,0.92,107.0,1.7503219474972045,0.9466666666666668,0.3333333333333332,0.94316666668,0.2895833335,2,"(11, A, K)|(12, D, A)",test
3388,GVVDILKGAAADIAGHLASKVMNKL,GVVDILKGALKDIAGHLASKVMNKL,4.0,4.903089986991944,-0.9030899869919438,GVVDILKGAAADIAGHLASKVMNKL,GVVDILKGALKDIAGHLASKVMNKL,2,0.92,110.0,1.7937759221287797,0.9504761904761904,0.3809523809523809,0.94916666668,0.3645833335,2,"(10, A, L)|(11, A, K)",test
3391,GVVDILKGAAADIAGHLASKVMNKL,GVVDILKGAAKDIAAHLASKVMNKL,4.0,4.903089986991944,-0.9030899869919438,GVVDILKGAAADIAGHLASKVMNKL,GVVDILKGAAKDIAAHLASKVMNKL,2,0.92,109.0,1.7792912639182543,0.9431932773109244,0.2899159663865546,0.9521666666799998,0.4020833335,2,"(11, A, K)|(15, G, A)",test
3392,GVVDILKGAAADIAGHLASKVMNKL,GVVDILKGLAKDIAGHLASKVMNKL,4.0,4.903089986991944,-0.9030899869919438,GVVDILKGAAADIAGHLASKVMNKL,GVVDILKGLAKDIAGHLASKVMNKL,2,0.92,110.0,1.7937759221287797,0.9504761904761904,0.3809523809523809,0.94916666668,0.3645833335,2,"(9, A, L)|(11, A, K)",test
3393,GVVDILKGAAADIAGHLASKVMNKL,GVVDILKGAAKDILGHLASKVMNKL,4.0,5.204119982655925,-1.204119982655925,GVVDILKGAAADIAGHLASKVMNKL,GVVDILKGAAKDILGHLASKVMNKL,2,0.92,110.0,1.7937759221287797,0.9504761904761904,0.3809523809523809,0.94916666668,0.3645833335,2,"(11, A, K)|(14, A, L)",test
3394,GVVDILKGAAADIAGHLASKVMNKL,GVVDILKGAAKDIAGHLLSKVMNKL,4.0,4.903089986991944,-0.9030899869919438,GVVDILKGAAADIAGHLASKVMNKL,GVVDILKGAAKDIAGHLLSKVMNKL,2,0.92,110.0,1.7937759221287797,0.9504761904761904,0.3809523809523809,0.94916666668,0.3645833335,2,"(11, A, K)|(18, A, L)",test
3395,GVVDILKGAAKAIAGHLASKVMNKL,GVVDILKGAAKDIAGHLAAKVMNKL,5.505845405981558,4.6020599913279625,0.9037854146535952,GVVDILKGAAKAIAGHLASKVMNKL,GVVDILKGAAKDIAGHLAAKVMNKL,2,0.92,110.0,1.7937759221287797,0.9520802005012532,0.4010025062656641,0.954,0.425,2,"(12, A, D)|(19, S, A)",test
3396,GVVDILKGAAKAIAGHLASKVMNKL,GVVDILKGAAKDIAGALASKVMNKL,5.505845405981558,4.0,1.5058454059815576,GVVDILKGAAKAIAGHLASKVMNKL,GVVDILKGAAKDIAGALASKVMNKL,2,0.92,103.0,1.6923833146551035,0.943886743886744,0.2985842985842985,0.93733333332,0.2166666665,2,"(12, A, D)|(16, H, A)",test
3397,GVVDILKGAAKAIAGHLASKVMNKL,GVVDILKGAAKDIAGHLASKVANKL,5.505845405981558,4.0,1.5058454059815576,GVVDILKGAAKAIAGHLASKVMNKL,GVVDILKGAAKDIAGHLASKVANKL,2,0.92,107.0,1.7503219474972045,0.9485714285714284,0.3571428571428571,0.9431666666800002,0.2895833335,2,"(12, A, D)|(22, M, A)",test
3398,GVVDILKGAAKAIAGHLASKVMNKL,GVVDILKGAAKDIAGHLASKVMAKL,5.505845405981558,4.301029995663981,1.2048154103175763,GVVDILKGAAKAIAGHLASKVMNKL,GVVDILKGAAKDIAGHLASKVMAKL,2,0.92,105.0,1.7213526310761538,0.9497835497835496,0.3722943722943722,0.9380000000000002,0.225,2,"(12, A, D)|(23, N, A)",test
3399,GVVDILKGAAKAIAGHLASKVMNKL,GVVDILKGAAKDIAGHLASKVMNKA,5.505845405981558,4.0,1.5058454059815576,GVVDILKGAAKAIAGHLASKVMNKL,GVVDILKGAAKDIAGHLASKVMNKA,2,0.92,109.0,1.7792912639182543,0.9542857142857142,0.4285714285714285,0.944,0.3,2,"(12, A, D)|(25, L, A)",test
3402,GVVDILKGAAKAIAGHLASKVMNKL,GVVDILKGAAKDLAGHLATKVMNKL,5.505845405981558,4.301029995663981,1.2048154103175763,GVVDILKGAAKAIAGHLASKVMNKL,GVVDILKGAAKDLAGHLATKVMNKL,3,0.88,108.0,1.7648066057077292,0.924865424430642,0.3738785369220151,0.94261111112,0.5217592593333333,3,"(12, A, D)|(13, I, L)|(19, S, T)",test
3404,GVVDILKGAAKAIAGHLASKVMNKL,GVVDILKGAAKDIAGHLASKVMNKL,5.505845405981558,3.798193357042978,1.7076520489385798,GVVDILKGAAKAIAGHLASKVMNKL,GVVDILKGAAKDIAGHLASKVMNKL,1,0.96,113.0,1.8372298967603555,0.9752380952380952,0.3809523809523809,0.969,0.225,1,"(12, A, D)",test
3406,GVVDILKGAAKAIAGHLASKVMNKL,GVVDILKGAAKDIAGHLASKAMNKL,5.505845405981558,4.0,1.5058454059815576,GVVDILKGAAKAIAGHLASKVMNKL,GVVDILKGAAKDIAGHLASKAMNKL,2,0.92,109.0,1.7792912639182543,0.9587675070028012,0.4845938375350139,0.949,0.3625,2,"(12, A, D)|(21, V, A)",test
3407,GVVDILKGAAKAIAGHLASKVMNKL,GVVDILKGAAKDAAGHLASKVMNKL,5.505845405981558,4.0,1.5058454059815576,GVVDILKGAAKAIAGHLASKVMNKL,GVVDILKGAAKDAAGHLASKVMNKL,2,0.92,108.0,1.7648066057077292,0.9534199134199136,0.4177489177489176,0.944,0.3,2,"(12, A, D)|(13, I, A)",test
3409,GVVDILKGAAKAIAGHLASKVMNKL,GVVDILKGAAKDIAGHLASAVMNKL,5.505845405981558,4.0,1.5058454059815576,GVVDILKGAAKAIAGHLASKVMNKL,GVVDILKGAAKDIAGHLASAVMNKL,2,0.92,107.0,1.7503219474972045,0.9466666666666664,0.3333333333333332,0.9431666666800002,0.2895833335,2,"(12, A, D)|(20, K, A)",test
3410,GVVDILKGAAKAIAGHLASKVMNKL,GVVDILKGAAKDIAGHLASKVMNAL,5.505845405981558,4.0,1.5058454059815576,GVVDILKGAAKAIAGHLASKVMNKL,GVVDILKGAAKDIAGHLASKVMNAL,2,0.92,107.0,1.7503219474972045,0.9466666666666664,0.3333333333333332,0.9431666666800002,0.2895833335,2,"(12, A, D)|(24, K, A)",test
3411,GVVDILKGAAKAIAGHLASKVMNKL,GVVDILKGAAKDIAGHASKVMNKL,5.505845405981558,4.0,1.5058454059815576,GVVDILKGAAKAIAGHLASKVMNKL,GVVDILKGAAKDIAGH-ASKVMNKL,2,0.92,98.0,1.6199600236024774,0.9352380952380952,0.1904761904761904,0.929,0.1125,2,"(12, A, D)|(17, L, -)",test
3412,GVVDILKGAAKDAAGHLASKVMNKL,GVVDILKGAAKDIAAHLASKVMNKL,4.0,4.903089986991944,-0.9030899869919438,GVVDILKGAAKDAAGHLASKVMNKL,GVVDILKGAAKDIAAHLASKVMNKL,2,0.92,110.0,1.7937759221287797,0.9499465240641712,0.374331550802139,0.953,0.4125,2,"(13, A, I)|(15, G, A)",test
3415,GVVDILKGAAKDAAGHLASKVMNKL,GVVDILKGLAKDIAGHLASKVMNKL,4.0,4.903089986991944,-0.9030899869919438,GVVDILKGAAKDAAGHLASKVMNKL,GVVDILKGLAKDIAGHLASKVMNKL,2,0.92,111.0,1.808260580339305,0.9572294372294372,0.4653679653679653,0.95,0.375,2,"(9, A, L)|(13, A, I)",test
3416,GVVDILKGAAKDAAGHLASKVMNKL,GVVDILKGAAKDIAGHLLSKVMNKL,4.0,4.903089986991944,-0.9030899869919438,GVVDILKGAAKDAAGHLASKVMNKL,GVVDILKGAAKDIAGHLLSKVMNKL,2,0.92,111.0,1.808260580339305,0.9572294372294372,0.4653679653679653,0.95,0.375,2,"(13, A, I)|(18, A, L)",test
3418,GVVDILKGAAKDAAGHLASKVMNKL,GVVDILKGAAKDILGHLASKVMNKL,4.0,5.204119982655925,-1.204119982655925,GVVDILKGAAKDAAGHLASKVMNKL,GVVDILKGAAKDILGHLASKVMNKL,2,0.92,111.0,1.808260580339305,0.9572294372294372,0.4653679653679653,0.95,0.375,2,"(13, A, I)|(14, A, L)",test
3419,GVVDILKGAAKDAAGHLASKVMNKL,GVVDILKGALKDIAGHLASKVMNKL,4.0,4.903089986991944,-0.9030899869919438,GVVDILKGAAKDAAGHLASKVMNKL,GVVDILKGALKDIAGHLASKVMNKL,2,0.92,111.0,1.808260580339305,0.9572294372294372,0.4653679653679653,0.95,0.375,2,"(10, A, L)|(13, A, I)",test
3422,GVVDILKGAAKDIAAHLASKVMNKL,GVVDILKGAAKDIAGHLASKAMNKL,4.903089986991944,4.0,0.9030899869919438,GVVDILKGAAKDIAAHLASKVMNKL,GVVDILKGAAKDIAGHLASKAMNKL,2,0.92,111.0,1.808260580339305,0.955294117647059,0.4411764705882353,0.958,0.475,2,"(15, A, G)|(21, V, A)",test
3423,GVVDILKGAAKDIAAHLASKVMNKL,GVVDILKGAAKDIAGHLASAVMNKL,4.903089986991944,4.0,0.9030899869919438,GVVDILKGAAKDIAAHLASKVMNKL,GVVDILKGAAKDIAGHLASAVMNKL,2,0.92,109.0,1.7792912639182543,0.9431932773109244,0.2899159663865546,0.95216666668,0.4020833335,2,"(15, A, G)|(20, K, A)",test
3424,GVVDILKGAAKDIAAHLASKVMNKL,GVVDILKGAAKDIAGHLASKVMNAL,4.903089986991944,4.0,0.9030899869919438,GVVDILKGAAKDIAAHLASKVMNKL,GVVDILKGAAKDIAGHLASKVMNAL,2,0.92,109.0,1.7792912639182543,0.9431932773109244,0.2899159663865546,0.95216666668,0.4020833335,2,"(15, A, G)|(24, K, A)",test
3426,GVVDILKGAAKDIAAHLASKVMNKL,GVVDILKGAAKDIAGHLASKVANKL,4.903089986991944,4.0,0.9030899869919438,GVVDILKGAAKDIAAHLASKVMNKL,GVVDILKGAAKDIAGHLASKVANKL,2,0.92,109.0,1.7792912639182543,0.9450980392156864,0.3137254901960784,0.95216666668,0.4020833335,2,"(15, A, G)|(22, M, A)",test
3427,GVVDILKGAAKDIAAHLASKVMNKL,GVVDILKGAAKDIAGHASKVMNKL,4.903089986991944,4.0,0.9030899869919438,GVVDILKGAAKDIAAHLASKVMNKL,GVVDILKGAAKDIAGH-ASKVMNKL,2,0.92,100.0,1.648929340023528,0.931764705882353,0.1470588235294117,0.938,0.225,2,"(15, A, G)|(17, L, -)",test
3428,GVVDILKGAAKDIAAHLASKVMNKL,GVVDILKGAAKDIAGALASKVMNKL,4.903089986991944,4.0,0.9030899869919438,GVVDILKGAAKDIAAHLASKVMNKL,GVVDILKGAAKDIAGALASKVMNKL,2,0.92,105.0,1.7213526310761538,0.9404133545310016,0.2551669316375198,0.94633333332,0.3291666665,2,"(15, A, G)|(16, H, A)",test
3430,GVVDILKGAAKDIAAHLASKVMNKL,GVVDILKGAAKDIAGHLASKVMNKA,4.903089986991944,4.0,0.9030899869919438,GVVDILKGAAKDIAAHLASKVMNKL,GVVDILKGAAKDIAGHLASKVMNKA,2,0.92,111.0,1.808260580339305,0.950812324929972,0.3851540616246498,0.953,0.4125,2,"(15, A, G)|(25, L, A)",test
3431,GVVDILKGAAKDIAAHLASKVMNKL,GVVDILKGAAKDIAGHLASKVMNKL,4.903089986991944,3.798193357042978,1.104896629948966,GVVDILKGAAKDIAAHLASKVMNKL,GVVDILKGAAKDIAGHLASKVMNKL,1,0.96,115.0,1.8661992131814056,0.9717647058823532,0.2941176470588235,0.978,0.45,1,"(15, A, G)",test
3434,GVVDILKGAAKDIAGALASKVMNKL,GVVDILKGAAKDILGHLASKVMNKL,4.0,5.204119982655925,-1.204119982655925,GVVDILKGAAKDIAGALASKVMNKL,GVVDILKGAAKDILGHLASKVMNKL,2,0.92,106.0,1.7358372892866791,0.9476962676962676,0.3462033462033461,0.94333333332,0.2916666665,2,"(14, A, L)|(16, A, H)",test
3436,GVVDILKGAAKDIAGALASKVMNKL,GVVDILKGAAKDIAGHLLSKVMNKL,4.0,4.903089986991944,-0.9030899869919438,GVVDILKGAAKDIAGALASKVMNKL,GVVDILKGAAKDIAGHLLSKVMNKL,2,0.92,106.0,1.7358372892866791,0.9476962676962676,0.3462033462033461,0.94333333332,0.2916666665,2,"(16, A, H)|(18, A, L)",test
3438,GVVDILKGAAKDIAGALASKVMNKL,GVVDILKGLAKDIAGHLASKVMNKL,4.0,4.903089986991944,-0.9030899869919438,GVVDILKGAAKDIAGALASKVMNKL,GVVDILKGLAKDIAGHLASKVMNKL,2,0.92,106.0,1.7358372892866791,0.9476962676962676,0.3462033462033461,0.94333333332,0.2916666665,2,"(9, A, L)|(16, A, H)",test
3439,GVVDILKGAAKDIAGALASKVMNKL,GVVDILKGALKDIAGHLASKVMNKL,4.0,4.903089986991944,-0.9030899869919438,GVVDILKGAAKDIAGALASKVMNKL,GVVDILKGALKDIAGHLASKVMNKL,2,0.92,106.0,1.7358372892866791,0.9476962676962676,0.3462033462033461,0.94333333332,0.2916666665,2,"(10, A, L)|(16, A, H)",test
3441,GVVDILKGAAKDIAGHASKVMNKL,GVVDILKGAAKDILGHLASKVMNKL,4.0,5.204119982655925,-1.204119982655925,GVVDILKGAAKDIAGH-ASKVMNKL,GVVDILKGAAKDILGHLASKVMNKL,2,0.92,101.0,1.6634139982340528,0.939047619047619,0.238095238095238,0.935,0.1875,2,"(14, A, L)|(17, -, L)",test
3443,GVVDILKGAAKDIAGHASKVMNKL,GVVDILKGLAKDIAGHLASKVMNKL,4.0,4.903089986991944,-0.9030899869919438,GVVDILKGAAKDIAGH-ASKVMNKL,GVVDILKGLAKDIAGHLASKVMNKL,2,0.92,101.0,1.6634139982340528,0.939047619047619,0.238095238095238,0.935,0.1875,2,"(9, A, L)|(17, -, L)",test
3444,GVVDILKGAAKDIAGHASKVMNKL,GVVDILKGALKDIAGHLASKVMNKL,4.0,4.903089986991944,-0.9030899869919438,GVVDILKGAAKDIAGH-ASKVMNKL,GVVDILKGALKDIAGHLASKVMNKL,2,0.92,101.0,1.6634139982340528,0.939047619047619,0.238095238095238,0.935,0.1875,2,"(10, A, L)|(17, -, L)",test
3446,GVVDILKGAAKDIAGHASKVMNKL,GVVDILKGAAKDIAGHLLSKVMNKL,4.0,4.903089986991944,-0.9030899869919438,GVVDILKGAAKDIAGHA-SKVMNKL,GVVDILKGAAKDIAGHLLSKVMNKL,2,0.92,101.0,1.6634139982340528,0.939047619047619,0.238095238095238,0.935,0.1875,2,"(17, A, L)|(18, -, L)",test
3449,GVVDILKGAAKDIAGHLAAKVMNKL,GVVDILKGAAKDIAGHLASKVMNKL,4.6020599913279625,3.798193357042978,0.8038666342849847,GVVDILKGAAKDIAGHLAAKVMNKL,GVVDILKGAAKDIAGHLASKVMNKL,1,0.96,118.0,1.9096531878129808,0.976842105263158,0.4210526315789473,0.985,0.625,1,"(19, A, S)",test
3461,GVVDILKGAAKDIAGHLASAVMNKL,GVVDILKGAAKDIAGHLLSKVMNKL,4.0,4.903089986991944,-0.9030899869919438,GVVDILKGAAKDIAGHLASAVMNKL,GVVDILKGAAKDIAGHLLSKVMNKL,2,0.92,110.0,1.7937759221287797,0.9504761904761904,0.3809523809523809,0.94916666668,0.3645833335,2,"(18, A, L)|(20, A, K)",test
3462,GVVDILKGAAKDIAGHLASAVMNKL,GVVDILKGLAKDIAGHLASKVMNKL,4.0,4.903089986991944,-0.9030899869919438,GVVDILKGAAKDIAGHLASAVMNKL,GVVDILKGLAKDIAGHLASKVMNKL,2,0.92,110.0,1.7937759221287797,0.9504761904761904,0.3809523809523809,0.94916666668,0.3645833335,2,"(9, A, L)|(20, A, K)",test
3463,GVVDILKGAAKDIAGHLASAVMNKL,GVVDILKGALKDIAGHLASKVMNKL,4.0,4.903089986991944,-0.9030899869919438,GVVDILKGAAKDIAGHLASAVMNKL,GVVDILKGALKDIAGHLASKVMNKL,2,0.92,110.0,1.7937759221287797,0.9504761904761904,0.3809523809523809,0.94916666668,0.3645833335,2,"(10, A, L)|(20, A, K)",test
3465,GVVDILKGAAKDIAGHLASAVMNKL,GVVDILKGAAKDILGHLASKVMNKL,4.0,5.204119982655925,-1.204119982655925,GVVDILKGAAKDIAGHLASAVMNKL,GVVDILKGAAKDILGHLASKVMNKL,2,0.92,110.0,1.7937759221287797,0.9504761904761904,0.3809523809523809,0.94916666668,0.3645833335,2,"(14, A, L)|(20, A, K)",test
3466,GVVDILKGAAKDIAGHLASKAMNKL,GVVDILKGAAKDILGHLASKVMNKL,4.0,5.204119982655925,-1.204119982655925,GVVDILKGAAKDIAGHLASKAMNKL,GVVDILKGAAKDILGHLASKVMNKL,2,0.92,112.0,1.8227452385498304,0.9625770308123248,0.5322128851540616,0.955,0.4375,2,"(14, A, L)|(21, A, V)",test
3467,GVVDILKGAAKDIAGHLASKAMNKL,GVVDILKGALKDIAGHLASKVMNKL,4.0,4.903089986991944,-0.9030899869919438,GVVDILKGAAKDIAGHLASKAMNKL,GVVDILKGALKDIAGHLASKVMNKL,2,0.92,112.0,1.8227452385498304,0.9625770308123248,0.5322128851540616,0.955,0.4375,2,"(10, A, L)|(21, A, V)",test
3468,GVVDILKGAAKDIAGHLASKAMNKL,GVVDILKGLAKDIAGHLASKVMNKL,4.0,4.903089986991944,-0.9030899869919438,GVVDILKGAAKDIAGHLASKAMNKL,GVVDILKGLAKDIAGHLASKVMNKL,2,0.92,112.0,1.8227452385498304,0.9625770308123248,0.5322128851540616,0.955,0.4375,2,"(9, A, L)|(21, A, V)",test
3471,GVVDILKGAAKDIAGHLASKAMNKL,GVVDILKGAAKDIAGHLLSKVMNKL,4.0,4.903089986991944,-0.9030899869919438,GVVDILKGAAKDIAGHLASKAMNKL,GVVDILKGAAKDIAGHLLSKVMNKL,2,0.92,112.0,1.8227452385498304,0.9625770308123248,0.5322128851540616,0.955,0.4375,2,"(18, A, L)|(21, A, V)",test
3472,GVVDILKGAAKDIAGHLASKVANKL,GVVDILKGAAKDILGHLASKVMNKL,4.0,5.204119982655925,-1.204119982655925,GVVDILKGAAKDIAGHLASKVANKL,GVVDILKGAAKDILGHLASKVMNKL,2,0.92,110.0,1.7937759221287797,0.9523809523809522,0.4047619047619047,0.94916666668,0.3645833335,2,"(14, A, L)|(22, A, M)",test
3474,GVVDILKGAAKDIAGHLASKVANKL,GVVDILKGAAKDIAGHLLSKVMNKL,4.0,4.903089986991944,-0.9030899869919438,GVVDILKGAAKDIAGHLASKVANKL,GVVDILKGAAKDIAGHLLSKVMNKL,2,0.92,110.0,1.7937759221287797,0.9523809523809522,0.4047619047619047,0.94916666668,0.3645833335,2,"(18, A, L)|(22, A, M)",test
3475,GVVDILKGAAKDIAGHLASKVANKL,GVVDILKGALKDIAGHLASKVMNKL,4.0,4.903089986991944,-0.9030899869919438,GVVDILKGAAKDIAGHLASKVANKL,GVVDILKGALKDIAGHLASKVMNKL,2,0.92,110.0,1.7937759221287797,0.9523809523809522,0.4047619047619047,0.94916666668,0.3645833335,2,"(10, A, L)|(22, A, M)",test
3477,GVVDILKGAAKDIAGHLASKVANKL,GVVDILKGLAKDIAGHLASKVMNKL,4.0,4.903089986991944,-0.9030899869919438,GVVDILKGAAKDIAGHLASKVANKL,GVVDILKGLAKDIAGHLASKVMNKL,2,0.92,110.0,1.7937759221287797,0.9523809523809522,0.4047619047619047,0.94916666668,0.3645833335,2,"(9, A, L)|(22, A, M)",test
3489,GVVDILKGAAKDIAGHLASKVMAKL,GVVDILKGAAKDILGHLASKVMNKL,4.301029995663981,5.204119982655925,-0.9030899869919438,GVVDILKGAAKDIAGHLASKVMAKL,GVVDILKGAAKDILGHLASKVMNKL,2,0.92,108.0,1.7648066057077292,0.9535930735930735,0.4199134199134198,0.944,0.3,2,"(14, A, L)|(23, A, N)",test
3491,GVVDILKGAAKDIAGHLASKVMNAL,GVVDILKGAAKDILGHLASKVMNKL,4.0,5.204119982655925,-1.204119982655925,GVVDILKGAAKDIAGHLASKVMNAL,GVVDILKGAAKDILGHLASKVMNKL,2,0.92,110.0,1.7937759221287797,0.9504761904761904,0.3809523809523809,0.94916666668,0.3645833335,2,"(14, A, L)|(24, A, K)",test
3493,GVVDILKGAAKDIAGHLASKVMNAL,GVVDILKGLAKDIAGHLASKVMNKL,4.0,4.903089986991944,-0.9030899869919438,GVVDILKGAAKDIAGHLASKVMNAL,GVVDILKGLAKDIAGHLASKVMNKL,2,0.92,110.0,1.7937759221287797,0.9504761904761904,0.3809523809523809,0.94916666668,0.3645833335,2,"(9, A, L)|(24, A, K)",test
3494,GVVDILKGAAKDIAGHLASKVMNAL,GVVDILKGAAKDIAGHLLSKVMNKL,4.0,4.903089986991944,-0.9030899869919438,GVVDILKGAAKDIAGHLASKVMNAL,GVVDILKGAAKDIAGHLLSKVMNKL,2,0.92,110.0,1.7937759221287797,0.9504761904761904,0.3809523809523809,0.94916666668,0.3645833335,2,"(18, A, L)|(24, A, K)",test
3495,GVVDILKGAAKDIAGHLASKVMNAL,GVVDILKGALKDIAGHLASKVMNKL,4.0,4.903089986991944,-0.9030899869919438,GVVDILKGAAKDIAGHLASKVMNAL,GVVDILKGALKDIAGHLASKVMNKL,2,0.92,110.0,1.7937759221287797,0.9504761904761904,0.3809523809523809,0.94916666668,0.3645833335,2,"(10, A, L)|(24, A, K)",test
3496,GVVDILKGAAKDIAGHLASKVMNKA,GVVDILKGAAKDIAGHLLSKVMNKL,4.0,4.903089986991944,-0.9030899869919438,GVVDILKGAAKDIAGHLASKVMNKA,GVVDILKGAAKDIAGHLLSKVMNKL,2,0.92,112.0,1.8227452385498304,0.958095238095238,0.4761904761904761,0.95,0.375,2,"(18, A, L)|(25, A, L)",test
3497,GVVDILKGAAKDIAGHLASKVMNKA,GVVDILKGAAKDILGHLASKVMNKL,4.0,5.204119982655925,-1.204119982655925,GVVDILKGAAKDIAGHLASKVMNKA,GVVDILKGAAKDILGHLASKVMNKL,2,0.92,112.0,1.8227452385498304,0.958095238095238,0.4761904761904761,0.95,0.375,2,"(14, A, L)|(25, A, L)",test
3499,GVVDILKGAAKDIAGHLASKVMNKA,GVVDILKGALKDIAGHLASKVMNKL,4.0,4.903089986991944,-0.9030899869919438,GVVDILKGAAKDIAGHLASKVMNKA,GVVDILKGALKDIAGHLASKVMNKL,2,0.92,112.0,1.8227452385498304,0.958095238095238,0.4761904761904761,0.95,0.375,2,"(10, A, L)|(25, A, L)",test
3500,GVVDILKGAAKDIAGHLASKVMNKA,GVVDILKGLAKDIAGHLASKVMNKL,4.0,4.903089986991944,-0.9030899869919438,GVVDILKGAAKDIAGHLASKVMNKA,GVVDILKGLAKDIAGHLASKVMNKL,2,0.92,112.0,1.8227452385498304,0.958095238095238,0.4761904761904761,0.95,0.375,2,"(9, A, L)|(25, A, L)",test
3501,GVVDILKGAAKDIAGHLASKVMNKL,GVVDILKGLAKDIAGHLASKVMNKL,3.798193357042978,4.903089986991944,-1.104896629948966,GVVDILKGAAKDIAGHLASKVMNKL,GVVDILKGLAKDIAGHLASKVMNKL,1,0.96,116.0,1.8806838713919307,0.9790476190476188,0.4761904761904761,0.975,0.375,1,"(9, A, L)",test
3502,GVVDILKGAAKDIAGHLASKVMNKL,GVVDILKGAAKDILGHLASKVMNKL,3.798193357042978,5.204119982655925,-1.4059266256129472,GVVDILKGAAKDIAGHLASKVMNKL,GVVDILKGAAKDILGHLASKVMNKL,1,0.96,116.0,1.8806838713919307,0.9790476190476188,0.4761904761904761,0.975,0.375,1,"(14, A, L)",test
3503,GVVDILKGAAKDIAGHLASKVMNKL,GVVDILKGAAKDIAGHLLSKVMNKL,3.798193357042978,4.903089986991944,-1.104896629948966,GVVDILKGAAKDIAGHLASKVMNKL,GVVDILKGAAKDIAGHLLSKVMNKL,1,0.96,116.0,1.8806838713919307,0.9790476190476188,0.4761904761904761,0.975,0.375,1,"(18, A, L)",test
3505,GVVDILKGAAKDIAGHLASKVMNKL,GVVDILKGALKDIAGHLASKVMNKL,3.798193357042978,4.903089986991944,-1.104896629948966,GVVDILKGAAKDIAGHLASKVMNKL,GVVDILKGALKDIAGHLASKVMNKL,1,0.96,116.0,1.8806838713919307,0.9790476190476188,0.4761904761904761,0.975,0.375,1,"(10, A, L)",test
3509,GVVDILKGAAKDILGHLASKVMNKL,GVVDILKGAAKDLAGHLATKVMNKL,5.204119982655925,4.301029995663981,0.9030899869919438,GVVDILKGAAKDILGHLASKVMNKL,GVVDILKGAAKDLAGHLATKVMNKL,3,0.88,111.0,1.808260580339305,0.9286749482401656,0.4056245686680468,0.94861111112,0.5717592593333333,3,"(13, I, L)|(14, L, A)|(19, S, T)",test
3538,GVWSTILGGLKKFAKGGLDAIVNPK,GVWTTILGGLKKFAKGGLEALTNPK,5.617224314661795,4.316194318998263,1.3010299956635318,GVWSTILGGLKKFAKGGLDAIVNPK,GVWTTILGGLKKFAKGGLEALTNPK,4,0.84,118.0,1.9096531878129808,0.913352025548822,0.4584501596801367,0.93783333332,0.61145833325,4,"(4, S, T)|(19, D, E)|(21, I, L)|(22, V, T)",test
3539,GVWSTVLGGLKKFAKGGLEAIVNPK,GVWTTILGGLKKFAKGGLEALTNPK,5.273001272063738,4.316194318998263,0.9568069530654748,GVWSTVLGGLKKFAKGGLEAIVNPK,GVWTTILGGLKKFAKGGLEALTNPK,4,0.84,120.0,1.938622504234032,0.9157600523046748,0.473500326904217,0.9475,0.671875,4,"(4, S, T)|(6, V, I)|(21, I, L)|(22, V, T)",test
3542,GWASKIGQTLGKIAKVGLKELIQPK,GWASKIGQTLGKMAKVGLQEIIQPK,5.130018575668264,4.301029995663981,0.8289885800042827,GWASKIGQTLGKIAKVGLKELIQPK,GWASKIGQTLGKMAKVGLQEIIQPK,3,0.88,118.0,1.9096531878129808,0.9232365673542146,0.3603047279517867,0.95583333336,0.6319444446666667,3,"(13, I, M)|(19, K, Q)|(21, L, I)",test
3543,GWASKIGQTLGKIAKVGLKELIQPK,GWASKIGQTLGKMAKVGLQELIQPK,5.130018575668264,4.301029995663981,0.8289885800042827,GWASKIGQTLGKIAKVGLKELIQPK,GWASKIGQTLGKMAKVGLQELIQPK,2,0.92,120.0,1.938622504234032,0.9475222816399288,0.3440285204991087,0.96583333336,0.572916667,2,"(13, I, M)|(19, K, Q)",test
3552,HFKGTLVNLAKKIL,HFLGTLVNLAKKIL,4.795880017344075,4.048176964684088,0.747703052659987,HFKGTLVNLAKKIL,HFLGTLVNLAKKIL,1,0.9285714285714286,63.0,1.9874946182751707,0.953125,0.34375,0.9454365079285714,0.236111111,1,"(3, K, L)",test
3566,HFLGKLVNLAKKIL,HFLGTLVNLKKKIL,5.096910013008056,3.892790030352132,1.204119982655924,HFLGKLVNLAKKIL,HFLGTLVNLKKKIL,2,0.8571428571428571,58.0,1.858167312824053,0.8954081632653061,0.2678571428571428,0.90625,0.34375,2,"(5, K, T)|(10, A, K)",test
3567,HFLGKLVNLAKKIL,HFLGTLVNLAKKIL,5.096910013008056,4.048176964684088,1.0487330483239683,HFLGKLVNLAKKIL,HFLGTLVNLAKKIL,1,0.9285714285714286,63.0,1.9874946182751707,0.9464285714285714,0.25,0.9523809523571428,0.333333333,1,"(5, K, T)",test
3570,HFLGKLVNLAKKIL,KFLGTLVNLAKKIL,5.096910013008056,3.892790030352132,1.204119982655924,HFLGKLVNLAKKIL,KFLGTLVNLAKKIL,2,0.8571428571428571,55.0,1.7805709295533825,0.892080745341615,0.2445652173913043,0.9017857142857144,0.3125,2,"(1, H, K)|(5, K, T)",test
3571,HFLGKLVNLAKKIL,NFLGTLVNLAKKIL,5.096910013008056,4.2839966563652006,0.8129133566428557,HFLGKLVNLAKKIL,NFLGTLVNLAKKIL,2,0.8571428571428571,56.0,1.806436390643606,0.8946428571428572,0.2625,0.9136904761428573,0.395833333,2,"(1, H, N)|(5, K, T)",test
3572,HFLGTKVNLAKKIL,HFLGTLVKLAKKIL,3.892790030352132,5.096910013008056,-1.204119982655924,HFLGTKVNLAKKIL,HFLGTLVKLAKKIL,2,0.8571428571428571,57.0,1.8323018517338292,0.9070420506912444,0.3492943548387097,0.9041666666428572,0.3291666665,2,"(6, K, L)|(8, N, K)",test
3576,HFLGTLKNLAKKIL,HFLGTLVKLAKKIL,4.167491087293763,5.096910013008056,-0.9294189257142929,HFLGTLKNLAKKIL,HFLGTLVKLAKKIL,2,0.8571428571428571,57.0,1.8323018517338292,0.9009216589861752,0.3064516129032257,0.9041666666428572,0.3291666665,2,"(7, K, V)|(8, N, K)",test
3579,HFLGTLVKLAKKIL,HFLGTLVNLAKKIK,5.096910013008056,3.892790030352132,1.204119982655924,HFLGTLVKLAKKIL,HFLGTLVNLAKKIK,2,0.8571428571428571,59.0,1.8840327739142764,0.9070420506912444,0.3492943548387097,0.9041666666428572,0.3291666665,2,"(8, K, N)|(14, L, K)",test
3581,HFLGTLVKLAKKIL,HFLGTLVNKAKKIL,5.096910013008056,3.892790030352132,1.204119982655924,HFLGTLVKLAKKIL,HFLGTLVNKAKKIL,2,0.8571428571428571,57.0,1.8323018517338292,0.9070420506912444,0.3492943548387097,0.9041666666428572,0.3291666665,2,"(8, K, N)|(9, L, K)",test
3582,HFLGTLVKLAKKIL,HFLGTLVNLKKKIL,5.096910013008056,3.892790030352132,1.204119982655924,HFLGTLVKLAKKIL,HFLGTLVNLKKKIL,2,0.8571428571428571,58.0,1.858167312824053,0.9028966425279792,0.3202764976958525,0.9125992063571428,0.3881944444999999,2,"(8, K, N)|(10, A, K)",test
3583,HFLGTLVKLAKKIL,HFLGTLVNLAKKIL,5.096910013008056,4.048176964684088,1.0487330483239683,HFLGTLVKLAKKIL,HFLGTLVNLAKKIL,1,0.9285714285714286,63.0,1.9874946182751707,0.9539170506912444,0.3548387096774194,0.9587301587142856,0.422222222,1,"(8, K, N)",test
3584,HFLGTLVKLAKKIL,KFLGTLVNLAKKIL,5.096910013008056,3.892790030352132,1.204119982655924,HFLGTLVKLAKKIL,KFLGTLVNLAKKIL,2,0.8571428571428571,55.0,1.7805709295533825,0.8995692246042877,0.296984572230014,0.9081349206428572,0.3569444444999999,2,"(1, H, K)|(8, K, N)",test
3585,HFLGTLVKLAKKIL,NFLGTLVNLAKKIL,5.096910013008056,4.2839966563652006,0.8129133566428557,HFLGTLVKLAKKIL,NFLGTLVNLAKKIL,2,0.8571428571428571,56.0,1.806436390643606,0.90213133640553,0.3149193548387097,0.9200396825,0.4402777774999999,2,"(1, H, N)|(8, K, N)",test
3592,HFLGTLVNLAKKIL,HKLGTLVNLAKKIL,4.048176964684088,5.096910013008056,-1.0487330483239683,HFLGTLVNLAKKIL,HKLGTLVNLAKKIL,1,0.9285714285714286,60.0,1.9098982350045,0.9477351916376308,0.2682926829268293,0.9361111111428572,0.105555556,1,"(2, F, K)",test
3593,HFLGTLVNLAKKIL,HFLKTLVNLAKKIL,4.048176964684088,5.096910013008056,-1.0487330483239683,HFLGTLVNLAKKIL,HFLKTLVNLAKKIL,1,0.9285714285714286,61.0,1.9357636960947235,0.9470899470899472,0.2592592592592592,0.9436507936428572,0.211111111,1,"(4, G, K)",test
3601,HFLKTLVNLAKKIL,NFLGTLVNLAKKIL,5.096910013008056,4.2839966563652006,0.8129133566428557,HFLKTLVNLAKKIL,NFLGTLVNLAKKIL,2,0.8571428571428571,54.0,1.754705468463159,0.8953042328042328,0.2671296296296296,0.9049603174285714,0.334722222,2,"(1, H, N)|(4, K, G)",test
3602,HKHWLWLW,SKHWLWLW,4.905043927285233,4.062713230371688,0.8423306969135442,HKHWLWLW,SKHWLWLW,1,0.875,54.0,3.0707345698105275,0.9121621621621622,0.2972972972972973,0.9140625,0.3125,1,"(1, H, S)",test
3617,IDWKKIFEKVKDLV,INWKKIFQKVKNLV,4.323306390375134,5.096910013008056,-0.7736036226329226,IDWKKIFEKVKDLV,INWKKIFQKVKNLV,3,0.7857142857142857,61.0,1.9357636960947235,0.9124579124579124,0.5914702581369248,0.9047619047857144,0.5555555556666666,3,"(2, D, N)|(8, E, Q)|(12, D, N)",test
3618,IDWKKIFEKVKDLV,INWKKIFEKVKDLV,4.323306390375134,5.045757490560675,-0.7224511001855412,IDWKKIFEKVKDLV,INWKKIFEKVKDLV,1,0.9285714285714286,69.0,2.142687384816512,0.9707792207792209,0.5909090909090909,0.9642857142857144,0.5,1,"(2, D, N)",test
3620,IDWKKIFEKVKDLV,INWKKIFEKVKNLV,4.323306390375134,5.218963061378869,-0.895656671003735,IDWKKIFEKVKDLV,INWKKIFEKVKNLV,2,0.8571428571428571,64.0,2.0133600793653943,0.9415584415584416,0.5909090909090909,0.9285714285714286,0.5,2,"(2, D, N)|(12, D, N)",test
3628,IDWKKLLDAAKQIL,INWKKLLDAAKQIL,4.022529629663999,5.236572006437063,-1.2140423767730644,IDWKKLLDAAKQIL,INWKKLLDAAKQIL,1,0.9285714285714286,66.0,2.065091001545841,0.9707792207792209,0.5909090909090909,0.9642857142857144,0.5,1,"(2, D, N)",test
3629,IDWLKLGKMVIDAL,IDWLKLGKMVMDVL,5.301029995663981,4.46769090669752,0.8333390889664614,IDWLKLGKMVIDAL,IDWLKLGKMVMDVL,2,0.8571428571428571,65.0,2.039225540455618,0.9201680672268908,0.4411764705882353,0.9350198412857144,0.545138889,2,"(11, I, M)|(13, A, V)",test
3631,IDWLKLGKMVIDAL,INWLKLGKAIIDAL,5.301029995663981,3.613258459577339,1.6877715360866423,IDWLKLGKMVIDAL,INWLKLGKAIIDAL,3,0.7857142857142857,60.0,1.9098982350045,0.8889986824769434,0.481993851559069,0.9092261905,0.576388889,3,"(2, D, N)|(9, M, A)|(10, V, I)",test
3634,IFGAILPLALGALKNLIK,KIFGAIWPLALGALKNLIK,4.494850021680094,5.3979400086720375,-0.9030899869919438,-IFGAILPLALGALKNLIK,KIFGAIWPLALGALKNLIK,2,0.8947368421052632,79.0,1.7694098915822352,0.9060887512899896,0.1078431372549019,0.9048245614210526,0.0958333335,2,"(1, -, K)|(7, L, W)",test
3640,IFGAIWPLALGALKNLIK,KIFGAIWPLALGALKNLIK,3.892790030352132,5.3979400086720375,-1.5051499783199054,-IFGAIWPLALGALKNLIK,KIFGAIWPLALGALKNLIK,1,0.9473684210526316,92.0,2.0171737820254294,0.9473684210526316,0.0,0.9473684210526316,0.0,1,"(1, -, K)",test
3641,IFGAIWSGIKSLF,ILGAVWNGVKSLF,5.096910013008056,4.147263935133931,0.9496460778741254,IFGAIWSGIKSLF,ILGAVWNGVKSLF,4,0.6923076923076923,57.0,1.973248148021047,0.8345410628019323,0.4622584541062802,0.9048076923076922,0.690625,4,"(2, F, L)|(5, I, V)|(7, S, N)|(9, I, V)",test
3660,IIGPVLGLIGKALGGLL,ILGPILGLVSNALGGLL,3.1944991418416,5.431798275933005,-2.237299134091405,IIGPVLGLIGKALGGLL,ILGPILGLVSNALGGLL,5,0.7058823529411765,67.0,1.721964145700289,0.8298213874757846,0.4213927174176676,0.904248366,0.6744444444,5,"(2, I, L)|(5, V, I)|(9, I, V)|(10, G, S)|(11, K, N)",test
3662,IIGPVLGLIGKALGGLL,ILGPVLGLVGSALGGLI,3.1944991418416,4.190025454640336,-0.9955263127987362,IIGPVLGLIGKALGGLL,ILGPVLGLVGSALGGLI,4,0.7647058823529411,72.0,1.8284689854835623,0.8647241505297769,0.4250776397515527,0.9321895424705882,0.7118055555,4,"(2, I, L)|(9, I, V)|(11, K, S)|(17, L, I)",test
3663,IIGPVLGLIGKALGGLL,ILGPVLGLVSNALGGLL,3.1944991418416,4.205734372454036,-1.011235230612436,IIGPVLGLIGKALGGLL,ILGPVLGLVSNALGGLL,4,0.7647058823529411,68.0,1.7432651136569437,0.8579543798031503,0.3963061141633888,0.9116013071764706,0.6243055555,4,"(2, I, L)|(9, I, V)|(10, G, S)|(11, K, N)",test
3667,IIGPVLGLVGKALGGLL,ILGPILGLVSNALGGLL,3.793157814546948,5.431798275933005,-1.638640461386057,IIGPVLGLVGKALGGLL,ILGPILGLVSNALGGLL,4,0.7647058823529411,68.0,1.7432651136569437,0.8579543798031504,0.3963061141633888,0.9116013071764706,0.6243055555,4,"(2, I, L)|(5, V, I)|(10, G, S)|(11, K, N)",test
3670,IIGPVLGLVGSALGGLLKKI,ILGPVLGLVGNALGGLIKKL,5.301029995663981,4.289016702606321,1.0120132930576604,IIGPVLGLVGSALGGLLKKI,ILGPVLGLVGNALGGLIKKL,4,0.8,86.0,1.807680156345219,0.8839285714285714,0.4196428571428571,0.940625,0.703125,4,"(2, I, L)|(11, S, N)|(17, L, I)|(20, I, L)",test
3671,IIGPVLGLVGSALGGLLKKI,ILGPVLGLDGNALGGLIKKI,5.301029995663981,4.292564244600001,1.00846575106398,IIGPVLGLVGSALGGLLKKI,ILGPVLGLDGNALGGLIKKI,4,0.8,81.0,1.7171510425294365,0.8809523809523808,0.4047619047619047,0.90875,0.54375,4,"(2, I, L)|(9, V, D)|(11, S, N)|(17, L, I)",test
3672,IIGPVLGLVGSALGGLLKKI,ISGPVLGLVGNALGGLIKKI,5.301029995663981,4.283155217881179,1.0178747777828026,IIGPVLGLVGSALGGLLKKI,ISGPVLGLVGNALGGLIKKI,3,0.85,84.0,1.771468510818906,0.9119505494505494,0.4130036630036629,0.928125,0.5208333333333334,3,"(2, I, S)|(11, S, N)|(17, L, I)",test
3674,IIGPVLGMVGSALGGLLKKI,ILGPVLGLVGNALGGLIKKL,5.42021640338319,4.289016702606321,1.131199700776869,IIGPVLGMVGSALGGLLKKI,ILGPVLGLVGNALGGLIKKL,5,0.75,84.0,1.771468510818906,0.8532834101382487,0.4131336405529954,0.92604166665,0.7041666666,5,"(2, I, L)|(8, M, L)|(11, S, N)|(17, L, I)|(20, I, L)",test
3677,IIGPVLGMVGSALGGLLKKI,ISGPVLGLVGNALGGLIKKI,5.42021640338319,4.283155217881179,1.1370611855020112,IIGPVLGMVGSALGGLLKKI,ISGPVLGLVGNALGGLIKKI,4,0.8,82.0,1.7352568652925928,0.8813053881602269,0.4065269408011343,0.91354166665,0.56770833325,4,"(2, I, S)|(8, M, L)|(11, S, N)|(17, L, I)",test
3678,IIPLPLGYFAKKP,IIPLPLGYFAKKT,4.163403539967951,5.522878745280337,-1.3594752053123864,IIPLPLGYFAKKP,IIPLPLGYFAKKT,1,0.9230769230769232,63.0,2.140378819680953,0.9324009324009324,0.1212121212121212,0.9463869463846154,0.303030303,1,"(13, P, T)",test
3679,IISTIGDLVKWIIKTV,IISTIGKLVKWIIKTV,4.455931955649724,5.522878745280337,-1.066946789630613,IISTIGDLVKWIIKTV,IISTIGKLVKWIIKTV,1,0.9375,72.0,1.942748297076285,0.9604166666666668,0.3666666666666666,0.9572916666875,0.316666667,1,"(7, D, K)",test
3725,IKPAGKLFKLFK,IKWAGKLFKLFK,3.4336727529096542,5.771988228363872,-2.338315475454218,IKPAGKLFKLFK,IKWAGKLFKLFK,1,0.9166666666666666,50.0,1.9264508947859755,0.923728813559322,0.0847457627118644,0.9166666666666666,0.0,1,"(3, P, W)",test
3741,ILAWKWPWWPWRR,ILKWKWPWWPWRR,4.455931955649724,5.287426910889709,-0.8314949552399851,ILAWKWPWWPWRR,ILKWKWPWWPWRR,1,0.9230769230769232,91.0,2.9203219540938483,0.945054945054945,0.2857142857142857,0.9503205128461538,0.354166667,1,"(3, A, K)",test
3746,ILAWKWPWWPWRR,ILPWKWPWWPWRR,4.455931955649724,6.096910013008056,-1.640978057358332,ILAWKWPWWPWRR,ILPWKWPWWPWRR,1,0.9230769230769232,91.0,2.9203219540938483,0.9336870026525198,0.1379310344827586,0.9479895104615385,0.323863636,1,"(3, A, P)",test
3761,ILGKAWEGAKSLF,ILGKIWEGIKSLF,4.152186212003355,5.009398280129236,-0.8572120681258815,ILGKAWEGAKSLF,ILGKIWEGIKSLF,2,0.8461538461538461,58.0,2.0011032599643648,0.916083916083916,0.4545454545454545,0.903846153846154,0.375,2,"(5, A, I)|(9, A, I)",test
3764,ILGKIAEGIKSLF,ILGKIWEGIKSLF,4.1938200260161125,5.009398280129236,-0.8155782541131238,ILGKIAEGIKSLF,ILGKIWEGIKSLF,1,0.9230769230769232,54.0,1.8896828121910936,0.9361702127659576,0.1702127659574468,0.9304487179230768,0.095833333,1,"(6, A, W)",test
3767,ILGKILEGIKSLF,ILGKILKGIKKLF,4.795880017344075,5.698970004336019,-0.9030899869919438,ILGKILEGIKSLF,ILGKILKGIKKLF,2,0.8461538461538461,53.0,1.8618277002477768,0.9076236263736264,0.3995535714285714,0.9252136752307693,0.513888889,2,"(7, E, K)|(11, S, K)",test
3772,ILGKIWEGIESLF,ILGKIWEGIKSLF,4.1774693161585805,5.009398280129236,-0.8319289639706557,ILGKIWEGIESLF,ILGKIWEGIKSLF,1,0.9230769230769232,64.0,2.168233931624271,0.9543269230769232,0.40625,0.9658119658461538,0.555555556,1,"(10, E, K)",test
3775,ILGKIWEGIKSLF,ILGKVWEGVKSLF,5.009398280129236,4.169019354450423,0.840378925678813,ILGKIWEGIKSLF,ILGKVWEGVKSLF,2,0.8461538461538461,66.0,2.2239441555109063,0.9264214046822742,0.5217391304347826,0.9807692307692308,0.875,2,"(5, I, V)|(9, I, V)",test
3786,ILGKLLKTAAGLLSNL,ILGKLLKTAAKLLSNL,4.017728766960431,4.795880017344075,-0.7781512503836439,ILGKLLKTAAGLLSNL,ILGKLLKTAAKLLSNL,1,0.9375,65.0,1.7843223478986658,0.9537037037037036,0.2592592592592592,0.9506944444375,0.211111111,1,"(11, G, K)",test
3789,ILGKLLKTAAKLLSNL,ILGKLLSTAAGLLSNL,4.795880017344075,3.732046463137605,1.06383355420647,ILGKLLKTAAKLLSNL,ILGKLLSTAAGLLSNL,2,0.875,60.0,1.6711609556289375,0.9157572751322752,0.326058201058201,0.9177083333125,0.3416666665,2,"(7, K, S)|(11, K, G)",test
3793,ILGKLLSTAAGLLKNL,ILGKLLSTAAGLLSKL,4.494850021680094,3.7166987712964494,0.7781512503836443,ILGKLLSTAAGLLKNL,ILGKLLSTAAGLLSKL,2,0.875,62.0,1.7164255125368286,0.92173099078341,0.3738479262672811,0.93090277775,0.447222222,2,"(14, K, S)|(15, N, K)",test
3794,ILGKLLSTAAGLLKNL,ILGKLLSTAAGLLSNL,4.494850021680094,3.732046463137605,0.7628035585424886,ILGKLLSTAAGLLKNL,ILGKLLSTAAGLLSNL,1,0.9375,68.0,1.8522191832605024,0.9620535714285714,0.3928571428571428,0.967013888875,0.472222222,1,"(14, K, S)",test
3795,ILGKLLSTAAGLLSKL,ILGKLLSTAAKLLSKL,3.7166987712964494,4.619788758288394,-0.9030899869919442,ILGKLLSTAAGLLSKL,ILGKLLSTAAKLLSKL,1,0.9375,63.0,1.7390577909907745,0.9537037037037036,0.2592592592592592,0.9506944444375,0.211111111,1,"(11, G, K)",test
3796,ILGKLLSTAAGLLSKL,ILGKLLSTAAKLLSNL,3.7166987712964494,4.494850021680094,-0.7781512503836443,ILGKLLSTAAGLLSKL,ILGKLLSTAAKLLSNL,2,0.875,58.0,1.6258963987210464,0.9133811230585424,0.3070489844683393,0.9145833333125,0.3166666664999999,2,"(11, G, K)|(15, K, N)",test
3797,ILGKLLSTAAGLLSNL,ILGKLLSTAAKLLSNL,3.732046463137605,4.494850021680094,-0.7628035585424886,ILGKLLSTAAGLLSNL,ILGKLLSTAAKLLSNL,1,0.9375,64.0,1.7616900694447202,0.9537037037037036,0.2592592592592592,0.9506944444375,0.211111111,1,"(11, G, K)",test
3798,ILGKLLSTAAGLLSNL,ILGKLLSTAAKLLSKL,3.732046463137605,4.619788758288394,-0.8877422951507885,ILGKLLSTAAGLLSNL,ILGKLLSTAAKLLSKL,2,0.875,58.0,1.6258963987210464,0.9133811230585424,0.3070489844683393,0.9145833333125,0.3166666664999999,2,"(11, G, K)|(15, N, K)",test
3803,ILGLVISTIGNVLGGLLKNL,ILGPVISTIGGVLGGLLKNL,4.30264681388914,5.332068654190239,-1.029421840301099,ILGLVISTIGNVLGGLLKNL,ILGPVISTIGGVLGGLLKNL,2,0.9,81.0,1.7171510425294365,0.9191919191919192,0.1919191919191919,0.92539772725,0.2539772725,2,"(4, L, P)|(11, N, G)",test
3804,ILGPILGLVSNALGGLL,ILGPVLGLVGSALGGLI,5.431798275933005,4.190025454640336,1.2417728212926686,ILGPILGLVSNALGGLL,ILGPVLGLVGSALGGLI,4,0.7647058823529411,69.0,1.7645660816135982,0.8664932792338903,0.432596436744034,0.9198529411764704,0.659375,4,"(5, I, V)|(10, S, G)|(11, N, S)|(17, L, I)",test
3805,ILGPILGLVSNALGGLL,ILGPVLGLVSNALGGLL,5.431798275933005,4.205734372454036,1.2260639034789689,ILGPILGLVSNALGGLL,ILGPVLGLVSNALGGLL,1,0.9411764705882352,80.0,1.9988767291368,0.9718670076726342,0.5217391304347826,0.9926470588235294,0.875,1,"(5, I, V)",test
3807,ILGPVIKTIGGVIGGLLKNL,ILGPVISTIGGVLGGLLKNL,4.295668438177277,5.332068654190239,-1.0364002160129626,ILGPVIKTIGGVIGGLLKNL,ILGPVISTIGGVLGGLLKNL,2,0.9,91.0,1.8982092701610012,0.9392857142857144,0.3928571428571428,0.9611111111,0.611111111,2,"(7, K, S)|(13, I, L)",test
3808,ILGPVIKTIGGVIGGLLKNL,ILGPVISKIGGVLGGLLKNL,4.295668438177277,5.213344533702828,-0.9176760955255512,ILGPVIKTIGGVIGGLLKNL,ILGPVISKIGGVLGGLLKNL,3,0.85,85.0,1.7895743335820626,0.9017857142857142,0.3452380952380952,0.92777777775,0.5185185183333333,3,"(7, K, S)|(8, T, K)|(13, I, L)",test
3809,ILGPVISKIGGVLGGLLKNL,ILGPVISTIGNALGGLLKNL,5.213344533702828,4.293000845681464,0.9203436880213642,ILGPVISKIGGVLGGLLKNL,ILGPVISTIGNALGGLLKNL,3,0.85,81.0,1.7171510425294365,0.905548128342246,0.3703208556149732,0.9116666666499998,0.411111111,3,"(8, K, T)|(11, G, N)|(12, V, A)",test
3810,ILGPVISKIGGVLGGLLKNL,ILGPVISTIGNVLGGLLKNL,5.213344533702828,4.29916225383816,0.9141822798646676,ILGPVISKIGGVLGGLLKNL,ILGPVISTIGNVLGGLLKNL,2,0.9,85.0,1.7895743335820626,0.9261363636363636,0.2613636363636363,0.93666666665,0.3666666665,2,"(8, K, T)|(11, G, N)",test
3811,ILGPVISTIGGVLGGLLKNL,ILGPVISTIGNVLGGLLKNL,5.332068654190239,4.29916225383816,1.0329064003520791,ILGPVISTIGGVLGGLLKNL,ILGPVISTIGNVLGGLLKNL,1,0.95,91.0,1.8982092701610012,0.9636363636363636,0.2727272727272727,0.97,0.4,1,"(11, G, N)",test
3812,ILGPVISTIGGVLGGLLKNL,ILGPVISTIGNALGGLLKNL,5.332068654190239,4.293000845681464,1.0390678085087757,ILGPVISTIGGVLGGLLKNL,ILGPVISTIGNALGGLLKNL,2,0.9,87.0,1.8257859791083757,0.943048128342246,0.4304812834224599,0.945,0.45,2,"(11, G, N)|(12, V, A)",test
3819,ILGPVLGLVGNALGGLIKKI,ISGPVLGLVGNALGGLIKKI,4.987886151611552,4.283155217881179,0.7047309337303735,ILGPVLGLVGNALGGLIKKI,ISGPVLGLVGNALGGLIKKI,1,0.95,91.0,1.8982092701610012,0.9739130434782608,0.4782608695652174,0.9625,0.25,1,"(2, L, S)",test
3821,ILGPVLGLVGNALGGLIKKL,ILGPVLSMVGSALGGLIKKI,4.289016702606321,4.992556679690841,-0.7035399770845201,ILGPVLGLVGNALGGLIKKL,ILGPVLSMVGSALGGLIKKI,4,0.8,82.0,1.7352568652925928,0.879787169536745,0.3989358476837254,0.92354166665,0.61770833325,4,"(7, G, S)|(8, L, M)|(11, N, S)|(20, L, I)",test
3822,ILGPVLGLVGNALGGLIKKL,LIGPVLGLVGSALGGLLKKI,4.289016702606321,5.318758762624412,-1.0297420600180915,ILGPVLGLVGNALGGLIKKL,LIGPVLGLVGSALGGLLKKI,5,0.75,84.0,1.771468510818906,0.8535714285714284,0.4142857142857142,0.928125,0.7125,5,"(1, I, L)|(2, L, I)|(11, N, S)|(17, I, L)|(20, L, I)",test
3826,ILGTILGLLKGL,ILGTILGPLKGL,4.355476408512269,3.5917600346881504,0.7637163738241184,ILGTILGLLKGL,ILGTILGPLKGL,1,0.9166666666666666,49.0,1.896274523514048,0.925925925925926,0.1111111111111111,0.92566287875,0.107954545,1,"(8, L, P)",test
3827,ILGTILGLLKGL,ILGTILPLLKGL,4.355476408512269,3.5917600346881504,0.7637163738241184,ILGTILGLLKGL,ILGTILPLLKGL,1,0.9166666666666666,48.0,1.8660981522421205,0.9290123456790124,0.1481481481481481,0.9325757575833332,0.190909091,1,"(7, G, P)",test
3828,ILGTILGLLKGL,ILGTIPGLLKGL,4.355476408512269,3.5917600346881504,0.7637163738241184,ILGTILGLLKGL,ILGTIPGLLKGL,1,0.9166666666666666,49.0,1.896274523514048,0.925925925925926,0.1111111111111111,0.92566287875,0.107954545,1,"(6, L, P)",test
3842,ILKWKWPWWPWRR,ILPWKWPWWPWRR,5.287426910889709,6.096910013008056,-0.8094831021183468,ILKWKWPWWPWRR,ILPWKWPWWPWRR,1,0.9230769230769232,91.0,2.9203219540938483,0.9305816135084428,0.0975609756097561,0.9463869463846154,0.303030303,1,"(3, K, P)",test
3866,ILPLKWPWWPWRR,ILPWKWPWWPWRR,4.865510705610511,6.096910013008056,-1.231399307397545,ILPLKWPWWPWRR,ILPWKWPWWPWRR,1,0.9230769230769232,86.0,2.78104639437726,0.9396681749622926,0.2156862745098039,0.937820512846154,0.191666667,1,"(4, L, W)",test
3872,ILPWKLPWWPWRR,ILPWKWPWWPWRR,4.865510705610511,6.096910013008056,-1.231399307397545,ILPWKLPWWPWRR,ILPWKWPWWPWRR,1,0.9230769230769232,86.0,2.78104639437726,0.9396681749622926,0.2156862745098039,0.937820512846154,0.191666667,1,"(6, L, W)",test
3877,ILPWKWAWWAWRR,ILPWKWRWWKWRR,4.823908740944319,5.853871964321762,-1.0299632233774432,ILPWKWAWWAWRR,ILPWKWRWWKWRR,2,0.8461538461538461,83.0,2.6974810585473064,0.8857142857142857,0.2571428571428571,0.9006410256923078,0.354166667,2,"(7, A, R)|(10, A, K)",test
3881,ILPWKWAWWPWRR,ILPWKWPWWPWRR,5.0,6.096910013008056,-1.0969100130080562,ILPWKWAWWPWRR,ILPWKWPWWPWRR,1,0.9230769230769232,91.0,2.9203219540938483,0.9336870026525198,0.1379310344827586,0.9479895104615385,0.323863636,1,"(7, A, P)",test
3884,ILPWKWKFFPWRR,ILPWKWPFFPWRR,4.0,5.698970004336019,-1.6989700043360187,ILPWKWKFFPWRR,ILPWKWPFFPWRR,1,0.9230769230769232,81.0,2.6417708346606714,0.9305816135084428,0.0975609756097561,0.9463869463846154,0.303030303,1,"(7, K, P)",test
3885,ILPWKWKFFPWRR,ILPWKWKWWPWRR,4.0,5.511513458000627,-1.5115134580006266,ILPWKWKFFPWRR,ILPWKWKWWPWRR,2,0.8461538461538461,77.0,2.530350386887401,0.8984034833091438,0.3396226415094339,0.9102564103076924,0.416666667,2,"(8, F, W)|(9, F, W)",test
3903,ILPWKWPFFPWRR,ILPWKWPLLPWRR,5.698970004336019,4.847859963397729,0.8511100409382895,ILPWKWPFFPWRR,ILPWKWPLLPWRR,2,0.8461538461538461,77.0,2.530350386887401,0.8931623931623931,0.3055555555555556,0.9153846153846156,0.45,2,"(8, F, L)|(9, F, L)",test
3910,ILPWKWPFFPWRR,ILPWKWPYLPWRR,5.698970004336019,4.860021677090655,0.8389483272453635,ILPWKWPFFPWRR,ILPWKWPYLPWRR,2,0.8461538461538461,80.0,2.613915722717353,0.9133171633171632,0.4365615615615615,0.932167832153846,0.559090909,2,"(8, F, Y)|(9, F, L)",test
3915,ILPWKWPKKPWRR,ILPWKWPKLPWRR,5.554172645718171,4.851546820166499,0.7026258255516717,ILPWKWPKKPWRR,ILPWKWPKLPWRR,1,0.9230769230769232,80.0,2.613915722717353,0.9495192307692308,0.34375,0.9412393162307692,0.236111111,1,"(9, K, L)",test
3930,ILPWKWPLWPWRR,ILPWKWPWWPWRR,5.166540701274491,6.096910013008056,-0.930369311733565,ILPWKWPLWPWRR,ILPWKWPWWPWRR,1,0.9230769230769232,86.0,2.78104639437726,0.9396681749622926,0.2156862745098039,0.937820512846154,0.191666667,1,"(8, L, W)",test
3937,ILPWKWPWAPARR,ILPWKWPWWPARR,3.923504439486599,5.554401274621873,-1.6308968351352742,ILPWKWPWAPARR,ILPWKWPWWPARR,1,0.9230769230769232,78.0,2.5582054988307186,0.9361702127659574,0.1702127659574468,0.9304487179230768,0.095833333,1,"(9, A, W)",test
3946,ILPWKWPWLPLRR,ILPWKWPWLPWRR,4.245799972069767,5.166540701274491,-0.9207407292047244,ILPWKWPWLPLRR,ILPWKWPWLPWRR,1,0.9230769230769232,79.0,2.586060610774036,0.9396681749622926,0.2156862745098039,0.937820512846154,0.191666667,1,"(11, L, W)",test
3959,ILPWKWPWLPWRR,ILPWKWPWWPWRR,5.166540701274491,6.096910013008056,-0.930369311733565,ILPWKWPWLPWRR,ILPWKWPWWPWRR,1,0.9230769230769232,86.0,2.78104639437726,0.9396681749622926,0.2156862745098039,0.937820512846154,0.191666667,1,"(9, L, W)",test
3966,ILPWKWPWWAWRR,ILPWKWPWWPWRR,4.823908740944319,6.096910013008056,-1.2730012720637376,ILPWKWPWWAWRR,ILPWKWPWWPWRR,1,0.9230769230769232,91.0,2.9203219540938483,0.9336870026525198,0.1379310344827586,0.9479895104615385,0.323863636,1,"(10, A, P)",test
3969,ILPWKWPWWKWRR,ILPWKWRWWKWRR,4.986396915225728,5.853871964321762,-0.8674750490960337,ILPWKWPWWKWRR,ILPWKWRWWKWRR,1,0.9230769230769232,88.0,2.8367566182638955,0.9294871794871794,0.0833333333333333,0.9386169386153846,0.202020202,1,"(7, P, R)",test
3970,ILPWKWPWWKWRR,ILPWKWPWWPWRR,4.986396915225728,6.096910013008056,-1.110513097782328,ILPWKWPWWKWRR,ILPWKWPWWPWRR,1,0.9230769230769232,91.0,2.9203219540938483,0.9305816135084428,0.0975609756097561,0.9463869463846154,0.303030303,1,"(10, K, P)",test
3975,ILPWKWPWWPLRR,ILPWKWPWWPWRR,4.865510705610511,6.096910013008056,-1.231399307397545,ILPWKWPWWPLRR,ILPWKWPWWPWRR,1,0.9230769230769232,86.0,2.78104639437726,0.9396681749622926,0.2156862745098039,0.937820512846154,0.191666667,1,"(11, L, W)",test
3977,ILPWKWPWWPWRR,LLPWKWPWWKWRR,6.096910013008056,4.792576889209616,1.3043331237984406,ILPWKWPWWPWRR,LLPWKWPWWKWRR,2,0.8461538461538461,89.0,2.864611730207213,0.8838783168051461,0.2452090592334494,0.927156177153846,0.5265151515,2,"(1, I, L)|(10, P, K)",test
3978,ILPWKWRWWKWRR,LLPWKWPWWKWRR,5.853871964321762,4.792576889209616,1.0612950751121462,ILPWKWRWWKWRR,LLPWKWPWWKWRR,2,0.8461538461538461,86.0,2.78104639437726,0.8827838827838826,0.238095238095238,0.9193861693846154,0.476010101,2,"(1, I, L)|(7, R, P)",test
3983,INLKAIAAFAKKLL,INLKAIAPLAKKLL,5.277009554326552,4.176775777821126,1.1002337765054264,INLKAIAAFAKKLL,INLKAIAPLAKKLL,2,0.8571428571428571,52.0,1.7029745462827115,0.8888204707170225,0.221743295019157,0.9124188311428572,0.386931818,2,"(8, A, P)|(9, F, L)",test
3985,INLKAIAAFAKKLL,INLKAIAALVKKLL,5.277009554326552,4.177007513695299,1.100002040631253,INLKAIAAFAKKLL,INLKAIAALVKKLL,2,0.8571428571428571,53.0,1.7288400073729355,0.920985060690943,0.4468954248366013,0.925,0.475,2,"(9, F, L)|(10, A, V)",test
3988,INLKAIAALAKKLF,INLKAIAALAKKLL,5.410307463941593,4.689460203267679,0.7208472606739145,INLKAIAALAKKLF,INLKAIAALAKKLL,1,0.9285714285714286,57.0,1.8323018517338292,0.9503968253968254,0.3055555555555556,0.9607142857142856,0.45,1,"(14, F, L)",test
3989,INLKAIAALAKKLF,INLKAIAALVKKLL,5.410307463941593,4.177007513695299,1.2332999502462938,INLKAIAALAKKLF,INLKAIAALVKKLL,2,0.8571428571428571,53.0,1.7288400073729355,0.920985060690943,0.4468954248366013,0.925,0.475,2,"(10, A, V)|(14, F, L)",test
3990,INLKAIAALAKKLF,INLKAIAPLAKKLL,5.410307463941593,4.176775777821126,1.2335316861204673,INLKAIAALAKKLF,INLKAIAPLAKKLL,2,0.8571428571428571,52.0,1.7029745462827115,0.8888204707170224,0.221743295019157,0.9124188311428572,0.386931818,2,"(8, A, P)|(14, F, L)",test
3994,INLKAIAALAKKLL,INLKAIAALAKKLLG,4.689460203267679,5.408506595677367,-0.7190463924096884,INLKAIAALAKKLL-,INLKAIAALAKKLLG,1,0.9333333333333332,61.0,1.806712783021742,0.9333333333333332,0.0,0.9333333333333332,0.0,1,"(15, -, G)",test
3997,INLKAIAALAKKLL,INLKAIAAMAKKLL,4.689460203267679,5.698370380006828,-1.0089101767391495,INLKAIAALAKKLL,INLKAIAAMAKKLL,1,0.9285714285714286,59.0,1.8840327739142764,0.956221198156682,0.3870967741935484,0.9791666666428572,0.708333333,1,"(9, L, M)",test
3999,INLKAIAALAKKLLG,INLKAIAALVKKLL,5.408506595677367,4.177007513695299,1.2314990819820677,INLKAIAALAKKLLG,INLKAIAALVKKLL-,2,0.8666666666666667,57.0,1.710148394951574,0.9058823529411764,0.2941176470588235,0.9,0.25,2,"(10, A, V)|(15, G, -)",test
4001,INLKAIAALVKKLL,INLKAIAAMAKKLL,4.177007513695299,5.698370380006828,-1.521362866311529,INLKAIAALVKKLL,INLKAIAAMAKKLL,2,0.8571428571428571,55.0,1.7805709295533825,0.9268094334507996,0.4876660341555977,0.9434523809285714,0.6041666665000001,2,"(9, L, M)|(10, V, A)",test
4004,INLKAIAAMAKKLL,INLKAIAPLAKKLL,5.698370380006828,4.176775777821126,1.5215946021857023,INLKAIAAMAKKLL,INLKAIAPLAKKLL,2,0.8571428571428571,54.0,1.754705468463159,0.894644843476879,0.2625139043381534,0.9308712120714286,0.5160984845000001,2,"(8, A, P)|(9, M, L)",test
4007,INLKAIAAMAKKLL,NLKAIAALAKKLL,5.698370380006828,4.938431919851831,0.7599384601549977,INLKAIAAMAKKLL,-NLKAIAALAKKLL,2,0.8571428571428571,55.0,1.7805709295533825,0.8847926267281105,0.1935483870967742,0.9077380952142856,0.3541666665,2,"(1, I, -)|(9, M, L)",test
4020,INWKKIASIGKEVLKA,INWKKIASIGKEVLKAL,4.1249387366083,4.925671256746787,-0.800732520138487,INWKKIASIGKEVLKA-,INWKKIASIGKEVLKAL,1,0.9411764705882352,80.0,1.9988767291368,0.9411764705882352,0.0,0.9411764705882352,0.0,1,"(17, -, L)",test
4021,INWKKIASIGKEVLKA,INWKKIASIGKEVLKAI,4.1249387366083,5.259637310505756,-1.134698573897456,INWKKIASIGKEVLKA-,INWKKIASIGKEVLKAI,1,0.9411764705882352,80.0,1.9988767291368,0.9411764705882352,0.0,0.9411764705882352,0.0,1,"(17, -, I)",test
4037,INWKKIFEKVKNLV,INWSSIFEKVKNLV,5.218963061378869,4.455931955649724,0.7630311057291443,INWKKIFEKVKNLV,INWSSIFEKVKNLV,2,0.8571428571428571,64.0,2.0133600793653943,0.9132653061224488,0.3928571428571428,0.9246031745714286,0.472222222,2,"(4, K, S)|(5, K, S)",test
4043,INWKKIFESVKNLV,INWSSIFESVKNLV,5.0,4.0,1.0,INWKKIFESVKNLV,INWSSIFESVKNLV,2,0.8571428571428571,63.0,1.9874946182751707,0.9132653061224488,0.3928571428571428,0.9246031745714286,0.472222222,2,"(4, K, S)|(5, K, S)",test
4052,INWKSIFEKVKNLV,INWSSIFESVKNLV,4.823908740944319,4.0,0.8239087409443187,INWKSIFEKVKNLV,INWSSIFESVKNLV,2,0.8571428571428571,63.0,1.9874946182751707,0.9132653061224488,0.3928571428571428,0.9246031745714286,0.472222222,2,"(4, K, S)|(9, K, S)",test
4057,INWLKLGKAIIDAL,INWLKLGKMVIDAL,3.613258459577339,5.391533077921322,-1.7782746183439828,INWLKLGKAIIDAL,INWLKLGKMVIDAL,2,0.8571428571428571,65.0,2.039225540455618,0.9182194616977226,0.427536231884058,0.9449404762142856,0.6145833334999999,2,"(9, A, M)|(10, I, V)",test
4060,INWLKLGKKIISAL,INWLKLGKMVIDAL,4.0,5.391533077921322,-1.3915330779213215,INWLKLGKKIISAL,INWLKLGKMVIDAL,3,0.7857142857142857,59.0,1.8840327739142764,0.8869269446909199,0.4723257418909592,0.9041666666428572,0.5527777776666667,3,"(9, K, M)|(10, I, V)|(12, S, D)",test
4073,INWSKIFEKVKNLV,INWSSIFESVKNLV,4.903089986991944,4.0,0.9030899869919438,INWSKIFEKVKNLV,INWSSIFESVKNLV,2,0.8571428571428571,63.0,1.9874946182751707,0.9132653061224488,0.3928571428571428,0.9246031745714286,0.472222222,2,"(5, K, S)|(9, K, S)",test
4077,IRIKIRIK,IRIRIRIR,3.890391749583745,5.147473574460293,-1.2570818248765483,IRIKIRIK,IRIRIRIR,2,0.75,30.0,1.9843852040211385,0.8525641025641026,0.4102564102564102,0.91666666675,0.666666667,2,"(4, K, R)|(8, K, R)",test
4079,IRIKIRIKIRIK,IRVKIRVKIRVK,4.093431463682741,5.110202548678481,-1.0167710849957396,IRIKIRIKIRIK,IRVKIRVKIRVK,3,0.75,51.0,1.9566272660579027,0.8804347826086958,0.5217391304347826,0.96875,0.875,3,"(3, I, V)|(7, I, V)|(11, I, V)",test
4080,IRIKIRIKIRIK,VRVKVRVKVRVK,4.093431463682741,4.9729724286864325,-0.8795409650036916,IRIKIRIKIRIK,VRVKVRVKVRVK,6,0.5,48.0,1.8660981522421205,0.7608695652173912,0.5217391304347826,0.9375,0.875,6,"(1, I, V)|(3, I, V)|(5, I, V)|(7, I, V)|(9, I, V)|(11, I, V)",test
4087,ISGPVLGLVGNALGGLIKKI,LIGPVLGLVGSALGGLLKKI,4.283155217881179,5.318758762624412,-1.0356035447432337,ISGPVLGLVGNALGGLIKKI,LIGPVLGLVGSALGGLLKKI,4,0.8,82.0,1.7352568652925928,0.8815934065934066,0.4079670329670329,0.915625,0.578125,4,"(1, I, L)|(2, S, I)|(11, N, S)|(17, I, L)",test
4099,KGRGKQGGKVRAKAKTRSS,KRGKQGGKVRAKAKTRSS,4.37417368959435,5.385441438288307,-1.0112677486939567,KGRGKQGGKVRAKAKTRSS,-KRGKQGGKVRAKAKTRSS,1,0.8947368421052632,83.0,1.8456449347955253,0.9083820662768032,0.1296296296296296,0.9058479532105264,0.1055555555,2,"(1, K, -)|(2, G, K)",test
4101,KGRGKQGGKVRAKAKTRSS,SGRGKQGGKVRAKAKTRSS,4.37417368959435,5.388992908154021,-1.014819218559671,KGRGKQGGKVRAKAKTRSS,SGRGKQGGKVRAKAKTRSS,1,0.9473684210526316,89.0,1.9599974996154612,0.9680451127819548,0.3928571428571428,0.9722222222105262,0.472222222,1,"(1, K, S)",test
4106,KIAGKIAKIAGKIAKIA,KIAGKIAKKAGKIAKIA,4.72380365060794,3.82454570255332,0.8992579480546201,KIAGKIAKIAGKIAKIA,KIAGKIAKKAGKIAKIA,1,0.9411764705882352,70.0,1.7858670495702529,0.9563025210084032,0.2571428571428571,0.9481209150588236,0.118055556,1,"(9, I, K)",test
4108,KIAGKIAKIAGKIAKIAGK,KIAGKIAKIAGKIAKIAGKIA,4.768864738087722,5.536477636081037,-0.767612897993315,KIAGKIAKIAGKIAKIAGK--,KIAGKIAKIAGKIAKIAGKIA,2,0.9047619047619048,88.0,1.75608743035384,0.9047619047619048,0.0,0.9047619047619048,0.0,2,"(20, -, I)|(21, -, A)",test
4153,KKIRPRPPRLPRPRPRPLPYPRP,RRIRPRPPRLPRPRPRPLPFPRPG,5.0,6.346787486224656,-1.346787486224656,KKIRPRPPRLPRPRPRPLPYPRP-,RRIRPRPPRLPRPRPRPLPFPRPG,4,0.8333333333333334,124.0,2.0797511844543046,0.8911700161700162,0.3470200970200969,0.916729798,0.500378788,4,"(1, K, R)|(2, K, R)|(20, Y, F)|(24, -, G)",test
4154,KKKIIIIIKKK,KKKVVVVVKKK,5.096910013008056,4.1938200260161125,0.9030899869919438,KKKIIIIIKKK,KKKVVVVVKKK,5,0.5454545454545454,45.0,1.936984405556005,0.7826086956521738,0.5217391304347826,0.9431818181818182,0.875,5,"(4, I, V)|(5, I, V)|(6, I, V)|(7, I, V)|(8, I, V)",test
4163,KKLAKALKLLALLWLKLAKALKKA,KKLAKALKLPALLWLKLAKALKKA,4.8843894883257,5.913640169325252,-1.0292506809995512,KKLAKALKLLALLWLKLAKALKKA,KKLAKALKLPALLWLKLAKALKKA,1,0.9583333333333334,104.0,1.77798747173503,0.9629629629629628,0.1111111111111111,0.962831439375,0.107954545,1,"(10, L, P)",test
4165,KKLAKALKLLALLWLKLAKALKKA,KKLAKAPKLLALLWLKLAKALKKA,4.8843894883257,5.674689628288939,-0.7903001399632386,KKLAKALKLLALLWLKLAKALKKA,KKLAKAPKLLALLWLKLAKALKKA,1,0.9583333333333334,104.0,1.77798747173503,0.9629629629629628,0.1111111111111111,0.962831439375,0.107954545,1,"(7, L, P)",test
4166,KKLAKALKLLALLWLKLAKALKKA,KKLAKALKLLAPLWLKLAKALKKA,4.8843894883257,5.886056647693163,-1.0016671593674626,KKLAKALKLLALLWLKLAKALKKA,KKLAKALKLLAPLWLKLAKALKKA,1,0.9583333333333334,104.0,1.77798747173503,0.9629629629629628,0.1111111111111111,0.962831439375,0.107954545,1,"(12, L, P)",test
4179,KKLFKKALKFL,KKLFKKGLKFL,4.930622774114576,4.033342840496154,0.8972799336184218,KKLFKKALKFL,KKLFKKGLKFL,1,0.9090909090909092,49.0,2.06866311656078,0.9358288770053474,0.2941176470588235,0.95,0.45,1,"(7, A, G)",test
4180,KKLFKKGLKFL,KKLFKKILKFL,4.033342840496154,5.244850481049522,-1.2115076405533678,KKLFKKGLKFL,KKLFKKILKFL,1,0.9090909090909092,45.0,1.936984405556005,0.9318181818181818,0.25,0.9090909090909092,0.0,1,"(7, G, I)",test
4196,KKLLKWLLKLL,LKLLKWLLKLL,5.345501312761611,4.441175021730163,0.904326291031448,KKLLKWLLKLL,LKLLKWLLKLL,1,0.9090909090909092,50.0,2.101582794311973,0.9403409090909092,0.34375,0.9305555555454544,0.236111111,1,"(1, K, L)",test
4203,KKVLFKLKFK,KKVVFKVKFK,5.612604085700824,4.7154078700724895,0.8971962156283348,KKVLFKLKFK,KKVVFKVKFK,2,0.8,43.0,2.0582595550589797,0.8833333333333332,0.4166666666666667,0.925,0.625,2,"(4, L, V)|(7, L, V)",test
4207,KKVVFKFKFK,KKVVFKVKFK,5.61934093690843,4.7154078700724895,0.9039330668359408,KKVVFKFKFK,KKVVFKVKFK,1,0.9,44.0,2.0944712005852923,0.9228571428571428,0.2285714285714285,0.93375,0.3375,1,"(7, F, V)",test
4210,KKVVFKVKFK,KKVVVKVKFK,4.7154078700724895,5.585957432701801,-0.8705495626293116,KKVVFKVKFK,KKVVVKVKFK,1,0.9,42.0,2.0220479095326667,0.9228571428571428,0.2285714285714285,0.93375,0.3375,1,"(5, F, V)",test
4212,KKVVPKVKFK,KKVVVKVKFK,4.079383435438587,5.585957432701801,-1.5065739972632135,KKVVPKVKFK,KKVVVKVKFK,1,0.9,41.0,1.9858362640063536,0.9125,0.125,0.9215909091,0.215909091,1,"(5, P, V)",test
4216,KLALKLALKALKAALKLA,KLALKLALKAWKAALKLA,4.83929809372674,5.585026652029182,-0.7457285583024422,KLALKLALKALKAALKLA,KLALKLALKAWKAALKLA,1,0.9444444444444444,71.0,1.7067697943309683,0.9564270152505446,0.2156862745098039,0.9550925926111112,0.191666667,1,"(11, L, W)",test
4228,KLLKFIKKLL,KLLKRIKKLL,3.492643874951392,4.5296377955196,-1.0369939205682075,KLLKFIKKLL,KLLKRIKKLL,1,0.9,37.0,1.8409896819011016,0.9229166666666668,0.2291666666666666,0.9105555556,0.105555556,1,"(5, F, R)",test
4229,KLLKFIKKLL,KLLKVIKKLL,3.492643874951392,5.299443192132834,-1.8067993171814425,KLLKFIKKLL,KLLKVIKKLL,1,0.9,39.0,1.9134129729537277,0.9228571428571428,0.2285714285714285,0.93375,0.3375,1,"(5, F, V)",test
4232,KLLKRIKKLL,KLLKVIKKLL,4.5296377955196,5.299443192132834,-0.7698053966132345,KLLKRIKKLL,KLLKVIKKLL,1,0.9,37.0,1.8409896819011016,0.9210526315789472,0.2105263157894736,0.9118055556,0.118055556,1,"(5, R, V)",test
4235,KLLKVIKKLL,RLLKFIKKLL,5.299443192132834,3.5023177473120093,1.797125444820825,KLLKVIKKLL,RLLKFIKKLL,2,0.8,36.0,1.8047780363747887,0.8638827838827838,0.3194139194139193,0.9004166667,0.5020833335,2,"(1, K, R)|(5, V, F)",test
4243,KLLLKLLLKLLK,KLLLKWLLKLLK,4.9344274741900325,4.0,0.9344274741900324,KLLLKLLLKLLK,KLLLKWLLKLLK,1,0.9166666666666666,46.0,1.8057454096982652,0.9346405228758168,0.2156862745098039,0.9326388889166668,0.191666667,1,"(6, L, W)",test
4244,KLLLKWKLKLLK,KLLLKWLLKLLK,5.070581074285707,4.0,1.0705810742857071,KLLLKWKLKLLK,KLLLKWLLKLLK,1,0.9166666666666666,53.0,2.016980008601758,0.9453125,0.34375,0.9363425925833332,0.236111111,1,"(7, K, L)",test
4252,KLWKKWKKWKK,KLWKKWKKWLK,4.0,4.838631997765026,-0.8386319977650256,KLWKKWKKWKK,KLWKKWKKWLK,1,0.9090909090909092,65.0,2.595377960579877,0.9403409090909092,0.34375,0.9305555555454544,0.236111111,1,"(10, K, L)",test
4255,KMWSKILGHLIR,MWSKILGHLIR,5.200659450546418,4.301029995663981,0.8996294548824366,KMWSKILGHLIR,-MWSKILGHLIR,1,0.9166666666666666,60.0,2.22821460750525,0.9166666666666666,0.0,0.9166666666666666,0.0,1,"(1, K, -)",test
4256,KNIRRIIRKIIHIIKKYG,KNLRRIIRKIIHIIKKYG,4.301029995663981,5.017728766960431,-0.7166987712964499,KNIRRIIRKIIHIIKKYG,KNLRRIIRKIIHIIKKYG,1,0.9444444444444444,88.0,2.048768668746147,0.9662698412698412,0.3928571428571428,0.9861111111111112,0.75,1,"(3, I, L)",test
4258,KNLRRIIRKGIHIIKKYG,KNLRRIIRKIIHIIKKYG,4.0,5.017728766960431,-1.0177287669604311,KNLRRIIRKGIHIIKKYG,KNLRRIIRKIIHIIKKYG,1,0.9444444444444444,82.0,1.9280631836584363,0.9583333333333334,0.25,0.9444444444444444,0.0,1,"(10, G, I)",test
4259,KNLRRIIRKIIHIIKKYG,KNLRRITRKIIHIIKKYG,5.017728766960431,4.1505805862031,0.8671481807573311,KNLRRIIRKIIHIIKKYG,KNLRRITRKIIHIIKKYG,1,0.9444444444444444,85.0,1.988415926202292,0.9722222222222222,0.5,0.964120370388889,0.354166667,1,"(7, I, T)",test
4270,KNWGAILKHIIK,LNWGAVLKHVVK,4.767003889607846,4.045757490560675,0.7212463990471711,KNWGAILKHIIK,LNWGAVLKHVVK,4,0.6666666666666666,58.0,2.167861864961395,0.8257472826086957,0.4772418478260869,0.9050925925833332,0.71527777775,4,"(1, K, L)|(6, I, V)|(10, I, V)|(11, I, V)",test
4284,KQKWLWLW,RRKWLWLW,4.074609479995955,4.918555892629746,-0.843946412633791,KQKWLWLW,RRKWLWLW,2,0.75,49.0,2.844411785271072,0.8461538461538461,0.3846153846153846,0.902777777875,0.6111111115,2,"(1, K, R)|(2, Q, R)",test
4295,KRGKQGGKVRAKAKTRSS,RGRGKQGGKVRAKAKTRSS,5.385441438288307,4.0,1.3854414382883071,-KRGKQGGKVRAKAKTRSS,RGRGKQGGKVRAKAKTRSS,2,0.8947368421052632,83.0,1.8456449347955253,0.9083820662768032,0.1296296296296296,0.9058479532105264,0.1055555555,2,"(1, -, R)|(2, K, G)",test
4302,KRIVQRIKDFLR,KRIVQRIKDWLR,4.6777807052660805,5.698970004336019,-1.0211892990699385,KRIVQRIKDFLR,KRIVQRIKDWLR,1,0.9166666666666666,53.0,2.016980008601758,0.9449685534591196,0.3396226415094339,0.9513888889166666,0.416666667,1,"(10, F, W)",test
4309,KRKKWFW,QRKKWFW,5.096910013008056,4.1938200260161125,0.9030899869919438,KRKKWFW,QRKKWFW,1,0.8571428571428571,44.0,2.9921017151218465,0.9134199134199136,0.3939393939393939,0.9365079365714284,0.555555556,1,"(1, K, Q)",test
4337,KWKKFKKIGAVLKVL,KWKLFKKIGAVLKVL,6.6020599913279625,4.765314025678471,1.836745965649492,KWKKFKKIGAVLKVL,KWKLFKKIGAVLKVL,1,0.9333333333333332,70.0,2.02398265617962,0.95625,0.34375,0.9490740740666668,0.236111111,1,"(4, K, L)",test
4342,KWKKFKKIGKVLKVL,KWKLFKKIGAVLKVL,6.301029995663981,4.765314025678471,1.5357159699855103,KWKKFKKIGKVLKVL,KWKLFKKIGAVLKVL,2,0.8666666666666667,65.0,1.9032771710919103,0.9086309523809524,0.3147321428571428,0.9060185185333332,0.295138889,2,"(4, K, L)|(10, K, A)",test
4343,KWKKLLKKLLKLL,KWKKLPKKLLKLL,5.096910013008056,4.0,1.0969100130080562,KWKKLLKKLLKLL,KWKKLPKKLLKLL,1,0.9230769230769232,58.0,2.0011032599643648,0.9316239316239316,0.1111111111111111,0.9313811188461538,0.107954545,1,"(6, L, P)",test
4359,KWKLFKKIGAVLKKL,KWKLFKKIGAVLKVL,6.0,4.765314025678471,1.234685974321529,KWKLFKKIGAVLKKL,KWKLFKKIGAVLKVL,1,0.9333333333333332,70.0,2.02398265617962,0.9505376344086022,0.2580645161290322,0.9490740740666668,0.236111111,1,"(14, K, V)",test
4361,KWKLFKKIGAVLKVL,KWKLFKKIGKVLKKL,4.765314025678471,6.0,-1.234685974321529,KWKLFKKIGAVLKVL,KWKLFKKIGKVLKKL,2,0.8666666666666667,65.0,1.9032771710919103,0.9029185867895546,0.2718894009216589,0.9060185185333332,0.295138889,2,"(10, A, K)|(14, V, K)",test
4362,KWKLFKKIGAVLKVL,KWKLFKKIGKVLKVL,4.765314025678471,6.301029995663981,-1.5357159699855103,KWKLFKKIGAVLKVL,KWKLFKKIGKVLKVL,1,0.9333333333333332,71.0,2.0481237531971623,0.9523809523809524,0.2857142857142857,0.9569444444666666,0.354166667,1,"(10, A, K)",test
4363,KWKLFKKIGIGAVLKVLT,KWKLFKKIGIGAVLKVLTTG,6.301029995663981,5.478208350360877,0.8228216453031045,KWKLFKKIGIGAVLKVLT--,KWKLFKKIGIGAVLKVLTTG,2,0.9,91.0,1.8982092701610012,0.9,0.0,0.9,0.0,2,"(19, -, T)|(20, -, G)",test
4391,KWKLFKKIPKFLHLAKKF,KWKLFKKISKFLHLAKKF,5.498782885523875,4.6020599913279625,0.8967228941959124,KWKLFKKIPKFLHLAKKF,KWKLFKKISKFLHLAKKF,1,0.9444444444444444,91.0,2.1091214112900016,0.9513888888888888,0.125,0.9624368686666666,0.323863636,1,"(9, P, S)",test
4399,KWWRWRRWW,RWWRWRKWW,4.081941703793566,5.585026652029182,-1.5030849482356157,KWWRWRRWW,RWWRWRKWW,2,0.7777777777777778,69.0,3.33306926527013,0.868945868945869,0.4102564102564102,0.925925926,0.666666667,2,"(1, K, R)|(7, R, K)",test
4405,LKKLLKKLLK,LKKLLKKLLKW,4.504455662453552,5.547428454378967,-1.0429727919254157,LKKLLKKLLK-,LKKLLKKLLKW,1,0.9090909090909092,45.0,1.936984405556005,0.9090909090909092,0.0,0.9090909090909092,0.0,1,"(11, -, W)",test
4416,LKLKLYPLKLKLYP,VKLKVYPLKVKLYP,5.584890545975623,4.554445266472056,1.0304452795035663,LKLKLYPLKLKLYP,VKLKVYPLKVKLYP,3,0.7857142857142857,63.0,1.9874946182751707,0.875,0.4166666666666667,0.9196428571428572,0.625,3,"(1, L, V)|(5, L, V)|(10, L, V)",test
4423,LKWGAILKHIIK,LNWGAVLKHVVK,5.431798275933005,4.045757490560675,1.3860407853723302,LKWGAILKHIIK,LNWGAVLKHVVK,4,0.6666666666666666,56.0,2.1075091224175404,0.8266713417484807,0.4800140252454418,0.9206018518333332,0.7618055555000001,4,"(2, K, N)|(6, I, V)|(10, I, V)|(11, I, V)",test
4426,LKWLKKWLK,LKWLLKWLK,4.492270344384457,5.390080648934947,-0.8978103045504895,LKWLKKWLK,LKWLLKWLK,1,0.8888888888888888,47.0,2.447895707960257,0.9270833333333334,0.34375,0.9151234567777776,0.236111111,1,"(5, K, L)",test
4436,LLKKLLKKLLKL,LLKKLLKLLLKL,3.4626914219201184,4.665782251503344,-1.2030908295832252,LLKKLLKKLLKL,LLKKLLKLLLKL,1,0.9166666666666666,46.0,1.8057454096982652,0.9453125,0.34375,0.9363425925833332,0.236111111,1,"(8, K, L)",test
4440,LLKWLKKLLKK,LLKWLKKWLKK,5.547428454378967,4.569352545547004,0.978075908831963,LLKWLKKLLKK,LLKWLKKWLKK,1,0.9090909090909092,50.0,2.101582794311973,0.928698752228164,0.2156862745098039,0.9265151515454544,0.191666667,1,"(8, L, W)",test
4444,LLKWLLKWLKK,LLKWLLKWLLK,5.166995867428764,4.259443832652799,0.9075520347759652,LLKWLLKWLKK,LLKWLLKWLLK,1,0.9090909090909092,55.0,2.2661811830679413,0.9403409090909092,0.34375,0.9305555555454544,0.236111111,1,"(10, K, L)",test
4445,LLPIVGNLLKSLLGAKRKRAG,LLPIVGNLLKSLLGWKRKRFG,4.0,5.096910013008056,-1.0969100130080562,LLPIVGNLLKSLLGAKRKRAG,LLPIVGNLLKSLLGWKRKRFG,2,0.9047619047619048,87.0,1.738843789627024,0.924772036474164,0.2101063829787234,0.9200396825238096,0.1604166665,2,"(15, A, W)|(20, A, F)",test
4446,LLPIVGNLLKSLLGWKRKAFG,LLPIVGNLLKSLLGWKRKRFG,4.0,5.096910013008056,-1.0969100130080562,LLPIVGNLLKSLLGWKRKAFG,LLPIVGNLLKSLLGWKRKRFG,1,0.9523809523809524,103.0,2.0147420412560755,0.963265306122449,0.2285714285714285,0.9692460317619048,0.354166667,1,"(19, A, R)",test
4447,LLQWLSKLLGRLL,LLQWLSKLLGRWL,5.045757490560675,4.318758762624412,0.7269987279362624,LLQWLSKLLGRLL,LLQWLSKLLGRWL,1,0.9230769230769232,58.0,2.0011032599643648,0.9396681749622926,0.2156862745098039,0.937820512846154,0.191666667,1,"(12, L, W)",test
4452,LNWGAIKKHIIK,LNWGAILKHIIK,4.0,5.14569395819892,-1.1456939581989198,LNWGAIKKHIIK,LNWGAILKHIIK,1,0.9166666666666666,59.0,2.1980382362333226,0.9453125,0.34375,0.9363425925833332,0.236111111,1,"(7, K, L)",test
4457,LNWGAILKHIIK,LNWGAILKHKIK,5.14569395819892,4.0,1.1456939581989198,LNWGAILKHIIK,LNWGAILKHKIK,1,0.9166666666666666,58.0,2.167861864961395,0.938095238095238,0.2571428571428571,0.9265046296666668,0.118055556,1,"(10, I, K)",test
4458,LNWGAILKHIIK,LNWGAILKHIKK,5.14569395819892,4.154901959985743,0.9907919982131768,LNWGAILKHIIK,LNWGAILKHIKK,1,0.9166666666666666,58.0,2.167861864961395,0.938095238095238,0.2571428571428571,0.9265046296666668,0.118055556,1,"(11, I, K)",test
4459,LNWGAILKHIIK,LNWGAVLKHVVK,5.14569395819892,4.045757490560675,1.099936467638245,LNWGAILKHIIK,LNWGAVLKHVVK,3,0.75,62.0,2.288567350049105,0.8804347826086957,0.5217391304347826,0.96875,0.875,3,"(6, I, V)|(10, I, V)|(11, I, V)",test
4469,LNWGAILKKIIK,LNWGAVLKHVVK,5.366531544420414,4.045757490560675,1.320774053859739,LNWGAILKKIIK,LNWGAVLKHVVK,4,0.6666666666666666,53.0,2.016980008601758,0.8170289855072465,0.4510869565217391,0.90972222225,0.72916666675,4,"(6, I, V)|(9, K, H)|(10, I, V)|(11, I, V)",test
4470,LNWGALLKHLLK,LNWGAVLKHVVK,5.42021640338319,4.045757490560675,1.374458912822515,LNWGALLKHLLK,LNWGAVLKHVVK,3,0.75,56.0,2.1075091224175404,0.8541666666666666,0.4166666666666667,0.90625,0.625,3,"(6, L, V)|(10, L, V)|(11, L, V)",test
4471,LNWGAVLKHVVK,LNWKAILKHIIK,4.045757490560675,5.638272163982407,-1.592514673421732,LNWGAVLKHVVK,LNWKAILKHIIK,4,0.6666666666666666,54.0,2.047156379873685,0.8187063875469672,0.4561191626409018,0.90300925925,0.70902777775,4,"(4, G, K)|(6, V, I)|(10, V, I)|(11, V, I)",test
4472,LNWGAVLKHVVK,LNWGKILKHIIK,4.045757490560675,5.3979400086720375,-1.3521825181113627,LNWGAVLKHVVK,LNWGKILKHIIK,4,0.6666666666666666,57.0,2.137685493689468,0.8209109730848861,0.4627329192546584,0.9149305555833336,0.74479166675,4,"(5, A, K)|(6, V, I)|(10, V, I)|(11, V, I)",test
4474,LRKFRNKIKEKLKKIGQKI,LRKFRNKIKEKLKKIGQKIQG,5.187086643357144,6.698970004336019,-1.5118833609788744,LRKFRNKIKEKLKKIGQKI--,LRKFRNKIKEKLKKIGQKIQG,2,0.9047619047619048,93.0,1.8423056339879185,0.9047619047619048,0.0,0.9047619047619048,0.0,2,"(20, -, Q)|(21, -, G)",test
4486,LVKRFKKFFRKLKKSV,LVKRFKKFFRKLKKSVK,4.932092321159007,4.180247113125524,0.7518452080334832,LVKRFKKFFRKLKKSV-,LVKRFKKFFRKLKKSVK,1,0.9411764705882352,78.0,1.9562747932234907,0.9411764705882352,0.0,0.9411764705882352,0.0,1,"(17, -, K)",test
4494,NGVQPKYKWWKWWKKWW,NGVQPWYKWWKWWKKWW,5.345077510774265,4.437659336419232,0.9074181743550334,NGVQPKYKWWKWWKKWW,NGVQPWYKWWKWWKKWW,1,0.9411764705882352,118.0,2.8083135114896782,0.9527310924369746,0.1964285714285714,0.946405228764706,0.088888889,1,"(6, K, W)",test
4498,NGVQPKYKWWKWWKKWWW,NGVQPKYRWWRWWRRWWW,5.377082388636959,4.477614479425057,0.8994679092119018,NGVQPKYKWWKWWKKWWW,NGVQPKYRWWRWWRRWWW,4,0.7777777777777778,125.0,2.7931191601203573,0.868945868945869,0.4102564102564102,0.925925926,0.666666667,4,"(8, K, R)|(11, K, R)|(14, K, R)|(15, K, R)",test
4507,NTVKETIKYLKSLFSHAFEVVKT,NWVKEWIKYLKSLFSHAFEVVKT,4.154901959985743,5.0,-0.8450980400142569,NTVKETIKYLKSLFSHAFEVVKT,NWVKEWIKYLKSLFSHAFEVVKT,2,0.9130434782608696,100.0,1.792314500025574,0.9266837169650468,0.1568627450980392,0.9285024154782608,0.177777778,2,"(2, T, W)|(6, T, W)",test
4511,PKLKFLSKWIG,PKLLKFLSKWIG,3.812479279163537,4.619788758288394,-0.8073094791248567,PKL-KFLSKWIG,PKLLKFLSKWIG,1,0.9166666666666666,50.0,1.9264508947859755,0.9166666666666666,0.0,0.9166666666666666,0.0,1,"(4, -, L)",test
4512,PKLKTFLSKWIG,PKLLKTFLSKWIG,3.9706162223147903,5.255526195219894,-1.284909972905104,PKL-KTFLSKWIG,PKLLKTFLSKWIG,1,0.9230769230769232,55.0,1.917537924134412,0.9230769230769232,0.0,0.9230769230769232,0.0,1,"(4, -, L)",test
4515,PKLLETFLSKWIG,PKLLKTFLSKWIG,4.486242182364041,5.255526195219894,-0.7692840128558531,PKLLETFLSKWIG,PKLLKTFLSKWIG,1,0.9230769230769232,66.0,2.2239441555109063,0.9543269230769232,0.40625,0.9658119658461538,0.555555556,1,"(5, E, K)",test
4527,QAKIRVRLSA,QKKIRVRLSA,3.950215532373015,5.254715491098469,-1.3044999587254535,QAKIRVRLSA,QKKIRVRLSA,1,0.9,39.0,1.9134129729537277,0.9285714285714284,0.2857142857142857,0.9354166667,0.354166667,1,"(2, A, K)",test
4530,QAKIRVRLSA,QRKIRVRLSA,3.950215532373015,5.787628810704988,-1.8374132783319728,QAKIRVRLSA,QRKIRVRLSA,1,0.9,39.0,1.9134129729537277,0.9228571428571428,0.2285714285714285,0.9354166667,0.354166667,1,"(2, A, R)",test
4531,QAKIRVRLSA,QRRIRVRLSA,3.950215532373015,4.894346771037951,-0.9441312386649364,QAKIRVRLSA,QRRIRVRLSA,2,0.8,36.0,1.8047780363747887,0.8638827838827838,0.3194139194139193,0.9020833334,0.510416667,2,"(2, A, R)|(3, K, R)",test
4541,QKKARVRLSA,QKKIRVRLSA,4.256921424043033,5.254715491098469,-0.9977940670554356,QKKARVRLSA,QKKIRVRLSA,1,0.9,40.0,1.9496246184800403,0.9454545454545455,0.4545454545454545,0.9375,0.375,1,"(4, A, I)",test
4542,QKKARVRLSA,QRKIRVRLSA,4.256921424043033,5.787628810704988,-1.5307073866619554,QKKARVRLSA,QRKIRVRLSA,2,0.8,37.0,1.8409896819011016,0.8864801864801866,0.4324009324009323,0.9041666667,0.5208333334999999,2,"(2, K, R)|(4, A, I)",test
4545,QKKIAVRLSA,QRKIRVRLSA,4.541483334458789,5.787628810704988,-1.2461454762461992,QKKIAVRLSA,QRKIRVRLSA,2,0.8,36.0,1.8047780363747887,0.8638827838827838,0.3194139194139193,0.9020833334,0.510416667,2,"(2, K, R)|(5, A, R)",test
4546,QKKIAVRLSA,QKKIRVRLSA,4.541483334458789,5.254715491098469,-0.7132321566396795,QKKIAVRLSA,QKKIRVRLSA,1,0.9,39.0,1.9134129729537277,0.9228571428571428,0.2285714285714285,0.9354166667,0.354166667,1,"(5, A, R)",test
4549,QKKIRARLSA,QKKIRVRLSA,4.262157604493136,5.254715491098469,-0.9925578866053328,QKKIRARLSA,QKKIRVRLSA,1,0.9,41.0,1.9858362640063536,0.9588235294117646,0.5882352941176471,0.95,0.5,1,"(6, A, V)",test
4551,QKKIRARLSA,QRKIRVRLSA,4.262157604493136,5.787628810704988,-1.5254712062118525,QKKIRARLSA,QRKIRVRLSA,2,0.8,38.0,1.8772013274274149,0.8998491704374058,0.4992458521870286,0.9166666667,0.5833333334999999,2,"(2, K, R)|(6, A, V)",test
4555,QKKIRVALSA,QRKIRVRLSA,4.84251333012277,5.787628810704988,-0.945115480582218,QKKIRVALSA,QRKIRVRLSA,2,0.8,36.0,1.8047780363747887,0.863882783882784,0.3194139194139193,0.9020833334,0.510416667,2,"(2, K, R)|(7, A, R)",test
4556,QKKIRVRASA,QKKIRVRLSA,4.256921424043033,5.254715491098469,-0.9977940670554356,QKKIRVRASA,QKKIRVRLSA,1,0.9,40.0,1.9496246184800403,0.9476190476190476,0.4761904761904761,0.9375,0.375,1,"(8, A, L)",test
4559,QKKIRVRASA,QRKIRVRLSA,4.256921424043033,5.787628810704988,-1.5307073866619554,QKKIRVRASA,QRKIRVRLSA,2,0.8,37.0,1.8409896819011016,0.8886446886446887,0.4432234432234431,0.9041666667,0.5208333334999999,2,"(2, K, R)|(8, A, L)",test
4563,QKRIRVRLSA,QRKIRVRLSA,4.583508828049063,5.787628810704988,-1.204119982655925,QKRIRVRLSA,QRKIRVRLSA,2,0.8,39.0,1.9134129729537277,0.8820512820512821,0.4102564102564102,0.9333333334,0.666666667,2,"(2, K, R)|(3, R, K)",test
4565,QRKIRVRLSA,QRRIRVRLSA,5.787628810704988,4.894346771037951,0.8932820396670369,QRKIRVRLSA,QRRIRVRLSA,1,0.9,42.0,2.0220479095326667,0.941025641025641,0.4102564102564102,0.9666666667,0.666666667,1,"(3, K, R)",test
4566,QRKKWFW,RRKKWFW,4.1938200260161125,5.096910013008056,-0.9030899869919438,QRKKWFW,RRKKWFW,1,0.8571428571428571,44.0,2.9921017151218465,0.9084249084249084,0.358974358974359,0.9365079365714284,0.555555556,1,"(1, Q, R)",test
4604,RGRGKQGGKVRAKAKTRSS,SGRGKQGGKVRAKAKTRSS,4.0,5.388992908154021,-1.388992908154021,RGRGKQGGKVRAKAKTRSS,SGRGKQGGKVRAKAKTRSS,1,0.9473684210526316,89.0,1.9599974996154612,0.9639097744360902,0.3142857142857143,0.9660087719473684,0.354166667,1,"(1, R, S)",test
4621,RIKRFWPVVIRTVVAGYN,RIKRFWPVVIRTVVAGYNLY,5.791328859678395,4.504205928482991,1.2871229311954044,RIKRFWPVVIRTVVAGYN--,RIKRFWPVVIRTVVAGYNLY,2,0.9,96.0,1.988738383976784,0.9,0.0,0.9,0.0,2,"(19, -, L)|(20, -, Y)",test
4622,RIKRFWPVVIRTVVAGYN,RIKRFWPVVIRTVVAGYNL,5.791328859678395,4.351839868579999,1.439488991098396,RIKRFWPVVIRTVVAGYN-,RIKRFWPVVIRTVVAGYNL,1,0.9473684210526316,96.0,2.09340882523872,0.9473684210526316,0.0,0.9473684210526316,0.0,1,"(19, -, L)",test
4624,RIKRFWPVVIRTVVAGYNL,RIKRFWPVVIRTVVAGYNLYR,4.351839868579999,5.606902442858291,-1.2550625742782922,RIKRFWPVVIRTVVAGYNL--,RIKRFWPVVIRTVVAGYNLYR,2,0.9047619047619048,100.0,1.9630111190756283,0.9047619047619048,0.0,0.9047619047619048,0.0,2,"(20, -, Y)|(21, -, R)",test
4625,RIKRFWPVVIRTVVAGYNLY,RIKRFWPVVIRTVVAGYNLYR,4.504205928482991,5.606902442858291,-1.1026965143753005,RIKRFWPVVIRTVVAGYNLY-,RIKRFWPVVIRTVVAGYNLYR,1,0.9523809523809524,107.0,2.0837166041633384,0.9523809523809524,0.0,0.9523809523809524,0.0,1,"(21, -, R)",test
4627,RIKRFWPVVIRTVVAGYNLY,RIKRFWPVVIRTVVAGYNLYRA,4.504205928482991,5.756853148678263,-1.2526472201952723,RIKRFWPVVIRTVVAGYNLY--,RIKRFWPVVIRTVVAGYNLYRA,2,0.9090909090909092,107.0,1.989002213065005,0.9090909090909092,0.0,0.9090909090909092,0.0,2,"(21, -, R)|(22, -, A)",test
4633,RIKRFWPVVIRTVVAGYNLYRAIK,RVKRVWPLVIRTVIAGYNLYRAI,6.095353252338074,5.346787486224656,0.7485657661134182,RIKRFWPVVIRTVVAGYNLYRAIK,RVKRVWPLVIRTVIAGYNLYRAI-,5,0.7916666666666666,108.0,1.8383402142788847,0.8620298481711526,0.3377432712215321,0.9046875,0.5425,5,"(2, I, V)|(5, F, V)|(8, V, L)|(14, V, I)|(24, K, -)",test
4641,RLARIVKIRVAR,RLARIVPIRVAR,4.957493850520817,3.75427612060369,1.2032177299171267,RLARIVKIRVAR,RLARIVPIRVAR,1,0.9166666666666666,47.0,1.835921780970193,0.9247967479674796,0.0975609756097561,0.9419191919166666,0.303030303,1,"(7, K, P)",test
4649,RLARIVPIRVAR,RLARIVVIRVAR,3.75427612060369,4.922383387753697,-1.1681072671500066,RLARIVPIRVAR,RLARIVVIRVAR,1,0.9166666666666666,46.0,1.8057454096982652,0.9270833333333334,0.125,0.9346590909166668,0.215909091,1,"(7, P, V)",test
4666,RLARIVVIRVAR,RLSRIVVIRVSR,4.922383387753697,5.861468246102728,-0.9390848583490312,RLARIVVIRVAR,RLSRIVVIRVSR,2,0.8333333333333334,46.0,1.8057454096982652,0.9035087719298244,0.4210526315789473,0.9375,0.625,2,"(3, A, S)|(11, A, S)",test
4670,RLARIVVIRVAR,RLWRIVVIRVAR,4.922383387753697,5.88561892108473,-0.9632355333310336,RLARIVVIRVAR,RLWRIVVIRVAR,1,0.9166666666666666,45.0,1.7755690384263378,0.9308510638297872,0.1702127659574468,0.92465277775,0.095833333,1,"(3, A, W)",test
4690,RLPRPVYIPQPRPPHPRL,RVRRPVYIPQPRPPHPRL,4.8819006879220055,5.85186026349878,-0.9699595755767748,RLPRPVYIPQPRPPHPRL,RVRRPVYIPQPRPPHPRL,2,0.8888888888888888,93.0,2.149356572985905,0.9166666666666666,0.25,0.9348344556666668,0.413510101,2,"(2, L, V)|(3, P, R)",test
4706,RQRWLWLW,RRKWLWLW,4.140389589284416,4.918555892629746,-0.7781663033453299,RQRWLWLW,RRKWLWLW,2,0.75,49.0,2.844411785271072,0.8461538461538461,0.3846153846153846,0.902777777875,0.6111111115,2,"(2, Q, R)|(3, R, K)",test
4711,RRIRPRPPRLPRPRPRPLPFPRPG,RRIRPRPPRLPRPRPRPLPYPRP,6.346787486224656,5.139661993429006,1.20712549279565,RRIRPRPPRLPRPRPRPLPFPRPG,RRIRPRPPRLPRPRPRPLPYPRP-,2,0.9166666666666666,130.0,2.1702802982700877,0.9403153153153152,0.2837837837837837,0.94450757575,0.334090909,2,"(20, F, Y)|(24, G, -)",test
4717,RRPRPRPRPFFFF,RRPRPRPRPFFFFF,4.096910013008056,5.0,-0.9030899869919438,RRPRPRPRPFFFF-,RRPRPRPRPFFFFF,1,0.9285714285714286,77.0,2.349611073538301,0.9285714285714286,0.0,0.9285714285714286,0.0,1,"(14, -, F)",test
4725,RRWQWRMKK,RRWQWRMKKL,4.02592615914548,5.073657553374345,-1.0477313942288653,RRWQWRMKK-,RRWQWRMKKL,1,0.9,57.0,2.5652225924273613,0.9,0.0,0.9,0.0,1,"(10, -, L)",test
4732,RRWWRHWRR,RRWWRWWRR,4.671009144550571,5.522878745280337,-0.8518696007297661,RRWWRHWRR,RRWWRWWRR,1,0.8888888888888888,56.0,2.810012163223387,0.92090395480226,0.288135593220339,0.9055555555555556,0.15,1,"(6, H, W)",test
4738,RVVRQWPIGRVVRRVVRRVVR,RVVRQWPIGRVVRRVVRRVVRY,6.722997672743532,5.845932525662541,0.8770651470809909,RVVRQWPIGRVVRRVVRRVVR-,RVVRQWPIGRVVRRVVRRVVRY,1,0.9545454545454546,105.0,1.9560825353138112,0.9545454545454546,0.0,0.9545454545454546,0.0,1,"(22, -, Y)",test
4739,RVVRQWPIGRVVRRVVRRVVR,RVVRQWPIGRVVRRVVRRVVRF,6.722997672743532,5.843448609939538,0.8795490628039939,RVVRQWPIGRVVRRVVRRVVR-,RVVRQWPIGRVVRRVVRRVVRF,1,0.9545454545454546,105.0,1.9560825353138112,0.9545454545454546,0.0,0.9545454545454546,0.0,1,"(22, -, F)",test
4746,SALHLVLRLRGG,STLHAVLRLRGG,4.0,5.301029995663981,-1.3010299956639813,SALHLVLRLRGG,STLHAVLRLRGG,2,0.8333333333333334,49.0,1.896274523514048,0.9193121693121692,0.5158730158730158,0.9039351851666666,0.423611111,2,"(2, A, T)|(5, L, A)",test
4749,SALHLVLRLRGG,STLHLVLRLRGG,4.0,5.0,-1.0,SALHLVLRLRGG,STLHLVLRLRGG,1,0.9166666666666666,54.0,2.047156379873685,0.9629629629629628,0.5555555555555556,0.9560185185,0.472222222,1,"(2, A, T)",test
4755,SLLSLIRKLIT,SLLSLIRLLIT,4.196542884351587,4.903089986991944,-0.7065471026403571,SLLSLIRKLIT,SLLSLIRLLIT,1,0.9090909090909092,40.0,1.772386016800037,0.9403409090909092,0.34375,0.9305555555454544,0.236111111,1,"(8, K, L)",test
4756,SLLSLIRKLIT,SLLSLIRKLLT,4.196542884351587,5.795880017344075,-1.5993371329924884,SLLSLIRKLIT,SLLSLIRKLLT,1,0.9090909090909092,45.0,1.936984405556005,0.9448051948051948,0.3928571428571428,0.9772727272727272,0.75,1,"(10, I, L)",test
4757,SLLSLIRKLLT,SLLSLIRLLIT,5.795880017344075,4.903089986991944,0.8927900303521312,SLLSLIRKLLT,SLLSLIRLLIT,2,0.8181818181818182,38.0,1.70654666129765,0.8851461038961038,0.3683035714285714,0.9078282828181816,0.4930555555,2,"(8, K, L)|(10, L, I)",test
4759,SPGRPRPFPGRPKPIFRPR,WPSPGRPRPFPGRPKPIFRPR,4.0,4.726998727936262,-0.7269987279362624,--SPGRPRPFPGRPKPIFRPR,WPSPGRPRPFPGRPKPIFRPR,2,0.9047619047619048,111.0,2.1526911670706013,0.9047619047619048,0.0,0.9047619047619048,0.0,2,"(1, -, W)|(2, -, P)",test
4766,STAHLVLRLRGG,STLHLVLRLRGG,4.0,5.0,-1.0,STAHLVLRLRGG,STLHLVLRLRGG,1,0.9166666666666666,54.0,2.047156379873685,0.9563492063492064,0.4761904761904761,0.9479166666666666,0.375,1,"(3, A, L)",test
4777,STLHAVLRLRGG,STLHLALRLRGG,5.301029995663981,4.0,1.3010299956639813,STLHAVLRLRGG,STLHLALRLRGG,2,0.8333333333333334,50.0,1.9264508947859755,0.9220354808590102,0.5322128851540616,0.90625,0.4375,2,"(5, A, L)|(6, V, A)",test
4779,STLHAVLRLRGG,STLHLVLRLRAG,5.301029995663981,4.0,1.3010299956639813,STLHAVLRLRGG,STLHLVLRLRAG,2,0.8333333333333334,48.0,1.8660981522421205,0.8975256769374417,0.3851540616246498,0.9020833333333332,0.4125,2,"(5, A, L)|(11, G, A)",test
4782,STLHAVLRLRGG,STLHLVLRLRGA,5.301029995663981,4.0,1.3010299956639813,STLHAVLRLRGG,STLHLVLRLRGA,2,0.8333333333333334,48.0,1.8660981522421205,0.8975256769374417,0.3851540616246498,0.9020833333333332,0.4125,2,"(5, A, L)|(12, G, A)",test
4784,STLHLALRLRGG,STLHLVLRLRGG,4.0,5.0,-1.0,STLHLALRLRGG,STLHLVLRLRGG,1,0.9166666666666666,55.0,2.077332751145613,0.965686274509804,0.5882352941176471,0.9583333333333334,0.5,1,"(6, A, V)",test
4785,STLHLVARLRGG,STLHLVLRLRGG,4.0,5.0,-1.0,STLHLVARLRGG,STLHLVLRLRGG,1,0.9166666666666666,54.0,2.047156379873685,0.9563492063492064,0.4761904761904761,0.9479166666666666,0.375,1,"(7, A, L)",test
4788,STLHLVLALRGG,STLHLVLRLRGG,4.0,5.0,-1.0,STLHLVLALRGG,STLHLVLRLRGG,1,0.9166666666666666,53.0,2.016980008601758,0.9357142857142856,0.2285714285714285,0.9461805555833336,0.354166667,1,"(8, A, R)",test
4793,STLHLVLRLAGG,STLHLVLRLRGG,4.0,5.0,-1.0,STLHLVLRLAGG,STLHLVLRLRGG,1,0.9166666666666666,53.0,2.016980008601758,0.9357142857142856,0.2285714285714285,0.9461805555833332,0.354166667,1,"(10, A, R)",test
4794,STLHLVLRLRAG,STLHLVLRLRGG,4.0,5.0,-1.0,STLHLVLRLRAG,STLHLVLRLRGG,1,0.9166666666666666,53.0,2.016980008601758,0.9411764705882354,0.2941176470588235,0.9541666666666666,0.45,1,"(11, A, G)",test
4795,STLHLVLRLRGA,STLHLVLRLRGG,4.0,5.0,-1.0,STLHLVLRLRGA,STLHLVLRLRGG,1,0.9166666666666666,53.0,2.016980008601758,0.9411764705882354,0.2941176470588235,0.9541666666666666,0.45,1,"(12, A, G)",test
4809,VDKPPYLPRPHPPRRIYNNR,VDKPPYLPRPRPPRRIYNNR,4.589294263761117,5.495699105423459,-0.9064048416623428,VDKPPYLPRPHPPRRIYNNR,VDKPPYLPRPRPPRRIYNNR,1,0.95,111.0,2.260325725424132,0.960377358490566,0.2075471698113207,0.96944444445,0.388888889,1,"(11, H, R)",test
4813,VDKPPYLPRPKPPRRIYNNR,VDKPPYLPRPPPPRRIYNNR,5.189784825914453,4.281214877479746,0.9085699484347068,VDKPPYLPRPKPPRRIYNNR,VDKPPYLPRPPPPRRIYNNR,1,0.95,110.0,2.242219902660975,0.9548780487804878,0.0975609756097561,0.96515151515,0.303030303,1,"(11, K, P)",test
4819,VDKPPYLPRPKPPRRIYNNR,VDKPPYLPRPTPPRRIYNNR,5.189784825914453,4.281922557524153,0.9078622683903,VDKPPYLPRPKPPRRIYNNR,VDKPPYLPRPTPPRRIYNNR,1,0.95,110.0,2.242219902660975,0.9625,0.25,0.96666666665,0.333333333,1,"(11, K, T)",test
4820,VDKPPYLPRPPPPRRIYNNR,VDKPPYLPRPRPPRRIYNNR,4.281214877479746,5.495699105423459,-1.2144842279437134,VDKPPYLPRPPPPRRIYNNR,VDKPPYLPRPRPPRRIYNNR,1,0.95,109.0,2.2241140798978183,0.9541666666666668,0.0833333333333333,0.9601010101,0.202020202,1,"(11, P, R)",test
4824,VDKPPYLPRPPPPRRIYNNR,VDKPPYLPRPRPPRRIYNRN,4.281214877479746,5.194669109759478,-0.913454232279732,VDKPPYLPRPPPPRRIYNNR,VDKPPYLPRPRPPRRIYNRN,3,0.85,98.0,2.0249500295030964,0.8865990990990991,0.243993993993994,0.9023232323,0.3488215486666666,3,"(11, P, R)|(19, N, R)|(20, R, N)",test
4825,VDKPPYLPRPPPPRRIYNNR,VDKPPYLPRPRPPRRIYNN,4.281214877479746,5.1667088225041065,-0.8854939450243604,VDKPPYLPRPPPPRRIYNNR,VDKPPYLPRPRPPRRIYNN-,2,0.9,104.0,2.133584966082036,0.9041666666666668,0.0416666666666666,0.9101010101,0.101010101,2,"(11, P, R)|(20, R, -)",test
4828,VDKPPYLPRPRPPRAIYNR,VDKPPYLPRPRPPRRIYNR,4.857649449646083,5.786087061914345,-0.9284376122682616,VDKPPYLPRPRPPRAIYNR,VDKPPYLPRPRPPRRIYNR,1,0.9473684210526316,104.0,2.245878911665301,0.9593984962406016,0.2285714285714285,0.9660087719473684,0.354166667,1,"(15, A, R)",test
4833,VDKPPYLPRPRPPRRIYN,VDKPPYLPRPRPPRRIYNNR,4.543020636715292,5.495699105423459,-0.9526784687081672,VDKPPYLPRPRPPRRIYN--,VDKPPYLPRPRPPRRIYNNR,2,0.9,105.0,2.151690788845192,0.9,0.0,0.9,0.0,2,"(19, -, N)|(20, -, R)",test
4837,VDKPPYLPRPRPPRRIYN,VDKPPYLPRPRPPRRIYNR,4.543020636715292,5.786087061914345,-1.2430664251990526,VDKPPYLPRPRPPRRIYN-,VDKPPYLPRPRPPRRIYNR,1,0.9473684210526316,105.0,2.264937672468623,0.9473684210526316,0.0,0.9473684210526316,0.0,1,"(19, -, R)",test
4840,VDKPPYLPRPRPPRRIYNA,VDKPPYLPRPRPPRRIYNR,4.857649449646083,5.786087061914345,-0.9284376122682616,VDKPPYLPRPRPPRRIYNA,VDKPPYLPRPRPPRRIYNR,1,0.9473684210526316,105.0,2.264937672468623,0.9593984962406016,0.2285714285714285,0.9660087719473684,0.354166667,1,"(19, A, R)",test
4850,VDKPPYLPRPRPPRRIYNN,VDKPPYLPRPTPPRRIYNNR,5.1667088225041065,4.281922557524153,0.8847862649799536,VDKPPYLPRPRPPRRIYNN-,VDKPPYLPRPTPPRRIYNNR,2,0.9,105.0,2.151690788845192,0.9102564102564102,0.1025641025641025,0.91666666665,0.1666666665,2,"(11, R, T)|(20, -, R)",test
4852,VDKPPYLPRPRPPRRIYNNR,VDKPPYLPRPTPPRRIYNNR,5.495699105423459,4.281922557524153,1.2137765478993066,VDKPPYLPRPRPPRRIYNNR,VDKPPYLPRPTPPRRIYNNR,1,0.95,110.0,2.242219902660975,0.9602564102564102,0.2051282051282051,0.96666666665,0.333333333,1,"(11, R, T)",test
4855,VDKPPYLPRPRPPRRIYNRN,VDKPPYLPRPTPPRRIYNNR,5.194669109759478,4.281922557524153,0.9127465522353252,VDKPPYLPRPRPPRRIYNRN,VDKPPYLPRPTPPRRIYNNR,3,0.85,99.0,2.0430558522662534,0.8926888426888425,0.2845922845922846,0.9088888888499996,0.3925925923333333,3,"(11, R, T)|(19, R, N)|(20, N, R)",test
4857,VFHLLGKIIHHVGNFVYGFSHVF,VFQFLGKIIHHVGNFVHGFSHVF,5.3979400086720375,6.448311395265231,-1.0503713865931932,VFHLLGKIIHHVGNFVYGFSHVF,VFQFLGKIIHHVGNFVHGFSHVF,3,0.8695652173913043,111.0,1.9655006308035925,0.9073067632850242,0.2893518518518518,0.9287659200869564,0.453872054,3,"(3, H, Q)|(4, L, F)|(17, Y, H)",test
4858,VFHLLGKIIHHVGNFVYGFSHVF,VFQFLGKIIHHVGNFVAGFSHVF,5.3979400086720375,3.892790030352132,1.5051499783199054,VFHLLGKIIHHVGNFVYGFSHVF,VFQFLGKIIHHVGNFVAGFSHVF,3,0.8695652173913043,107.0,1.902523855975222,0.903949985791418,0.2636165577342048,0.9154259991304348,0.3515993266666666,3,"(3, H, Q)|(4, L, F)|(17, Y, A)",test
4860,VFHLLGKIIHHVGNFVYGFSHVF,VFQFLGRIIHHVGNFVHGFSHVF,5.3979400086720375,4.0,1.3979400086720375,VFHLLGKIIHHVGNFVYGFSHVF,VFQFLGRIIHHVGNFVHGFSHVF,4,0.8260869565217391,108.0,1.9182680496823143,0.8816657376439985,0.3195779914529914,0.9142731664782608,0.50707070725,4,"(3, H, Q)|(4, L, F)|(7, K, R)|(17, Y, H)",test
4862,VFQFLGKIIHHVGNFVAGFSAVF,VFQFLGKIIHHVGNFVHGFSHVF,3.892790030352132,6.448311395265231,-2.5555213649130986,VFQFLGKIIHHVGNFVAGFSAVF,VFQFLGKIIHHVGNFVHGFSHVF,2,0.9130434782608696,108.0,1.9182680496823143,0.9318448883666276,0.2162162162162162,0.9311594202608696,0.208333333,2,"(17, A, H)|(21, A, H)",test
4863,VFQFLGKIIHHVGNFVAGFSHVF,VFQFLGKIIHHVGNFVHGFSHVF,3.892790030352132,6.448311395265231,-2.5555213649130986,VFQFLGKIIHHVGNFVAGFSHVF,VFQFLGKIIHHVGNFVHGFSHVF,1,0.9565217391304348,118.0,2.0757099867532403,0.965922444183314,0.2162162162162162,0.9655797101304348,0.208333333,1,"(17, A, H)",test
4866,VFQFLGKIIHHVGNFVHGFSAVF,VFQFLGKIIHHVGNFVHGFSHVF,4.494850021680094,6.448311395265231,-1.953461373585137,VFQFLGKIIHHVGNFVHGFSAVF,VFQFLGKIIHHVGNFVHGFSHVF,1,0.9565217391304348,118.0,2.0757099867532403,0.965922444183314,0.2162162162162162,0.9655797101304348,0.208333333,1,"(21, A, H)",test
4867,VFQFLGKIIHHVGNFVHGFSHVF,VFQFLGRIIHHVGNFVHGFSHVF,6.448311395265231,4.0,2.4483113952652307,VFQFLGKIIHHVGNFVHGFSHVF,VFQFLGRIIHHVGNFVHGFSHVF,1,0.9565217391304348,125.0,2.1859193427028885,0.9743589743589745,0.4102564102564102,0.9855072463913044,0.666666667,1,"(7, K, R)",test
4883,VKLKKYPKLKVKLYP,VKLKVKYPKLKVKLYP,4.760931289036405,5.686746102387508,-0.9258148133511028,VKLK-KYPKLKVKLYP,VKLKVKYPKLKVKLYP,1,0.9375,67.0,1.829586904806557,0.9375,0.0,0.9375,0.0,1,"(5, -, V)",test
4887,VKLKVYPKLKVKLYP,VKLKVYPLKVKLYP,5.356102234649289,4.554445266472056,0.801656968177233,VKLKVYPKLKVKLYP,VKLKVYP-LKVKLYP,1,0.9333333333333332,61.0,1.806712783021742,0.9333333333333332,0.0,0.9333333333333332,0.0,1,"(8, K, -)",test
4923,VNWKKILAKIIKVAK,VNWKKVLPKIIKVAK,6.154901959985743,5.301029995663981,0.8538719643217618,VNWKKILAKIIKVAK,VNWKKVLPKIIKVAK,2,0.8666666666666667,68.0,1.975700462144536,0.9106446776611694,0.3298350824587706,0.9465909090666668,0.599431818,2,"(6, I, V)|(8, A, P)",test
4940,VNWKKILKKIIKVAK,VNWKKVLPKIIKVAK,6.154901959985743,5.301029995663981,0.8538719643217618,VNWKKILKKIIKVAK,VNWKKVLPKIIKVAK,2,0.8666666666666667,68.0,1.975700462144536,0.9079533404029692,0.3096500530222693,0.9452020202,0.5890151515,2,"(6, I, V)|(8, K, P)",test
4943,VNWKKILKKIIKVVK,VNWKKVLPKIIKVAK,6.154901959985743,5.301029995663981,0.8538719643217618,VNWKKILKKIIKVVK,VNWKKVLPKIIKVAK,3,0.8,64.0,1.879136074074368,0.8805023600108123,0.4025118000540619,0.9118686868666668,0.5593434343333333,3,"(6, I, V)|(8, K, P)|(14, V, A)",test
4949,VNWKKVLAKIIKVAK,VNWKKVLPKIIKVAK,6.154901959985743,5.301029995663981,0.8538719643217618,VNWKKVLAKIIKVAK,VNWKKVLPKIIKVAK,1,0.9333333333333332,69.0,1.999841559162078,0.942528735632184,0.1379310344827586,0.9549242424,0.323863636,1,"(8, A, P)",test
4950,VNWKKVLKKIIKVAK,VNWKKVLPKIIKVAK,6.154901959985743,5.301029995663981,0.8538719643217618,VNWKKVLKKIIKVAK,VNWKKVLPKIIKVAK,1,0.9333333333333332,69.0,1.999841559162078,0.9398373983739836,0.0975609756097561,0.9535353535333332,0.303030303,1,"(8, K, P)",test
4957,VQLRIRVAVIRA,VRLRIRVAVIRK,4.4629352920182495,5.692809948349154,-1.2298746563309049,VQLRIRVAVIRA,VRLRIRVAVIRK,2,0.8333333333333334,44.0,1.7453926671544104,0.8870573870573871,0.3223443223443223,0.9091435185833332,0.4548611114999999,2,"(2, Q, R)|(12, A, K)",test
4958,VQLRIRVAVIRA,VRFRIRVAVIRA,4.4629352920182495,5.958980509273692,-1.4960452172554426,VQLRIRVAVIRA,VRFRIRVAVIRA,2,0.8333333333333334,44.0,1.7453926671544104,0.8887108262108262,0.3322649572649573,0.9171296296666668,0.502777778,2,"(2, Q, R)|(3, L, F)",test
4959,VQLRIRVAVIRA,VRLRIRVAVIRA,4.4629352920182495,5.675711054412308,-1.2127757623940587,VQLRIRVAVIRA,VRLRIRVAVIRA,1,0.9166666666666666,48.0,1.8660981522421205,0.9465811965811968,0.358974358974359,0.962962963,0.555555556,1,"(2, Q, R)",test
4964,VQWRIRIAVIRA,VRFRIRVAVIRA,4.86946702597617,5.958980509273692,-1.0895134832975222,VQWRIRIAVIRA,VRFRIRVAVIRA,3,0.75,44.0,1.7453926671544104,0.8516946775765479,0.4067787103061919,0.90393518525,0.615740741,3,"(2, Q, R)|(3, W, F)|(7, I, V)",test
4966,VQWRIRIAVIRA,VRWRIRVAVIRA,4.86946702597617,5.97047240360133,-1.1010053776251605,VQWRIRIAVIRA,VRWRIRVAVIRA,2,0.8333333333333334,54.0,2.047156379873685,0.9067261241174286,0.4403567447045707,0.9525462963333332,0.7152777779999999,2,"(2, Q, R)|(7, I, V)",test
4972,VQWRIRVAVIRK,VRWRIRVAVIRA,4.802736649095166,5.97047240360133,-1.1677357545061635,VQWRIRVAVIRK,VRWRIRVAVIRA,2,0.8333333333333334,51.0,1.9566272660579027,0.8870573870573871,0.3223443223443223,0.9091435185833332,0.4548611114999999,2,"(2, Q, R)|(12, K, A)",test
4984,VRRFPFFFPFLRR,VRRFPYYYPFLRR,5.473522515065845,4.564226648420591,0.9092958666452544,VRRFPFFFPFLRR,VRRFPYYYPFLRR,3,0.7692307692307693,63.0,2.140378819680953,0.9002079002079001,0.5675675675675675,0.9234265733846152,0.668181818,3,"(6, F, Y)|(7, F, Y)|(8, F, Y)",test
4991,VWRHWRRFWH,VWRHWRRFWHR,4.301029995663981,5.204119982655925,-0.9030899869919438,VWRHWRRFWH-,VWRHWRRFWHR,1,0.9090909090909092,74.0,2.89165506034062,0.9090909090909092,0.0,0.9090909090909092,0.0,1,"(11, -, R)",test
4998,WGRAFRRLVRRLARGLRR,WLRAFRRLVRRLARGLRR,4.487626941946953,5.468095512632752,-0.9804685706857992,WGRAFRRLVRRLARGLRR,WLRAFRRLVRRLARGLRR,1,0.9444444444444444,83.0,1.948180764506388,0.9589371980676328,0.2608695652173913,0.9444444444444444,0.0,1,"(2, G, L)",test
5003,WIRYKWPRKVVRYWTGP,WIRYKWRRKKVRYWTGP,4.0,4.795880017344075,-0.795880017344075,WIRYKWPRKVVRYWTGP,WIRYKWRRKKVRYWTGP,2,0.8823529411764706,94.0,2.2970902805299658,0.9024351676154332,0.1706989247311827,0.9081253713529412,0.2190656565,2,"(7, P, R)|(10, V, K)",test
5005,WIRYKWRRKKVRYWTGP,WIVYKWPRKKVRYWTGP,4.795880017344075,4.022276394711152,0.7736036226329226,WIRYKWRRKKVRYWTGP,WIVYKWPRKKVRYWTGP,2,0.8823529411764706,93.0,2.2757893125733117,0.8996388028895769,0.1469298245614034,0.9011809269411764,0.160037879,2,"(3, R, V)|(7, R, P)",test
5015,WKKLWKPGLKKWLK,WKKVWKPGVKKWVK,5.301029995663981,4.1938200260161125,1.1072099696478688,WKKLWKPGLKKWLK,WKKVWKPGVKKWVK,3,0.7857142857142857,79.0,2.401341995718748,0.8749999999999999,0.4166666666666667,0.9196428571428572,0.625,3,"(4, L, V)|(9, L, V)|(13, L, V)",test
5016,WKKVWKPGVKKWVK,WRKIWRPGIKRWIK,4.1938200260161125,5.221848749616356,-1.0280287236002437,WKKVWKPGVKKWVK,WRKIWRPGIKRWIK,6,0.5714285714285714,76.0,2.3237456124480773,0.7711419015766843,0.4659977703455964,0.9017857143571428,0.7708333335,6,"(2, K, R)|(4, V, I)|(6, K, R)|(9, V, I)|(11, K, R)|(13, V, I)",test
5034,WWWLKRIW,WWWLSRIW,4.903089986991944,4.0,0.9030899869919438,WWWLKRIW,WWWLSRIW,1,0.875,57.0,3.206528240534201,0.9241071428571428,0.3928571428571428,0.93402777775,0.472222222,1,"(5, K, S)",test
