,bacterium,Sequence,value,length,Activity,Idx,ID,dataset,label_binned
0,S. aureus,AAGMGFFGAR,1.404833717,10,4.595166283,0,0,train,4
1,S. aureus,AAHHIARPIVHVGKTIHRLVTG,1.806179974,22,4.193820026,1,1,train,2
2,S. aureus,AAKHAAHRA,2.729534801,9,3.270465199,2,2,train,0
3,S. aureus,AAYLLAKINLKALAALAKKIL,1.035664457,21,4.964335543,3,3,train,5
4,S. aureus,ADADDDDDK,3.255272505,9,2.744727495,4,4,train,0
5,S. aureus,AFGMALKLLKKVL,0.716003344,13,5.283996656,5,5,train,7
6,S. aureus,AFGVLAKVAAHVVPAIAEHF,1.806179974,20,4.193820026,6,6,train,2
8,S. aureus,AFKMALKLLKKVL,0.511883361,13,5.488116639,8,8,train,8
9,S. aureus,AGLQFPVGRIGRLLRK,1.22184875,16,4.77815125,9,9,train,4
10,S. aureus,AGLQFPVGRVHRLLRK,1.397940009,16,4.602059991,10,10,train,4
12,S. aureus,AGYLLGKINLKALAALAKKIL,0.793802447,21,5.206197553,12,12,train,7
13,S. aureus,AGYLLGKINLKPLAALAKKIL,1.763059376,21,4.236940624,13,13,train,2
14,S. aureus,AGYLLPKINLKPLAKLPKKIL,1.739487737,21,4.260512263,14,14,train,2
15,S. aureus,AIFIFIRWLLK,1.204119983,11,4.795880017,15,15,train,4
16,S. aureus,AIFIFIRWLLKLGHHGRAPP,0.301029996,20,5.698970004,16,16,train,9
17,S. aureus,AIGSILGALAKGLPTLISWIKNR,0.780157233,23,5.219842767,17,17,train,7
18,S. aureus,AIGSILGALAKGLPTLKSWIKNR,1.698970004,23,4.301029996,18,18,train,2
19,S. aureus,AIGSILGALAKGLPTLRSWIKNR,1.397940009,23,4.602059991,19,19,train,4
20,S. aureus,AIGSILGRLAKGLPTLISWIKNR,0.495544338,23,5.504455662,20,20,train,8
21,S. aureus,AIGSILGRLAKGLPTLKSWIKNR,2.0,23,4.0,21,21,train,1
23,S. aureus,AIHKLAHKLLKKLLKAVKKLAK,1.397940009,22,4.602059991,23,23,train,4
25,S. aureus,AIHKLAHKLLKKTLRAVKKLAN,1.477121255,22,4.522878745,25,25,train,3
26,S. aureus,AIHNLAHKLLKKLTRAVKKLAN,1.740362689,22,4.259637311,26,26,train,2
27,S. aureus,AILTTLANWARKFL,1.597969275,14,4.402030725,27,27,train,3
28,S. aureus,AINPKSVQSLL,2.301029996,11,3.698970004,28,28,train,0
29,S. aureus,AIPWIWIWRLLRKG,-0.397940009,14,6.397940009,29,29,train,9
30,S. aureus,AIPWIWIWWLLRKG,0.505149978,14,5.494850022,30,30,train,8
31,S. aureus,AIPWSIWWHLLFKG,0.822821645,14,5.177178355,31,31,train,6
32,S. aureus,AIPWSIWWRLLFKG,0.77815125,14,5.22184875,32,32,train,7
33,S. aureus,AIRRWRIRK,1.534986227,9,4.465013773,33,33,train,3
34,S. aureus,AKAKAYPAKAKAYP,2.13142941,14,3.86857059,34,34,train,1
35,S. aureus,AKHQGLPQE,3.397940009,9,2.602059991,35,35,train,0
36,S. aureus,AKKFFKKPRVIGVSIPF,1.122180125,17,4.877819875,36,36,train,5
37,S. aureus,AKKFGKAFVKIL,2.153062243,12,3.846937757,37,37,train,1
39,S. aureus,AKKVFKRLEKLFS,2.0,13,4.0,39,39,train,1
40,S. aureus,AKKVFKRLEKLFSKI,2.0,15,4.0,40,40,train,1
42,S. aureus,AKKVFKRLEKLFSKIQN,2.0,17,4.0,42,42,train,1
49,S. aureus,AKKVFKRLGIGAVLKVLKKG,0.193124598,20,5.806875402,49,49,train,9
50,S. aureus,AKKVFKRLGIGAVLKVLTWG,-0.107905397,20,6.107905397,50,50,train,9
51,S. aureus,AKKVFKRLGIGAVLWVLTTG,0.494154594,20,5.505845406,51,51,train,8
52,S. aureus,AKKVFKRLGIGAVLWVLTWG,0.494154594,20,5.505845406,52,52,train,8
54,S. aureus,AKKVFKRLRKLFKKI,2.0,15,4.0,54,54,train,1
56,S. aureus,AKLKAYPLKAKLYP,2.095828935,14,3.904171065,56,56,train,1
57,S. aureus,AKLWLKAAKLWLKA,1.204119983,14,4.795880017,57,57,train,4
58,S. aureus,AKRHHGYKRKFH,1.912751771,12,4.087248229,58,58,train,1
61,S. aureus,AKRLKKLFKKIWNWK,0.301029996,15,5.698970004,61,61,train,9
63,S. aureus,ALFKVASKVLPSV,2.167916809,13,3.832083191,63,63,train,1
64,S. aureus,ALGALFKVASKVL,0.977446003,13,5.022553997,64,64,train,6
66,S. aureus,ALKYRLFKKLKKF,-0.226118693,13,6.226118693,66,66,train,9
67,S. aureus,ALLKLAPRLLAGIF,1.096910013,14,4.903089987,67,67,train,5
69,S. aureus,ALLLAIRKR,1.579489271,9,4.420510729,69,69,train,3
70,S. aureus,ALLLAIRRR,1.196479183,9,4.803520817,70,70,train,4
71,S. aureus,ALPLIGRVLSGIL,1.602059991,13,4.397940009,71,71,train,3
72,S. aureus,ALRLAIRKR,1.641282787,9,4.358717213,72,72,train,2
73,S. aureus,ALRLAIRRR,1.347024309,9,4.652975691,73,73,train,4
74,S. aureus,ALRSAVRTVARVGRAVLPHVAI,0.799340549,22,5.200659451,74,74,train,6
75,S. aureus,ALWHHLLHHLLHSAHHLG,1.176091259,18,4.823908741,75,75,train,5
76,S. aureus,ALWKEVLKNAGKAALNEINNLV,1.505149978,22,4.494850022,76,76,train,3
77,S. aureus,ALWKEVLKNAGKAALNEINNLVQ,2.434568904,23,3.565431096,77,77,train,0
78,S. aureus,ALWKKLLKKLLKSAKKLG,0.273001272,18,5.726998728,78,78,train,9
79,S. aureus,ALWKNMLKGI,2.176091259,10,3.823908741,79,79,train,0
80,S. aureus,ALWKNMLKGIGK,2.176091259,12,3.823908741,80,80,train,0
81,S. aureus,ALWKNMLKGIGKLAG,2.176091259,15,3.823908741,81,81,train,0
82,S. aureus,ALWKNMLKGIGKLAGK,1.77815125,16,4.22184875,82,82,train,2
83,S. aureus,ALWKNMLKGIGKLAGKAALG,0.903089987,20,5.096910013,83,83,train,6
84,S. aureus,ALWKTLLKKV,1.698970004,10,4.301029996,84,84,train,2
88,S. aureus,ALWKTMLKKLGT,1.73239376,12,4.26760624,88,88,train,2
89,S. aureus,ALWKTMLKKLGTM,1.704150517,13,4.295849483,89,89,train,2
90,S. aureus,ALWKTMLKKLGTMA,1.451786436,14,4.548213564,90,90,train,3
91,S. aureus,ALWKTMLKKLGTMALHAGK,1.029383778,19,4.970616222,91,91,train,5
92,S. aureus,ALWLAIRKR,1.550368313,9,4.449631687,92,92,train,3
93,S. aureus,ALWLAIRRR,1.168088503,9,4.831911497,93,93,train,5
94,S. aureus,ALWMTLLKKVLKA,0.477121255,13,5.522878745,94,94,train,8
95,S. aureus,ALWRRLLRRLLRSARRLG,0.574031268,18,5.425968732,95,95,train,8
97,S. aureus,ALYLAIRKR,1.434403704,9,4.565596296,97,97,train,3
98,S. aureus,ALYLAIRRR,1.213565458,9,4.786434542,98,98,train,4
99,S. aureus,ANLDAIIKIQAWARMWAARRQYL,1.041392685,23,4.958607315,99,99,train,5
100,S. aureus,ANVGFVIQLQARLRGFLVRQKFA,0.230448921,23,5.769551079,100,100,train,9
101,S. aureus,APKAMRLLRRLLRLQKKGI,-0.05343728,19,6.05343728,101,101,train,9
102,S. aureus,APKAMRLLRRLLRRLLR,0.676793101,17,5.323206899,102,102,train,7
103,S. aureus,APKGVQGPNG,1.539472085,10,4.460527915,103,103,train,3
104,S. aureus,AQKIISTIGKLVKWIIKTVNKFTKK,1.012837225,25,4.987162775,104,104,train,5
105,S. aureus,ARRARKWARRALKLA,1.193820026,15,4.806179974,105,105,train,5
106,S. aureus,ARWWWKIKS,1.297401259,9,4.702598741,106,106,train,4
107,S. aureus,ASPTVFRSSVFLSLFVVAKK,2.069068809,20,3.930931191,107,107,train,1
108,S. aureus,ASVVNKLTGGVAGLLK,1.131475391,16,4.868524609,108,108,train,5
109,S. aureus,AVAGEKLWLLPHLLKMLLTPTP,2.214311877,22,3.785688123,109,109,train,0
110,S. aureus,AVDLAKIANKVLSSLF,2.176091259,16,3.823908741,110,110,train,0
111,S. aureus,AVNIPFKVHFR,2.876940771,11,3.123059229,111,111,train,0
113,S. aureus,AVVKVPLKKFKSIRE,1.457882814,15,4.542117186,113,113,train,3
114,S. aureus,AVWKFVKRV,2.270282518,9,3.729717482,114,114,train,0
117,S. aureus,AWKVFKRLGIGAVLWVLTWG,0.795880017,20,5.204119983,117,117,train,6
118,S. aureus,AWLDKLKSLGKVVG,2.230448921,14,3.769551079,118,118,train,0
119,S. aureus,AWLLAIRKR,1.346248331,9,4.653751669,119,119,train,4
120,S. aureus,AWLLAIRRR,0.979032266,9,5.020967734,120,120,train,6
121,S. aureus,AWRFKNIRK,2.174262571,9,3.825737429,121,121,train,0
122,S. aureus,DAAVEPELYHWGKVWLPN,1.973803393,18,4.026196607,122,122,train,1
123,S. aureus,DANVENGEDAEDLTDKFIGLMG,1.929321034,22,4.070678966,123,123,train,1
124,S. aureus,DDALHHLLHHLLHHL,2.0,15,4.0,124,124,train,1
125,S. aureus,DDALKHLLKHLLKHL,1.342422681,15,4.657577319,125,125,train,4
126,S. aureus,DDALKKLLKKLLKKL,1.397940009,15,4.602059991,126,126,train,4
127,S. aureus,DDALRHLLRHLLRHL,2.0,15,4.0,127,127,train,1
128,S. aureus,DDALRRLLRRLLRRL,1.491361694,15,4.508638306,128,128,train,3
129,S. aureus,DDDDDDD,2.973127854,7,3.026872146,129,129,train,0
132,S. aureus,DKGRYLEAPTRPRPERNRK,1.301029996,19,4.698970004,132,132,train,4
133,S. aureus,DLYPWFN,2.168421013,7,3.831578987,133,133,train,1
134,S. aureus,DNGEAGRAAR,1.531478917,10,4.468521083,134,134,train,3
135,S. aureus,DNTDSVVKIQSWFRMATARKSYL,1.414973348,23,4.585026652,135,135,train,3
136,S. aureus,DSHAKRHHGYKRKFHEKHHSHRGY,-0.783373731,24,6.783373731,136,136,train,9
137,S. aureus,DVIKKVASVIG,2.957851505,11,3.042148495,137,137,train,0
138,S. aureus,DVIKKVASVIGGL,2.89683429,13,3.10316571,138,138,train,0
139,S. aureus,EEEEWWW,2.088444507,7,3.911555493,139,139,train,1
140,S. aureus,EEEEWWWW,2.091680987,8,3.908319013,140,140,train,1
141,S. aureus,EFKRIVQRIKDFLRNLV,1.636822098,17,4.363177902,141,141,train,3
142,S. aureus,EIEKFDKSKLK,3.882032364,11,2.117967636,142,142,train,0
144,S. aureus,ELLKAVRLIK,1.301029996,10,4.698970004,144,144,train,4
145,S. aureus,ELLVDLL,1.895567254,7,4.104432746,145,145,train,2
146,S. aureus,ELSKAVRLIK,1.602059991,10,4.397940009,146,146,train,3
147,S. aureus,EMLKKKKEVKMERKT,2.020824783,15,3.979175217,147,147,train,1
148,S. aureus,ENMFNIKSSVESDSFWG,2.004998987,17,3.995001013,148,148,train,1
149,S. aureus,EPFKISIHL,1.44238053,9,4.55761947,149,149,train,3
150,S. aureus,EPFKLSLHL,1.44238053,9,4.55761947,150,150,train,3
151,S. aureus,EPILGIITSLLKSL,1.620707597,14,4.379292403,151,151,train,3
152,S. aureus,EQEENVVKIQAFWKGYKQRKEYM,1.505149978,23,4.494850022,152,152,train,3
153,S. aureus,EQHSSGKSDV,2.0,10,4.0,153,153,train,1
154,S. aureus,EWKRWVQRWKDWLRNLV,0.823908741,17,5.176091259,154,154,train,6
157,S. aureus,FAKGIAGMAGKLF,2.301029996,13,3.698970004,157,157,train,0
158,S. aureus,FAKKLAKKLKKLAKKLAK,1.794254079,18,4.205745921,158,158,train,2
159,S. aureus,FAKKLAKLAKKLAKLAL,0.634652341,17,5.365347659,159,159,train,7
160,S. aureus,FAKLLAKALKKLL,0.438630248,13,5.561369752,160,160,train,8
163,S. aureus,FALKALKKLKKALKKAL,0.621489724,17,5.378510276,163,163,train,7
164,S. aureus,FAPLIGRVLSGIL,1.301029996,13,4.698970004,164,164,train,4
165,S. aureus,FASGIAGMAGKLF,2.301029996,13,3.698970004,165,165,train,0
166,S. aureus,FAVTWATKWWKG,2.0,12,4.0,166,166,train,1
167,S. aureus,FDIMGLIKKVAGAL,1.477121255,14,4.522878745,167,167,train,3
168,S. aureus,FDLLGLVKKVASAL,1.698970004,14,4.301029996,168,168,train,2
169,S. aureus,FDLLGLVKSVVSAL,1.397940009,14,4.602059991,169,169,train,4
170,S. aureus,FDVMGIIKKIAGAL,1.477121255,14,4.522878745,170,170,train,3
171,S. aureus,FFAAIFAPIVHVGKTIHRLVTG,1.806179974,22,4.193820026,171,171,train,2
173,S. aureus,FFFDTLKNLAGKVIGALT,1.675319983,18,4.324680017,173,173,train,2
174,S. aureus,FFFFFFF,0.456663883,7,5.543336117,174,174,train,8
175,S. aureus,FFFHIIKGLFHAGRMIHGLV,0.096910013,20,5.903089987,175,175,train,9
176,S. aureus,FFFLRRIF,2.0,8,4.0,176,176,train,1
177,S. aureus,FFFLSRIF,1.640978057,8,4.359021943,177,177,train,3
178,S. aureus,FFGAIAAALPHVISAIKNAL,1.204119983,20,4.795880017,178,178,train,4
179,S. aureus,FFGHLFRGIINVGKHIHGLLSG,0.698970004,22,5.301029996,179,179,train,7
180,S. aureus,FFGKVLKLIRKIF,0.491361694,13,5.508638306,180,180,train,8
181,S. aureus,FFGRLKSVWSAVKHGWKAAKSR,0.477121255,22,5.522878745,181,181,train,8
182,S. aureus,FFGSIIGALAKGLPSLISLIKK,1.096910013,22,4.903089987,182,182,train,5
183,S. aureus,FFGSLLKLLPKLL,-0.107905397,13,6.107905397,183,183,train,9
184,S. aureus,FFGSLLSLGSKLLPSVFKLFQRKKE,0.63896272,25,5.36103728,184,184,train,7
185,S. aureus,FFGSMIGALAKGLPSLISLIKK,1.096910013,22,4.903089987,185,185,train,5
186,S. aureus,FFGSTIGALANFLPSLISKIRN,1.432026689,22,4.567973311,186,186,train,3
187,S. aureus,FFGSVLKLIPKIL,0.494154594,13,5.505845406,187,187,train,8
219,S. aureus,FFIYVWRRR,0.278753601,9,5.721246399,219,219,train,9
220,S. aureus,FFKKFWGGVKAIFKGARKGWK,0.380211242,21,5.619788758,220,220,train,8
221,S. aureus,FFLLSLIPSAISAIKKI,0.698970004,17,5.301029996,221,221,train,7
222,S. aureus,FFPFLLGALGSLLPKIF,1.096910013,17,4.903089987,222,222,train,5
223,S. aureus,FFPIVGKLLFGKLL,0.673020907,14,5.326979093,223,223,train,7
224,S. aureus,FFPIVGKLLFGLFGLL,0.146128036,16,5.853871964,224,224,train,9
225,S. aureus,FFPIVGKLLFGLL,0.709565932,13,5.290434068,225,225,train,7
226,S. aureus,FFPIVGKLLFGLSGLL,-0.137789226,16,6.137789226,226,226,train,9
227,S. aureus,FFPIVGKLLS,1.126752702,10,4.873247298,227,227,train,5
228,S. aureus,FFPIVGKLLSGLF,2.176091259,13,3.823908741,228,228,train,0
230,S. aureus,FFPIVGKLLSGLSGLL,0.178269598,16,5.821730402,230,230,train,9
231,S. aureus,FFPLLFGALSSHLPKLF,0.366733199,17,5.633266801,231,231,train,9
232,S. aureus,FFPLLFGALSSMMPKLF,0.108703584,17,5.891296416,232,232,train,9
233,S. aureus,FFPLVLGALGSILPKIF,1.038085385,17,4.961914615,233,233,train,5
234,S. aureus,FFPLVLGALGSILPKVFGK,0.973127854,19,5.026872146,234,234,train,6
235,S. aureus,FFPMLADLVSKIF,2.176091259,13,3.823908741,235,235,train,0
236,S. aureus,FFPVIGRILNGIL,1.079181246,13,4.920818754,236,236,train,5
237,S. aureus,FFRHIKSFWKGAKAIFRGARQG,1.150514998,22,4.849485002,237,237,train,5
238,S. aureus,FFRLLFHGVHHGGGYLNAA,1.481202196,19,4.518797804,238,238,train,3
239,S. aureus,FFRLLFHGVHHVGKIKPRA,1.452128977,19,4.547871023,239,239,train,3
240,S. aureus,FFSALLSGIKSLF,0.602059991,13,5.397940009,240,240,train,7
241,S. aureus,FFSLIPSLVGGLISAFK,1.638489257,17,4.361510743,241,241,train,3
242,S. aureus,FFSLLPSLIGGLVSAIK,1.35601973,17,4.64398027,242,242,train,4
243,S. aureus,FFSMIPHIATGIASLVKNL,1.191393897,19,4.808606103,243,243,train,5
244,S. aureus,FFSMIPKIAGGIASLVKNL,0.600660931,19,5.399339069,244,244,train,7
245,S. aureus,FFSMIPKIAGGIASLVKNLG,0.588484546,20,5.411515454,245,245,train,8
246,S. aureus,FFSMIPKIATGIASLVKNL,0.591228964,19,5.408771036,246,246,train,8
247,S. aureus,FFWHHIGHALDAAKRVHGMLSG,1.397940009,22,4.602059991,247,247,train,4
248,S. aureus,FGPVIGLLSGILKSLL,1.698970004,16,4.301029996,248,248,train,2
249,S. aureus,FGVLAKVAAHVVPAIAEHF,1.806179974,19,4.193820026,249,249,train,2
250,S. aureus,FHEAIAPVVHAAVKALVGFLG,1.668262653,21,4.331737347,250,250,train,2
251,S. aureus,FHFHLHF,1.512105363,7,4.487894637,251,251,train,3
252,S. aureus,FHFHLHFASASAFIKHFIHRF,1.381245267,21,4.618754733,252,252,train,4
253,S. aureus,FHFHLHFGGGFIKHFIHRF,1.72001579,19,4.27998421,253,253,train,2
254,S. aureus,FHFHLHFPSGSPFIKHFIHRF,2.278021023,21,3.721978977,254,254,train,0
255,S. aureus,FHFHLHFPSPSPFIKHFIHRF,2.271470003,21,3.728529997,255,255,train,0
256,S. aureus,FHFHLHFPYPFIKHFIHRF,2.289376845,19,3.710623155,256,256,train,0
257,S. aureus,FHFHLHFSATFIKHFIHRF,1.704240402,19,4.295759598,257,257,train,2
258,S. aureus,FHPSLWVLIPQYIQLIRKILKSG,1.397940009,23,4.602059991,258,258,train,4
259,S. aureus,FIFHIIKGLF,0.704378369,10,5.295621631,259,259,train,7
260,S. aureus,FIFHIIKGLFH,0.658630599,11,5.341369401,260,260,train,7
261,S. aureus,FIFHIIKGLFHA,0.636689777,12,5.363310223,261,261,train,7
262,S. aureus,FIFHIIKGLFHAG,0.619847102,13,5.380152898,262,262,train,7
263,S. aureus,FIFHIIKGLFHAGKMI,1.176711434,16,4.823288566,263,263,train,5
264,S. aureus,FIFHIIKGLFHAGKMIHGLVT,0.096910013,21,5.903089987,264,264,train,9
265,S. aureus,FIFHIIKGLFHAGKMIHGLVTRRRH,0.096910013,25,5.903089987,265,265,train,9
266,S. aureus,FIFPKKNIINSLFGR,1.02893484,15,4.97106516,266,266,train,5
267,S. aureus,FIGAIARLLSKIF,0.690327733,13,5.309672267,267,267,train,7
268,S. aureus,FIGALLGPLLNLLK,1.096910013,14,4.903089987,268,268,train,5
269,S. aureus,FIGALLRPALKLLA,0.977367371,14,5.022632629,269,269,train,6
270,S. aureus,FIGALLRPALKLLAGK,1.204119983,16,4.795880017,270,270,train,4
271,S. aureus,FIGGIISFFKRLF,0.306649924,13,5.693350076,271,271,train,9
272,S. aureus,FIGGIISFIKKLF,0.32444735,13,5.67555265,272,272,train,9
273,S. aureus,FIGKLISAASGLLSHL,0.977723605,16,5.022276395,273,273,train,6
274,S. aureus,FIGPIISALASLFG,1.77815125,14,4.22184875,274,274,train,2
275,S. aureus,FIHHIFRGIVHAGRSIGRFLTG,0.336863136,22,5.663136864,275,275,train,9
276,S. aureus,FIHHIIGALGHLF,1.220108088,13,4.779891912,276,276,train,4
277,S. aureus,FIHHIIGGLFSAGKAIHRLIRRRRR,0.698970004,25,5.301029996,277,277,train,7
278,S. aureus,FIHHIIGGLFSVGKHIHGLIHGH,0.698970004,23,5.301029996,278,278,train,7
279,S. aureus,FIHHIVHAIGRLF,0.302459524,13,5.697540476,279,279,train,9
280,S. aureus,FIITGLVRGLTKLF,0.898793817,14,5.101206183,280,280,train,6
281,S. aureus,FIKELLPHLSGIIDSVANAIK,1.740362689,21,4.259637311,281,281,train,2
282,S. aureus,FIKHFIHRF,2.603979117,9,3.396020883,282,282,train,0
283,S. aureus,FIKHFIHRFGGGFKKFWKWFRRF,0.716466178,23,5.283533822,283,283,train,7
284,S. aureus,FIKHFIHRFGGGIKQLLHFFQRF,1.337333977,23,4.662666023,284,284,train,4
285,S. aureus,FIKHFIHRFGGGRWRWRWF,1.091849711,19,4.908150289,285,285,train,5
286,S. aureus,FIKHFIHRFSATRWRWRWF,1.669081894,19,4.330918106,286,286,train,2
287,S. aureus,FIKHFIHRFSGGRWRWRWF,1.08684388,19,4.91315612,287,287,train,5
288,S. aureus,FIKRIARLLRKIF,0.396346746,13,5.603653254,288,288,train,8
289,S. aureus,FIKWKFRWWKWRK,-0.15490196,13,6.15490196,289,289,train,9
290,S. aureus,FILGKLWKGVKSIF,0.728216524,14,5.271783476,290,290,train,7
291,S. aureus,FILPLIASFLSKFL,1.079181246,14,4.920818754,291,291,train,5
292,S. aureus,FIPLVSGLFSRLL,0.550473621,13,5.449526379,292,292,train,8
293,S. aureus,FIRSLFFF,2.0,8,4.0,293,293,train,1
294,S. aureus,FISAIASFLGKFL,2.113943352,13,3.886056648,294,294,train,1
295,S. aureus,FISAIASMLGKFL,2.0,13,4.0,295,295,train,1
296,S. aureus,FISGLIGGLMKAL,1.397940009,13,4.602059991,296,296,train,4
297,S. aureus,FISQIISTARI,-2.397408385,11,8.397408385,297,297,train,9
298,S. aureus,FITGLIGGLMKAL,2.0,13,4.0,298,298,train,1
299,S. aureus,FKAFRWAWRMKKLAAPS,1.491827041,17,4.508172959,299,299,train,3
300,S. aureus,FKAFRWAWRWKKLAAPS,1.186167883,17,4.813832117,300,300,train,5
301,S. aureus,FKARRWQWRMKKLGA,0.602059991,15,5.397940009,301,301,train,7
302,S. aureus,FKAWRWAWRMKKLAAPS,1.227196663,17,4.772803337,302,302,train,4
303,S. aureus,FKHHIFRGIKHVGKTIHRLVTG,0.795880017,22,5.204119983,303,303,train,6
305,S. aureus,FKIPPIVKDTLKKFFKGGIAGVMGQ,0.698970004,25,5.301029996,305,305,train,7
306,S. aureus,FKKALHLFKPIKKFLKWK,0.193124598,18,5.806875402,306,306,train,9
307,S. aureus,FKKFFKKLKNSVKKR,1.095465448,15,4.904534552,307,307,train,5
308,S. aureus,FKKFWKWFRRFGGGFIKHFIHRF,1.017496174,23,4.982503826,308,308,train,5
309,S. aureus,FKKLKKLFKKILKLK,1.204119983,15,4.795880017,309,309,train,4
310,S. aureus,FKKLKKLFSKLFSFK,0.0,15,6.0,310,310,train,9
312,S. aureus,FKLFKKIPKFLHLAKKF,0.494850022,17,5.505149978,312,312,train,8
313,S. aureus,FKRIVQRIKDFLR,1.204119983,13,4.795880017,313,313,train,4
314,S. aureus,FKRLEKLF,2.0,8,4.0,314,314,train,1
316,S. aureus,FKRLEKLFSKIQNDK,2.0,15,4.0,316,316,train,1
317,S. aureus,FKRLKKLAKKIWNWK,0.602059991,15,5.397940009,317,317,train,7
320,S. aureus,FKRLKKLISWIKRKRQQ,0.176091259,17,5.823908741,320,320,train,9
321,S. aureus,FKVKFKVKVK,0.902875533,10,5.097124467,321,321,train,6
323,S. aureus,FKVTWKTKWWKG,0.792391689,12,5.207608311,323,323,train,7
324,S. aureus,FLALIGRVLSGIL,0.397940009,13,5.602059991,324,324,train,8
325,S. aureus,FLFKLIPKAIKGLVKAIRK,0.26284534,19,5.73715466,325,325,train,9
326,S. aureus,FLFKLIPKAIKKLISKFK,0.698970004,18,5.301029996,326,326,train,7
327,S. aureus,FLFKLIPKVIKGLVKAIRK,0.257301944,19,5.742698056,327,327,train,9
328,S. aureus,FLFPLITSFLSKVL,2.041392685,14,3.958607315,328,328,train,1
329,S. aureus,FLFRVASKVFPALIGKFKKK,0.837717181,20,5.162282819,329,329,train,6
332,S. aureus,FLFSLIPSAIAGLVSAIRN,1.079954832,19,4.920045168,332,332,train,5
336,S. aureus,FLFSLIPSVIAGLVSAIRN,1.077929929,19,4.922070071,336,336,train,5
337,S. aureus,FLGAIAAALPHVINAVTNAL,1.204119983,20,4.795880017,337,337,train,4
338,S. aureus,FLGALAKALSKLL,1.318537794,13,4.681462206,338,338,train,4
339,S. aureus,FLGALAKIISGIF,0.602059991,13,5.397940009,339,339,train,7
341,S. aureus,FLGALFKALSKLV,0.893174743,13,5.106825257,341,341,train,6
342,S. aureus,FLGALFKALSKVL,0.96572541,13,5.03427459,342,342,train,6
343,S. aureus,FLGALFKAVSKLL,0.930963303,13,5.069036697,343,343,train,6
344,S. aureus,FLGALFKFASK,1.609601596,11,4.390398404,344,344,train,3
345,S. aureus,FLGALFKKASK,2.21843152,11,3.78156848,345,345,train,0
346,S. aureus,FLGALFKLASK,1.320766689,11,4.679233311,346,346,train,4
347,S. aureus,FLGALFKVA,2.316417857,9,3.683582143,347,347,train,0
349,S. aureus,FLGALFKVASKV,2.193966252,12,3.806033748,349,349,train,0
350,S. aureus,FLGALFKVVSKLL,0.746296682,13,5.253703318,350,350,train,7
351,S. aureus,FLGALFKVWSK,2.188569079,11,3.811430921,351,351,train,0
352,S. aureus,FLGALFWVASK,2.208142506,11,3.791857494,352,352,train,0
353,S. aureus,FLGALIKGAIHGGRFIHGMIQNHH,1.086010115,24,4.913989885,353,353,train,5
354,S. aureus,FLGALLGPLMNLLQ,2.204119983,14,3.795880017,354,354,train,0
355,S. aureus,FLGALVKALSKLL,0.707510669,13,5.292489331,355,355,train,7
358,S. aureus,FLGALWKVASK,1.913827383,11,4.086172617,358,358,train,1
363,S. aureus,FLGAWFKVASK,2.202908983,11,3.797091017,363,363,train,0
366,S. aureus,FLGFLFKVASK,0.997735769,11,5.002264231,366,366,train,5
367,S. aureus,FLGGILNTITGLL,1.477121255,13,4.522878745,367,367,train,3
368,S. aureus,FLGGLIKPWWPWRR,1.236651493,14,4.763348507,368,368,train,4
369,S. aureus,FLGGLIKWKWPWWPWRR,0.528520391,17,5.471479609,369,369,train,8
370,S. aureus,FLGGLIKWPWWPWRR,0.59197335,15,5.40802665,370,370,train,8
371,S. aureus,FLGGLIKWWPWRR,0.658373463,13,5.341626537,371,371,train,7
372,S. aureus,FLGGLLASLLGKI,0.437881673,13,5.562118327,372,372,train,8
393,S. aureus,FLGLIFHGLVHAGKLIHGLIHRNRG,0.176091259,25,5.823908741,393,393,train,9
394,S. aureus,FLGLIGSLL,2.137720904,9,3.862279096,394,394,train,1
395,S. aureus,FLGLLFHGVHHVGKWIHGLIHGHH,0.463886132,24,5.536113868,395,395,train,8
397,S. aureus,FLGLLGGLL,2.452970359,9,3.547029641,397,397,train,0
398,S. aureus,FLGLLGSLL,1.531478917,9,4.468521083,398,398,train,3
399,S. aureus,FLGMIPGLIGGLISAFK,0.698970004,17,5.301029996,399,399,train,7
400,S. aureus,FLGSIVGALASALPSLISKIRN,1.397940009,22,4.602059991,400,400,train,4
401,S. aureus,FLGSLIGAAIPAIKQLLGLKK,1.176091259,21,4.823908741,401,401,train,5
405,S. aureus,FLGVVFKGASKVFPAVVGKV,2.09659217,20,3.90340783,405,405,train,1
406,S. aureus,FLGVVFKKASKVFGAVFGKV,2.08014605,20,3.91985395,406,406,train,1
412,S. aureus,FLGVVFKLASKVFGKVFGKV,0.566494382,20,5.433505618,412,412,train,8
415,S. aureus,FLGVVFKLASKVFPAVFKKV,0.254774969,20,5.745225031,415,415,train,9
423,S. aureus,FLGWLFKWAKK,0.943478106,11,5.056521894,423,423,train,6
424,S. aureus,FLGWLFKWASK,1.257228065,11,4.742771935,424,424,train,4
426,S. aureus,FLHHIVGLIHHGKLDMYRSNN,1.0,21,5.0,426,426,train,5
427,S. aureus,FLIIRRPIVLGLL,0.817311161,13,5.182688839,427,427,train,6
428,S. aureus,FLKALFKALKKLL,0.768701516,13,5.231298484,428,428,train,7
433,S. aureus,FLKGIKGMLGKLF,0.77815125,13,5.22184875,433,433,train,7
434,S. aureus,FLKGIKGMLGKLL,1.079181246,13,4.920818754,434,434,train,5
435,S. aureus,FLKGIVGKLGKLF,0.77815125,13,5.22184875,435,435,train,7
436,S. aureus,FLKGIVGMLGKLF,0.477121255,13,5.522878745,436,436,train,8
437,S. aureus,FLKGIVGMLGKLL,0.477121255,13,5.522878745,437,437,train,8
438,S. aureus,FLKGIVGMLGKLW,0.477121255,13,5.522878745,438,438,train,8
439,S. aureus,FLKKAKKFGKAF,2.559200679,12,3.440799321,439,439,train,0
442,S. aureus,FLKLLKKLL,0.84509804,9,5.15490196,442,442,train,6
443,S. aureus,FLKPLFNAALKLLP,1.346517699,14,4.653482301,443,443,train,4
447,S. aureus,FLKWLFKWAKK,0.624738576,11,5.375261424,447,447,train,7
448,S. aureus,FLKWLFKWLKK,0.910251771,11,5.089748229,448,448,train,6
449,S. aureus,FLNALKNFAKTAGKRLKSLLN,0.72427587,21,5.27572413,449,449,train,7
450,S. aureus,FLPAALAGIGGILGKLF,0.795880017,17,5.204119983,450,450,train,6
451,S. aureus,FLPAIAGILSQLF,2.301029996,13,3.698970004,451,451,train,0
452,S. aureus,FLPAIGRVLSGIL,1.602059991,13,4.397940009,452,452,train,3
453,S. aureus,FLPFLAGLFGKIF,2.176091259,13,3.823908741,453,453,train,0
454,S. aureus,FLPFLASLLSKVL,1.903089987,13,4.096910013,454,454,train,1
455,S. aureus,FLPFLATLLSKVL,2.0,13,4.0,455,455,train,1
456,S. aureus,FLPFLIPALTSLISSL,1.698970004,16,4.301029996,456,456,train,2
457,S. aureus,FLPFVGKLLSGLL,1.096910013,13,4.903089987,457,457,train,5
458,S. aureus,FLPFVGNLLKGLL,0.954242509,13,5.045757491,458,458,train,6
459,S. aureus,FLPGLIAGIAKML,1.015674605,13,4.984325395,459,459,train,5
460,S. aureus,FLPGLLAGLL,1.432434775,10,4.567565225,460,460,train,3
461,S. aureus,FLPIAGKLLSGLSGLL,-0.10741706,16,6.10741706,461,461,train,9
462,S. aureus,FLPIALKALGSIFPKIL,0.939329318,17,5.060670682,462,462,train,6
463,S. aureus,FLPIASLLGKYL,2.301029996,12,3.698970004,463,463,train,0
465,S. aureus,FLPIIAKVLSGLL,1.176091259,13,4.823908741,465,465,train,5
466,S. aureus,FLPIIGKLLSG,0.543440729,11,5.456559271,466,466,train,8
467,S. aureus,FLPIIGKLLSGIL,1.176091259,13,4.823908741,467,467,train,5
469,S. aureus,FLPIIGQLLSGLL,1.903089987,13,4.096910013,469,469,train,1
470,S. aureus,FLPIITNLLGKLL,0.77815125,13,5.22184875,470,470,train,7
471,S. aureus,FLPILASLAAKFGPKLFSLVTKKS,0.477121255,24,5.522878745,471,471,train,8
472,S. aureus,FLPILGKLLSGFL,1.0,13,5.0,472,472,train,5
475,S. aureus,FLPILGNLLSGLL,1.698970004,13,4.301029996,475,475,train,2
476,S. aureus,FLPILINLIHKGLL,2.096910013,14,3.903089987,476,476,train,1
477,S. aureus,FLPIPRPILLGLL,0.710151054,13,5.289848946,477,477,train,7
479,S. aureus,FLPIVAKLLSGLLGRKKRRQRRR,0.176091259,23,5.823908741,479,479,train,9
480,S. aureus,FLPIVGKLLSGLF,2.176091259,13,3.823908741,480,480,train,0
482,S. aureus,FLPIVGKLLSGLSGLL,0.089637291,16,5.910362709,482,482,train,9
483,S. aureus,FLPIVGKLLSGLSGLS,0.193344967,16,5.806655033,483,483,train,9
486,S. aureus,FLPIVTNLLSGLLGK,1.763427994,15,4.236572006,486,486,train,2
487,S. aureus,FLPKLFAGIISKNF,1.119530908,14,4.880469092,487,487,train,5
488,S. aureus,FLPKLFAKITKKNMAHIR,0.011694568,18,5.988305432,488,488,train,9
489,S. aureus,FLPKMSTKLRVPYRRGTKDYH,0.158119229,21,5.841880771,489,489,train,9
490,S. aureus,FLPLAGRVLSGAL,2.08766313,13,3.91233687,490,490,train,1
491,S. aureus,FLPLAGRVLSGIL,1.602059991,13,4.397940009,491,491,train,3
492,S. aureus,FLPLAMALGKLL,1.602059991,12,4.397940009,492,492,train,3
493,S. aureus,FLPLFASLIGKLL,2.146128036,13,3.853871964,493,493,train,1
494,S. aureus,FLPLIGKILGTIL,0.698970004,13,5.301029996,494,494,train,7
495,S. aureus,FLPLIGKVLSGIL,0.669006781,13,5.330993219,495,495,train,7
496,S. aureus,FLPLIGRALSGIL,1.301029996,13,4.698970004,496,496,train,4
497,S. aureus,FLPLIGRVASGIL,1.602059991,13,4.397940009,497,497,train,3
498,S. aureus,FLPLIGRVLAGIL,0.397940009,13,5.602059991,498,498,train,8
499,S. aureus,FLPLIGRVLSGAL,1.602059991,13,4.397940009,499,499,train,3
501,S. aureus,FLPLIGRVLSGILGWKRKRFG,1.0,21,5.0,501,501,train,5
502,S. aureus,FLPLILPSIVTALSSFLKQG,1.248570124,20,4.751429876,502,502,train,4
503,S. aureus,FLPLKKLRFGLL,0.495544338,12,5.504455662,503,503,train,8
504,S. aureus,FLPLLAGLAAKWF,1.274157849,13,4.725842151,504,504,train,4
505,S. aureus,FLPLLASLFSGLF,1.113943352,13,4.886056648,505,505,train,5
506,S. aureus,FLPLLASLFSRLF,0.301029996,13,5.698970004,506,506,train,9
507,S. aureus,FLPLLASLFSRLL,0.301029996,13,5.698970004,507,507,train,9
508,S. aureus,FLPLLFGAISHLL,1.488056526,13,4.511943474,508,508,train,3
509,S. aureus,FLPLLFGALSTLLPKIF,1.397940009,17,4.602059991,509,509,train,4
510,S. aureus,FLPLLGRVLSGLL,0.556302501,13,5.443697499,510,510,train,8
511,S. aureus,FLPLLVGAISSILPKIF,1.096910013,17,4.903089987,511,511,train,5
512,S. aureus,FLPLVGKILSGLI,1.84509804,13,4.15490196,512,512,train,2
513,S. aureus,FLPLVLGALSGILPKIL,0.424703786,17,5.575296214,513,513,train,8
514,S. aureus,FLPLVTGLLSGLL,1.806179974,13,4.193820026,514,514,train,2
515,S. aureus,FLPLVTMLLGKLF,0.875061263,13,5.124938737,515,515,train,6
516,S. aureus,FLPPSPWKETFRTS,1.098697885,14,4.901302115,516,516,train,5
517,S. aureus,FLPVIAGLLSKLF,0.903089987,13,5.096910013,517,517,train,6
518,S. aureus,FLPVIAGVLSKLF,1.0,13,5.0,518,518,train,5
519,S. aureus,FLPVILPVIGKLLNGIL,1.397940009,17,4.602059991,519,519,train,4
520,S. aureus,FLPVILPVIGKLLNGILGK,1.397940009,19,4.602059991,520,520,train,4
521,S. aureus,FLPVILPVIGKLLSGIL,1.522878745,17,4.477121255,521,521,train,3
522,S. aureus,FLPVLAGVLSRA,1.529982483,12,4.470017517,522,522,train,3
523,S. aureus,FLPVLGKVIKLVGGLL,0.491361694,16,5.508638306,523,523,train,8
524,S. aureus,FLPWFSKFLGRIL,0.477121255,13,5.522878745,524,524,train,8
525,S. aureus,FLQHIIGALGHLF,1.222716471,13,4.777283529,525,525,train,4
526,S. aureus,FLQHIIGALSHFF,1.103803721,13,4.896196279,526,526,train,5
527,S. aureus,FLQHIIGALTHIF,1.509874285,13,4.490125715,527,527,train,3
528,S. aureus,FLSAIASMLGKFL,2.301029996,13,3.698970004,528,528,train,0
529,S. aureus,FLSAITSLLGKLL,0.77815125,13,5.22184875,529,529,train,7
530,S. aureus,FLSGIVGMLGKLF,0.632023215,13,5.367976785,530,530,train,7
531,S. aureus,FLSGIVGMLGKLFGK,0.477121255,15,5.522878745,531,531,train,8
532,S. aureus,FLSGLIGGLAKMLGK,0.973127854,15,5.026872146,532,532,train,6
533,S. aureus,FLSHIAGFLSNLF,1.0,13,5.0,533,533,train,5
534,S. aureus,FLSHIAGFLSNLFGK,0.782274918,15,5.217725082,534,534,train,7
535,S. aureus,FLSIIAKVLGSLF,0.875061263,13,5.124938737,535,535,train,6
536,S. aureus,FLSLIPAAISAVSALANHF,1.517872518,19,4.482127482,536,536,train,3
537,S. aureus,FLSLIPHAIKAVGVHAKHF,1.788000754,19,4.211999246,537,537,train,2
538,S. aureus,FLSLIPHAINAVGVHAKHF,2.393000622,19,3.606999378,538,538,train,0
540,S. aureus,FLSLIPHAINAVSAIAKHFG,0.77815125,20,5.22184875,540,540,train,7
541,S. aureus,FLSLIPHAINAVSAIAKHN,0.897627091,19,5.102372909,541,541,train,6
543,S. aureus,FLSLIPHAINAVSTLVHHF,0.67669361,19,5.32330639,543,543,train,7
545,S. aureus,FLSLIPHIVSGVAALAKHLG,1.091080469,20,4.908919531,545,545,train,5
546,S. aureus,FLSLIPHIVSGVASIAKHF,0.756961951,19,5.243038049,546,546,train,7
549,S. aureus,FLSLIPKAIKAVGVKAKKF,2.129431306,19,3.870568694,549,549,train,1
550,S. aureus,FLSLIPKIAGGIAALAKHL,0.616772114,19,5.383227886,550,550,train,7
551,S. aureus,FLSLIPKIATGIAALAKHL,0.301029996,19,5.698970004,551,551,train,9
552,S. aureus,FLSLIPKLVKKIIKAFK,0.397940009,17,5.602059991,552,552,train,8
553,S. aureus,FLSLIPSLVGGSISAFK,2.079181246,17,3.920818754,553,553,train,1
554,S. aureus,FLSMIPHIAGGIASLVKNL,1.208176921,19,4.791823079,554,554,train,4
556,S. aureus,FLSMIPKIAGGIASLVKNL,0.608086824,19,5.391913176,556,556,train,7
557,S. aureus,FLSSIGKILGNLL,1.403335041,13,4.596664959,557,557,train,4
558,S. aureus,FLSTIWNGIKGLL,0.977723605,13,5.022276395,558,558,train,6
559,S. aureus,FLSTIWNGIKSLF,0.903089987,13,5.096910013,559,559,train,6
560,S. aureus,FLSTIWNGIKSLL,1.079181246,13,4.920818754,560,560,train,5
561,S. aureus,FLSTLWNAAKSIF,1.056169428,13,4.943830572,561,561,train,5
562,S. aureus,FLTGLIGGLMKALGK,2.176091259,15,3.823908741,562,562,train,0
563,S. aureus,FLWALFKVASK,0.979772441,11,5.020227559,563,563,train,6
564,S. aureus,FLWGLIPGAISAVTSLIKK,0.637851065,19,5.362148935,564,564,train,7
567,S. aureus,FMPIIGRLMSGSL,-0.064693135,13,6.064693135,567,567,train,9
568,S. aureus,FPFSLIPHAIGGLISAIK,1.681241237,18,4.318758763,568,568,train,2
569,S. aureus,FPISTLLKWWKG,1.927890158,12,4.072109842,569,569,train,1
571,S. aureus,FPVGRVHRLLRK,1.335533875,12,4.664466125,571,571,train,4
572,S. aureus,FPVKLKFPKVKL,1.986603041,12,4.013396959,572,572,train,1
573,S. aureus,FPVTFRFFKFFKG,1.702085896,13,4.297914104,573,573,train,2
576,S. aureus,FPVTWPTKWLKG,2.233666999,12,3.766333001,576,576,train,0
577,S. aureus,FPVTWPTKWRKG,2.221050469,12,3.778949531,577,577,train,0
578,S. aureus,FPVTWPTKWWEG,2.212192342,12,3.787807658,578,578,train,0
580,S. aureus,FPVTWPTKWWKS,2.204033855,12,3.795966145,580,580,train,0
582,S. aureus,FPVTWRWWKWWKG,1.089684615,13,4.910315385,582,582,train,5
583,S. aureus,FPVTWRWWTWWKG,1.241253198,13,4.758746802,583,583,train,4
584,S. aureus,FQNRRMKWKK,2.408239965,10,3.591760035,584,584,train,0
585,S. aureus,FQWQRNMRKV,2.477121255,10,3.522878745,585,585,train,0
586,S. aureus,FQWQRNMRKVR,1.213074825,11,4.786925175,586,586,train,4
587,S. aureus,FQWQRNMRKVRGPPVS,2.698970004,16,3.301029996,587,587,train,0
589,S. aureus,FRFKFRFK,2.327744531,8,3.672255469,589,589,train,0
590,S. aureus,FRIRVRV,2.10720997,7,3.89279003,590,590,train,1
591,S. aureus,FRIRVRVFKRIVQRIKDFLR,0.602059991,20,5.397940009,591,591,train,7
592,S. aureus,FRIRVRVKWKLFKKI,0.602059991,15,5.397940009,592,592,train,7
593,S. aureus,FRKLFRVYSNFLRGKLKL,1.041392685,18,4.958607315,593,593,train,5
594,S. aureus,FRPALIVRTKGTRL,1.477121255,14,4.522878745,594,594,train,3
595,S. aureus,FRRFFKWFRRFFKFF,1.498310554,15,4.501689446,595,595,train,3
596,S. aureus,FRRFFKWFRRPFKFF,0.444565221,15,5.555434779,596,596,train,8
597,S. aureus,FRRFFKWPRRFFKFF,0.957447649,15,5.042552351,597,597,train,6
598,S. aureus,FRRFFKWPRRPFKFF,0.806632129,15,5.193367871,598,598,train,6
599,S. aureus,FRRFRKWFRRFLKLF,1.193820026,15,4.806179974,599,599,train,5
600,S. aureus,FRRPFKWPRRFFKFF,0.7981901,15,5.2018099,600,600,train,6
601,S. aureus,FRRWWKWFK,0.032057099,9,5.967942901,601,601,train,9
602,S. aureus,FRVTWRTKWWKG,0.477121255,12,5.522878745,602,602,train,8
603,S. aureus,FSEAIKKIIDFLG,2.237759456,13,3.762240544,603,603,train,0
604,S. aureus,FSFLSRIF,2.0,8,4.0,604,604,train,1
605,S. aureus,FSIARLLKWWKG,1.144735173,12,4.855264827,605,605,train,5
606,S. aureus,FSTKTRNWFSEHFKKVKEKLKDTFA,1.906084061,25,4.093915939,606,606,train,1
607,S. aureus,FSVTWRWWKWWKG,0.846036903,13,5.153963097,607,607,train,6
608,S. aureus,FTVATFI,0.850606277,7,5.149393723,608,608,train,6
609,S. aureus,FVDLKKIANIINSIF,1.158362492,15,4.841637508,609,609,train,5
610,S. aureus,FVDLKKIANIINSIFGK,1.158362492,17,4.841637508,610,610,train,5
611,S. aureus,FVGAIAAALPHVISAIKNAL,1.204119983,20,4.795880017,611,611,train,4
613,S. aureus,FVKKFWGGVKAIFKGARKGLK,0.892094603,21,5.107905397,613,613,train,6
614,S. aureus,FVPWFSKFLGRIL,0.977723605,13,5.022276395,614,614,train,6
615,S. aureus,FVPWFSKFLKRIL,0.971971276,13,5.028028724,615,615,train,6
616,S. aureus,FVPWFSKFLPRIL,1.460208536,13,4.539791464,616,616,train,3
617,S. aureus,FVPWFSKFLWRIL,0.670941281,13,5.329058719,617,617,train,7
618,S. aureus,FVQWFSKFLGKIL,0.954242509,13,5.045757491,618,618,train,6
619,S. aureus,FVQWFSKFLGRIL,0.477121255,13,5.522878745,619,619,train,8
620,S. aureus,FVQWFSKFLLRIL,1.681241237,13,4.318758763,620,620,train,2
621,S. aureus,FVQWFSRFLGRIL,0.77815125,13,5.22184875,621,621,train,7
622,S. aureus,FVRWFSKFLGRIL,0.77815125,13,5.22184875,622,622,train,7
623,S. aureus,FVRWFSRFLGRIL,0.77815125,13,5.22184875,623,623,train,7
624,S. aureus,FVVKKKKKVF,1.902875533,10,4.097124467,624,624,train,1
628,S. aureus,FWGALAKGALKLIPSLVSSFTKKD,0.748188027,24,5.251811973,628,628,train,7
630,S. aureus,FWGALFKVASK,1.299818996,11,4.700181004,630,630,train,4
631,S. aureus,FWGFLGKLAMKAVPSLIGGNKK,0.698970004,22,5.301029996,631,631,train,7
632,S. aureus,FWGFLGKLAMKAVPSLIGGNKSSSK,1.0,25,5.0,632,632,train,5
633,S. aureus,FWGKLWEGVKNAI,1.505149978,13,4.494850022,633,633,train,3
634,S. aureus,FWGLKGLKGPGKFSKKL,1.903089987,17,4.096910013,634,634,train,1
635,S. aureus,FWGLKGLKKFSKKL,2.477121255,14,3.522878745,635,635,train,0
637,S. aureus,FWPVVIRTVVAGYNLYRAIKKK,-0.34973146,22,6.34973146,637,637,train,9
638,S. aureus,FWQKMSFA,1.374036408,8,4.625963592,638,638,train,4
639,S. aureus,FYTHVFRLKKWMQKVIDRFGG,0.602059991,21,5.397940009,639,639,train,7
640,S. aureus,GAARKSIRLHRLYTWKATIYTR,1.302220212,22,4.697779788,640,640,train,4
642,S. aureus,GAKALTKAATAFTKFYKTIW,1.761325425,20,4.238674575,642,642,train,2
643,S. aureus,GAKYAKIIYNYLKKIANALW,0.70963328,20,5.29036672,643,643,train,7
644,S. aureus,GAKYAKYIYNFYKYIAKYIW,1.697786165,20,4.302213835,644,644,train,2
645,S. aureus,GALFKVASKVL,2.247031938,11,3.752968062,645,645,train,0
646,S. aureus,GALFKVASKVLPS,2.181580169,13,3.818419831,646,646,train,0
648,S. aureus,GANAAKKFATIAKKFINYLW,0.850846749,20,5.149153251,648,648,train,6
649,S. aureus,GANAAKKLATFAKKIFTAYW,1.463642911,20,4.536357089,649,649,train,3
650,S. aureus,GANALKKYFTILKKFFKLAW,0.826103265,20,5.173896735,650,650,train,6
651,S. aureus,GANLAKKFYTYINKFINYAW,1.722358773,20,4.277641227,651,651,train,2
652,S. aureus,GATAIKQVKKLFKKKGG,0.301029996,17,5.698970004,652,652,train,9
653,S. aureus,GATAIKQVKKLWKKKGG,0.908485019,17,5.091514981,653,653,train,6
655,S. aureus,GAWKNFWSSLRKGFYDGEAGRAIRR,1.589949601,25,4.410050399,655,655,train,3
659,S. aureus,GEKLKKIGKKIKNFFQKL,1.096910013,18,4.903089987,659,659,train,5
660,S. aureus,GEKLKKIGQKIKKFFQKL,1.397940009,18,4.602059991,660,660,train,4
663,S. aureus,GFARIVQRIKDFLRNLV,0.875061263,17,5.124938737,663,663,train,6
664,S. aureus,GFFALIPKI,1.997724881,9,4.002275119,664,664,train,1
665,S. aureus,GFFALIPKIISSPLFKTLLSA,1.64517004,21,4.35482996,665,665,train,2
666,S. aureus,GFGKAFHSVSNFAKKHKTA,2.0,19,4.0,666,666,train,1
667,S. aureus,GFGKALKLLKKVL,1.0,13,5.0,667,667,train,5
668,S. aureus,GFGMALKLLKKVL,1.51912092,13,4.48087908,668,668,train,3
669,S. aureus,GFGSKPLDSFGLNFF,1.264185151,15,4.735814849,669,669,train,4
670,S. aureus,GFGSLLGKALKIGTNLL,0.77815125,17,5.22184875,670,670,train,7
673,S. aureus,GFGVLAKVAAHVVPAIAEHF,1.806179974,20,4.193820026,673,673,train,2
674,S. aureus,GFIFHIIKGLFHAGK,1.171334407,15,4.828665593,674,674,train,5
675,S. aureus,GFIFHIIKGLFHAGKMIHGLV,1.12640416,21,4.87359584,675,675,train,5
676,S. aureus,GFKAIVQRIKDFLRNLV,0.875061263,17,5.124938737,676,676,train,6
677,S. aureus,GFKDLLKGAAKALKKTVLF,2.0,19,4.0,677,677,train,1
678,S. aureus,GFKDLLKGAAKALVKAVLF,0.477121255,19,5.522878745,678,678,train,8
679,S. aureus,GFKDLLKGAAKALVKTVKF,2.0,19,4.0,679,679,train,1
680,S. aureus,GFKDLLKGAAKALVKTVLF,1.447158031,19,4.552841969,680,680,train,3
681,S. aureus,GFKDLLKGAKKALVKTVLF,1.875061263,19,4.124938737,681,681,train,2
682,S. aureus,GFKDLLKKAAKALVKTVLF,0.477121255,19,5.522878745,682,682,train,8
683,S. aureus,GFKDWIKGAAKKLIKTVASSIANQ,1.397940009,24,4.602059991,683,683,train,4
686,S. aureus,GFKKLLKGAAKALVKTVLF,0.477121255,19,5.522878745,686,686,train,8
687,S. aureus,GFKMALKLLKKVL,0.982271233,13,5.017728767,687,687,train,6
690,S. aureus,GFKRIVQRIKDFLANLV,0.875061263,17,5.124938737,690,690,train,6
692,S. aureus,GFLDIVKGVGKVALGAVSKLF,0.577049239,21,5.422950761,692,692,train,8
693,S. aureus,GFLDVIKHVGKAALGVVTHLINQ,0.818539249,23,5.181460751,693,693,train,6
694,S. aureus,GFLDVVKHIGKAALGAVTHLINQ,1.124612415,23,4.875387585,694,694,train,5
695,S. aureus,GFLGSLLKTGLKVGSNLL,1.551754873,18,4.448245127,695,695,train,3
696,S. aureus,GFLSILKKVL,1.037426498,10,4.962573502,696,696,train,5
697,S. aureus,GFLSILKKVLAKVMAHMK,0.672097858,18,5.327902142,697,697,train,7
698,S. aureus,GFLSILKKVLGKVMAHMK,0.633468456,18,5.366531544,698,698,train,7
699,S. aureus,GFLSILKKVLKKVMAHMK,1.139879086,18,4.860120914,699,699,train,5
700,S. aureus,GFLSILKKVLPKVMAHMK,0.832508913,18,5.167491087,700,700,train,6
705,S. aureus,GFMKYIKPLIPHAVKAIKKLI,1.920818754,21,4.079181246,705,705,train,1
706,S. aureus,GFMKYIKPLIPHAVKAISKLI,1.397940009,21,4.602059991,706,706,train,4
707,S. aureus,GFMSKVANFAKKFAKGGVNAIMNQK,2.10720997,25,3.89279003,707,707,train,1
708,S. aureus,GFRDVLKGAAKAFVKTVAGHIAN,1.782950133,23,4.217049867,708,708,train,2
709,S. aureus,GFRDVLKGAAKAFVKTVAGHIANI,1.698970004,24,4.301029996,709,709,train,2
710,S. aureus,GFSPNLPGKGLRIS,1.840835588,14,4.159164412,710,710,train,2
711,S. aureus,GFVALLKKLPLILKHLH,0.204119983,17,5.795880017,711,711,train,9
712,S. aureus,GFVALLKKLPLILKHLP,0.492760389,17,5.507239611,712,712,train,8
713,S. aureus,GFVDFLKKVAGTIANVVT,1.726026326,18,4.273973674,713,713,train,2
714,S. aureus,GFWGKLFKLGLHGIGLLHLHL,0.229727569,21,5.770272431,714,714,train,9
715,S. aureus,GFWGKLWEGVKNAI,1.002144011,14,4.997855989,715,715,train,5
716,S. aureus,GFWGKLWEGVKSAI,0.922597206,14,5.077402794,716,716,train,6
717,S. aureus,GFWGSLWEGVKSVV,1.983219354,14,4.016780646,717,717,train,1
718,S. aureus,GFWSSALEGLKKFAKGGLEALTNPK,2.0,25,4.0,718,718,train,1
719,S. aureus,GFWTTAAEGLKKFAKAGLASILNPK,1.903089987,25,4.096910013,719,719,train,1
720,S. aureus,GGHGGHGGHGGHGGHGGH,1.816597268,18,4.183402732,720,720,train,2
721,S. aureus,GGLRSLGRKILRAWKKYG,0.477121255,18,5.522878745,721,721,train,8
724,S. aureus,GIGALSAKGALKGLAKGLAEHFAN,1.146128036,24,4.853871964,724,724,train,5
725,S. aureus,GIGAVLKVLALISWIKRKR,0.770852012,19,5.229147988,725,725,train,7
726,S. aureus,GIGDILKNLAKAAGKAALHAVGESL,1.278753601,25,4.721246399,726,726,train,4
727,S. aureus,GIGGALLSAGKAALKGLAKVLV,0.671289823,22,5.328710177,727,727,train,7
731,S. aureus,GIGGKPVQTAFVDNDGIYD,0.405362634,19,5.594637366,731,731,train,8
732,S. aureus,GIGHFLHKVKSFGKSWIGEIMNS,1.880813592,23,4.119186408,732,732,train,2
736,S. aureus,GIGKFIHSAKRFGRAWVGEIMNS,1.875061263,23,4.124938737,736,736,train,2
739,S. aureus,GIGKFLHKVGSFIKSWKGEIMNS,1.86332286,23,4.13667714,739,739,train,2
740,S. aureus,GIGKFLHKVKSFGKSWIGEIMNS,1.880813592,23,4.119186408,740,740,train,2
742,S. aureus,GIGKFLHSAGKFGKAFLGEVMKS,2.301029996,23,3.698970004,742,742,train,0
747,S. aureus,GIGKFLHSAKKPGKAFVGEIMNS,2.024992317,23,3.975007683,747,747,train,1
749,S. aureus,GIGKFLHTLKTFGKKWVGEIMNS,1.113943352,23,4.886056648,749,749,train,5
750,S. aureus,GIGKFLKKAKKF,2.574226373,12,3.425773627,750,750,train,0
751,S. aureus,GIGKFLKKAKKFGKAFVKILKK,0.727888502,22,5.272111498,751,751,train,7
752,S. aureus,GIGKFLKKAKKFGKAFVKMKK,0.0,21,6.0,752,752,train,9
756,S. aureus,GIGSALAKAAKLVAGIV,1.096910013,17,4.903089987,756,756,train,5
757,S. aureus,GIGSILGVIAKGLPTLISWIKNR,0.698970004,23,5.301029996,757,757,train,7
758,S. aureus,GIGSLLAKAAKLGANLL,1.096910013,17,4.903089987,758,758,train,5
760,S. aureus,GIHDALKYGKPS,1.301029996,12,4.698970004,760,760,train,4
762,S. aureus,GIHDILAYGKPS,1.0,12,5.0,762,762,train,5
763,S. aureus,GIHDILKAGKPS,1.0,12,5.0,763,763,train,5
765,S. aureus,GIHDILKYGAPS,1.301029996,12,4.698970004,765,765,train,4
767,S. aureus,GIHDILKYGKKS,1.477121255,12,4.522878745,767,767,train,3
770,S. aureus,GIHDILKYGKRS,1.0,12,5.0,770,770,train,5
774,S. aureus,GIIKVIKSLIEQFTGK,1.806179974,16,4.193820026,774,774,train,2
775,S. aureus,GIIPIISIIGKII,1.531478917,13,4.468521083,775,775,train,3
776,S. aureus,GIKDILKYGKPS,1.176091259,12,4.823908741,776,776,train,5
777,S. aureus,GIKDWIKGAAKKLIKTVASHIANQ,1.698970004,24,4.301029996,777,777,train,2
778,S. aureus,GIKDWIKGAAKKLIKTVASNIANQ,1.698970004,24,4.301029996,778,778,train,2
779,S. aureus,GIKIAKKAITIAKKIAKIYW,1.151455931,20,4.848544069,779,779,train,5
780,S. aureus,GIKKILKYGKKS,0.698970004,12,5.301029996,780,780,train,7
781,S. aureus,GILDAIKAFANALG,0.602503672,14,5.397496328,781,781,train,7
782,S. aureus,GILDAIKAIAKAAG,0.785329835,14,5.214670165,782,782,train,7
783,S. aureus,GILDPIKAFAKAAG,0.603127836,14,5.396872164,783,783,train,7
784,S. aureus,GILDTLKQFAKGVGKWLVKGAAQ,1.614595872,23,4.385404128,784,784,train,3
785,S. aureus,GILGKLWEGFKSIV,1.204119983,14,4.795880017,785,785,train,4
786,S. aureus,GILGKLWEGVKSIF,0.932765995,14,5.067234005,786,786,train,6
787,S. aureus,GILGKLWKGVKSIF,0.685877478,14,5.314122522,787,787,train,7
788,S. aureus,GILKKFMLHRGTKVYKMRTLSKRSH,-0.558710188,25,6.558710188,788,788,train,9
790,S. aureus,GILKTIKSIASKLKRKAK,1.401540339,18,4.598459661,790,790,train,4
792,S. aureus,GILSSLLKKLKKIIAK,0.916453949,16,5.083546051,792,792,train,6
794,S. aureus,GILSSLLKKWKKIIAK,1.301029996,16,4.698970004,794,794,train,4
796,S. aureus,GILSSLWKKLKKWIAK,0.352182518,16,5.647817482,796,796,train,9
798,S. aureus,GILSSWLKKLKKIIAK,1.204119983,16,4.795880017,798,798,train,4
799,S. aureus,GIMISLMKKLAAHIAK,1.73239376,16,4.26760624,799,799,train,2
803,S. aureus,GIMSSLMKKLAKHIAK,1.799340549,16,4.200659451,803,803,train,2
805,S. aureus,GIMSSLMKKLAKIIKK,1.397940009,16,4.602059991,805,805,train,4
808,S. aureus,GIMSSLMKKLKKIIAK,1.322219295,16,4.677780705,808,808,train,4
811,S. aureus,GIRRILKYGKRS,0.342422681,12,5.657577319,811,811,train,9
812,S. aureus,GIRRILRYGRPS,0.698970004,12,5.301029996,812,812,train,7
813,S. aureus,GIRRILRYGRRS,1.0,12,5.0,813,813,train,5
817,S. aureus,GIWDTLKNVGKAVLGKVLENV,1.698970004,21,4.301029996,817,817,train,2
818,S. aureus,GIWGTLAKIGIKAVPRVISMLKKKQ,0.903089987,25,5.096910013,818,818,train,6
819,S. aureus,GIWKSLFTKLLKG,0.826571847,13,5.173428153,819,819,train,6
826,S. aureus,GKFLHSAGKFGKAFLGEVMIG,2.0,21,4.0,826,826,train,1
827,S. aureus,GKFLKKAKKFGK,2.569474343,12,3.430525657,827,827,train,0
829,S. aureus,GKGRWLERIGKAGGIIIGGALDHL,1.410347054,24,4.589652946,829,829,train,4
830,S. aureus,GKIIKLKASLKLL,1.459012698,13,4.540987302,830,830,train,3
831,S. aureus,GKIIKVVK,2.0,8,4.0,831,831,train,1
832,S. aureus,GKKLLKKLKKLLKKG,2.638704332,15,3.361295668,832,832,train,0
833,S. aureus,GKKLLKKLKKLLKKW,1.73225517,15,4.26774483,833,833,train,2
836,S. aureus,GKKYRRFRWKFKGKWFWFG,0.787631605,19,5.212368395,836,836,train,7
837,S. aureus,GKKYRRFRWKFRKGRFWFWG,0.758004733,20,5.241995267,837,837,train,7
838,S. aureus,GKKYRRFWKFKGKWFWFWG,2.125085155,19,3.874914845,838,838,train,1
839,S. aureus,GKLFKKILKFL,1.370149679,11,4.629850321,839,839,train,4
840,S. aureus,GKLFKKILKIL,0.982726996,11,5.017273004,840,840,train,6
841,S. aureus,GKLIKKFGRKAISYAVKKARGKH,1.556302501,23,4.443697499,841,841,train,3
842,S. aureus,GKLNLFLSRLEILKLFVGAL,0.451544993,20,5.548455007,842,842,train,8
843,S. aureus,GKLSSLWKKLKKIIAK,1.423245874,16,4.576754126,843,843,train,3
844,S. aureus,GKLWLKGGKLWLKGGKLWLKG,1.505149978,21,4.494850022,844,844,train,3
845,S. aureus,GKMKEYFKKFGASFKRRFANLKKRL,0.477121255,25,5.522878745,845,845,train,8
846,S. aureus,GKSDVRRWRSRY,2.0,12,4.0,846,846,train,1
848,S. aureus,GKWKSLLKHILK,1.301029996,12,4.698970004,848,848,train,4
850,S. aureus,GKWMHLLKHILK,1.096910013,12,4.903089987,850,850,train,5
853,S. aureus,GKWMSFLKHILK,0.806179974,12,5.193820026,853,853,train,6
855,S. aureus,GKWMSLLKHIWK,1.086359831,12,4.913640169,855,855,train,5
856,S. aureus,GKWMSLLKHWLK,1.139879086,12,4.860120914,856,856,train,5
857,S. aureus,GKWMSLLKKILK,0.799340549,12,5.200659451,857,857,train,6
858,S. aureus,GKWMSLLKQILK,1.033423755,12,4.966576245,858,858,train,5
859,S. aureus,GKWMSLWKHILK,1.431363764,12,4.568636236,859,859,train,3
862,S. aureus,GKWQSLLKHILK,1.397940009,12,4.602059991,862,862,train,4
864,S. aureus,GKWWSLLKHILK,0.672097858,12,5.327902142,864,864,train,7
865,S. aureus,GKYGFYTHVFRLKKWIQKVIDQFGE,1.522878745,25,4.477121255,865,865,train,3
866,S. aureus,GKYGFYTHVFRLKKWMQKVIDRFGG,0.602059991,25,5.397940009,866,866,train,7
867,S. aureus,GLADFLNKAVGKVVDFVKS,2.0,19,4.0,867,867,train,1
868,S. aureus,GLADVIKKVASVIGGL,1.812519411,16,4.187480589,868,868,train,2
870,S. aureus,GLARIVVIRVAR,1.677897156,12,4.322102844,870,870,train,2
871,S. aureus,GLASTIGSLLGKFAKGGAQAFLQPK,2.0,25,4.0,871,871,train,1
872,S. aureus,GLEETVYIYGANMAS,1.393142113,15,4.606857887,872,872,train,4
873,S. aureus,GLFAVIKKVAAVIKKL,1.167954573,16,4.832045427,873,873,train,5
874,S. aureus,GLFAVIKKVAAVIRRL,1.15385756,16,4.84614244,874,874,train,5
875,S. aureus,GLFAVIKKVAKVIKKL,1.153593332,16,4.846406668,875,875,train,5
881,S. aureus,GLFAVIKKVASVIKGL,0.863526475,16,5.136473525,881,881,train,6
882,S. aureus,GLFAVIKKVASVIKKL,0.944092145,16,5.055907855,882,882,train,6
883,S. aureus,GLFDIAKKVIGVIGSL,1.486787675,16,4.513212325,883,883,train,3
884,S. aureus,GLFDIIKKIAESF,1.744948841,13,4.255051159,884,884,train,2
885,S. aureus,GLFDIIKKVASVIGGL,1.185968961,16,4.814031039,885,885,train,5
886,S. aureus,GLFDIIKKVASVVGGL,1.18978482,16,4.81021518,886,886,train,5
887,S. aureus,GLFDIIKNIFSGL,1.843868762,13,4.156131238,887,887,train,2
888,S. aureus,GLFDIVKKIAGHIAGSI,1.45865384,17,4.54134616,888,888,train,3
889,S. aureus,GLFDIVKKIAGHIASSI,1.451219488,17,4.548780512,889,889,train,3
890,S. aureus,GLFDIVKKIAGHIVSSI,1.74541676,17,4.25458324,890,890,train,2
891,S. aureus,GLFDIVKKVVGAFGSL,1.481494009,16,4.518505991,891,891,train,3
892,S. aureus,GLFDIVKKVVGALGSL,1.189511122,16,4.810488878,892,892,train,5
893,S. aureus,GLFDIVKKVVGTIAGL,1.18575768,16,4.81424232,893,893,train,5
894,S. aureus,GLFDIVKKVVGTLAGL,1.18575768,16,4.81424232,894,894,train,5
895,S. aureus,GLFDIWAWWRWRR,1.40444324,13,4.59555676,895,895,train,4
896,S. aureus,GLFDIWKKLRWRR,1.722987771,13,4.277012229,896,896,train,2
897,S. aureus,GLFDIWKKWRWRR,1.529372116,13,4.470627884,897,897,train,3
898,S. aureus,GLFDIWKWWRWRR,0.788984303,13,5.211015697,898,898,train,7
899,S. aureus,GLFDKWAWWRWRR,1.701727581,13,4.298272419,899,899,train,2
900,S. aureus,GLFDVIAKVASVIGGL,1.80719311,16,4.19280689,900,900,train,2
901,S. aureus,GLFDVIAKVASVIKKL,0.513692068,16,5.486307932,901,901,train,8
902,S. aureus,GLFDVIK,3.112152958,7,2.887847042,902,902,train,0
903,S. aureus,GLFDVIKASVIGGL,2.867707064,14,3.132292936,903,903,train,0
905,S. aureus,GLFDVIKKLLKKIKGL,0.491361694,16,5.508638306,905,905,train,8
906,S. aureus,GLFDVIKKV,3.002445708,9,2.997554292,906,906,train,0
907,S. aureus,GLFDVIKKVAAVIGGL,1.193832458,16,4.806167542,907,907,train,5
909,S. aureus,GLFDVIKKVASV,2.302547313,12,3.697452687,909,909,train,0
910,S. aureus,GLFDVIKKVASVI,1.362543607,13,4.637456393,910,910,train,4
911,S. aureus,GLFDVIKKVASVIG,1.646088365,14,4.353911635,911,911,train,2
912,S. aureus,GLFDVIKKVASVIGG,1.629279944,15,4.370720056,912,912,train,3
913,S. aureus,GLFDVIKKVASVIGGA,1.803030067,16,4.196969933,913,913,train,2
914,S. aureus,GLFDVIKKVASVIGGL,1.131753784,16,4.868246216,914,914,train,5
915,S. aureus,GLFDVIKKVASVIGLASP,1.741321373,18,4.258678627,915,915,train,2
916,S. aureus,GLFDVIKKVASVIKKL,1.754932811,16,4.245067189,916,916,train,2
918,S. aureus,GLFDVVIGGL,3.015031128,10,2.984968872,918,918,train,0
919,S. aureus,GLFEVIKKVASVIGGL,1.787817671,16,4.212182329,919,919,train,2
920,S. aureus,GLFGILGSVAKHVLPHVIPVVAEHL,1.15853853,25,4.84146147,920,920,train,5
921,S. aureus,GLFGVLAKVAAHVVPAIAE,1.806179974,19,4.193820026,921,921,train,2
922,S. aureus,GLFGVLAKVAAHVVPAIAEH,1.806179974,20,4.193820026,922,922,train,2
924,S. aureus,GLFGVLAKVAAHVVPAIAKHF,0.602059991,21,5.397940009,924,924,train,7
925,S. aureus,GLFGVLAKVAAKVVPAIAEHF,0.903089987,21,5.096910013,925,925,train,6
927,S. aureus,GLFGVLAKVASHVVPAIAEHFQA,1.325738213,23,4.674261787,927,927,train,4
928,S. aureus,GLFGVLGSIAKHVLPHVVPVIAEKL,1.202344433,25,4.797655567,928,928,train,4
929,S. aureus,GLFKGKKKNKKTK,2.397940009,13,3.602059991,929,929,train,0
930,S. aureus,GLFKKLRRKIKKGFKKIFKRL,1.026647335,21,4.973352665,930,930,train,5
931,S. aureus,GLFKVIKKVAKVIKKL,1.440721822,16,4.559278178,931,931,train,3
932,S. aureus,GLFKVLGSVAKHLLPHVAPIIAEKL,0.655732399,25,5.344267601,932,932,train,7
933,S. aureus,GLFKVLGSVAKHLLPHVAPVIAEKL,1.070216618,25,4.929783382,933,933,train,5
934,S. aureus,GLFKVLGSVAKHLLPHVVPVIAEKL,0.528502064,25,5.471497936,934,934,train,8
935,S. aureus,GLFLDTLKKFAKAGMEAVINPK,1.903089987,22,4.096910013,935,935,train,1
936,S. aureus,GLFLDTLKKFAKAGMEAVTNPK,1.903089987,22,4.096910013,936,936,train,1
938,S. aureus,GLFSKFAGKGIKNFLNKGVKHIGKE,0.189650158,25,5.810349842,938,938,train,9
939,S. aureus,GLFSKFAGKGIVNFLIEGVE,1.029485795,20,4.970514205,939,939,train,5
940,S. aureus,GLFSVLGAVAKHVLPHVVPVIAEK,0.36361198,24,5.63638802,940,940,train,9
941,S. aureus,GLFSVLGAVAKHVLPHVVPVIAEKL,0.488959636,25,5.511040364,941,941,train,8
942,S. aureus,GLFSVLGSVAKHLLPHVAPIIAEKL,1.074697259,25,4.925302741,942,942,train,5
943,S. aureus,GLFSVLGSVAKHLLPHVVPVIAEKL,0.66018923,25,5.33981077,943,943,train,7
944,S. aureus,GLFSVLGSVAKHVVPRVVPVIAEHL,2.0,25,4.0,944,944,train,1
945,S. aureus,GLGKFLHSAKRFGKAFVGEAMNS,1.875061263,23,4.124938737,945,945,train,2
946,S. aureus,GLGSLVGNALRIGAKLL,1.096910013,17,4.903089987,946,946,train,5
947,S. aureus,GLGSVFGRLARILGRVIPKV,0.452297671,20,5.547702329,947,947,train,8
948,S. aureus,GLGSVLGKALKIGANLL,0.784141614,17,5.215858386,948,948,train,7
949,S. aureus,GLHKVMREVLGYERNSYKKFFLR,0.110113488,23,5.889886512,949,949,train,9
950,S. aureus,GLIGSIGKALGGLLVDVLKPKL,1.665210745,22,4.334789255,950,950,train,2
951,S. aureus,GLKALKKVFKGIHKAIKLINKHVK,1.301029996,24,4.698970004,951,951,train,4
952,S. aureus,GLKALKKVFKGIHKAIKLINKHVQ,1.301029996,24,4.698970004,952,952,train,4
958,S. aureus,GLKEIFKAGLGSLVKGIAAHVAS,2.243038049,23,3.756961951,958,958,train,0
959,S. aureus,GLKEVAHSAKKFAKGFISGLTGS,2.408239965,23,3.591760035,959,959,train,0
960,S. aureus,GLKKIFKAGLGSLKKGIAAHVAS,2.397940009,23,3.602059991,960,960,train,0
962,S. aureus,GLKKIFKAGLGSLVKGIKAHVAS,2.397940009,23,3.602059991,962,962,train,0
964,S. aureus,GLKKLISWIKRAAQQG,0.444385121,16,5.555614879,964,964,train,8
965,S. aureus,GLKKLLGKLLKKLGKLLLK,2.204119983,19,3.795880017,965,965,train,0
968,S. aureus,GLLDFVTGVGKDIFAQLIKQI,1.806179974,21,4.193820026,968,968,train,2
969,S. aureus,GLLDTLKGAAKNVVGSLASKVMEKL,2.301029996,25,3.698970004,969,969,train,0
970,S. aureus,GLLGKLLKIAAKVGKKLL,0.477121255,18,5.522878745,970,970,train,8
971,S. aureus,GLLGKLLKIAAKVGSNLL,0.477121255,18,5.522878745,971,971,train,8
972,S. aureus,GLLGLLGSVVSHVLPAITQHL,1.371708199,21,4.628291801,972,972,train,4
973,S. aureus,GLLGLLGSVVSHVVPAIVGHF,0.792391689,21,5.207608311,973,973,train,7
974,S. aureus,GLLGPLLKIAAKVGKNLL,0.477121255,18,5.522878745,974,974,train,8
975,S. aureus,GLLGPLLKIAAKVGSKLL,0.477121255,18,5.522878745,975,975,train,8
976,S. aureus,GLLGPLLKIAAKVGSNLL,1.835690571,18,4.164309429,976,976,train,2
977,S. aureus,GLLGPLLKIAKKVGSNLL,1.397940009,18,4.602059991,977,977,train,4
978,S. aureus,GLLGVLGSVAKHVLPHVVPVIAEHL,1.592597452,25,4.407402548,978,978,train,3
985,S. aureus,GLLKKLLKIAAKVGKKLL,0.77815125,18,5.22184875,985,985,train,7
986,S. aureus,GLLKKWLKKWKEFKRIVGY,1.473341366,19,4.526658634,986,986,train,3
989,S. aureus,GLLKPLLKIAAKVGSNLL,0.77815125,18,5.22184875,989,989,train,7
991,S. aureus,GLLKRIK,1.529615921,7,4.470384079,991,991,train,3
996,S. aureus,GLLKRIKKLLKKIKKLL,1.096910013,17,4.903089987,996,996,train,5
999,S. aureus,GLLKRIKT,1.394098624,8,4.605901376,999,999,train,4
1000,S. aureus,GLLKRIKTAL,1.445097161,10,4.554902839,1000,1000,train,3
1001,S. aureus,GLLKRIKTL,1.615879575,9,4.384120425,1001,1001,train,3
1008,S. aureus,GLLPLLSLLGKLL,0.193124598,13,5.806875402,1008,1008,train,9
1009,S. aureus,GLLRKWGKKWKEFLRRVWK,1.104602008,19,4.895397992,1009,1009,train,5
1010,S. aureus,GLLSGTSVRGSI,1.19595075,12,4.80404925,1010,1010,train,4
1011,S. aureus,GLLSKFGRLARKLARVIPKV,0.56427143,20,5.43572857,1011,1011,train,8
1012,S. aureus,GLLSLLSLLGKLL,0.494154594,13,5.505845406,1012,1012,train,8
1013,S. aureus,GLLSNVAGLLKQFAKGGVNAVLNPK,2.10720997,25,3.89279003,1013,1013,train,1
1014,S. aureus,GLLSSLGSVAKHVLPHVVPVIAEHL,1.58500928,25,4.41499072,1014,1014,train,3
1015,S. aureus,GLLSSLSSVAKHVLPHVVPVIAEHL,1.584514687,25,4.415485313,1015,1015,train,3
1016,S. aureus,GLLSVLGSVAKHVLAHVVAVIAEHL,1.596361398,25,4.403638602,1016,1016,train,3
1017,S. aureus,GLLSVLGSVAKHVLGHVVPVIAEHL,0.992247,25,5.007753,1017,1017,train,5
1018,S. aureus,GLLSVLGSVAKHVLPHVVPVIAEHL,0.240673818,25,5.759326182,1018,1018,train,9
1019,S. aureus,GLLSVLGSVAKHVLPHVVPVIAEKL,1.589032646,25,4.410967354,1019,1019,train,3
1020,S. aureus,GLLSVLGSVAQHVLPHVVPVIAEHL,0.361727836,25,5.638272164,1020,1020,train,9
1021,S. aureus,GLLSVLGSVVKHVIPHVVPVIAEHL,0.980972637,25,5.019027363,1021,1021,train,6
1022,S. aureus,GLMSSIGKALGGLIVDVLKPKTPAS,1.610311233,25,4.389688767,1022,1022,train,3
1023,S. aureus,GLMSVLGHAVGNVLGGLFKPKS,1.661225034,22,4.338774966,1023,1023,train,2
1038,S. aureus,GLNALKKVFQPIHKAIKKINNHVQ,1.602059991,24,4.397940009,1038,1038,train,3
1040,S. aureus,GLNTLKKVIQGLHEVIKLVNNHA,0.77815125,23,5.22184875,1040,1040,train,7
1042,S. aureus,GLPALISSIKRKRQQ,1.352888767,15,4.647111233,1042,1042,train,4
1043,S. aureus,GLPALISWIKRKR,-0.072982853,13,6.072982853,1043,1043,train,9
1044,S. aureus,GLPALISWIKRKRGG,0.196964383,15,5.803035617,1044,1044,train,9
1047,S. aureus,GLPALISWIKRKRQQG,1.130485963,16,4.869514037,1047,1047,train,5
1051,S. aureus,GLPGPLGPAGPK,2.973127854,12,3.026872146,1051,1051,train,0
1053,S. aureus,GLPWILLRWLFFRG,1.146128036,14,4.853871964,1053,1053,train,5
1054,S. aureus,GLQFPVGRVHRLLRK,0.65361289,15,5.34638711,1054,1054,train,7
1055,S. aureus,GLRILLLKV,0.477121255,9,5.522878745,1055,1055,train,8
1056,S. aureus,GLRKALRKFRNKIKEALKKI,0.301029996,20,5.698970004,1056,1056,train,9
1063,S. aureus,GLRRLFADQLVGRRNI,1.423844618,16,4.576155382,1063,1063,train,3
1065,S. aureus,GLTFLKKILNFAKKIYTAIW,0.829573566,20,5.170426434,1065,1065,train,6
1066,S. aureus,GLTRLFSVIK,1.175454279,10,4.824545721,1066,1066,train,5
1067,S. aureus,GLVGTLLGHIGKAILG,2.226734644,16,3.773265356,1067,1067,train,0
1068,S. aureus,GLVGTLLGHIGKAILS,1.182384731,16,4.817615269,1068,1068,train,5
1069,S. aureus,GLVSSIGRALGGLLADVVKSKGQPA,1.620915675,25,4.379084325,1069,1069,train,3
1070,S. aureus,GLVTGLLKTAGKLLGDLFGSLSG,1.096910013,23,4.903089987,1070,1070,train,5
1071,S. aureus,GLVTGLLKTAGKLLGDLFGSLTG,1.096910013,23,4.903089987,1071,1071,train,5
1072,S. aureus,GLVTSLIKGAGKLLGGLFGSVTG,0.795880017,23,5.204119983,1072,1072,train,6
1073,S. aureus,GLWEKIKEKASELVSGIVEGVK,1.619828534,22,4.380171466,1073,1073,train,3
1074,S. aureus,GLWEKVKEKANELVSGIVEGVK,1.617482474,22,4.382517526,1074,1074,train,3
1075,S. aureus,GLWSKIKEAAKTAGLMAMGFVNDMV,1.342422681,25,4.657577319,1075,1075,train,4
1076,S. aureus,GLWSKIKEVGKEAAKAAAKAAGK,2.0,23,4.0,1076,1076,train,1
1079,S. aureus,GMAKLLAKVLPHVVKLIK,0.431363764,18,5.568636236,1079,1079,train,8
1081,S. aureus,GMASKAGSIVGKIAKIALGAL,1.698970004,21,4.301029996,1081,1081,train,2
1085,S. aureus,GMASKAGSVLGKVAKVALKAAL,1.574031268,22,4.425968732,1085,1085,train,3
1086,S. aureus,GMASKLAKVLPHVVKLIK,1.544068044,18,4.455931956,1086,1086,train,3
1087,S. aureus,GMASLLAKVLPHVVKLIK,0.568201724,18,5.431798276,1087,1087,train,8
1088,S. aureus,GMASLLAKVLPKVVKLIK,0.544068044,18,5.455931956,1088,1088,train,8
1089,S. aureus,GMASLWAKVLPHVVKLIK,1.234264124,18,4.765735876,1089,1089,train,4
1091,S. aureus,GMATAAGTTLGKLAKFVIGAV,1.903089987,21,4.096910013,1091,1091,train,1
1095,S. aureus,GMWKKILGKLIR,1.176091259,12,4.823908741,1095,1095,train,5
1099,S. aureus,GMWSKILGHLIK,1.198657087,12,4.801342913,1099,1099,train,4
1103,S. aureus,GMWSKILPHLIR,2.0,12,4.0,1103,1103,train,1
1104,S. aureus,GMWSKIPGHLIR,2.0,12,4.0,1104,1104,train,1
1106,S. aureus,GPIRRPEPRPRPE,1.301029996,13,4.698970004,1106,1106,train,4
1107,S. aureus,GPIRRPKPRPRPE,1.301029996,13,4.698970004,1107,1107,train,4
1108,S. aureus,GPIRRPKPRPRPRPE,1.301029996,15,4.698970004,1108,1108,train,4
1109,S. aureus,GPIRRPKPRPRQRPE,1.301029996,15,4.698970004,1109,1109,train,4
1110,S. aureus,GRFKRFRKKFKKLFKKLS,0.522878745,18,5.477121255,1110,1110,train,8
1111,S. aureus,GRFRRLRKKTRK,2.10720997,12,3.89279003,1111,1111,train,1
1112,S. aureus,GRFRRLRKKTRKRLKKIGKV,1.669006781,20,4.330993219,1112,1112,train,2
1118,S. aureus,GRIKRIRKKIKKLIKKLS,0.602059991,18,5.397940009,1118,1118,train,7
1119,S. aureus,GRILSFIKGLAEHL,1.80859197,14,4.19140803,1119,1119,train,2
1120,S. aureus,GRKKRRQRRRGGWMWVTNLRTD,1.657848051,22,4.342151949,1120,1120,train,2
1121,S. aureus,GRKKRRQRRRPPQ,0.602059991,13,5.397940009,1121,1121,train,7
1122,S. aureus,GRKLWRKWLKRWLP,0.726998728,14,5.273001272,1122,1122,train,7
1123,S. aureus,GRPRPFPGRPKPIFRPR,2.0,17,4.0,1123,1123,train,1
1124,S. aureus,GRRGPRRANQNGTRRRRRRT,2.0,20,4.0,1124,1124,train,1
1125,S. aureus,GRRPRPRPRP,2.204119983,10,3.795880017,1125,1125,train,0
1126,S. aureus,GRRPRPRPRPFFF,1.602059991,13,4.397940009,1126,1126,train,3
1129,S. aureus,GRRPRPRPRPWWW,1.602059991,13,4.397940009,1129,1129,train,3
1130,S. aureus,GRRPRPRPRPWWWW,1.602059991,14,4.397940009,1130,1130,train,3
1131,S. aureus,GRRPRPRPRPWWWWW,1.301029996,15,4.698970004,1131,1131,train,4
1132,S. aureus,GRRYKKFRWKFKGRWFWFG,0.481963504,19,5.518036496,1132,1132,train,8
1133,S. aureus,GRWKRWRKKWKKLWKKLS,0.602059991,18,5.397940009,1133,1133,train,7
1134,S. aureus,GSAQPYKQLHKVVNWDPYG,0.836324116,19,5.163675884,1134,1134,train,6
1136,S. aureus,GTAWRWHYRARS,1.91780585,12,4.08219415,1136,1136,train,1
1138,S. aureus,GVAKFGKAAAHFGKGWIKEMLNS,1.880813592,23,4.119186408,1138,1138,train,2
1139,S. aureus,GVFDIIKDAGKQLVAHAMGKIAEKV,2.481630767,25,3.518369233,1139,1139,train,0
1140,S. aureus,GVFDIIKDAGKQLVAHATGKIAEKV,2.48661118,25,3.51338882,1140,1140,train,0
1141,S. aureus,GVFDIIKDAGRQLVAHAMGKIAEKV,2.477045168,25,3.522954832,1141,1141,train,0
1142,S. aureus,GVFDIIKGAGKQLIAHAMGKIAEKV,2.488934048,25,3.511065952,1142,1142,train,0
1143,S. aureus,GVFLDALKKFAKGGMNAVLNPK,2.0,22,4.0,1143,1143,train,1
1144,S. aureus,GVFRRLRKVTRKVLKKIGKVLKWI,0.602059991,24,5.397940009,1144,1144,train,7
1145,S. aureus,GVFRVLRKVTRVVLKVIGKVLKWI,0.301029996,24,5.698970004,1145,1145,train,9
1146,S. aureus,GVGDLIRKAVSVIKNIV,1.448270046,17,4.551729954,1146,1146,train,3
1147,S. aureus,GVGKFLHSAKKFGQALASEIMKS,2.0,23,4.0,1147,1147,train,1
1148,S. aureus,GVGKFLHSAKKFGQALVSEIMKS,2.0,23,4.0,1148,1148,train,1
1149,S. aureus,GVIAAAKKVVNVLKNLF,1.146498178,17,4.853501822,1149,1149,train,5
1150,S. aureus,GVIDAAKKVVNVLKNLF,1.13591571,17,4.86408429,1150,1150,train,5
1151,S. aureus,GVIDAAKKVVNVLKNLP,1.147973104,17,4.852026896,1151,1151,train,5
1152,S. aureus,GVIDIIKGAGKDLIAHAIGKLAEKV,2.49996696,25,3.50003304,1152,1152,train,0
1153,S. aureus,GVIKSVLKGVAKTVALGML,1.096910013,19,4.903089987,1153,1153,train,5
1154,S. aureus,GVLDILKGAAKDLAGH,1.607455023,16,4.392544977,1154,1154,train,3
1157,S. aureus,GVLSAFKNALPGIMKIIV,0.632205502,18,5.367794498,1157,1157,train,7
1158,S. aureus,GVLSNVIGYLKKLGTGALNAVLKQ,1.706518891,24,4.293481109,1158,1158,train,2
1159,S. aureus,GVLSVIKNALPGIMRF,0.633468456,16,5.366531544,1159,1159,train,7
1160,S. aureus,GVLSVIKNALPGIMRFIA,0.624485763,18,5.375514237,1160,1160,train,7
1161,S. aureus,GVSVAGAKKVKVLFVFPFLF,2.075065142,20,3.924934858,1161,1161,train,1
1186,S. aureus,GVVKVSRLKGESLRARL,1.029599212,17,4.970400788,1186,1186,train,5
1187,S. aureus,GVVPVVSVVGKVV,2.0,13,4.0,1187,1187,train,1
1188,S. aureus,GVVTDLLKTAGKLLGNLFGSLSG,0.804480189,23,5.195519811,1188,1188,train,6
1189,S. aureus,GVVTDLLKTAGKLLGNLVGSLSG,1.703291378,23,4.296708622,1189,1189,train,2
1190,S. aureus,GVVTDLLNTAGGLLGNLVGSLSG,2.439332694,23,3.560667306,1190,1190,train,0
1191,S. aureus,GVVVRIGRVIVRGVRR,0.903089987,16,5.096910013,1191,1191,train,6
1192,S. aureus,GVVVRIGRVVVRGVRR,0.903089987,16,5.096910013,1192,1192,train,6
1193,S. aureus,GVVVRVARVVVRWVRR,0.602059991,16,5.397940009,1193,1193,train,7
1194,S. aureus,GVVVRVGRVVVRGVRR,1.204119983,16,4.795880017,1194,1194,train,4
1195,S. aureus,GVVVRVGRVVVRWV,0.903089987,14,5.096910013,1195,1195,train,6
1196,S. aureus,GVVVRVGRVVVRWVRR,0.301029996,16,5.698970004,1196,1196,train,9
1197,S. aureus,GVVVRVGRVVVRWVRRRR,0.301029996,18,5.698970004,1197,1197,train,9
1198,S. aureus,GVVVRVPRVVVRWVRR,0.602059991,16,5.397940009,1198,1198,train,7
1199,S. aureus,GVVVRWGRVIVRGVRR,0.602059991,16,5.397940009,1199,1199,train,7
1200,S. aureus,GVVVRWGRVVVRGVRR,0.903089987,16,5.096910013,1200,1200,train,6
1201,S. aureus,GVVVRWGRVWVRGVRR,0.602059991,16,5.397940009,1201,1201,train,7
1205,S. aureus,GWASKIGQALGKVAKVGLQQFIQPK,2.0,25,4.0,1205,1205,train,1
1209,S. aureus,GWASKIGTQLGKMAKVGLKEFVQS,1.397940009,24,4.602059991,1209,1209,train,4
1210,S. aureus,GWASSIGSILGKFAKGGAQAFLQPK,2.408239965,25,3.591760035,1210,1210,train,0
1211,S. aureus,GWFDVVKHIAKRF,1.698970004,13,4.301029996,1211,1211,train,2
1212,S. aureus,GWGDTFGKVLKNFAKVAGVKAAK,1.204119983,23,4.795880017,1212,1212,train,4
1213,S. aureus,GWGDTFLKTMAKIAKVGPKLLHS,1.204119983,23,4.795880017,1213,1213,train,4
1214,S. aureus,GWGSFFKKAAAVGKAVGKAALTAYL,0.803937155,25,5.196062845,1214,1214,train,6
1215,S. aureus,GWGSFFKKAAHVG,1.763427994,13,4.236572006,1215,1215,train,2
1217,S. aureus,GWGSIFKHGRHAAKHIGHAAVNHYL,1.063439215,25,4.936560785,1217,1217,train,5
1218,S. aureus,GWKKWFNRAKKVGKTVGGLAVDHYL,0.747855444,25,5.252144556,1218,1218,train,7
1219,S. aureus,GWKKWFTKGERLSQRHFA,1.451577412,18,4.548422588,1219,1219,train,3
1220,S. aureus,GWKKWLRKGAKHLGQAAIK,0.812196408,19,5.187803592,1220,1220,train,6
1221,S. aureus,GWKKWLRKGAKHLGQAAIKGLAS,0.805316535,23,5.194683465,1221,1221,train,6
1222,S. aureus,GWKRKRFG,2.301029996,8,3.698970004,1222,1222,train,0
1223,S. aureus,GWKSVFRKAKKVGKTVGGLALDHYL,1.365388277,25,4.634611723,1223,1223,train,4
1224,S. aureus,GWLDVAKKIGKAAFNVAKNFI,1.348953548,21,4.651046452,1224,1224,train,4
1225,S. aureus,GWLDVAKKIGKAAFNVAKNFL,0.230448921,21,5.769551079,1225,1225,train,9
1226,S. aureus,GWLPTFGKILRKAMQLGPKLIQPI,1.204119983,24,4.795880017,1226,1226,train,4
1227,S. aureus,GWMSKIASGIGTFLSGMQQ,2.0,19,4.0,1227,1227,train,1
1228,S. aureus,GWRLIKKILRVFKGL,0.340248022,15,5.659751978,1228,1228,train,9
1229,S. aureus,GWRTLLKKAEVKTVGKLALKHYL,0.178287531,23,5.821712469,1229,1229,train,9
1230,S. aureus,GYKYINNIIKYINKFFKYIW,0.483282568,20,5.516717432,1230,1230,train,8
1231,S. aureus,GYNYAKKLANLAKKFANALW,1.021390424,20,4.978609576,1231,1231,train,5
1240,S. aureus,HFLGTLVNLAKKKL,2.10720997,14,3.89279003,1240,1240,train,1
1245,S. aureus,HKTDSFVGLM,2.644240081,10,3.355759919,1245,1245,train,0
1246,S. aureus,HKVVFKVKFH,1.493289027,10,4.506710973,1246,1246,train,3
1247,S. aureus,HKWMSLLKHILK,1.583198774,12,4.416801226,1247,1247,train,3
1248,S. aureus,HLHFPHLHFP,1.591263018,10,4.408736982,1248,1248,train,3
1249,S. aureus,HLNKRVQRELIGWLDWLK,2.257678575,18,3.742321425,1249,1249,train,0
1250,S. aureus,HLRRINKLLTRIGLYRHAFG,1.644176107,20,4.355823893,1250,1250,train,2
1251,S. aureus,HNSSKQWSHWLWHNGIRI,1.447006622,18,4.552993378,1251,1251,train,3
1252,S. aureus,HPLKQYWWRPSI,2.096910013,12,3.903089987,1252,1252,train,1
1253,S. aureus,HQFRFRFRVRRK,0.301029996,12,5.698970004,1253,1253,train,9
1254,S. aureus,HRVKRNGFRKFMRRLKKFFAGG,1.669889714,22,4.330110286,1254,1254,train,2
1255,S. aureus,HRWWRWWRH,1.204119983,9,4.795880017,1255,1255,train,4
1256,S. aureus,HRWWRWWRR,0.903089987,9,5.096910013,1256,1256,train,6
1257,S. aureus,HVINLEESFQEPEYENHLA,-2.22184875,19,8.22184875,1257,1257,train,9
1258,S. aureus,IAAAGLPQE,2.892651034,9,3.107348966,1258,1258,train,0
1259,S. aureus,IAAQGLPQE,3.096910013,9,2.903089987,1259,1259,train,0
1260,S. aureus,IDGLKAIVKKVADLLKNT,1.84509804,18,4.15490196,1260,1260,train,2
1261,S. aureus,IDGLKAIWKKVADLLKNT,1.860338007,18,4.139661993,1261,1261,train,2
1266,S. aureus,IFGAIWKGISSLL,1.545694126,13,4.454305874,1266,1266,train,3
1267,S. aureus,IFGAIWNGIKSLF,1.105084849,13,4.894915151,1267,1267,train,5
1269,S. aureus,IFGLLLHGAIHVGKLIHGLVRRH,1.150514998,23,4.849485002,1269,1269,train,5
1270,S. aureus,IGGIISFFKRLF,0.650464499,12,5.349535501,1270,1270,train,7
1271,S. aureus,IGKEFKRIVQRIKDFLRNL,0.602059991,19,5.397940009,1271,1271,train,7
1272,S. aureus,IGKFLKKAKKFG,2.574226373,12,3.425773627,1272,1272,train,0
1273,S. aureus,IGKKFKRIVKRIKKFLRKL,0.602059991,19,5.397940009,1273,1273,train,7
1274,S. aureus,IGKKFKRIVKRIKKWLRKL,0.301029996,19,5.698970004,1274,1274,train,9
1275,S. aureus,IGKKFKRIVQRIKKFLRKL,0.602059991,19,5.397940009,1275,1275,train,7
1276,S. aureus,IGKKFKRIVQRIKKFLRNL,0.602059991,19,5.397940009,1276,1276,train,7
1277,S. aureus,IGKKWKRIVKRIKKFLRKL,0.602059991,19,5.397940009,1277,1277,train,7
1278,S. aureus,IGKLFKRIVKRILKFLRKL,0.602059991,19,5.397940009,1278,1278,train,7
1279,S. aureus,IGKLFKRIVQRILKFLRNL,0.903089987,19,5.096910013,1279,1279,train,6
1280,S. aureus,IGKLVKWIIKTVNKFTKK,0.568201724,18,5.431798276,1280,1280,train,8
1281,S. aureus,IHHQGLPQE,3.397940009,9,2.602059991,1281,1281,train,0
1282,S. aureus,IHQGLPQE,3.273001272,8,2.726998728,1282,1282,train,0
1283,S. aureus,IIGAIAAALPHVINAIKNTF,1.204119983,20,4.795880017,1283,1283,train,4
1284,S. aureus,IIGHLIKTALGMLGL,1.079181246,15,4.920818754,1284,1284,train,5
1289,S. aureus,IIPLPLGYFAKKKKKKDPVPLDQ,1.578855434,23,4.421144566,1289,1289,train,3
1292,S. aureus,IIRKIIRK,2.682203295,8,3.317796705,1292,1292,train,0
1293,S. aureus,IISTIGKLPKWIIKTVNKFTKK,1.342422681,22,4.657577319,1293,1293,train,4
1294,S. aureus,IISTIGKLVKWIIDTV,1.204119983,16,4.795880017,1294,1294,train,4
1296,S. aureus,IISTIGKLVKWIIKTVNKFTKK,0.672097858,22,5.327902142,1296,1296,train,7
1297,S. aureus,IKAQGLPQE,3.096910013,9,2.903089987,1297,1297,train,0
1298,S. aureus,IKFEPPLPPKKAH,1.629564057,13,4.370435943,1298,1298,train,3
1299,S. aureus,IKHAGLPQE,3.235212711,9,2.764787289,1299,1299,train,0
1300,S. aureus,IKHQGLPQA,3.193820026,9,2.806179974,1300,1300,train,0
1301,S. aureus,IKHQGLPQE,3.140272214,9,2.859727786,1301,1301,train,0
1302,S. aureus,IKHQGLPQED,3.038918066,10,2.961081934,1302,1302,train,0
1303,S. aureus,IKHQGLPQEE,3.397940009,10,2.602059991,1303,1303,train,0
1304,S. aureus,IKHQGRPQE,3.397940009,9,2.602059991,1304,1304,train,0
1305,S. aureus,IKHRGLPQE,3.038918066,9,2.961081934,1305,1305,train,0
1306,S. aureus,IKIKIKIK,1.771142527,8,4.228857473,1306,1306,train,2
1307,S. aureus,IKKIIKKI,2.698970004,8,3.301029996,1307,1307,train,0
1308,S. aureus,IKKIIKKIIK,2.698970004,10,3.301029996,1308,1308,train,0
1309,S. aureus,IKKIIKKIIKKI,2.397940009,12,3.602059991,1309,1309,train,0
1310,S. aureus,IKKILSKIKKLL,0.795880017,12,5.204119983,1310,1310,train,6
1311,S. aureus,IKKILSKIKKLLK,0.698970004,13,5.301029996,1311,1311,train,7
1312,S. aureus,IKKILSKIKKLWK,1.096910013,13,4.903089987,1312,1312,train,5
1313,S. aureus,IKKILSKIKKWLK,0.698970004,13,5.301029996,1313,1313,train,7
1314,S. aureus,IKKILSKIKKWWK,1.096910013,13,4.903089987,1314,1314,train,5
1315,S. aureus,IKKIVSKIKKLL,0.494154594,12,5.505845406,1315,1315,train,8
1316,S. aureus,IKKIVSKIKKLLK,0.494154594,13,5.505845406,1316,1316,train,8
1317,S. aureus,IKKIVSKIKKVL,0.892651034,12,5.107348966,1317,1317,train,6
1318,S. aureus,IKKIVSKIKKVLK,0.846955325,13,5.153044675,1318,1318,train,6
1319,S. aureus,IKKIWSKIKKLLK,0.397940009,13,5.602059991,1319,1319,train,8
1320,S. aureus,IKKIWSKIKKLWK,0.397940009,13,5.602059991,1320,1320,train,8
1321,S. aureus,IKKIWSKIKKWLK,0.397940009,13,5.602059991,1321,1321,train,8
1322,S. aureus,IKKIWSKIKKWWK,0.397940009,13,5.602059991,1322,1322,train,8
1323,S. aureus,IKKRWWWFR,1.357259682,9,4.642740318,1323,1323,train,4
1324,S. aureus,IKKVASV,3.13876514,7,2.86123486,1324,1324,train,0
1325,S. aureus,IKKVASVIGGL,2.975129472,11,3.024870528,1325,1325,train,0
1326,S. aureus,IKKWLSKIKKLLK,0.193124598,13,5.806875402,1326,1326,train,9
1327,S. aureus,IKKWWSKIKKLLK,0.193124598,13,5.806875402,1327,1327,train,9
1329,S. aureus,IKQGLPQE,3.397940009,8,2.602059991,1329,1329,train,0
1330,S. aureus,IKQLLHFFQRF,1.626568568,11,4.373431432,1330,1330,train,3
1331,S. aureus,IKQLLHFFQRFGGGFIKHFIHRF,1.337333977,23,4.662666023,1331,1331,train,4
1332,S. aureus,IKQVKKLFKK,0.889301703,10,5.110698297,1332,1332,train,6
1333,S. aureus,IKRFWPVVIRTVVAGYNLYRAIKKK,0.066088677,25,5.933911323,1333,1333,train,9
1335,S. aureus,IKWKAILDAVKKVI,1.470374509,14,4.529625491,1335,1335,train,3
1336,S. aureus,IKWKRWWWR,1.345363738,9,4.654636262,1336,1336,train,4
1337,S. aureus,ILAWKWAWWAWRR,0.302020352,13,5.697979648,1337,1337,train,9
1338,S. aureus,ILGAAWNGAKSLF,1.870451792,13,4.129548208,1338,1338,train,2
1339,S. aureus,ILGAIIPLVSGLLSHL,1.285557309,16,4.714442691,1339,1339,train,4
1340,S. aureus,ILGAILPLVSGLLSNKL,2.10720997,17,3.89279003,1340,1340,train,1
1342,S. aureus,ILGIITSLLKSL,1.293930953,12,4.706069047,1342,1342,train,4
1345,S. aureus,ILGKIIKVVK,2.0,10,4.0,1345,1345,train,1
1350,S. aureus,ILGKIWKGIKSLF,1.358814885,13,4.641185115,1350,1350,train,4
1351,S. aureus,ILGKIWKIKKLF,0.0,12,6.0,1351,1351,train,9
1352,S. aureus,ILGKIWKPIKKLF,0.06694679,13,5.93305321,1352,1352,train,9
1360,S. aureus,ILGKLWEGLKSLF,1.52177256,13,4.47822744,1360,1360,train,3
1369,S. aureus,ILGPVLGLVGDTLGDLL,1.778591083,17,4.221408917,1369,1369,train,2
1373,S. aureus,ILGPVLGLVSDTLDDVLGIL,2.113943352,20,3.886056648,1373,1373,train,1
1375,S. aureus,ILGPVLGLVSNTLDDVLGIL,1.694348426,20,4.305651574,1375,1375,train,2
1378,S. aureus,ILGTILGLLKSL,1.082468374,12,4.917531626,1378,1378,train,5
1382,S. aureus,ILKKWPWWPWRRK,0.929895423,13,5.070104577,1382,1382,train,6
1383,S. aureus,ILKLFKRIVKRILKFLRKL,0.903089987,19,5.096910013,1383,1383,train,6
1384,S. aureus,ILKWKWPWWKWRR,0.404639709,13,5.595360291,1384,1384,train,8
1386,S. aureus,ILPFKFPFFPFRR,0.562353731,13,5.437646269,1386,1386,train,8
1387,S. aureus,ILPIIGKILSTIFGK,0.795880017,15,5.204119983,1387,1387,train,6
1388,S. aureus,ILPILAPLIGGLL,2.0,13,4.0,1388,1388,train,1
1389,S. aureus,ILPILGNLLNGLL,2.0,13,4.0,1389,1389,train,1
1390,S. aureus,ILPILGNLLNSLL,2.0,13,4.0,1390,1390,train,1
1391,S. aureus,ILPILSLIGGLL,1.831443159,12,4.168556841,1391,1391,train,2
1392,S. aureus,ILPILSLIGGLLGK,1.612783857,14,4.387216143,1392,1392,train,3
1393,S. aureus,ILPIRSLIKKLL,1.096910013,12,4.903089987,1393,1393,train,5
1394,S. aureus,ILPKKKPWWPWRR,0.542737367,13,5.457262633,1394,1394,train,8
1395,S. aureus,ILPKKWPKLPWRR,0.560821014,13,5.439178986,1395,1395,train,8
1396,S. aureus,ILPLKLPLLPLRR,0.307457767,13,5.692542233,1396,1396,train,9
1397,S. aureus,ILPLKLPLLPWRR,0.490781316,13,5.509218684,1397,1397,train,8
1398,S. aureus,ILPLKLPWLPLRR,0.791811312,13,5.208188688,1398,1398,train,7
1399,S. aureus,ILPLKLPWWPWRR,0.249744365,13,5.750255635,1399,1399,train,9
1401,S. aureus,ILPWKKPKKPKRR,0.775954361,13,5.224045639,1401,1401,train,7
1402,S. aureus,ILPWKKPKKPWRR,0.76116222,13,5.23883778,1402,1402,train,7
1403,S. aureus,ILPWKKPKLPWRR,0.260485334,13,5.739514666,1403,1403,train,9
1411,S. aureus,ILPWKWPWLPKRR,0.546393189,13,5.453606811,1411,1411,train,8
1413,S. aureus,ILPWKWPWLPWKK,0.245566125,13,5.754433875,1413,1413,train,9
1415,S. aureus,ILPWKWPWLPYRR,0.537918332,13,5.462081668,1415,1415,train,8
1422,S. aureus,ILPYKYPYYPYRR,1.14458121,13,4.85541879,1422,1422,train,5
1423,S. aureus,ILRWKWRWWRWRR,-0.15490196,13,6.15490196,1423,1423,train,9
1424,S. aureus,ILSAIWSGIKGLL,1.352182518,13,4.647817482,1424,1424,train,4
1425,S. aureus,ILSAIWSGIKSLF,0.918940279,13,5.081059721,1425,1425,train,6
1426,S. aureus,ILSLRWRWKWWKK,1.832508913,13,4.167491087,1426,1426,train,2
1427,S. aureus,ILSLRWRWWKWKK,1.832508913,13,4.167491087,1427,1427,train,2
1428,S. aureus,ILSLRWWRKWWKK,1.505149978,13,4.494850022,1428,1428,train,3
1433,S. aureus,INLKAIAALARNY,0.929153575,13,5.070846425,1433,1433,train,6
1437,S. aureus,INLKAITALAKKLL,0.748852809,14,5.251147191,1437,1437,train,7
1438,S. aureus,INLKGLIKKVASLLT,2.0,15,4.0,1438,1438,train,1
1439,S. aureus,INLKILARLAKKIL,0.665111737,14,5.334888263,1439,1439,train,7
1440,S. aureus,INLLKIAKGIIKSL,1.400607435,14,4.599392565,1440,1440,train,4
1441,S. aureus,INMKASAAVAKKLL,0.287313505,14,5.712686495,1441,1441,train,9
1442,S. aureus,INPKSVQSLL,2.301029996,10,3.698970004,1442,1442,train,0
1443,S. aureus,INWKALLDAAKKVL,0.391603665,14,5.608396335,1443,1443,train,8
1444,S. aureus,INWKGIAAMAKKLL,0.375925357,14,5.624074643,1444,1444,train,8
1445,S. aureus,INWKGIAAMKKLL,0.396218513,13,5.603781487,1445,1445,train,8
1448,S. aureus,INWKKIKSIIKAAMN,1.698970004,15,4.301029996,1448,1448,train,2
1450,S. aureus,INWKKMAATALKMI,0.253138515,14,5.746861485,1450,1450,train,9
1451,S. aureus,INWLKAKKVAGMIL,1.432425505,14,4.567574495,1451,1451,train,3
1453,S. aureus,INWLKLGKKILGAL,1.190331698,14,4.809668302,1453,1453,train,5
1455,S. aureus,IPHAVKAISDLI,2.301029996,12,3.698970004,1455,1455,train,0
1456,S. aureus,IPPFIKKVLTTVF,1.698970004,13,4.301029996,1456,1456,train,2
1457,S. aureus,IPWGKVKDFLVGGMKAV,0.954242509,17,5.045757491,1457,1457,train,6
1458,S. aureus,IRHQGLPQE,3.307763378,9,2.692236622,1458,1458,train,0
1462,S. aureus,IRKLKSWKWLRWL,1.505149978,13,4.494850022,1462,1462,train,3
1463,S. aureus,IRMRIRVLL,0.602059991,9,5.397940009,1463,1463,train,7
1464,S. aureus,IRRIIRKIIHIIKK,1.045677443,14,4.954322557,1464,1464,train,5
1465,S. aureus,IRRQGLPE,3.038918066,8,2.961081934,1465,1465,train,0
1466,S. aureus,IRVKIRVK,2.393056351,8,3.606943649,1466,1466,train,0
1468,S. aureus,IRWRIRVWVRRI,0.128960768,12,5.871039232,1468,1468,train,9
1470,S. aureus,ISKRILTGKK,2.350032966,10,3.649967034,1470,1470,train,0
1471,S. aureus,ITIPPIVKDTLKKFFKGGIAGVMGQ,1.602059991,25,4.397940009,1471,1471,train,3
1472,S. aureus,ITIPPIVKDTLKKFIKGAISGVM,1.301029996,23,4.698970004,1472,1472,train,4
1473,S. aureus,ITIPPIVKDTLKKFIKGAISSVM,1.301029996,23,4.698970004,1473,1473,train,4
1474,S. aureus,ITIPPIVKNTLKKFIKGAVSALMS,1.0,24,5.0,1474,1474,train,5
1475,S. aureus,ITPATPFTPAIITEITAAVIA,-1.546435043,21,7.546435043,1475,1475,train,9
1476,S. aureus,IWGLIAHGVGHVGRLIHGLIRG,0.77815125,22,5.22184875,1476,1476,train,7
1477,S. aureus,IWKRWWWKR,1.822484993,9,4.177515007,1477,1477,train,2
1478,S. aureus,IWLTALKFLGKHAAKHLAKQQLSKL,0.491361694,25,5.508638306,1478,1478,train,8
1479,S. aureus,IWLTALKFLGKNLGKHLAKQQLAKL,0.667919685,25,5.332080315,1479,1479,train,7
1480,S. aureus,IWRIFRRIF,0.602059991,9,5.397940009,1480,1480,train,7
1481,S. aureus,IWRIFRRIFRIF,0.0,12,6.0,1481,1481,train,9
1482,S. aureus,IWRIFRRIFRIFIRF,0.903089987,15,5.096910013,1482,1482,train,6
1483,S. aureus,IWRVWRRWK,0.602059991,9,5.397940009,1483,1483,train,7
1484,S. aureus,IWSAIWSGIKGLL,0.255272505,13,5.744727495,1484,1484,train,9
1485,S. aureus,IWSFLIKAATKLLPSLFGG,0.889727057,19,5.110272943,1485,1485,train,6
1486,S. aureus,IWSFLIKAATKLLPSLFGGGKKDS,1.763950121,24,4.236049879,1486,1486,train,2
1487,S. aureus,IYYPPNHNFP,2.307392923,10,3.692607077,1487,1487,train,0
1488,S. aureus,KAAAKWAAKAAK,2.0,12,4.0,1488,1488,train,1
1489,S. aureus,KAIAKSILKWIKSIAKAI,0.146128036,18,5.853871964,1489,1489,train,9
1490,S. aureus,KAKKFGKAFVKI,2.574226373,12,3.425773627,1490,1490,train,0
1491,S. aureus,KAKLFKKIPKFLHLWKKF,0.301029996,18,5.698970004,1491,1491,train,9
1492,S. aureus,KALAKALAKLWKALAKAA,0.176091259,18,5.823908741,1492,1492,train,9
1493,S. aureus,KALKKLLAKWLAAAKALL,0.176091259,18,5.823908741,1493,1493,train,9
1496,S. aureus,KARQWQSKIRRTNPIFAIRR,1.403753832,20,4.596246168,1496,1496,train,4
1497,S. aureus,KARRAVRAI,1.789035152,9,4.210964848,1497,1497,train,2
1498,S. aureus,KARRAVRWI,1.743447987,9,4.256552013,1498,1498,train,2
1499,S. aureus,KARRWVRAI,1.743447987,9,4.256552013,1499,1499,train,2
1500,S. aureus,KDLHTVVSAILQAL,1.821664067,14,4.178335933,1500,1500,train,2
1502,S. aureus,KFAKKFKWFAKAAFKFFKK,0.620339576,19,5.379660424,1502,1502,train,7
1503,S. aureus,KFFKKLKKAVKKGFKKFAKV,0.512748884,20,5.487251116,1503,1503,train,8
1504,S. aureus,KFFRKLKKSVKKRAK,1.66499874,15,4.33500126,1504,1504,train,2
1505,S. aureus,KFGKAFVKILKK,2.260007667,12,3.739992333,1505,1505,train,0
1508,S. aureus,KFKWWRMLI,0.079181246,9,5.920818754,1508,1508,train,9
1510,S. aureus,KFLHLAKKFPKWKLFKKI,0.193124598,18,5.806875402,1510,1510,train,9
1511,S. aureus,KFLKKAKKFGKA,2.565081528,12,3.434918472,1511,1511,train,0
1512,S. aureus,KFRRFVRFI,0.602059991,9,5.397940009,1512,1512,train,7
1513,S. aureus,KFWKLLKKALRLWAKVL,0.72359276,17,5.27640724,1513,1513,train,7
1514,S. aureus,KFWKLLKKALRLWKKVL,0.736990521,17,5.263009479,1514,1514,train,7
1515,S. aureus,KFWSLLKKALRLWANVL,0.680567832,17,5.319432168,1515,1515,train,7
1516,S. aureus,KGGGKWGGKGGK,1.096910013,12,4.903089987,1516,1516,train,5
1517,S. aureus,KGIVGMLGKLF,1.602059991,11,4.397940009,1517,1517,train,3
1518,S. aureus,KGLFHAGKMIH,1.907102586,11,4.092897414,1518,1518,train,1
1519,S. aureus,KGRGKQGGKVRAKAK,0.406473199,15,5.593526801,1519,1519,train,8
1521,S. aureus,KHKWLWLW,0.922107588,8,5.077892412,1521,1521,train,6
1522,S. aureus,KHQGLPQE,3.038918066,8,2.961081934,1522,1522,train,0
1523,S. aureus,KHVGKAALTHYL,0.662757832,12,5.337242168,1523,1523,train,7
1524,S. aureus,KIAGKIAAIAGKIAKIAGKIAK,1.476844365,22,4.523155635,1524,1524,train,3
1525,S. aureus,KIAGKIAAIAGKIAKIAGKIAKIA,0.53780246,24,5.46219754,1525,1525,train,8
1526,S. aureus,KIAGKIAKIAGKIA,2.267810775,14,3.732189225,1526,1526,train,0
1527,S. aureus,KIAGKIAKIAGKIAK,2.229285625,15,3.770714375,1527,1527,train,0
1531,S. aureus,KIAGKIAKIAGKIAKIAGKIAK,0.863321378,22,5.136678622,1531,1531,train,6
1532,S. aureus,KIAGKIAKIAGKIAKIAGKIAKIA,0.226209205,24,5.773790795,1532,1532,train,9
1533,S. aureus,KIAGKIAKIAKKIAK,2.209296448,15,3.790703552,1533,1533,train,0
1534,S. aureus,KIAGKIAKKAGKIAK,2.22498832,15,3.77501168,1534,1534,train,0
1536,S. aureus,KIAGKIASIAGKIAKIAGKIAK,1.774631487,22,4.225368513,1536,1536,train,2
1537,S. aureus,KIAGKIASIAGKIAKIAGKIAKIA,0.534816345,24,5.465183655,1537,1537,train,8
1538,S. aureus,KIAHGVKKYGPTVLRIIRIAG,0.941043788,21,5.058956212,1538,1538,train,6
1539,S. aureus,KIAKKIAKIAKKIA,2.225257535,14,3.774742465,1539,1539,train,0
1540,S. aureus,KIAKVALKAL,1.486884774,10,4.513115226,1540,1540,train,3
1541,S. aureus,KIAKVALKALKIAKGALKAL,0.243038049,20,5.756961951,1541,1541,train,9
1542,S. aureus,KIAKVALKALKIAKVALKAL,0.051152522,20,5.948847478,1542,1542,train,9
1544,S. aureus,KIGAIKKWGAIKKIGAIK,2.124162541,18,3.875837459,1544,1544,train,1
1545,S. aureus,KIGAKIKWGAKIKIGAKI,0.619012563,18,5.380987437,1545,1545,train,7
1546,S. aureus,KIGKAIKWGKAIKIGKAI,2.124162541,18,3.875837459,1546,1546,train,1
1547,S. aureus,KIKEKLKKIGQKI,2.204119983,13,3.795880017,1547,1547,train,0
1548,S. aureus,KIKEKLKKIGQKIQG,2.155336037,15,3.844663963,1548,1548,train,1
1549,S. aureus,KIKEKLKKIGQKIQGLL,2.103803721,17,3.896196279,1549,1549,train,1
1550,S. aureus,KIKFLKVLT,0.414352161,9,5.585647839,1550,1550,train,8
1551,S. aureus,KIKGAIKWKGAIKIKGAI,0.920042559,18,5.079957441,1551,1551,train,6
1552,S. aureus,KIKIPWGKVKDFLVGGMKAV,1.508716858,20,4.491283142,1552,1552,train,3
1553,S. aureus,KIKLFKKWPKFLHLAKKF,0.301029996,18,5.698970004,1553,1553,train,9
1554,S. aureus,KIKWILKYWKWS,1.12764463,12,4.87235537,1554,1554,train,5
1555,S. aureus,KILGKLWKGVKSIF,0.73329011,14,5.26670989,1555,1555,train,7
1556,S. aureus,KILGVSKKIMRRISKDILTGKK,2.008023006,22,3.991976994,1556,1556,train,1
1557,S. aureus,KILRGVSKKIMRRILTGKK,2.060747447,19,3.939252553,1557,1557,train,1
1558,S. aureus,KILRGVSKKIMRRISKDILTGKK,1.902656891,23,4.097343109,1558,1558,train,1
1559,S. aureus,KILRGVSKKIMRTFLRR,1.784445316,17,4.215554684,1559,1559,train,2
1560,S. aureus,KILRGVSKRILTGKK,2.178527132,15,3.821472868,1560,1560,train,0
1562,S. aureus,KIRVRLSA,2.133085123,8,3.866914877,1562,1562,train,1
1563,S. aureus,KISKKIMRTFLRR,2.183677614,13,3.816322386,1563,1563,train,0
1564,S. aureus,KISKKIMRTFLRRILTGKK,2.043140005,19,3.956859995,1564,1564,train,1
1565,S. aureus,KISKKIMRTFLRRISKDILTGKK,1.817344754,23,4.182655246,1565,1565,train,2
1566,S. aureus,KIWFQNKKMKWKK,2.408239965,13,3.591760035,1566,1566,train,0
1567,S. aureus,KIWFQNRRMKWKK,2.408239965,13,3.591760035,1567,1567,train,0
1568,S. aureus,KIWVIRWR,1.141002511,8,4.858997489,1568,1568,train,5
1569,S. aureus,KKAAAAFAAFAAWFAAFAAAAKKKK,1.505149978,25,4.494850022,1569,1569,train,3
1570,S. aureus,KKAAAFAAAAAFAAWAAFAAAKKKK,1.505149978,25,4.494850022,1570,1570,train,3
1571,S. aureus,KKAAHVGKHVGKAAKK,1.750508395,16,4.249491605,1571,1571,train,2
1572,S. aureus,KKAAHVGKHVGKAAL,1.305351369,15,4.694648631,1572,1572,train,4
1573,S. aureus,KKAFAAAAAFAAWAAFAKKKK,1.505149978,21,4.494850022,1573,1573,train,3
1574,S. aureus,KKAGKIAKKAGKIA,2.258473402,14,3.741526598,1574,1574,train,0
1575,S. aureus,KKAKKAKKA,2.903089987,9,3.096910013,1575,1575,train,0
1576,S. aureus,KKAKKFGKAFVK,2.569474343,12,3.430525657,1576,1576,train,0
1577,S. aureus,KKFGGGKTERARKAMAVE,0.899917622,18,5.100082378,1577,1577,train,6
1578,S. aureus,KKFGKAFVKILK,2.260007667,12,3.739992333,1578,1578,train,0
1579,S. aureus,KKFLHSAKKWLKAFVKLFKNW,0.974982438,21,5.025017562,1579,1579,train,6
1580,S. aureus,KKFPWWWPFKK,0.403977157,11,5.596022843,1580,1580,train,8
1581,S. aureus,KKFWEDDG,2.397904512,8,3.602095488,1581,1581,train,0
1582,S. aureus,KKHKWLWK,0.239042066,8,5.760957934,1582,1582,train,9
1583,S. aureus,KKIGAIKKWGAIKKIGAI,2.124162541,18,3.875837459,1583,1583,train,1
1584,S. aureus,KKIMRTFLRR,2.278322708,10,3.721677292,1584,1584,train,0
1585,S. aureus,KKIMRTFLRRISKDILTGKK,2.02209509,20,3.97790491,1585,1585,train,1
1586,S. aureus,KKIMRTFLRRISKKILTGKK,1.718735691,20,4.281264309,1586,1586,train,2
1587,S. aureus,KKKAAAFAAWAAFAKKK,1.505149978,17,4.494850022,1587,1587,train,3
1588,S. aureus,KKKKKKAAFAAFAAFAA,1.505149978,17,4.494850022,1588,1588,train,3
1589,S. aureus,KKKKKKAAFAAWAAFAA,1.505149978,17,4.494850022,1589,1589,train,3
1590,S. aureus,KKKKKKAAWAAWAAWAA,1.505149978,17,4.494850022,1590,1590,train,3
1591,S. aureus,KKKKPLFGLFFGLF,0.777260046,14,5.222739954,1591,1591,train,7
1592,S. aureus,KKKLFKKL,0.0,8,6.0,1592,1592,train,9
1593,S. aureus,KKKLFWKIPKFLHLAKKF,0.301029996,18,5.698970004,1593,1593,train,9
1594,S. aureus,KKKLKKLKKKLK,2.0,12,4.0,1594,1594,train,1
1595,S. aureus,KKKLLLLLLLLLKKK,1.698970004,15,4.301029996,1595,1595,train,2
1596,S. aureus,KKKVVFKVKFK,0.356046307,11,5.643953693,1596,1596,train,9
1597,S. aureus,KKKVVFKVKFKK,0.317442036,12,5.682557964,1597,1597,train,9
1598,S. aureus,KKKVVFKVKFKKK,0.281990909,13,5.718009091,1598,1598,train,9
1599,S. aureus,KKKWLWLW,1.828464744,8,4.171535256,1599,1599,train,2
1600,S. aureus,KKLAGLAKKWAGLAKKLAGLA,0.874382876,21,5.125617124,1600,1600,train,6
1603,S. aureus,KKLFKKIKKFL,2.546415812,11,3.453584188,1603,1603,train,0
1605,S. aureus,KKLIKKILKIL,0.669481554,11,5.330518446,1605,1605,train,7
1606,S. aureus,KKLIKVFAKGFKKAKKLFKGIG,1.588142153,22,4.411857847,1606,1606,train,3
1607,S. aureus,KKLKKLKKKWKKLKKKLK,1.633932936,18,4.366067064,1607,1607,train,3
1608,S. aureus,KKLKKLLKKWKKLLKKLK,1.639583426,18,4.360416574,1608,1608,train,3
1609,S. aureus,KKLLFKLKFK,1.383353214,10,4.616646786,1609,1609,train,4
1610,S. aureus,KKLLKKLKKLLK,1.301029996,12,4.698970004,1610,1610,train,4
1611,S. aureus,KKLLKKLLKWL,0.248451563,11,5.751548437,1611,1611,train,9
1612,S. aureus,KKLLKLLLKLLK,0.494154594,12,5.505845406,1612,1612,train,8
1613,S. aureus,KKLLKWLKKLL,0.593498388,11,5.406501612,1613,1613,train,8
1615,S. aureus,KKLLPIVANLLKSLL,0.478041352,15,5.521958648,1615,1615,train,8
1616,S. aureus,KKPKKPWKPKK,1.260071388,11,4.739928612,1616,1616,train,4
1617,S. aureus,KKPKLPWKPKK,1.204119983,11,4.795880017,1617,1617,train,4
1618,S. aureus,KKPKLPWLPKK,1.123851641,11,4.876148359,1618,1618,train,5
1619,S. aureus,KKPKLPWLPLK,1.380211242,11,4.619788758,1619,1619,train,4
1620,S. aureus,KKPWWKPWWPKWKK,0.301029996,14,5.698970004,1620,1620,train,9
1621,S. aureus,KKRLKKIFKKPMVIGVTIPF,1.732084959,20,4.267915041,1621,1621,train,2
1622,S. aureus,KKRWVWIRY,0.861416416,9,5.138583584,1622,1622,train,6
1623,S. aureus,KKRWWWWWR,0.2959122,9,5.7040878,1623,1623,train,9
1624,S. aureus,KKRYKKKYKAYKPYKKKKKF,1.574031268,20,4.425968732,1624,1624,train,3
1625,S. aureus,KKTWWKTWWTKW,0.602059991,12,5.397940009,1625,1625,train,7
1626,S. aureus,KKTWWKTWWTKWKK,0.301029996,14,5.698970004,1626,1626,train,9
1627,S. aureus,KKTWWKTWWTKWSQP,0.602059991,15,5.397940009,1627,1627,train,7
1628,S. aureus,KKTWWKTWWTKWSQPKK,0.301029996,17,5.698970004,1628,1628,train,9
1629,S. aureus,KKTWWKTWWTKWSQPKKKRKV,0.301029996,21,5.698970004,1629,1629,train,9
1630,S. aureus,KKVADKVLLLKQLRIMRL,0.903089987,18,5.096910013,1630,1630,train,6
1632,S. aureus,KKVLKAAA,0.954242509,8,5.045757491,1632,1632,train,6
1634,S. aureus,KKVVFKVKFH,1.172773999,10,4.827226001,1634,1634,train,5
1636,S. aureus,KKVVFKVKFKK,0.213531953,11,5.786468047,1636,1636,train,9
1637,S. aureus,KKVVFKVKFKKK,0.317442036,12,5.682557964,1637,1637,train,9
1640,S. aureus,KKWLKKWLK,1.724362137,9,4.275637863,1640,1640,train,2
1641,S. aureus,KKWMQKVIDRFGG,2.10720997,13,3.89279003,1641,1641,train,1
1642,S. aureus,KKWMSLLKHILK,1.451786436,12,4.548213564,1642,1642,train,3
1643,S. aureus,KKWRKLLKKLKKLL,0.040146854,14,5.959853146,1643,1643,train,9
1644,S. aureus,KKWRKLLKWLAKK,0.39637601,13,5.60362399,1644,1644,train,8
1645,S. aureus,KKWRWWLKALAKK,0.483187034,13,5.516812966,1645,1645,train,8
1646,S. aureus,KKWRWWLKALAKKLL,-0.595160649,15,6.595160649,1646,1646,train,9
1647,S. aureus,KKWWWKWKKW,1.051152522,10,4.948847478,1647,1647,train,5
1648,S. aureus,KKYRYHLKPFSKK,2.10720997,13,3.89279003,1648,1648,train,1
1649,S. aureus,KLAGKLAKWAGKLAKLAGKLA,0.57335288,21,5.42664712,1649,1649,train,8
1650,S. aureus,KLAGLAKKLAGLAKKLAGLAK,0.889491096,21,5.110508904,1650,1650,train,6
1651,S. aureus,KLAGLAKKWAGLAKKLAGLAK,0.874382876,21,5.125617124,1651,1651,train,6
1652,S. aureus,KLAGLKAKWAGLKAKLAGLKA,2.078502859,21,3.921497141,1652,1652,train,1
1653,S. aureus,KLAKGLAKWAKGLAKLAKGLA,0.57335288,21,5.42664712,1653,1653,train,8
1654,S. aureus,KLALKAALKAWKAAAKLA,1.653212514,18,4.346787486,1654,1654,train,2
1656,S. aureus,KLFAVIKKVAAVIGGL,1.487564914,16,4.512435086,1656,1656,train,3
1657,S. aureus,KLFAVIKKVAAVIRRL,1.738657538,16,4.261342462,1657,1657,train,2
1658,S. aureus,KLGFENFLVKALKTVMHVPTSPLL,2.408239965,24,3.591760035,1658,1658,train,0
1659,S. aureus,KLGHHGRAPP,2.10720997,10,3.89279003,1659,1659,train,1
1660,S. aureus,KLKAGLAKWKAGLAKLKAGLA,2.078502859,21,3.921497141,1660,1660,train,1
1661,S. aureus,KLKFPKLKFP,1.603592207,10,4.396407793,1661,1661,train,3
1662,S. aureus,KLKHVGLHVGKLK,1.604226053,13,4.395773947,1662,1662,train,3
1663,S. aureus,KLKKKLKKLLKK,2.524031415,12,3.475968585,1663,1663,train,0
1664,S. aureus,KLKKLLKKLLKK,2.528412189,12,3.471587811,1664,1664,train,0
1665,S. aureus,KLKKLLKKLLKL,2.532837604,12,3.467162396,1665,1665,train,0
1666,S. aureus,KLKKLLKKWLKLLKKLLK,0.602059991,18,5.397940009,1666,1666,train,7
1667,S. aureus,KLKLLKLLKLLKLLK,1.397940009,15,4.602059991,1667,1667,train,4
1668,S. aureus,KLKLLLKLK,1.53072889,9,4.46927111,1668,1668,train,3
1669,S. aureus,KLKLLLLKLK,0.21837023,10,5.78162977,1669,1669,train,9
1670,S. aureus,KLKLLLLL,1.564835946,8,4.435164054,1670,1670,train,3
1671,S. aureus,KLKLLLLLKLK,1.061773129,11,4.938226871,1671,1671,train,5
1672,S. aureus,KLKLVALHKQVL,0.857056755,12,5.142943245,1672,1672,train,6
1673,S. aureus,KLLAKAALKWLLKALKAA,0.204119983,18,5.795880017,1673,1673,train,9
1674,S. aureus,KLLGPLLKIAAKVGSNLL,1.096910013,18,4.903089987,1674,1674,train,5
1675,S. aureus,KLLKKLLKLWKKLLKKLK,1.645308403,18,4.354691597,1675,1675,train,2
1676,S. aureus,KLLKKLLKWLK,0.549481559,11,5.450518441,1676,1676,train,8
1677,S. aureus,KLLKLLLKLWKKLLKLLK,1.651109857,18,4.348890143,1677,1677,train,2
1678,S. aureus,KLLKLLLKLWLKLLKLLL,1.65698986,18,4.34301014,1678,1678,train,2
1679,S. aureus,KLLKQWPIGKLLKKLLKKLLK,-0.704205049,21,6.704205049,1679,1679,train,9
1683,S. aureus,KLLKWLKKLLK,0.549481559,11,5.450518441,1683,1683,train,8
1684,S. aureus,KLLKWLLK,1.380333904,8,4.619666096,1684,1684,train,4
1685,S. aureus,KLLKWLLKL,0.428956434,9,5.571043566,1685,1685,train,8
1686,S. aureus,KLLKWWKKLL,1.079181246,10,4.920818754,1686,1686,train,5
1687,S. aureus,KLLLKLKLKLLK,1.698970004,12,4.301029996,1687,1687,train,2
1688,S. aureus,KLLLKLKLKLLKGWKRKRFG,1.397940009,20,4.602059991,1688,1688,train,4
1691,S. aureus,KLLNLLPGLLAGIF,1.096910013,14,4.903089987,1691,1691,train,5
1692,S. aureus,KLPKLPWKPKK,1.271841607,11,4.728158393,1692,1692,train,4
1693,S. aureus,KLPLIGRVLSGIL,1.754603129,13,4.245396871,1693,1693,train,2
1694,S. aureus,KLPLLPWLPKK,1.806179974,11,4.193820026,1694,1694,train,2
1695,S. aureus,KLPLLPWLPLK,1.806179974,11,4.193820026,1695,1695,train,2
1696,S. aureus,KLRKLFRKLLKLIRKLLR,0.835637068,18,5.164362932,1696,1696,train,6
1697,S. aureus,KLRRLIRLL,1.626891983,9,4.373108017,1697,1697,train,3
1698,S. aureus,KLRRWVRWI,1.580834064,9,4.419165936,1698,1698,train,3
1699,S. aureus,KLRRWVRWL,1.279804069,9,4.720195931,1699,1699,train,4
1700,S. aureus,KLSPSLGPVSKGKLLAGQR,1.819543936,19,4.180456064,1700,1700,train,2
1701,S. aureus,KLVKRFKKFFRKLKKS,1.494508212,16,4.505491788,1701,1701,train,3
1702,S. aureus,KLVKWIIKTVNKFTKK,1.342422681,16,4.657577319,1702,1702,train,4
1704,S. aureus,KLWKLWLKWLK,0.669006781,11,5.330993219,1704,1704,train,7
1705,S. aureus,KLWLLWLKWLL,1.630088715,11,4.369911285,1705,1705,train,3
1706,S. aureus,KMDSRWRWKSSKK,1.365771941,13,4.634228059,1706,1706,train,4
1708,S. aureus,KNKRKRRRRRRGGRRRR,1.726067654,17,4.273932346,1708,1708,train,2
1710,S. aureus,KNVNSIVKIQAFFRARKAQDDYR,0.662757832,23,5.337242168,1710,1710,train,7
1712,S. aureus,KNWGKILKHIIK,1.884795364,12,4.115204636,1712,1712,train,2
1713,S. aureus,KNWKAILKHIIK,1.812913357,12,4.187086643,1713,1713,train,2
1714,S. aureus,KNWKGIAGMAKKLLGKNWKLM,1.164352856,21,4.835647144,1714,1714,train,5
1715,S. aureus,KQFRIRVRVIRK,0.875337427,12,5.124662573,1715,1715,train,6
1716,S. aureus,KQIKIWFQNKKMKWKK,2.408239965,16,3.591760035,1716,1716,train,0
1718,S. aureus,KQLIRFLKRLDRNLWGLA,1.041392685,18,4.958607315,1718,1718,train,5
1719,S. aureus,KQRWLWLW,0.568476345,8,5.431523655,1719,1719,train,8
1720,S. aureus,KQWRIRVAVIRA,1.330271572,12,4.669728428,1720,1720,train,4
1721,S. aureus,KRFKKFFKKLKKFVKKGFKKFAKV,0.472103819,24,5.527896181,1721,1721,train,8
1722,S. aureus,KRFKKFFKKLKNSVKKRAKKFFKK,0.740649333,24,5.259350667,1722,1722,train,7
1723,S. aureus,KRFKKFFKKVKKSV,1.852355602,14,4.147644398,1723,1723,train,2
1724,S. aureus,KRFRIRVRVIRK,0.566753181,12,5.433246819,1724,1724,train,8
1725,S. aureus,KRFWPVVIRTVVAGYNLYRAIKKK,0.082675954,24,5.917324046,1725,1725,train,9
1726,S. aureus,KRFWQLVPLAIKIYRAWKRR,0.602059991,20,5.397940009,1726,1726,train,7
1728,S. aureus,KRIGLIRLIGKILRGLRRLG,1.31915252,20,4.68084748,1728,1728,train,4
1729,S. aureus,KRIKTLL,1.845250704,7,4.154749296,1729,1729,train,2
1730,S. aureus,KRIMKLKMR,2.354108439,9,3.645891561,1730,1730,train,0
1731,S. aureus,KRIRKRIKKWKR,0.602059991,12,5.397940009,1731,1731,train,7
1732,S. aureus,KRIRKRIKKWLR,0.602059991,12,5.397940009,1732,1732,train,7
1733,S. aureus,KRIVKLIKKWLR,0.477121255,12,5.522878745,1733,1733,train,8
1734,S. aureus,KRIVKLILKWLR,0.812913357,12,5.187086643,1734,1734,train,6
1735,S. aureus,KRIVKRIKKWLR,0.477121255,12,5.522878745,1735,1735,train,8
1737,S. aureus,KRIVQRIKDFLRNLVPRTES,1.568201724,20,4.431798276,1737,1737,train,3
1739,S. aureus,KRIVQRIKKWLR,0.477121255,12,5.522878745,1739,1739,train,8
1740,S. aureus,KRKFHEKHHSHRGY,1.867762025,14,4.132237975,1740,1740,train,2
1741,S. aureus,KRKIFLRTKILV,0.726998728,12,5.273001272,1741,1741,train,7
1742,S. aureus,KRKKRFKWW,0.414973348,9,5.585026652,1742,1742,train,8
1743,S. aureus,KRKWLWLW,0.915248431,8,5.084751569,1743,1743,train,6
1744,S. aureus,KRLFKKLLFSLRKY,0.562292864,14,5.437707136,1744,1744,train,8
1745,S. aureus,KRLRKFRNKIKEKLKKIG,1.787814567,18,4.212185433,1745,1745,train,2
1746,S. aureus,KRLRRVWRRWR,0.698970004,11,5.301029996,1746,1746,train,7
1747,S. aureus,KRRGSVTTRYQFLMIHLLRPKKLFA,-0.531579503,25,6.531579503,1747,1747,train,9
1748,S. aureus,KRRKLAFRLFRLFLKLVLKK,1.204119983,20,4.795880017,1748,1748,train,4
1749,S. aureus,KRRKLIKILKLIAKLIRKKR,0.301029996,20,5.698970004,1749,1749,train,9
1750,S. aureus,KRRKLIKILKLIIKLIRKKR,0.301029996,20,5.698970004,1750,1750,train,9
1751,S. aureus,KRRLFLFRLFRLFLRLFLKK,0.602059991,20,5.397940009,1751,1751,train,7
1752,S. aureus,KRRLIARILRLAARALVKKR,0.903089987,20,5.096910013,1752,1752,train,6
1753,S. aureus,KRRLILRILRLAIRALVKKR,0.602059991,20,5.397940009,1753,1753,train,7
1754,S. aureus,KRRRRRR,0.954255151,7,5.045744849,1754,1754,train,6
1755,S. aureus,KRRWPWWPWRLI,0.652638292,12,5.347361708,1755,1755,train,7
1756,S. aureus,KRRWRIWLV,0.784954047,9,5.215045953,1756,1756,train,7
1757,S. aureus,KRWRIRVRVIRK,0.255426577,12,5.744573423,1757,1757,train,9
1758,S. aureus,KRWWKWIRW,0.500602351,9,5.499397649,1758,1758,train,8
1759,S. aureus,KRWWKWWRR,0.45484486,9,5.54515514,1759,1759,train,8
1760,S. aureus,KRWWRKWWR,-0.15490196,9,6.15490196,1760,1760,train,9
1761,S. aureus,KRWWWWRFR,-0.15490196,9,6.15490196,1761,1761,train,9
1762,S. aureus,KSDVRRWRSRY,2.0,11,4.0,1762,1762,train,1
1763,S. aureus,KSKWLWLW,0.639640608,8,5.360359392,1763,1763,train,7
1764,S. aureus,KSLRRVWRSWR,1.77815125,11,4.22184875,1764,1764,train,2
1765,S. aureus,KSLVRRWRSRW,1.477121255,11,4.522878745,1765,1765,train,3
1766,S. aureus,KSRQWQWKIRRTWPIFSIRR,1.370145121,20,4.629854879,1766,1766,train,4
1767,S. aureus,KTKQQFLIKAQTQLFKVFGYTL,-0.71219827,22,6.71219827,1767,1767,train,9
1768,S. aureus,KTLLKKVLKAAA,0.954242509,12,5.045757491,1768,1768,train,6
1769,S. aureus,KTRNWFSEHFKKVKEKLKDTFA,1.955746467,22,4.044253533,1769,1769,train,1
1770,S. aureus,KVALGVAQNYLNPQQ,2.193124598,15,3.806875402,1770,1770,train,0
1771,S. aureus,KVASVIGGL,3.084460739,9,2.915539261,1771,1771,train,0
1772,S. aureus,KVFIATLVVSSFLLAKPPRV,2.068650943,20,3.931349057,1772,1772,train,1
1773,S. aureus,KVFKRLEKLFS,2.0,11,4.0,1773,1773,train,1
1774,S. aureus,KVFKRLEKLFSKI,0.795880017,13,5.204119983,1774,1774,train,6
1775,S. aureus,KVFKRLEKLFSKIQNDK,2.0,17,4.0,1775,1775,train,1
1776,S. aureus,KVFLGLK,1.687922706,7,4.312077294,1776,1776,train,2
1777,S. aureus,KVLKAAA,1.255272505,7,4.744727495,1777,1777,train,4
1778,S. aureus,KVLKAAAKAALNAVLVGANA,1.698970004,20,4.301029996,1778,1778,train,2
1780,S. aureus,KVVFKVKFK,0.745714909,9,5.254285091,1780,1780,train,7
1781,S. aureus,KVVFKVKFKKK,0.356046307,11,5.643953693,1781,1781,train,9
1782,S. aureus,KVVKQWPIGKVVKKVVKKVVK,-0.383475137,21,6.383475137,1782,1782,train,9
1783,S. aureus,KVVVKWVVKVVK,2.0,12,4.0,1783,1783,train,1
1784,S. aureus,KWAKKWKWFAKAAWKWYKK,1.590218687,19,4.409781313,1784,1784,train,3
1785,S. aureus,KWARLWRWFRITRWLWYIK,1.558255956,19,4.441744044,1785,1785,train,3
1786,S. aureus,KWASLWNWFNITNWLWYIK,1.590074701,19,4.409925299,1786,1786,train,3
1787,S. aureus,KWFKIQLQIKKWKNKK,1.505149978,16,4.494850022,1787,1787,train,3
1788,S. aureus,KWFKKIPKFLHLAKKF,0.494850022,16,5.505149978,1788,1788,train,8
1789,S. aureus,KWFKKIPKFLHLLKKF,0.193124598,16,5.806875402,1789,1789,train,9
1790,S. aureus,KWFKRLEKLFSKI,0.193124598,13,5.806875402,1790,1790,train,9
1791,S. aureus,KWFRVYRGIYRRR,1.187520721,13,4.812479279,1791,1791,train,5
1792,S. aureus,KWIKWIKWI,1.204119983,9,4.795880017,1792,1792,train,4
1793,S. aureus,KWIRWVRWI,0.602059991,9,5.397940009,1793,1793,train,7
1794,S. aureus,KWKARKNFIKGSSLGWLIQLFRKR,1.334659996,24,4.665340004,1794,1794,train,4
1795,S. aureus,KWKIFRRWW,0.194532384,9,5.805467616,1795,1795,train,9
1796,S. aureus,KWKKFKKIGAVLKKL,1.204119983,15,4.795880017,1796,1796,train,4
1800,S. aureus,KWKKLLKKLLKLLKKLL,0.602059991,17,5.397940009,1800,1800,train,7
1801,S. aureus,KWKKLLKKLLKLLKKLLK,0.602059991,18,5.397940009,1801,1801,train,7
1802,S. aureus,KWKKLLKKLLKLLKKLLKKLK,0.903089987,21,5.096910013,1802,1802,train,6
1803,S. aureus,KWKKLLKKLLKLLKKLLKKLKKLLK,0.903089987,25,5.096910013,1803,1803,train,6
1804,S. aureus,KWKKLLKKLLKLPKKLLKKLKKLLK,0.301029996,25,5.698970004,1804,1804,train,9
1805,S. aureus,KWKKLLKKLLPLLKKLLK,0.301029996,18,5.698970004,1805,1805,train,9
1806,S. aureus,KWKKLLKKPLKLLKKLL,0.301029996,17,5.698970004,1806,1806,train,9
1807,S. aureus,KWKKLLKKPLKLLKKLLK,0.301029996,18,5.698970004,1807,1807,train,9
1808,S. aureus,KWKKLLKKPLLKK,1.096910013,13,4.903089987,1808,1808,train,5
1809,S. aureus,KWKKPLLKKLLKKL,0.795880017,14,5.204119983,1809,1809,train,6
1810,S. aureus,KWKLFKGIRAVLKVL,0.647987493,15,5.352012507,1810,1810,train,7
1811,S. aureus,KWKLFKKAVLKVLTT,0.903089987,15,5.096910013,1811,1811,train,6
1812,S. aureus,KWKLFKKGAVLKVLT,2.301029996,15,3.698970004,1812,1812,train,0
1813,S. aureus,KWKLFKKGIGAVLKV,1.462397998,15,4.537602002,1813,1813,train,3
1814,S. aureus,KWKLFKKI,1.806179974,8,4.193820026,1814,1814,train,2
1815,S. aureus,KWKLFKKIFKRIVQRIKDFLRN,0.189980319,22,5.810019681,1815,1815,train,9
1820,S. aureus,KWKLFKKIGIGKFLHSAKKF,0.314393957,20,5.685606043,1820,1820,train,9
1823,S. aureus,KWKLFKKIGPGKFLHSAKKF,0.494850022,20,5.505149978,1823,1823,train,8
1824,S. aureus,KWKLFKKIKFLHSAKKF,0.494850022,17,5.505149978,1824,1824,train,8
1825,S. aureus,KWKLFKKILKFLHLAKKF,0.494850022,18,5.505149978,1825,1825,train,8
1826,S. aureus,KWKLFKKIPFLHLAKKF,0.494850022,17,5.505149978,1826,1826,train,8
1827,S. aureus,KWKLFKKIPHLAKKF,0.795880017,15,5.204119983,1827,1827,train,6
1828,S. aureus,KWKLFKKIPKFLH,0.795880017,13,5.204119983,1828,1828,train,6
1829,S. aureus,KWKLFKKIPKFLHL,0.795880017,14,5.204119983,1829,1829,train,6
1830,S. aureus,KWKLFKKIPKFLHLA,0.795880017,15,5.204119983,1830,1830,train,6
1831,S. aureus,KWKLFKKIPKFLHLAK,0.494850022,16,5.505149978,1831,1831,train,8
1832,S. aureus,KWKLFKKIPKFLHLAKK,0.494850022,17,5.505149978,1832,1832,train,8
1834,S. aureus,KWKLFKKIPKFLHSAKKF,0.494850022,18,5.505149978,1834,1834,train,8
1835,S. aureus,KWKLFKKIPLAKKF,0.795880017,14,5.204119983,1835,1835,train,6
1836,S. aureus,KWKLFKKIPLHLAKKF,0.494850022,16,5.505149978,1836,1836,train,8
1837,S. aureus,KWKLFKKIPLKKF,1.096910013,13,4.903089987,1837,1837,train,5
1839,S. aureus,KWKLFKKLKVLTTGL,1.707570176,15,4.292429824,1839,1839,train,2
1840,S. aureus,KWKLFKKVLKVLTTG,0.903089987,15,5.096910013,1840,1840,train,6
1841,S. aureus,KWKLFLGILAVLKVL,1.264288175,15,4.735711825,1841,1841,train,4
1842,S. aureus,KWKLKKHIGIGKHFLSAKKF,1.806179974,20,4.193820026,1842,1842,train,2
1843,S. aureus,KWKRWWWFR,1.210318041,9,4.789681959,1843,1843,train,4
1844,S. aureus,KWKSFIKKLTKKFLHSAKKF,-0.82287798,20,6.82287798,1844,1844,train,9
1845,S. aureus,KWKWKWKW,1.096910013,8,4.903089987,1845,1845,train,5
1846,S. aureus,KWKWKWKWKW,1.096910013,10,4.903089987,1846,1846,train,5
1847,S. aureus,KWKWWKWK,0.971971276,8,5.028028724,1847,1847,train,6
1848,S. aureus,KWKWWWRKI,0.079181246,9,5.920818754,1848,1848,train,9
1849,S. aureus,KWLKKLLKKLL,0.549481559,11,5.450518441,1849,1849,train,8
1850,S. aureus,KWLKKWL,1.902539997,7,4.097460003,1850,1850,train,1
1851,S. aureus,KWLKKWLKWLKK,0.801389747,12,5.198610253,1851,1851,train,6
1852,S. aureus,KWLLKWL,1.784163133,7,4.215836867,1852,1852,train,2
1853,S. aureus,KWRQWQSKWRRTNPWFWIRR,0.741373686,20,5.258626314,1853,1853,train,7
1854,S. aureus,KWRRAVRAI,1.743447987,9,4.256552013,1854,1854,train,2
1855,S. aureus,KWRRWIRWL,0.494850022,9,5.505149978,1855,1855,train,8
1856,S. aureus,KWRRWIRWW,0.624265047,9,5.375734953,1856,1856,train,7
1857,S. aureus,KWRRWVRWI,1.256282388,9,4.743717612,1857,1857,train,4
1858,S. aureus,KWRRWVRWL,0.955252392,9,5.044747608,1858,1858,train,6
1859,S. aureus,KWWKIWRWR,1.044333743,9,4.955666257,1859,1859,train,5
1860,S. aureus,KWWKKWWKWWKKWWKK,0.397940009,16,5.602059991,1860,1860,train,8
1861,S. aureus,KWWKWWKKWWKK,0.903089987,12,5.096910013,1861,1861,train,6
1863,S. aureus,KYKKALKKLAKLL,1.01518911,13,4.98481089,1863,1863,train,5
1864,S. aureus,LAAKLTKAATKLTAALTKLAAALT,2.06069784,24,3.93930216,1864,1864,train,1
1865,S. aureus,LALERRSGWLRLFGLKPRRKH,1.096910013,21,4.903089987,1865,1865,train,5
1866,S. aureus,LALKSGGWLRLFGLKDKKH,1.230448921,19,4.769551079,1866,1866,train,4
1867,S. aureus,LDPKVVQSLL,2.301029996,10,3.698970004,1867,1867,train,0
1868,S. aureus,LFGFLIKLIPSLFGALSNIGRNRNQ,0.350387936,25,5.649612064,1868,1868,train,9
1869,S. aureus,LFGFLIPLLPHIIGAIPQVIGAIR,0.386085586,24,5.613914414,1869,1869,train,8
1870,S. aureus,LFGLIPSLIGGLVSAFK,1.460393683,17,4.539606317,1870,1870,train,3
1871,S. aureus,LFGMALKLLKKVL,0.361727836,13,5.638272164,1871,1871,train,9
1872,S. aureus,LFGVLAKVAAHVVPAIAEHF,1.806179974,20,4.193820026,1872,1872,train,2
1873,S. aureus,LFHAGKMIH,1.977455997,9,4.022544003,1873,1873,train,1
1874,S. aureus,LFKVASKVLPSVK,2.150039775,13,3.849960225,1874,1874,train,1
1875,S. aureus,LFRLIKSLIKRLVSAFK,0.947229066,17,5.052770934,1875,1875,train,6
1876,S. aureus,LFWKLLLKALRLWAKVL,0.754548718,17,5.245451282,1876,1876,train,7
1877,S. aureus,LGALFRVASKVFPAVISMVK,1.477058667,20,4.522941333,1877,1877,train,3
1878,S. aureus,LGAWLAGKVAGTVATYAWNRYV,0.477121255,22,5.522878745,1878,1878,train,8
1879,S. aureus,LGGDNYGTFSGSNGNNFQHGSN,0.444817259,22,5.555182741,1879,1879,train,8
1880,S. aureus,LGRKIAHGVKKYGPTVLRII,0.954732388,20,5.045267612,1880,1880,train,6
1881,S. aureus,LHLIALRKK,1.76819873,9,4.23180127,1881,1881,train,2
1882,S. aureus,LHRIALRKK,1.751405602,9,4.248594398,1882,1882,train,2
1884,S. aureus,LIGSLVRGILPLF,1.660751561,13,4.339248439,1884,1884,train,2
1885,S. aureus,LIKHILHRL,2.641136642,9,3.358863358,1885,1885,train,0
1886,S. aureus,LIKHILHRLGGGFHFHLHF,1.43800409,19,4.56199591,1886,1886,train,3
1887,S. aureus,LILGKLWKGVKSIF,0.933636174,14,5.066363826,1887,1887,train,6
1888,S. aureus,LIRGLFKSFWQVF,0.875061263,13,5.124938737,1888,1888,train,6
1889,S. aureus,LKFLKFG,2.10720997,7,3.89279003,1889,1889,train,1
1890,S. aureus,LKIAKGIIKSL,1.92682194,11,4.07317806,1890,1890,train,1
1891,S. aureus,LKKAKKFGKAFV,2.574226373,12,3.425773627,1891,1891,train,0
1892,S. aureus,LKKLLKKL,2.698970004,8,3.301029996,1892,1892,train,0
1894,S. aureus,LKKLLKKLLKKL,1.750122527,12,4.249877473,1894,1894,train,2
1896,S. aureus,LKKLLKLLKKLLKLAG,1.301029996,16,4.698970004,1896,1896,train,4
1897,S. aureus,LKKLLKWLKKL,0.804754064,11,5.195245936,1897,1897,train,6
1898,S. aureus,LKKLLKWLLKLLK,0.882810956,13,5.117189044,1898,1898,train,6
1899,S. aureus,LKKVLKAAA,1.255272505,9,4.744727495,1899,1899,train,4
1900,S. aureus,LKKWLKK,2.326412575,7,3.673587425,1900,1900,train,0
1901,S. aureus,LKKWLKKWLKK,1.577542925,11,4.422457075,1901,1901,train,3
1902,S. aureus,LKLKAIAALAKKKW,1.180996884,14,4.819003116,1902,1902,train,5
1903,S. aureus,LKLKLFPLKLKLFP,0.743131831,14,5.256868169,1903,1903,train,7
1905,S. aureus,LKLKSIVSWAKKVL,1.293414314,14,4.706585686,1905,1905,train,4
1906,S. aureus,LKLLKKLLKKLLKLL,0.903089987,15,5.096910013,1906,1906,train,6
1908,S. aureus,LKLLLLKLLL,1.201258887,10,4.798741113,1908,1908,train,4
1909,S. aureus,LKRIKTLL,1.498243077,8,4.501756923,1909,1909,train,3
1910,S. aureus,LKRRWKWWI,0.380211242,9,5.619788758,1910,1910,train,8
1911,S. aureus,LKVVFKVLFK,1.067245768,10,4.932754232,1911,1911,train,5
1913,S. aureus,LKWLKKLLKKL,0.549481559,11,5.450518441,1913,1913,train,8
1915,S. aureus,LKWLKWG,2.10720997,7,3.89279003,1915,1915,train,1
1917,S. aureus,LKWLLKWLL,0.238513299,9,5.761486701,1917,1917,train,9
1918,S. aureus,LKWRKMFRW,1.056968734,9,4.943031266,1918,1918,train,5
1919,S. aureus,LLAAHLLAIGRR,1.453057705,12,4.546942295,1919,1919,train,3
1920,S. aureus,LLAIVGNLLKSLL,0.864316987,13,5.135683013,1920,1920,train,6
1921,S. aureus,LLGDFFRKAKEKIGKEFKRIVQR,1.919078092,23,4.080921908,1921,1921,train,1
1922,S. aureus,LLGDFFRKSKEKIGKEFKRIVQR,0.477121255,23,5.522878745,1922,1922,train,8
1923,S. aureus,LLGDFFRKVKEKIGKEFKRIVQR,0.50174373,23,5.49825627,1923,1923,train,8
1924,S. aureus,LLGMIKVAITAISALSKL,1.035661723,18,4.964338277,1924,1924,train,5
1925,S. aureus,LLGMIPLAISAISALSKL,0.832865879,18,5.167134121,1925,1925,train,6
1926,S. aureus,LLGMIPLAISAISSLSKL,1.243345852,18,4.756654148,1926,1926,train,4
1927,S. aureus,LLGMIPVAIKAISALSKL,0.814754251,18,5.185245749,1927,1927,train,6
1928,S. aureus,LLGMIPVAISAISALSKL,1.836077119,18,4.163922881,1928,1928,train,2
1929,S. aureus,LLGMIPVAITAISALSKL,2.201407735,18,3.798592265,1929,1929,train,0
1930,S. aureus,LLGSLLKLLPKLL,-0.107905397,13,6.107905397,1930,1930,train,9
1931,S. aureus,LLIILKKKWKKQAKAKSK,0.602059991,18,5.397940009,1931,1931,train,7
1932,S. aureus,LLIILRRRIRKQAHAHSK,0.84509804,18,5.15490196,1932,1932,train,6
1933,S. aureus,LLIILRRRWRKQAKAKSK,0.602059991,18,5.397940009,1933,1933,train,7
1934,S. aureus,LLIILRRRWRKQARARSK,0.602059991,18,5.397940009,1934,1934,train,7
1935,S. aureus,LLIILRRRWRRQARARSR,0.602059991,18,5.397940009,1935,1935,train,7
1936,S. aureus,LLIRAAKKFIKK,1.795880017,12,4.204119983,1936,1936,train,2
1937,S. aureus,LLKALKKLLKKLL,0.176091259,13,5.823908741,1937,1937,train,9
1938,S. aureus,LLKELWTKIKGAGKAVLGKIKGLL,1.767155866,24,4.232844134,1938,1938,train,2
1939,S. aureus,LLKKALRLWKKVL,1.599597749,13,4.400402251,1939,1939,train,3
1942,S. aureus,LLKKLLKLLLKLLKK,1.397940009,15,4.602059991,1942,1942,train,4
1943,S. aureus,LLKKLLKWLKK,0.804754064,11,5.195245936,1943,1943,train,6
1944,S. aureus,LLKKVLKAAA,1.096910013,10,4.903089987,1944,1944,train,5
1945,S. aureus,LLKLLKKLLKKLLKL,1.653212514,15,4.346787486,1945,1945,train,2
1946,S. aureus,LLKLLKWLLKLLK,1.187842251,13,4.812157749,1946,1946,train,5
1947,S. aureus,LLKRIKTLL,1.737771454,9,4.262228546,1947,1947,train,2
1948,S. aureus,LLKWLKK,2.33338146,7,3.66661854,1948,1948,train,0
1949,S. aureus,LLKWLKKL,1.380333904,8,4.619666096,1949,1949,train,4
1952,S. aureus,LLKWLLK,1.437374011,7,4.562625989,1952,1952,train,3
1955,S. aureus,LLLFLLKKRKKRKY,1.238046103,14,4.761953897,1955,1955,train,4
1956,S. aureus,LLLLLKKKKKKLLLL,1.698970004,15,4.301029996,1956,1956,train,2
1957,S. aureus,LLPALISWIKRKRQQ,-0.225839605,15,6.225839605,1957,1957,train,9
1958,S. aureus,LLPIVANLLKALL,0.555706759,13,5.444293241,1958,1958,train,8
1959,S. aureus,LLPIVANLLKSLL,0.55073925,13,5.44926075,1959,1959,train,8
1960,S. aureus,LLPIVGALLKSLL,1.170778751,13,4.829221249,1960,1960,train,5
1961,S. aureus,LLPIVGNLLKALL,0.861138984,13,5.138861016,1961,1961,train,6
1962,S. aureus,LLPIVGNLLKSLL,0.921822231,13,5.078177769,1962,1962,train,6
1966,S. aureus,LLPIVINLLKSLL,0.838969231,13,5.161030769,1966,1966,train,6
1967,S. aureus,LLPIVVNLLKSLL,0.843194134,13,5.156805866,1967,1967,train,6
1968,S. aureus,LLPPWLRPRNG,2.180927167,11,3.819072833,1968,1968,train,0
1972,S. aureus,LLRHVVKILEKYL,0.187348074,13,5.812651926,1972,1972,train,9
1973,S. aureus,LLRRVAGLLKQFAK,0.996484861,14,5.003515139,1973,1973,train,5
1974,S. aureus,LLRRVARLLKRFAK,0.662492395,14,5.337507605,1974,1974,train,7
1975,S. aureus,LLSNVAGLLKQFAK,1.930594602,14,4.069405398,1975,1975,train,1
1976,S. aureus,LLWKALRLWWKVL,0.967287531,13,5.032712469,1976,1976,train,6
1977,S. aureus,LNLKGIFKKVASLLT,1.51851394,15,4.48148606,1977,1977,train,3
1978,S. aureus,LNLKGLFKKVASLLT,1.77815125,15,4.22184875,1978,1978,train,2
1979,S. aureus,LNLKGLIKKVASLLN,1.77815125,15,4.22184875,1979,1979,train,2
1980,S. aureus,LNWGAALKHAAK,2.0,12,4.0,1980,1980,train,1
1981,S. aureus,LNWGAFLKHFFK,1.336459734,12,4.663540266,1981,1981,train,4
1982,S. aureus,LNWGAGLKHGGK,2.0,12,4.0,1982,1982,train,1
1990,S. aureus,LNWGAWLKHWWK,1.301029996,12,4.698970004,1990,1990,train,4
1993,S. aureus,LPFFLLSLIPSAISAIKKI,0.397940009,19,5.602059991,1993,1993,train,8
1994,S. aureus,LPKVMAHMK,2.0,9,4.0,1994,1994,train,1
1995,S. aureus,LPRRNRWSKIWKKVVTVFS,0.956377373,19,5.043622627,1995,1995,train,6
1996,S. aureus,LPVLFKLASKVFPAVFSSLK,1.766429833,20,4.233570167,1996,1996,train,2
1997,S. aureus,LPVVFRVASKVFPALISKLT,2.068650943,20,3.931349057,1997,1997,train,1
1998,S. aureus,LQFPVGRVHRLLRK,0.968821798,14,5.031178202,1998,1998,train,6
1999,S. aureus,LQKYYARVRGGRAAVLS,2.196494837,17,3.803505163,1999,1999,train,0
2000,S. aureus,LQKYYWRVRGGRWAVLS,1.845987061,17,4.154012939,2000,2000,train,2
2001,S. aureus,LRAAHRLAIGRR,1.401160987,12,4.598839013,2001,2001,train,4
2002,S. aureus,LRALLRALLRAL,0.356058277,12,5.643941723,2002,2002,train,9
2003,S. aureus,LRFIKKILKKLI,-0.204119983,12,6.204119983,2003,2003,train,9
2004,S. aureus,LRFILWWKR,0.204119983,9,5.795880017,2004,2004,train,9
2005,S. aureus,LRFLKKALKKLF,-0.204119983,12,6.204119983,2005,2005,train,9
2006,S. aureus,LRFLKKILKHLF,0.176091259,12,5.823908741,2006,2006,train,9
2007,S. aureus,LRFLKKILKKLF,0.176091259,12,5.823908741,2007,2007,train,9
2008,S. aureus,LRFLRRILRRLL,-0.204119983,12,6.204119983,2008,2008,train,9
2009,S. aureus,LRIIKKILKKLI,0.477121255,12,5.522878745,2009,2009,train,8
2010,S. aureus,LRIIRRILRRLI,1.397940009,12,4.602059991,2010,2010,train,4
2011,S. aureus,LRILRRLLRRLF,0.795880017,12,5.204119983,2011,2011,train,6
2012,S. aureus,LRIVKLILKWLR,0.602059991,12,5.397940009,2012,2012,train,7
2013,S. aureus,LRKAKKIAKKLF,1.397940009,12,4.602059991,2013,2013,train,4
2016,S. aureus,LRKLKKILKKLF,0.795880017,12,5.204119983,2016,2016,train,6
2017,S. aureus,LRKLLLLLRL,1.408009954,10,4.591990046,2017,2017,train,4
2018,S. aureus,LRKLRKRLLLRKLRKRLL,1.129837691,18,4.870162309,2018,2018,train,5
2019,S. aureus,LRKLRKRLVRLASHLRKLRKRLL,0.738188556,23,5.261811444,2019,2019,train,7
2020,S. aureus,LRLKKRRWKYRVPP,0.625174995,14,5.374825005,2020,2020,train,7
2021,S. aureus,LRPAILVRTK,2.642400185,10,3.357599815,2021,2021,train,0
2022,S. aureus,LRRIIRKIIHIIK,0.776722299,13,5.223277701,2022,2022,train,7
2023,S. aureus,LRRIIRKIIHIIKK,1.045677443,14,4.954322557,2023,2023,train,5
2024,S. aureus,LRRLRKWLRRLLKLL,0.795880017,15,5.204119983,2024,2024,train,6
2025,S. aureus,LRRLWLRANRL,2.10720997,11,3.89279003,2025,2025,train,1
2026,S. aureus,LRRLWLRANRLLRRLWLRANRL,0.477121255,22,5.522878745,2026,2026,train,8
2027,S. aureus,LRRWIRIRW,0.113943352,9,5.886056648,2027,2027,train,9
2028,S. aureus,LRVRLASHLRKLRKRLL,2.0,17,4.0,2028,2028,train,1
2029,S. aureus,LRVRLASHLRKLRKRLLR,2.0,18,4.0,2029,2029,train,1
2030,S. aureus,LRWLRWG,2.10720997,7,3.89279003,2030,2030,train,1
2031,S. aureus,LRWQNEMRKV,2.477121255,10,3.522878745,2031,2031,train,0
2032,S. aureus,LRWTPTPSYPRYPTRSRGSRWSR,1.505149978,23,4.494850022,2032,2032,train,3
2033,S. aureus,LRWWWIKRI,0.530286331,9,5.469713669,2033,2033,train,8
2034,S. aureus,LSPAAMASLA,2.301029996,10,3.698970004,2034,2034,train,0
2035,S. aureus,LSPAVMASLA,2.301029996,10,3.698970004,2035,2035,train,0
2036,S. aureus,LVKKLLKLAMGFG,1.977723605,13,4.022276395,2036,2036,train,1
2037,S. aureus,LVKLVAGIKKFLKWK,1.733983499,15,4.266016501,2037,2037,train,2
2038,S. aureus,LVKRFKKFFRKLKKS,1.522107633,15,4.477892367,2038,2038,train,3
2041,S. aureus,LVKRFKKFFRKLKKSVKK,1.4561311,18,4.5438689,2041,2041,train,3
2042,S. aureus,LVQRGRFGRFLRKIR,1.204119983,15,4.795880017,2042,2042,train,4
2043,S. aureus,LWGTRSGIQP,2.0,10,4.0,2043,2043,train,1
2044,S. aureus,LWKTLLKKVLKAAA,0.954242509,14,5.045757491,2044,2044,train,6
2045,S. aureus,LYRRRFVVGR,1.397940009,10,4.602059991,2045,2045,train,4
2046,S. aureus,MAIVGTIIKIIKAIIDIFAK,1.806179974,20,4.193820026,2046,2046,train,2
2047,S. aureus,MGIIAGIIKVIKSLIEQFTGK,1.806179974,21,4.193820026,2047,2047,train,2
2048,S. aureus,MIHGLVTRR,1.965642952,9,4.034357048,2048,2048,train,1
2049,S. aureus,MKTFLRLYRSLINKVLH,0.875207238,17,5.124792762,2049,2049,train,6
2050,S. aureus,MKTFLRLYRSLINKVLHV,0.855474945,18,5.144525055,2050,2050,train,6
2051,S. aureus,MMRVMRRKTKVIWEKKDFIGLYSID,-0.006234127,25,6.006234127,2051,2051,train,9
2052,S. aureus,MPLSWFFPRTWGKR,1.839437141,14,4.160562859,2052,2052,train,2
2053,S. aureus,MWITNGGVANWYFVLAR,1.096910013,17,4.903089987,2053,2053,train,5
2055,S. aureus,NFAEIFAAVNKLIKQGVVKG,1.698970004,20,4.301029996,2055,2055,train,2
2056,S. aureus,NFLDTLINLAKKFI,1.698970004,14,4.301029996,2056,2056,train,2
2057,S. aureus,NFLGTLINLAKKIM,1.681241237,14,4.318758763,2057,2057,train,2
2059,S. aureus,NGVQPKY,2.39529341,7,3.60470659,2059,2059,train,0
2062,S. aureus,NGVQPKYRWWRWWRRWW,1.553030812,17,4.446969188,2062,2062,train,3
2064,S. aureus,NGVQPKYRWWRWWRRWWWW,1.493760865,19,4.506239135,2064,2064,train,3
2066,S. aureus,NILNTIINLAKKIL,0.681241237,14,5.318758763,2066,2066,train,7
2067,S. aureus,NILSSIVNGINRALSFFG,1.290357649,18,4.709642351,2067,2067,train,4
2068,S. aureus,NIRRIIRKIIHIIKKY,0.682436475,16,5.317563525,2068,2068,train,7
2070,S. aureus,NLLGSLLKTGLKVGSNLL,1.40654018,18,4.59345982,2070,2070,train,4
2071,S. aureus,NLLKSALKTVNKLLAAS,2.10720997,17,3.89279003,2071,2071,train,1
2072,S. aureus,NLLNDALGTVNGLLGRS,1.505149978,17,4.494850022,2072,2072,train,3
2073,S. aureus,NLLNKALGTVNGLLGRS,1.505149978,17,4.494850022,2073,2073,train,3
2074,S. aureus,NLRRIIRKIIHIIKKY,0.682436475,16,5.317563525,2074,2074,train,7
2075,S. aureus,NLVSGLIEARKYLEQLHRKLKNRKV,1.963787827,25,4.036212173,2075,2075,train,1
2076,S. aureus,NLWAGILKHIIK,1.564666064,12,4.435333936,2076,2076,train,3
2077,S. aureus,NQHGQVVKIFHH,3.204119983,12,2.795880017,2077,2077,train,0
2079,S. aureus,NVLSSVANGINRALSFFG,1.303148362,18,4.696851638,2079,2079,train,4
2080,S. aureus,NVWKKILGKIIKVAK,1.294466226,15,4.705533774,2080,2080,train,4
2081,S. aureus,NWRKILGQIASVGAGLLGSLLAGYE,1.286176732,25,4.713823268,2081,2081,train,4
2082,S. aureus,NWRKLYRRK,1.937016107,9,4.062983893,2082,2082,train,1
2084,S. aureus,PFKISIHL,1.020376063,8,4.979623937,2084,2084,train,5
2085,S. aureus,PFKLSLHL,1.108421692,8,4.891578308,2085,2085,train,5
2086,S. aureus,PGKYGFYTHVFRLKKWIQKVI,0.795880017,21,5.204119983,2086,2086,train,6
2087,S. aureus,PKAMRLLRRLLRLQKKG,1.488611223,17,4.511388777,2087,2087,train,3
2088,S. aureus,PKKKRKV,2.698970004,7,3.301029996,2088,2088,train,0
2091,S. aureus,PKLLKFLKWIG,0.903089987,11,5.096910013,2091,2091,train,6
2093,S. aureus,PKLLKKFLKKWIG,1.113943352,13,4.886056648,2093,2093,train,5
2094,S. aureus,PKLLKTFLKWIG,1.146128036,12,4.853871964,2094,2094,train,5
2096,S. aureus,PKLLKTFLSKWKKIG,1.230448921,15,4.769551079,2096,2096,train,4
2097,S. aureus,PKVTITIQGSARF,1.505149978,13,4.494850022,2097,2097,train,3
2098,S. aureus,PLPFPRPGPRPIPRP,2.698970004,15,3.301029996,2098,2098,train,0
2099,S. aureus,PMLRVRLASHLRKLRKRLLR,0.494154594,20,5.505845406,2099,2099,train,8
2100,S. aureus,PPRLPRPRPRPLPFPRPG,2.698970004,18,3.301029996,2100,2100,train,0
2101,S. aureus,PRPFPGRPKPIFRPR,2.0,15,4.0,2101,2101,train,1
2102,S. aureus,PRPGPRP,2.217404889,7,3.782595111,2102,2102,train,0
2103,S. aureus,PRPLPFPRPG,2.698970004,10,3.301029996,2103,2103,train,0
2104,S. aureus,PRPLPFPRPGPRPI,2.10720997,14,3.89279003,2104,2104,train,1
2105,S. aureus,PRPLPRP,2.187083981,7,3.812916019,2105,2105,train,0
2106,S. aureus,PRPPRLPRPRPRPLPFPRPG,2.698970004,20,3.301029996,2106,2106,train,0
2107,S. aureus,PRPRPLPFPRPG,2.698970004,12,3.301029996,2107,2107,train,0
2108,S. aureus,PRPRPRP,2.165185439,7,3.834814561,2108,2108,train,1
2109,S. aureus,PRPRPRPLPFPRPG,2.698970004,14,3.301029996,2109,2109,train,0
2110,S. aureus,PRPWPRP,2.150533846,7,3.849466154,2110,2110,train,1
2111,S. aureus,PVGRVHRLLRK,1.682123414,11,4.317876586,2111,2111,train,2
2112,S. aureus,PVVIRTVVAGYNLYRAIKKK,1.640396785,20,4.359603215,2112,2112,train,3
2114,S. aureus,QFPVGRVHRLLRK,1.600453174,13,4.399546826,2114,2114,train,3
2115,S. aureus,QGDGNFVIYTWKP,2.176091259,13,3.823908741,2115,2115,train,0
2116,S. aureus,QHSSGKSDVRRW,2.0,12,4.0,2116,2116,train,1
2117,S. aureus,QIAALEQEIAALEQEIAALQ,2.397940009,20,3.602059991,2117,2117,train,0
2118,S. aureus,QKAIRVRLSA,1.748754472,10,4.251245528,2118,2118,train,2
2119,S. aureus,QKALNEINQF,0.243038049,10,5.756961951,2119,2119,train,9
2127,S. aureus,QLKVDLWGTR,2.0,10,4.0,2127,2127,train,1
2128,S. aureus,QLKVDLWGTRSGI,2.0,13,4.0,2128,2128,train,1
2129,S. aureus,QPFSLERW,2.276231958,8,3.723768042,2129,2129,train,0
2130,S. aureus,QQRFEWEFEQQ,2.517646465,11,3.482353535,2130,2130,train,0
2131,S. aureus,QRFSQPTFKLPQGRLTLSRKF,1.595860529,21,4.404139471,2131,2131,train,3
2132,S. aureus,QRFSQPTFKLPQGRLTLSRKFR,1.569904198,22,4.430095802,2132,2132,train,3
2134,S. aureus,QRPYTQPLIYYPPPPTPPRIYRA,2.301029996,23,3.698970004,2134,2134,train,0
2136,S. aureus,QTRRLTYKPRTVTYTRGR,1.010299957,18,4.989700043,2136,2136,train,5
2137,S. aureus,QVFTLIKGATQLIRKTLGEQ,0.551697469,20,5.448302531,2137,2137,train,8
2138,S. aureus,RAGLKFPVGRVHRLLR,0.908485019,16,5.091514981,2138,2138,train,6
2139,S. aureus,RAGLQFLVGRVHRLLRK,1.19991782,17,4.80008218,2139,2139,train,4
2140,S. aureus,RAGLQFPVGKLLKKLLKRLKR,-0.090453671,21,6.090453671,2140,2140,train,9
2141,S. aureus,RAGLQFPVGRLLRRLLRRLLR,-0.23217383,21,6.23217383,2141,2141,train,9
2142,S. aureus,RAGLQFPVGRVHRLL,1.871922674,15,4.128077326,2142,2142,train,2
2143,S. aureus,RAGLQFPVGRVHRLLR,1.533125223,16,4.466874777,2143,2143,train,3
2144,S. aureus,RAVAVIIRLRRV,1.208895527,12,4.791104473,2144,2144,train,4
2145,S. aureus,RAWVAWRNR,2.31358483,9,3.68641517,2145,2145,train,0
2146,S. aureus,RERSKGSKYLYVG,1.604099653,13,4.395900347,2146,2146,train,3
2147,S. aureus,RFIYMKGFGKPRFGKR,1.099434813,16,4.900565187,2147,2147,train,5
2148,S. aureus,RFRPPIRRPPIRPPFRPPFRPPVR,1.094162624,24,4.905837376,2148,2148,train,5
2149,S. aureus,RFRRLFRIRVRVLKKI,0.301029996,16,5.698970004,2149,2149,train,9
2150,S. aureus,RFRRLRDKTRDRLKKI,2.10720997,16,3.89279003,2150,2150,train,1
2151,S. aureus,RFRRLRIKTRIRLKKI,1.806179974,16,4.193820026,2151,2151,train,2
2152,S. aureus,RFRRLRKKFRKRLKKI,2.10720997,16,3.89279003,2152,2152,train,1
2153,S. aureus,RFRRLRKKIRKRLKKI,2.408239965,16,3.591760035,2153,2153,train,0
2154,S. aureus,RFRRLRKKKRKRLKKI,2.10720997,16,3.89279003,2154,2154,train,1
2155,S. aureus,RFRRLRKKTRKRLKKI,2.10720997,16,3.89279003,2155,2155,train,1
2156,S. aureus,RFRRLRKKWRKRLKKI,2.10720997,16,3.89279003,2156,2156,train,1
2157,S. aureus,RFRRLRKWTRWRLKKI,0.903089987,16,5.096910013,2157,2157,train,6
2158,S. aureus,RFRRLRPKTRPRLKKI,2.10720997,16,3.89279003,2158,2158,train,1
2159,S. aureus,RFRRLRWKTRWRLKKI,0.77815125,16,5.22184875,2159,2159,train,7
2160,S. aureus,RFRRLRWRTRWRLRRI,0.602059991,16,5.397940009,2160,2160,train,7
2161,S. aureus,RFRRLRWWTRKRLKKI,0.903089987,16,5.096910013,2161,2161,train,6
2162,S. aureus,RFWPVVIRTVVAGYNLYRAIKKK,-0.374858561,23,6.374858561,2162,2162,train,9
2163,S. aureus,RGARIVVIRVAR,1.356014843,12,4.643985157,2163,2163,train,4
2164,S. aureus,RGDWLWLW,1.946428125,8,4.053571875,2164,2164,train,1
2165,S. aureus,RGGRLTYTRPRFTVTVGR,1.378118801,18,4.621881199,2165,2165,train,4
2166,S. aureus,RGGRLYRRRFVVGR,0.301029996,14,5.698970004,2166,2166,train,9
2167,S. aureus,RGKRWWRRKK,1.397940009,10,4.602059991,2167,2167,train,4
2168,S. aureus,RGLRALGRKIAHGVKAYG,1.016989242,18,4.983010758,2168,2168,train,5
2169,S. aureus,RGVRPVVQGVKEKVR,1.573938057,15,4.426061943,2169,2169,train,3
2170,S. aureus,RHWRRFWH,2.0,8,4.0,2170,2170,train,1
2171,S. aureus,RHWRRFWHR,1.096910013,9,4.903089987,2171,2171,train,5
2172,S. aureus,RIGSILGALAKGLPTLKSWIKNR,2.0,23,4.0,2172,2172,train,1
2173,S. aureus,RIGSILGRLAKGLPTLISWIKNR,1.096910013,23,4.903089987,2173,2173,train,5
2174,S. aureus,RIGSILGRLAKGLPTLKSWIKNR,2.0,23,4.0,2174,2174,train,1
2175,S. aureus,RIGSILGRLAKGLPTLRSWIKNR,2.0,23,4.0,2175,2175,train,1
2176,S. aureus,RIGVLLARLPKLFSLFKLMGKKV,1.316269962,23,4.683730038,2176,2176,train,4
2177,S. aureus,RIIDLLARVRRPQKPKFVTVWVR,0.494850022,23,5.505149978,2177,2177,train,8
2178,S. aureus,RIIDLLWRVRRPQKPKFVTVAVR,0.795880017,23,5.204119983,2178,2178,train,6
2179,S. aureus,RIIDLLWRVRRPQKPKFVTVWVR,0.569178765,23,5.430821235,2179,2179,train,8
2180,S. aureus,RIIRKIIHII,1.195641124,10,4.804358876,2180,2180,train,4
2181,S. aureus,RIIRKIIHIIK,1.154029223,11,4.845970777,2181,2181,train,5
2182,S. aureus,RIIRPIIQIIKQKIR,0.422877438,15,5.577122562,2182,2182,train,8
2188,S. aureus,RIKRFWPVVIRTVVAGYNLYRAI,1.128217953,23,4.871782047,2188,2188,train,5
2190,S. aureus,RIKRFWPVVIRTVVAGYNLYRAIKK,0.488000729,25,5.511999271,2190,2190,train,8
2191,S. aureus,RIKRWWWWR,0.113943352,9,5.886056648,2191,2191,train,9
2192,S. aureus,RILRGVSRRIMRRILTGRR,1.131153649,19,4.868846351,2192,2192,train,5
2193,S. aureus,RIRFPWPWRWPWWPPFRG,0.966141733,18,5.033858267,2193,2193,train,6
2194,S. aureus,RIRFPWPWRWPWWPRFRG,0.966141733,18,5.033858267,2194,2194,train,6
2195,S. aureus,RIRFPWPWRWPWWRRVRG,-0.522878745,18,6.522878745,2195,2195,train,9
2196,S. aureus,RIRKKLR,2.698970004,7,3.301029996,2196,2196,train,0
2197,S. aureus,RIRRWKFRW,0.113943352,9,5.886056648,2197,2197,train,9
2198,S. aureus,RIRWILRYWRWS,0.929418926,12,5.070581074,2198,2198,train,6
2199,S. aureus,RIVQRIKKWLLKWKKLGY,1.257740059,18,4.742259941,2199,2199,train,4
2200,S. aureus,RIWFQNRRMRWRR,1.505149978,13,4.494850022,2200,2200,train,3
2201,S. aureus,RIWKIWWKR,1.84501963,9,4.15498037,2201,2201,train,2
2202,S. aureus,RIWKRWWFR,1.524781195,9,4.475218805,2202,2202,train,3
2203,S. aureus,RIWVIRWR,0.899741948,8,5.100258052,2203,2203,train,6
2204,S. aureus,RIWVIWRR,0.598711953,8,5.401288047,2204,2204,train,8
2205,S. aureus,RKFRNKIKEKLKKIG,1.816804523,15,4.183195477,2205,2205,train,2
2206,S. aureus,RKFRWWVIR,0.146128036,9,5.853871964,2206,2206,train,9
2207,S. aureus,RKGLQKLVGRVHRLLRK,0.890772012,17,5.109227988,2207,2207,train,6
2208,S. aureus,RKGWFKAMKSIAKFIAKEKLKEHL,0.892094603,24,5.107905397,2208,2208,train,6
2209,S. aureus,RKKKAKIIKKII,1.795880017,12,4.204119983,2209,2209,train,2
2210,S. aureus,RKKKIKIIKKII,1.795880017,12,4.204119983,2210,2210,train,2
2211,S. aureus,RKKKIKIIKRLI,1.795880017,12,4.204119983,2211,2211,train,2
2212,S. aureus,RKKKLKIIKRLI,1.795880017,12,4.204119983,2212,2212,train,2
2213,S. aureus,RKKKLKVVKRLV,1.795880017,12,4.204119983,2213,2213,train,2
2214,S. aureus,RKKKVKLLKRLV,1.795880017,12,4.204119983,2214,2214,train,2
2215,S. aureus,RKKRLKLLKRLL,0.795880017,12,5.204119983,2215,2215,train,6
2216,S. aureus,RKKRLKLLKRLV,1.397940009,12,4.602059991,2216,2216,train,4
2217,S. aureus,RKKRLKVVKRLV,1.795880017,12,4.204119983,2217,2217,train,2
2218,S. aureus,RKKRLRVVRRLV,1.795880017,12,4.204119983,2218,2218,train,2
2219,S. aureus,RKKRVKLLKRLV,1.795880017,12,4.204119983,2219,2219,train,2
2220,S. aureus,RKKRWWRRKK,0.77815125,10,5.22184875,2220,2220,train,7
2221,S. aureus,RKKTRKR,2.408239965,7,3.591760035,2221,2221,train,0
2222,S. aureus,RKKTRKRLKKIGKVLKWI,0.77815125,18,5.22184875,2222,2222,train,7
2223,S. aureus,RKLKHMRF,2.0,8,4.0,2223,2223,train,1
2224,S. aureus,RKRLKWWIY,0.542201982,9,5.457798018,2224,2224,train,8
2225,S. aureus,RKRLRKFRNKIKEKLKKIGQKI,1.640481437,22,4.359518563,2225,2225,train,3
2226,S. aureus,RKRWWWWFR,0.29907772,9,5.70092228,2226,2226,train,9
2227,S. aureus,RKSKEKIGKEFKRIVQRIKDF,1.278332668,21,4.721667332,2227,2227,train,4
2228,S. aureus,RKVAPALIKSFVFLFKFKKG,1.740807168,20,4.259192832,2228,2228,train,2
2229,S. aureus,RKWIWRWFL,0.19919619,9,5.80080381,2229,2229,train,9
2230,S. aureus,RKWKIKWYW,0.414973348,9,5.585026652,2230,2230,train,8
2231,S. aureus,RKWVAWRNR,1.69157185,9,4.30842815,2231,2231,train,2
2232,S. aureus,RKWVKWRNR,1.371465449,9,4.628534551,2232,2232,train,4
2233,S. aureus,RKWVWWRNR,1.062166281,9,4.937833719,2233,2233,train,5
2234,S. aureus,RKWVYWRNR,1.36017217,9,4.63982783,2234,2234,train,4
2235,S. aureus,RKWWRWIKW,0.397940009,9,5.602059991,2235,2235,train,8
2238,S. aureus,RLARIVVIRVAG,1.677897156,12,4.322102844,2238,2238,train,2
2240,S. aureus,RLARIVVIRVRR,0.725009157,12,5.274990843,2240,2240,train,7
2241,S. aureus,RLARIVVIRWAR,0.724441444,12,5.275558556,2241,2241,train,7
2242,S. aureus,RLARRVVIRVAR,1.633559906,12,4.366440094,2242,2242,train,3
2243,S. aureus,RLGTALPALLKTLLAGLNG,1.230448921,19,4.769551079,2243,2243,train,4
2244,S. aureus,RLKKIGKVLKWI,1.982271233,12,4.017728767,2244,2244,train,1
2245,S. aureus,RLKKWMQKVIDRFGG,2.10720997,15,3.89279003,2245,2245,train,1
2246,S. aureus,RLKLLLLLRL,0.805949963,10,5.194050037,2246,2246,train,6
2247,S. aureus,RLKLLLLLRLK,1.337609113,11,4.662390887,2247,2247,train,4
2248,S. aureus,RLKLLLLLRW,0.480265665,10,5.519734335,2248,2248,train,8
2249,S. aureus,RLKLLLLRL,1.148166821,9,4.851833179,2249,2249,train,5
2250,S. aureus,RLKLLLLRLK,1.441745191,10,4.558254809,2250,2250,train,3
2251,S. aureus,RLKLLLRL,2.09676287,8,3.90323713,2251,2251,train,1
2252,S. aureus,RLKLLLRLK,1.482419838,9,4.517580162,2252,2252,train,3
2253,S. aureus,RLKLLRL,2.147601311,7,3.852398689,2253,2253,train,1
2254,S. aureus,RLKRWWKFL,0.380211242,9,5.619788758,2254,2254,train,8
2255,S. aureus,RLLFRKIRRLKR,1.888387673,12,4.111612327,2255,2255,train,2
2256,S. aureus,RLLLRIGRR,2.256445087,9,3.743554913,2256,2256,train,0
2257,S. aureus,RLLRKFFRKLKKSV,1.421339233,14,4.578660767,2257,2257,train,3
2258,S. aureus,RLLRPLLQLLKQKLR,0.422877438,15,5.577122562,2258,2258,train,8
2259,S. aureus,RLLRRLLRRLLRRLLRRLLR,1.124639278,20,4.875360722,2259,2259,train,5
2260,S. aureus,RLPRPRPRPLPFPRPG,2.698970004,16,3.301029996,2260,2260,train,0
2261,S. aureus,RLPWRWPRRPWRR,1.990093258,13,4.009906742,2261,2261,train,1
2262,S. aureus,RLRKAVRLIK,1.0,10,5.0,2262,2262,train,5
2263,S. aureus,RLRLRIGRR,1.399583336,9,4.600416664,2263,2263,train,4
2264,S. aureus,RLRRIVVIRVAR,0.725009157,12,5.274990843,2264,2264,train,7
2265,S. aureus,RLRRIVVIRVFR,0.0,12,6.0,2265,2265,train,9
2266,S. aureus,RLRRIVVIRVRR,0.701148206,12,5.298851794,2266,2266,train,7
2268,S. aureus,RLTYKPRTVTYTRGR,1.62283548,15,4.37716452,2268,2268,train,3
2269,S. aureus,RLWKRWWIR,1.836239497,9,4.163760503,2269,2269,train,2
2270,S. aureus,RLWLAIGRG,1.329058719,9,4.670941281,2270,2270,train,4
2271,S. aureus,RLWLAIGRR,0.903089987,9,5.096910013,2271,2271,train,6
2272,S. aureus,RLWLAIKRR,1.631443769,9,4.368556231,2272,2272,train,3
2273,S. aureus,RLWLAWKRR,0.669006781,9,5.330993219,2273,2273,train,7
2275,S. aureus,RLWRIVVIRVKR,-0.045757491,12,6.045757491,2275,2275,train,9
2276,S. aureus,RLWRRWRRWLR,0.636822098,11,5.363177902,2276,2276,train,7
2277,S. aureus,RLWRRWRRWRR,0.669006781,11,5.330993219,2277,2277,train,7
2278,S. aureus,RLWWKIWLK,0.146128036,9,5.853871964,2278,2278,train,9
2279,S. aureus,RLWWWWRRK,0.322219295,9,5.677780705,2279,2279,train,9
2280,S. aureus,RLYLRIGRR,2.247630447,9,3.752369553,2280,2280,train,0
2281,S. aureus,RLYRRLYR,1.243038049,8,4.756961951,2281,2281,train,4
2282,S. aureus,RLYRRLYRRLYRRLYR,0.041392685,16,5.958607315,2282,2282,train,9
2283,S. aureus,RLYRRRFVVGR,0.903089987,11,5.096910013,2283,2283,train,6
2284,S. aureus,RPKHPIKHQGLPQEVLNENLLRF,2.0,23,4.0,2284,2284,train,1
2285,S. aureus,RPKPQQFFGLM,2.569082147,11,3.430917853,2285,2285,train,0
2286,S. aureus,RPPQFTRAQWFAIQHISLN,1.0,19,5.0,2286,2286,train,5
2287,S. aureus,RPRPNYRPRPIYRP,0.626234356,14,5.373765644,2287,2287,train,7
2288,S. aureus,RPRRRATTRRRITTGTRRRR,1.875061263,20,4.124938737,2288,2288,train,2
2289,S. aureus,RPWAGNGSVHRYTVLSPRLKTQ,0.383815366,22,5.616184634,2289,2289,train,8
2290,S. aureus,RQIKIWFQNRRLKWKK,1.806179974,16,4.193820026,2290,2290,train,2
2291,S. aureus,RQIRIWFQNRRMRWRR,1.204119983,16,4.795880017,2291,2291,train,4
2292,S. aureus,RQRRVVIWW,0.431363764,9,5.568636236,2292,2292,train,8
2293,S. aureus,RQRVEELSKFSKKGAAARRRK,1.639474436,21,4.360525564,2293,2293,train,3
2295,S. aureus,RQWQSKIRRT,2.477121255,10,3.522878745,2295,2295,train,0
2296,S. aureus,RRAAVVLIVIRR,0.888560376,12,5.111439624,2296,2296,train,6
2297,S. aureus,RRARIVVIRVAR,1.038339339,12,4.961660661,2297,2297,train,5
2298,S. aureus,RRFFFRFRRF,1.176091259,10,4.823908741,2298,2298,train,5
2299,S. aureus,RRFKFIRWW,0.498981311,9,5.501018689,2299,2299,train,8
2300,S. aureus,RRFPWWWPFRR,0.374182075,11,5.625817925,2300,2300,train,8
2301,S. aureus,RRFWHRAH,2.0,8,4.0,2301,2301,train,1
2302,S. aureus,RRIIIRWRRI,1.051152522,10,4.948847478,2302,2302,train,5
2303,S. aureus,RRIIRKIIHII,1.14544208,11,4.85455792,2303,2303,train,5
2304,S. aureus,RRIIRKIIHIIK,1.108183351,12,4.891816649,2304,2304,train,5
2305,S. aureus,RRIIRKIIHIIKK,1.07387007,13,4.92612993,2305,2305,train,5
2306,S. aureus,RRIRPRP,2.698970004,7,3.301029996,2306,2306,train,0
2307,S. aureus,RRIRPRPPRLPRP,2.10720997,13,3.89279003,2307,2307,train,1
2308,S. aureus,RRIRPRPPRLPRPRP,2.496929648,15,3.503070352,2308,2308,train,0
2309,S. aureus,RRIRPRPPRLPRPRPRP,-0.091514981,17,6.091514981,2309,2309,train,9
2310,S. aureus,RRIRPRPPRLPRPRPRPL,2.10720997,18,3.89279003,2310,2310,train,1
2313,S. aureus,RRLFRRILRWL,-0.259637311,11,6.259637311,2313,2313,train,9
2314,S. aureus,RRLFRRILRYL,0.653212514,11,5.346787486,2314,2314,train,7
2315,S. aureus,RRLLRRLRR,2.0,9,4.0,2315,2315,train,1
2316,S. aureus,RRLRKKTRKRLKKIGKVLKWI,0.602059991,21,5.397940009,2316,2316,train,7
2317,S. aureus,RRLRRLLRRLLRRLRR,0.954242509,16,5.045757491,2317,2317,train,6
2318,S. aureus,RRLTLRQLLGLGSRRRRRSR,0.495544338,20,5.504455662,2318,2318,train,8
2319,S. aureus,RRPRPRPRPFFF,1.602059991,12,4.397940009,2319,2319,train,3
2322,S. aureus,RRPRPRPRPWWW,1.602059991,12,4.397940009,2322,2322,train,3
2323,S. aureus,RRPRPRPRPWWWW,0.91805797,13,5.08194203,2323,2323,train,6
2324,S. aureus,RRPWRWPRWPWRR,1.371801381,13,4.628198619,2324,2324,train,4
2325,S. aureus,RRPWRWPWWPWRR,1.189210888,13,4.810789112,2325,2325,train,5
2326,S. aureus,RRRIKIRWY,1.362113828,9,4.637886172,2326,2326,train,4
2327,S. aureus,RRRRRFRRVIRRIRLPKYLTINTE,0.903089987,24,5.096910013,2327,2327,train,6
2328,S. aureus,RRRRRRRRRRRRRRRWWW,1.414973348,18,4.585026652,2328,2328,train,3
2329,S. aureus,RRRRRRRWWWRRRRRRRR,0.954242509,18,5.045757491,2329,2329,train,6
2330,S. aureus,RRRRWWW,1.187488511,7,4.812511489,2330,2330,train,5
2331,S. aureus,RRRRWWWW,1.495226158,8,4.504773842,2331,2331,train,3
2332,S. aureus,RRRWLWLW,0.895677727,8,5.104322273,2332,2332,train,6
2333,S. aureus,RRRWWKLMM,0.740362689,9,5.259637311,2333,2333,train,7
2334,S. aureus,RRRYIGRYVRFWK,1.100370545,13,4.899629455,2334,2334,train,5
2335,S. aureus,RRWHRHWRR,2.10720997,9,3.89279003,2335,2335,train,1
2336,S. aureus,RRWHRWWRR,1.408239965,9,4.591760035,2336,2336,train,4
2337,S. aureus,RRWKIVVIRWRR,-0.031513151,12,6.031513151,2337,2337,train,9
2338,S. aureus,RRWPLKPKKWPLI,0.861851009,13,5.138148991,2338,2338,train,6
2339,S. aureus,RRWPLKPWKKPLI,0.560821014,13,5.439178986,2339,2339,train,8
2340,S. aureus,RRWPLLPWKWPLI,0.550080045,13,5.449919955,2340,2340,train,8
2341,S. aureus,RRWPWWPWKWPLI,-0.08728742,13,6.08728742,2341,2341,train,9
2344,S. aureus,RRWRIVVIRVRR,0.415070791,12,5.584929209,2344,2344,train,8
2345,S. aureus,RRWRRWRRWRR,0.823908741,11,5.176091259,2345,2345,train,6
2346,S. aureus,RRWRVIVKW,0.113943352,9,5.886056648,2346,2346,train,9
2347,S. aureus,RRWSFRVSYRGFSYRKSR,1.125899372,18,4.874100628,2347,2347,train,5
2348,S. aureus,RRWVAWRNR,1.982271233,9,4.017728767,2348,2348,train,1
2349,S. aureus,RRWVIWRR,1.115110334,8,4.884889666,2349,2349,train,5
2350,S. aureus,RRWVRRVRRWVRRVVRVVRRWVRR,0.22183507,24,5.77816493,2350,2350,train,9
2351,S. aureus,RRWWHWWRR,1.053078443,9,4.946921557,2351,2351,train,5
2352,S. aureus,RRWWKWWRK,0.698970004,9,5.301029996,2352,2352,train,7
2353,S. aureus,RRWWKWWWR,-0.15490196,9,6.15490196,2353,2353,train,9
2355,S. aureus,RRWWRRWRR,2.0,9,4.0,2355,2355,train,1
2356,S. aureus,RRWWRRWRRW,0.875061263,10,5.124938737,2356,2356,train,6
2357,S. aureus,RRWWRWVVW,0.113943352,9,5.886056648,2357,2357,train,9
2358,S. aureus,RRWWRWWR,0.255676437,8,5.744323563,2358,2358,train,9
2360,S. aureus,RRWWWRWRRW,0.875061263,10,5.124938737,2360,2360,train,6
2361,S. aureus,RRWYRWAWRMR,0.462679535,11,5.537320465,2361,2361,train,8
2362,S. aureus,RRWYRWWR,1.62324929,8,4.37675071,2362,2362,train,3
2363,S. aureus,RRWYRWWRRRWYRWWR,1.301029996,16,4.698970004,2363,2363,train,4
2364,S. aureus,RRYHWRIYI,0.491361694,9,5.508638306,2364,2364,train,8
2365,S. aureus,RSARAGLQFPVGRIHRHLK,0.477121255,19,5.522878745,2365,2365,train,8
2366,S. aureus,RSITRPVLVRRRWRVRPVF,1.861262834,19,4.138737166,2366,2366,train,2
2367,S. aureus,RSTEDIIKSISGGGFLNAMNA,1.467439569,21,4.532560431,2367,2367,train,3
2368,S. aureus,RTKKWIVWI,1.441744909,9,4.558255091,2368,2368,train,3
2369,S. aureus,RVKRVWPLVIRTVIA,1.113943352,15,4.886056648,2369,2369,train,5
2371,S. aureus,RVMFKWA,0.931275363,7,5.068724637,2371,2371,train,6
2372,S. aureus,RVVRPVVQGVKEKVR,1.563362181,15,4.436637819,2372,2372,train,3
2373,S. aureus,RVVRPVVQGVKQKVR,1.56360677,15,4.43639323,2373,2373,train,3
2374,S. aureus,RVVRPVVQVVKEKVR,1.553037736,15,4.446962264,2374,2374,train,3
2375,S. aureus,RVVRPVVQVVKQKVR,1.553276577,15,4.446723423,2375,2375,train,3
2378,S. aureus,RVVRQWPIGRVVRRVVRRVVRL,-0.139149883,22,6.139149883,2378,2378,train,9
2380,S. aureus,RWFKIQLQIRRWKNKK,1.204119983,16,4.795880017,2380,2380,train,4
2381,S. aureus,RWFKIQMQIRRWKNKK,1.806179974,16,4.193820026,2381,2381,train,2
2382,S. aureus,RWFRIQLQIRRWRNRR,1.204119983,16,4.795880017,2382,2382,train,4
2383,S. aureus,RWGKWFKKATHVGKHVGKAALTAYL,1.350671471,25,4.649328529,2383,2383,train,4
2384,S. aureus,RWKIFKKIPKFLHSAKKF,0.77815125,18,5.22184875,2384,2384,train,7
2385,S. aureus,RWKKWWRWL,0.442273751,9,5.557726249,2385,2385,train,8
2386,S. aureus,RWKLLLLLRL,0.17923567,10,5.82076433,2386,2386,train,9
2387,S. aureus,RWKRWWRLL,0.93314951,9,5.06685049,2387,2387,train,6
2388,S. aureus,RWKRWWRRKK,0.77815125,10,5.22184875,2388,2388,train,7
2389,S. aureus,RWKRWWRWI,0.610024608,9,5.389975392,2389,2389,train,7
2390,S. aureus,RWLKKRRWKYYVPP,1.510310732,14,4.489689268,2390,2390,train,3
2391,S. aureus,RWLLKLGHHGR,1.806179974,11,4.193820026,2391,2391,train,2
2392,S. aureus,RWLLKLGHHGRAPP,2.10720997,14,3.89279003,2392,2392,train,1
2393,S. aureus,RWRRKWWWW,-0.15490196,9,6.15490196,2393,2393,train,9
2394,S. aureus,RWRRLLKKLHHLLH,0.923921262,14,5.076078738,2394,2394,train,6
2395,S. aureus,RWRRWKWWL,0.132903353,9,5.867096647,2395,2395,train,9
2396,S. aureus,RWRRWRRWRRWR,0.775479778,12,5.224520222,2396,2396,train,7
2397,S. aureus,RWRWRWF,1.428736789,7,4.571263211,2397,2397,train,3
2398,S. aureus,RWRWRWFGGGFIKHFIHRF,1.091849711,19,4.908150289,2398,2398,train,5
2399,S. aureus,RWRWRWFSATFIKHFIHRF,1.368051898,19,4.631948102,2399,2399,train,4
2400,S. aureus,RWRWRWFSGGFIKHFIHRF,1.08684388,19,4.91315612,2400,2400,train,5
2401,S. aureus,RWRWRWK,1.439332694,7,4.560667306,2401,2401,train,3
2402,S. aureus,RWRWRWRW,0.900367129,8,5.099632871,2402,2402,train,6
2403,S. aureus,RWRWRWRWRW,0.556302501,10,5.443697499,2403,2403,train,8
2404,S. aureus,RWRWWWRVY,0.51851394,9,5.48148606,2404,2404,train,8
2405,S. aureus,RWSVYAYVRVRGVLVRYRRSW,1.722491811,21,4.277508189,2405,2405,train,2
2406,S. aureus,RWWIRIRWH,0.113943352,9,5.886056648,2406,2406,train,9
2407,S. aureus,RWWKIWVIRWWR,0.630960402,12,5.369039598,2407,2407,train,7
2408,S. aureus,RWWLRRIW,1.096910013,8,4.903089987,2408,2408,train,5
2409,S. aureus,RWWRKIWKW,0.342422681,9,5.657577319,2409,2409,train,9
2410,S. aureus,RWWRRWWRWWRRWWRR,0.698970004,16,5.301029996,2410,2410,train,7
2412,S. aureus,RWWRWWR,1.146128036,7,4.853871964,2412,2412,train,5
2413,S. aureus,RWWRWWRRWW,1.713524406,10,4.286475594,2413,2413,train,2
2414,S. aureus,RWWRWWRRWWRR,0.666309623,12,5.333690377,2414,2414,train,7
2415,S. aureus,RWWRWWRRWWRWWR,1.72427587,14,4.27572413,2415,2415,train,2
2416,S. aureus,RWWRWWRRWWW,1.66984781,11,4.33015219,2416,2416,train,2
2417,S. aureus,RWWRYWR,0.315738169,7,5.684261831,2417,2417,train,9
2418,S. aureus,RWWVAWRNR,1.973127854,9,4.026872146,2418,2418,train,1
2419,S. aureus,RYRRKKKMKKALQYIKLLKE,2.544068044,20,3.455931956,2419,2419,train,0
2420,S. aureus,RYWVAWRNR,1.380211242,9,4.619788758,2420,2420,train,4
2421,S. aureus,SADQTGMNKAALSPIRFISKSV,1.935232929,22,4.064767071,2421,2421,train,1
2422,S. aureus,SAVGRHGRRFGLRKHRKH,1.369215857,18,4.630784143,2422,2422,train,4
2423,S. aureus,SAVGRHLRRFGLRKHRKH,0.972202838,18,5.027797162,2423,2423,train,6
2424,S. aureus,SAVGRHLRRFLLRKHRKH,0.495544338,18,5.504455662,2424,2424,train,8
2425,S. aureus,SAVLRHLRRFLLRKHRKH,0.193124598,18,5.806875402,2425,2425,train,9
2426,S. aureus,SAVWRHWRRFWLRKHRKH,0.795880017,18,5.204119983,2426,2426,train,6
2427,S. aureus,SAVWRRWRRFWLRKRRKR,0.795880017,18,5.204119983,2427,2427,train,6
2428,S. aureus,SAVWRWRRFWLRKRK,0.495544338,15,5.504455662,2428,2428,train,8
2429,S. aureus,SFKKFWGGVKAIFKGARKGWK,1.224014811,21,4.775985189,2429,2429,train,4
2430,S. aureus,SFVFKLASKVVPSVFSALTR,2.069068809,20,3.930931191,2430,2430,train,1
2431,S. aureus,SGIQPEQHSS,2.0,10,4.0,2431,2431,train,1
2432,S. aureus,SGKLWWRRKK,1.698970004,10,4.301029996,2432,2432,train,2
2433,S. aureus,SGKLYYRRKK,2.0,10,4.0,2433,2433,train,1
2434,S. aureus,SGKRWWRRKK,1.698970004,10,4.301029996,2434,2434,train,2
2436,S. aureus,SHHWLWLW,1.234959093,8,4.765040907,2436,2436,train,4
2437,S. aureus,SHKWLWLW,0.93728677,8,5.06271323,2437,2437,train,6
2438,S. aureus,SIKILKIYFIQGKRHWSF,1.725613697,18,4.274386303,2438,2438,train,2
2439,S. aureus,SILGKLWKGVKSIF,0.6775231,14,5.3224769,2439,2439,train,7
2440,S. aureus,SILPTIVSFLSKFL,1.380211242,14,4.619788758,2440,2440,train,4
2441,S. aureus,SILPTIVSFLTKFL,1.397940009,14,4.602059991,2441,2441,train,4
2442,S. aureus,SILPTIVTFLSKFL,1.397940009,14,4.602059991,2442,2442,train,4
2444,S. aureus,SKSWLWLW,0.956524899,8,5.043475101,2444,2444,train,6
2445,S. aureus,SKVGRHGRRFGHRAHRKL,2.0,18,4.0,2445,2445,train,1
2446,S. aureus,SKVGRHLRRFGHRAHRKL,1.096910013,18,4.903089987,2446,2446,train,5
2447,S. aureus,SKVGRHLRRFLHRAHRKL,0.369215857,18,5.630784143,2447,2447,train,9
2448,S. aureus,SKVLRHLRRFLHRAHRKL,0.369215857,18,5.630784143,2448,2448,train,9
2449,S. aureus,SKVWRHW,2.0,7,4.0,2449,2449,train,1
2450,S. aureus,SKVWRHWRRFW,0.795880017,11,5.204119983,2450,2450,train,6
2451,S. aureus,SKVWRHWRRFWHR,0.495544338,13,5.504455662,2451,2451,train,8
2452,S. aureus,SKVWRHWRRFWHRAHRKK,0.586587305,18,5.413412695,2452,2452,train,8
2453,S. aureus,SKVWRHWRRFWHRAHRLH,0.495544338,18,5.504455662,2453,2453,train,8
2456,S. aureus,SLSRFLRFLKIVYRRAF,1.096910013,17,4.903089987,2456,2456,train,5
2457,S. aureus,SLSRFLSFLKIVYPPAF,1.401110426,17,4.598889574,2457,2457,train,4
2458,S. aureus,SLWETIKNAGKGFIQNILDKIR,0.567026366,22,5.432973634,2458,2458,train,8
2459,S. aureus,SLWETIKNAGKGFIQNLDKIR,0.586277288,21,5.413722712,2459,2459,train,8
2460,S. aureus,SMLSVLKNLGKVGLGFVA,2.301029996,18,3.698970004,2460,2460,train,0
2461,S. aureus,SMLSVLKNLGKVGLGFVAAKIAKQA,2.0,25,4.0,2461,2461,train,1
2462,S. aureus,SPEEARVKILTAIPEMREEDLSEE,2.0,24,4.0,2462,2462,train,1
2464,S. aureus,SPRRRTPSPRRRRSQSPRRR,2.0,20,4.0,2464,2464,train,1
2465,S. aureus,SRSEKAGLQFPVGRIGRMLKK,0.823908741,21,5.176091259,2465,2465,train,6
2466,S. aureus,SRWPSPGRPRPFPG,2.0,14,4.0,2466,2466,train,1
2467,S. aureus,SRWPSPGRPRPFPGRPKPIF,2.0,20,4.0,2467,2467,train,1
2468,S. aureus,SRWPSPGRPRPFPGRPKPIFRPR,2.0,23,4.0,2468,2468,train,1
2469,S. aureus,SSMKLSFRARAYGFRGPGPQL,1.633263735,21,4.366736265,2469,2469,train,3
2470,S. aureus,STIGKLVKWIIKTVNKFTKK,0.681241237,20,5.318758763,2470,2470,train,7
2471,S. aureus,STVLTSKYR,0.301029996,9,5.698970004,2471,2471,train,9
2472,S. aureus,SVAGRAQGM,1.960589401,9,4.039410599,2472,2472,train,1
2473,S. aureus,SVKKFWGGVKAIFKGARKGLK,1.204119983,21,4.795880017,2473,2473,train,4
2474,S. aureus,SVPSVGAVLFFKRAAVMKLI,2.079118658,20,3.920881342,2474,2474,train,1
2475,S. aureus,SWFKHKSK,1.059147548,8,4.940852452,2475,2475,train,5
2476,S. aureus,SWFKTKSK,1.199293917,8,4.800706083,2476,2476,train,4
2477,S. aureus,SWKSMAKKLKEYMEKLKQRA,1.74723839,20,4.25276161,2477,2477,train,2
2478,S. aureus,TESYFVFSVGM,2.127871881,11,3.872128119,2478,2478,train,1
2479,S. aureus,THIHMNARLLIRSPFTDPQL,2.035192598,20,3.964807402,2479,2479,train,1
2480,S. aureus,THSWLWLW,1.947582841,8,4.052417159,2480,2480,train,1
2481,S. aureus,THVFRLKKWMQKVIDRFGG,1.505149978,19,4.494850022,2481,2481,train,3
2482,S. aureus,TIAMRAINNYRWRSKNQNTFLR,0.176091259,22,5.823908741,2482,2482,train,9
2483,S. aureus,TKKTKLTEEEKNRL,0.361727836,14,5.638272164,2483,2483,train,9
2484,S. aureus,TKPTLLGLPLGAGPAAGPGKR,0.903089987,21,5.096910013,2484,2484,train,6
2485,S. aureus,TLKQFAKGVGKWLVK,1.768765206,15,4.231234794,2485,2485,train,2
2486,S. aureus,TLLKKVLKAAA,0.477121255,11,5.522878745,2486,2486,train,8
2487,S. aureus,TLLKKVLKAAAKAALNAVLVGANA,1.027081194,24,4.972918806,2487,2487,train,5
2488,S. aureus,TMSLRFWRWKVR,1.730631944,12,4.269368056,2488,2488,train,2
2489,S. aureus,TPFKISIHL,1.152727708,9,4.847272292,2489,2489,train,5
2490,S. aureus,TPFKLSLHL,1.303242706,9,4.696757294,2490,2490,train,4
2491,S. aureus,TRKRLKKIGKVLKWI,1.505149978,15,4.494850022,2491,2491,train,3
2492,S. aureus,TRSRWRRFIRGAGRFARRYGWRIA,1.622552704,24,4.377447296,2492,2492,train,3
2493,S. aureus,TRSSRAGLQFPVGRVHR,2.123995578,17,3.876004422,2493,2493,train,1
2494,S. aureus,TRSSRAGLQFPVGRVHRLLRK,1.282219325,21,4.717780675,2494,2494,train,4
2495,S. aureus,TSFLNELNKYNEKKFI,0.620608674,16,5.379391326,2495,2495,train,7
2496,S. aureus,TWLKKRRWKKVKPP,1.538705308,14,4.461294692,2496,2496,train,3
2497,S. aureus,TWLPAVIKIQAHWRGYRQRKIYL,0.204119983,23,5.795880017,2497,2497,train,9
2498,S. aureus,VALNENLLR,3.096910013,9,2.903089987,2498,2498,train,0
2499,S. aureus,VANENLLR,3.397940009,8,2.602059991,2499,2499,train,0
2500,S. aureus,VDKGRYLEAPTPPRPIYNRN,1.301029996,20,4.698970004,2500,2500,train,4
2501,S. aureus,VDKGSYLPRPTPTPRYRPIYNRN,1.301029996,23,4.698970004,2501,2501,train,4
2502,S. aureus,VDKGSYLPRPTPYSPRPPIYNRN,1.301029996,23,4.698970004,2502,2502,train,4
2503,S. aureus,VDKPDYRPRPRPPNM,2.176091259,15,3.823908741,2503,2503,train,0
2505,S. aureus,VDNANDLLSKVKKDKSD,0.916876777,17,5.083123223,2505,2505,train,6
2506,S. aureus,VFLGNIVSMGKKI,2.15312283,13,3.84687717,2506,2506,train,1
2509,S. aureus,VFRLKKWMQKVIDRFGG,1.505149978,17,4.494850022,2509,2509,train,3
2510,S. aureus,VGALAVVVWKWKWKW,0.397940009,15,5.602059991,2510,2510,train,8
2511,S. aureus,VGALAVVVWKWKWLW,0.698970004,15,5.301029996,2511,2511,train,7
2512,S. aureus,VGALAVVVWKWLWKW,0.698970004,15,5.301029996,2512,2512,train,7
2513,S. aureus,VGALAVVVWKWLWLW,0.397940009,15,5.602059991,2513,2513,train,8
2514,S. aureus,VGALAVVVWLWLWKW,0.397940009,15,5.602059991,2514,2514,train,8
2515,S. aureus,VGALAVVVWLWLWLW,0.397940009,15,5.602059991,2515,2515,train,8
2516,S. aureus,VGALAVVVWRWRWRW,0.397940009,15,5.602059991,2516,2516,train,8
2517,S. aureus,VGKTWIKVIRGIGKSKIKWQ,0.447158031,20,5.552841969,2517,2517,train,8
2518,S. aureus,VGRIHRHLK,1.079181246,9,4.920818754,2518,2518,train,5
2519,S. aureus,VGVGGGFGR,2.191171701,9,3.808828299,2519,2519,train,0
2520,S. aureus,VIDKAKMESLGITSRDTT,1.200741275,18,4.799258725,2520,2520,train,4
2521,S. aureus,VIGSILGALASGLPTLISWIKNR,0.77815125,23,5.22184875,2521,2521,train,7
2522,S. aureus,VINENLLR,3.096910013,8,2.903089987,2522,2522,train,0
2523,S. aureus,VIPIVSGLLSSLL,0.579621152,13,5.420378848,2523,2523,train,8
2524,S. aureus,VIRRRRILAAVV,2.2451077,12,3.7548923,2524,2524,train,0
2525,S. aureus,VKGSWSKKFEVIA,2.0,13,4.0,2525,2525,train,1
2526,S. aureus,VKKFPWWWPFLKK,0.747098253,13,5.252901747,2526,2526,train,7
2527,S. aureus,VKKLVYPLKVKLYP,0.948680972,14,5.051319028,2527,2527,train,6
2528,S. aureus,VKKVYPLKVKLYP,0.404782329,13,5.595217671,2528,2528,train,8
2529,S. aureus,VKLFVYPLKVKLYP,0.958060372,14,5.041939628,2529,2529,train,6
2530,S. aureus,VKLGVYPLKVKLYP,0.870464216,14,5.129535784,2530,2530,train,6
2535,S. aureus,VKLKYPKVKLYP,1.637135253,12,4.362864747,2535,2535,train,3
2536,S. aureus,VKLKYPLKVKLYP,0.400931694,13,5.599068306,2536,2536,train,8
2537,S. aureus,VKLKYPVKLYP,1.676591193,11,4.323408807,2537,2537,train,2
2538,S. aureus,VKLLVYPLKVKLYP,1.025668048,14,4.974331952,2538,2538,train,5
2539,S. aureus,VKLNVYPLKVKLYP,1.156435708,14,4.843564292,2539,2539,train,5
2540,S. aureus,VKLVKYPKLKVKLYP,1.245957757,15,4.754042243,2540,2540,train,4
2541,S. aureus,VKLVYPLKVKLYP,0.408942409,13,5.591057591,2541,2541,train,8
2542,S. aureus,VKLYPKVKLYP,1.074531201,11,4.925468799,2542,2542,train,5
2543,S. aureus,VKLYPVKLYP,0.941841969,10,5.058158031,2543,2543,train,6
2544,S. aureus,VKLYVYPLKVKLYP,0.864047965,14,5.135952035,2544,2544,train,6
2545,S. aureus,VKRFKKFFRKFKKSV,1.704772772,15,4.295227228,2545,2545,train,2
2546,S. aureus,VKRFKKFFRKLKKS,1.554653469,14,4.445346531,2546,2546,train,3
2547,S. aureus,VKRFKKFFRKLKKSVK,1.497444502,16,4.502555498,2547,2547,train,3
2548,S. aureus,VKRFKKFFRKLKKSVKK,1.471323859,17,4.528676141,2548,2548,train,3
2549,S. aureus,VKRFKKFFRKLKKSVKKL,1.4561311,18,4.5438689,2549,2549,train,3
2550,S. aureus,VKRWKKFWRKWKKWW,0.313852767,15,5.686147233,2550,2550,train,9
2551,S. aureus,VKRWKKWRWKWKKWV,-0.279871987,15,6.279871987,2551,2551,train,9
2552,S. aureus,VKRWKKWWRKLKKSV,1.68686134,15,4.31313866,2552,2552,train,2
2553,S. aureus,VKWRWKKWRWKWKWKV,1.617093313,16,4.382906687,2553,2553,train,3
2554,S. aureus,VKWRWKWKWRWKWKWKV,1.584834302,17,4.415165698,2554,2554,train,3
2555,S. aureus,VLHTGYRKFLHRSKRFFHLR,1.62181401,20,4.37818599,2555,2555,train,3
2556,S. aureus,VLIKTRLFIKRK,0.84509804,12,5.15490196,2556,2556,train,6
2557,S. aureus,VLNANLLR,3.096910013,8,2.903089987,2557,2557,train,0
2558,S. aureus,VLNDNLLR,3.397940009,8,2.602059991,2558,2558,train,0
2559,S. aureus,VLNEALLR,3.096910013,8,2.903089987,2559,2559,train,0
2560,S. aureus,VLNENAAR,3.096910013,8,2.903089987,2560,2560,train,0
2561,S. aureus,VLNENALR,2.971971276,8,3.028028724,2561,2561,train,0
2562,S. aureus,VLNENARL,3.038918066,8,2.961081934,2562,2562,train,0
2563,S. aureus,VLNENLAA,2.870403905,8,3.129596095,2563,2563,train,0
2564,S. aureus,VLNENLAR,3.038918066,8,2.961081934,2564,2564,train,0
2565,S. aureus,VLNENLL,3.096910013,7,2.903089987,2565,2565,train,0
2566,S. aureus,VLNENLLA,3.096910013,8,2.903089987,2566,2566,train,0
2567,S. aureus,VLNENLLH,3.096910013,8,2.903089987,2567,2567,train,0
2568,S. aureus,VLNENLLK,3.096910013,8,2.903089987,2568,2568,train,0
2569,S. aureus,VLNENLLR,3.149932625,8,2.850067375,2569,2569,train,0
2570,S. aureus,VLNENLRR,3.096910013,8,2.903089987,2570,2570,train,0
2571,S. aureus,VLNNLLR,3.006679928,7,2.993320072,2571,2571,train,0
2572,S. aureus,VLPKVMAHMK,2.0,10,4.0,2572,2572,train,1
2573,S. aureus,VLPLISMALGKLL,1.77815125,13,4.22184875,2573,2573,train,2
2574,S. aureus,VLPLVGNLLNDLLGK,1.801918983,15,4.198081017,2574,2574,train,2
2576,S. aureus,VNWKKILAKIIKVVK,0.342422681,15,5.657577319,2576,2576,train,9
2577,S. aureus,VNWKKILG,2.0,8,4.0,2577,2577,train,1
2578,S. aureus,VNWKKILGKI,2.0,10,4.0,2578,2578,train,1
2579,S. aureus,VNWKKILGKIIKVAK,0.954242509,15,5.045757491,2579,2579,train,6
2580,S. aureus,VNWKKILGKIIKVVK,1.120827474,15,4.879172526,2580,2580,train,5
2583,S. aureus,VNWKKILPKIIKVAK,1.903089987,15,4.096910013,2583,2583,train,1
2584,S. aureus,VNWKKILPKIIKVVK,1.511883361,15,4.488116639,2584,2584,train,3
2589,S. aureus,VQLRIRVRVIRK,0.892811124,12,5.107188876,2589,2589,train,6
2590,S. aureus,VQRWLIVWRIRK,0.480689663,12,5.519310337,2590,2590,train,8
2592,S. aureus,VQWRIRIAVIRK,1.017192874,12,4.982807126,2592,2592,train,5
2595,S. aureus,VRLIVAVRIWRR,0.512321088,12,5.487678912,2595,2595,train,8
2598,S. aureus,VRLRIRVAVRRA,0.913400602,12,5.086599398,2598,2598,train,6
2599,S. aureus,VRLRIRVRVIRK,0.383488763,12,5.616511237,2599,2599,train,8
2600,S. aureus,VRLWIRVAVIRA,1.537062046,12,4.462937954,2600,2600,train,3
2601,S. aureus,VRRFAWWWAFLRR,0.431756069,13,5.568243931,2601,2601,train,8
2602,S. aureus,VRRFAWWWPFLRR,0.328776901,13,5.671223099,2602,2602,train,9
2603,S. aureus,VRRFGWWWGFLRR,0.943541435,13,5.056458565,2603,2603,train,6
2604,S. aureus,VRRFPAAAPFLRR,1.61393086,13,4.38606914,2604,2604,train,3
2606,S. aureus,VRRFPWWWAFLRR,0.425686914,13,5.574313086,2606,2606,train,8
2607,S. aureus,VRRFPWWWPFLRR,0.118671411,13,5.881328589,2607,2607,train,9
2609,S. aureus,VRRVRKWVRRVLKLV,0.944482672,15,5.055517328,2609,2609,train,6
2610,S. aureus,VRRYPWWWPYLRR,0.41245668,13,5.58754332,2610,2610,train,8
2611,S. aureus,VRVKVRVK,2.706303708,8,3.293696292,2611,2611,train,0
2614,S. aureus,VTRRRHGV,2.008716805,8,3.991283195,2614,2614,train,1
2615,S. aureus,VVKFSYRKGSPAPQKN,2.04429472,16,3.95570528,2615,2615,train,1
2616,S. aureus,VWLSALKFIGKHLAKHQLSKL,0.491361694,21,5.508638306,2616,2616,train,8
2617,S. aureus,VWPLVIRTVIAGYNLYRAIKKK,-0.22184875,22,6.22184875,2617,2617,train,9
2618,S. aureus,VWRHWRRFW,1.397940009,9,4.602059991,2618,2618,train,4
2621,S. aureus,VWRKWRRFW,0.795880017,9,5.204119983,2621,2621,train,6
2622,S. aureus,VWRKWRRFWKR,0.795880017,11,5.204119983,2622,2622,train,6
2623,S. aureus,VWRRWRRFW,1.096910013,9,4.903089987,2623,2623,train,5
2624,S. aureus,VWRRWRRFWRR,0.495544338,11,5.504455662,2624,2624,train,8
2625,S. aureus,WALRLYLVY,2.0,9,4.0,2625,2625,train,1
2627,S. aureus,WFKKIPKFLHLAKKF,0.494850022,15,5.505149978,2627,2627,train,8
2628,S. aureus,WFKKIPKFLHLLKKF,0.494850022,15,5.505149978,2628,2628,train,8
2629,S. aureus,WFKKLLKKALRLWKKVL,0.657809275,17,5.342190725,2629,2629,train,7
2630,S. aureus,WFKMRWWGR,0.462397998,9,5.537602002,2630,2630,train,8
2631,S. aureus,WFWKLLWKALRLWWKVL,0.527803578,17,5.472196422,2631,2631,train,8
2632,S. aureus,WFWKWWRRRRR,0.230448921,11,5.769551079,2632,2632,train,9
2633,S. aureus,WGEAFSAGVHRLANGGNG,1.852174904,18,4.147825096,2633,2633,train,2
2634,S. aureus,WGIHRILKYGKPS,0.903089987,13,5.096910013,2634,2634,train,6
2635,S. aureus,WGIRDILKYGKPS,1.176091259,13,4.823908741,2635,2635,train,5
2636,S. aureus,WGIRRILKYGKRS,0.602059991,13,5.397940009,2636,2636,train,7
2637,S. aureus,WGRAFRRGVRRLARGGRR,1.429375405,18,4.570624595,2637,2637,train,3
2639,S. aureus,WGRAFSAGVHRLANGGNG,1.84565606,18,4.15434394,2639,2639,train,2
2640,S. aureus,WGRAFSRGVRRLARGGRG,1.678123662,18,4.321876338,2640,2640,train,2
2641,S. aureus,WHWRIRKKLR,2.0,10,4.0,2641,2641,train,1
2642,S. aureus,WHWTWLPKKKRKV,2.397940009,13,3.602059991,2642,2642,train,0
2643,S. aureus,WHWTWLPRRRK,1.193124598,11,4.806875402,2643,2643,train,5
2644,S. aureus,WHWTWLRIRKKLR,0.799340549,13,5.200659451,2644,2644,train,6
2645,S. aureus,WKIVFWWRR,0.146128036,9,5.853871964,2645,2645,train,9
2646,S. aureus,WKKAWKPGAKKWAK,2.028028724,14,3.971971276,2646,2646,train,1
2647,S. aureus,WKKILSKIKKLLK,0.495544338,13,5.504455662,2647,2647,train,8
2648,S. aureus,WKKIPKFLHLAKKF,0.494850022,14,5.505149978,2648,2648,train,8
2649,S. aureus,WKKIPKFLHLLKKF,0.494850022,14,5.505149978,2649,2649,train,8
2650,S. aureus,WKKIWKPGIKKWIK,1.726998728,14,4.273001272,2650,2650,train,2
2651,S. aureus,WKKIWSKIKKLLK,0.495544338,13,5.504455662,2651,2651,train,8
2652,S. aureus,WKKKWLWL,1.703526007,8,4.296473993,2652,2652,train,2
2656,S. aureus,WKKWWKKW,1.795880017,8,4.204119983,2656,2656,train,2
2657,S. aureus,WKKWWKKWWK,1.193124598,10,4.806875402,2657,2657,train,5
2658,S. aureus,WKKWWKKWWKWWKKWWKK,0.602059991,18,5.397940009,2658,2658,train,7
2659,S. aureus,WKKWWKRRW,0.011814798,9,5.988185202,2659,2659,train,9
2660,S. aureus,WKKWWKWWKKWWKK,0.397940009,14,5.602059991,2660,2660,train,8
2661,S. aureus,WKLFKKIPKFLHLAKKF,0.494850022,17,5.505149978,2661,2661,train,8
2662,S. aureus,WKRLVAASAKKK,0.858330877,12,5.141669123,2662,2662,train,6
2663,S. aureus,WKRWWKKWR,0.43778353,9,5.56221647,2663,2663,train,8
2664,S. aureus,WKSDVRRWRSRY,2.0,12,4.0,2664,2664,train,1
2665,S. aureus,WKSYVRRW,2.0,8,4.0,2665,2665,train,1
2666,S. aureus,WKSYVRRWR,1.806179974,9,4.193820026,2666,2666,train,2
2667,S. aureus,WKSYVRRWRS,2.0,10,4.0,2667,2667,train,1
2668,S. aureus,WKSYVRRWRSRY,1.505149978,12,4.494850022,2668,2668,train,3
2669,S. aureus,WKTLLKKVLKAAA,0.954242509,13,5.045757491,2669,2669,train,6
2670,S. aureus,WKWKPGKWKW,1.380211242,10,4.619788758,2670,2670,train,4
2671,S. aureus,WKWKWKPGKWKWKW,0.602059991,14,5.397940009,2671,2671,train,7
2672,S. aureus,WKWKWKWKPGKWKWKWKW,0.477121255,18,5.522878745,2672,2672,train,8
2673,S. aureus,WKWKWKWKWKPGKWKWKWKWKW,1.301029996,22,4.698970004,2673,2673,train,4
2674,S. aureus,WKWLKKWIK,1.096910013,9,4.903089987,2674,2674,train,5
2675,S. aureus,WKWRVRVTI,0.431363764,9,5.568636236,2675,2675,train,8
2676,S. aureus,WKWWKKWWKK,0.698970004,10,5.301029996,2676,2676,train,7
2677,S. aureus,WLGALFKVASK,1.913827383,11,4.086172617,2677,2677,train,1
2678,S. aureus,WLGSALKIGAKLLPSVVGLFKKKKQ,0.903089987,25,5.096910013,2678,2678,train,6
2679,S. aureus,WLLKRWKKLL,1.380211242,10,4.619788758,2679,2679,train,4
2681,S. aureus,WLRAFRRLVRRLARLLRR,0.396199347,18,5.603800653,2681,2681,train,8
2682,S. aureus,WLRRIGKGVKIIGGAALDHL,1.46899925,20,4.53100075,2682,2682,train,3
2683,S. aureus,WLRRIKAWLRR,1.220510399,11,4.779489601,2683,2683,train,4
2684,S. aureus,WLRRIKAWLRRIKA,0.538390911,14,5.461609089,2684,2684,train,8
2685,S. aureus,WMQKVIDRFGG,2.10720997,11,3.89279003,2685,2685,train,1
2687,S. aureus,WPVVIRTVVAGYNLYRAIKKK,0.754505318,21,5.245494682,2687,2687,train,7
2688,S. aureus,WRHWRRFWHR,1.698970004,10,4.301029996,2688,2688,train,2
2689,S. aureus,WRKAWRPGAKRWAK,1.873126764,14,4.126873236,2689,2689,train,2
2690,S. aureus,WRKFWKYLK,-0.096910013,9,6.096910013,2690,2690,train,9
2692,S. aureus,WRKLWRGGLKRWLK,0.970036777,14,5.029963223,2692,2692,train,6
2693,S. aureus,WRKLWRPGLKRWLK,0.823908741,14,5.176091259,2693,2693,train,6
2694,S. aureus,WRKVWRPGVKRWVK,1.572096768,14,4.427903232,2694,2694,train,3
2695,S. aureus,WRKWRKRWWWRKWRKRWW,0.84509804,18,5.15490196,2695,2695,train,6
2696,S. aureus,WRNGRWWRNGRWWRNGRW,0.301029996,18,5.698970004,2696,2696,train,9
2697,S. aureus,WRPGRWWRPGRW,0.84509804,12,5.15490196,2697,2697,train,6
2698,S. aureus,WRPGRWWRPGRWWRPGRW,0.301029996,18,5.698970004,2698,2698,train,9
2699,S. aureus,WRPGRWWRPGRWWRPGRWWRPGRW,0.477121255,24,5.522878745,2699,2699,train,8
2700,S. aureus,WRRRRRRRR,1.342671961,9,4.657328039,2700,2700,train,4
2701,S. aureus,WRRRYRRWRRRRRWRRRPRR,0.193124598,20,5.806875402,2701,2701,train,9
2702,S. aureus,WRRWWRRWWRWWRRWWRR,0.903089987,18,5.096910013,2702,2702,train,6
2703,S. aureus,WRRWWRWWRRWWRR,-0.301029996,14,6.301029996,2703,2703,train,9
2704,S. aureus,WRWKWRWK,1.671515722,8,4.328484278,2704,2704,train,2
2705,S. aureus,WRWWKIWKR,0.162433055,9,5.837566945,2705,2705,train,9
2706,S. aureus,WRWWRRWWRR,0.397940009,10,5.602059991,2706,2706,train,8
2707,S. aureus,WWHSWWSTW,1.962904297,9,4.037095703,2707,2707,train,1
2708,S. aureus,WWKDWWERW,2.529406009,9,3.470593991,2708,2708,train,0
2709,S. aureus,WWKKWWKK,1.447158031,8,4.552841969,2709,2709,train,3
2710,S. aureus,WWKRWKKLRRIFLML,0.26746166,15,5.73253834,2710,2710,train,9
2711,S. aureus,WWKRWKRIRRIFMMV,0.562101976,15,5.437898024,2711,2711,train,8
2712,S. aureus,WWKWWKRLRRLFLLV,0.864332406,15,5.135667594,2712,2712,train,6
2713,S. aureus,WWRLRRIW,1.096910013,8,4.903089987,2713,2713,train,5
2714,S. aureus,WWRRRRRRRR,0.739419662,10,5.260580338,2714,2714,train,7
2715,S. aureus,WWRRWWRR,0.903089987,8,5.096910013,2715,2715,train,6
2716,S. aureus,WWSYVRRWRSR,0.903089987,11,5.096910013,2716,2716,train,6
2717,S. aureus,WWSYWWTQW,1.942015054,9,4.057984946,2717,2717,train,1
2718,S. aureus,WWVAARAARR,1.301029996,10,4.698970004,2718,2718,train,4
2719,S. aureus,WWWLKKIW,1.096910013,8,4.903089987,2719,2719,train,5
2721,S. aureus,WWWLRKIW,0.794720352,8,5.205279648,2721,2721,train,7
2722,S. aureus,WWWLRRIR,1.096910013,8,4.903089987,2722,2722,train,5
2723,S. aureus,WWWLRRIW,1.397940009,8,4.602059991,2723,2723,train,4
2724,S. aureus,WWWLRRRW,0.491361694,8,5.508638306,2724,2724,train,8
2726,S. aureus,WWWRRRIW,1.096910013,8,4.903089987,2726,2726,train,5
2727,S. aureus,WWWRRRRRRRR,0.738468166,11,5.261531834,2727,2727,train,7
2728,S. aureus,WWWWRRRRRRRR,0.650541042,12,5.349458958,2728,2728,train,7
2729,S. aureus,WWYNWWQDW,2.531783509,9,3.468216491,2729,2729,train,0
2730,S. aureus,YKFRWRIYI,0.462397998,9,5.537602002,2730,2730,train,8
2731,S. aureus,YKLLKKLLKKLKKLLKKL,1.126873236,18,4.873126764,2731,2731,train,5
2732,S. aureus,YKLLKLLLPKLKGLLFKL,-0.029750683,18,6.029750683,2732,2732,train,9
2733,S. aureus,YKLLKLLLPKLKGLLIKL,0.278232136,18,5.721767864,2733,2733,train,9
2734,S. aureus,YKLLKLLLPKLKGLLPKL,0.720882887,18,5.279117113,2734,2734,train,7
2735,S. aureus,YKLLKLLLPKLKPLLFKL,0.138291866,18,5.861708134,2735,2735,train,9
2736,S. aureus,YKLLKLLLPKLKPLLIKL,0.270054749,18,5.729945251,2736,2736,train,9
2737,S. aureus,YKLLKLLLPKLKPLLPKL,1.324463204,18,4.675536796,2737,2737,train,4
2738,S. aureus,YKLLKWLLLKLKALLEKL,1.430456347,18,4.569543653,2738,2738,train,3
2739,S. aureus,YKWKIRFKR,0.612783857,9,5.387216143,2739,2739,train,7
2740,S. aureus,YPELQQDLIARLL,0.712148839,13,5.287851161,2740,2740,train,7
2741,S. aureus,YPLKVKYPKLKV,2.329265833,12,3.670734167,2741,2741,train,0
2742,S. aureus,YPLPFIP,1.169527792,7,4.830472208,2742,2742,train,5
2743,S. aureus,YPVKLKYPKVKL,2.254201153,12,3.745798847,2743,2743,train,0
2744,S. aureus,YQWQRRMRKL,2.488550717,10,3.511449283,2744,2744,train,0
2745,S. aureus,YRLRVKWKW,0.988588034,9,5.011411966,2745,2745,train,5
2746,S. aureus,YRWARWWRR,0.541924787,9,5.458075213,2746,2746,train,8
2747,S. aureus,YRWWRWARRW,1.72427587,10,4.27572413,2747,2747,train,2
2748,S. aureus,YRWWRWARRWYRWWRWARRW,1.72427587,20,4.27572413,2748,2748,train,2
2749,S. aureus,YSKSLPLSVLNP,1.60723838,12,4.39276162,2749,2749,train,3
2750,S. aureus,YSLQMGATAIKQVKKLFKKKGG,0.819543936,22,5.180456064,2750,2750,train,6
2751,S. aureus,YVLAKRKRAIFI,2.301029996,12,3.698970004,2751,2751,train,0
2752,S. aureus,YVLFKRKRFIFI,2.301029996,12,3.698970004,2752,2752,train,0
2753,S. aureus,YVLLKRKRLIFI,2.301029996,12,3.698970004,2753,2753,train,0
2754,S. aureus,YVLWKRKRWIFI,1.602059991,12,4.397940009,2754,2754,train,3
2755,S. aureus,YVPPVQKPHPNGPKFPTFP,2.124830149,19,3.875169851,2755,2755,train,1
2756,S. aureus,YWKKWKKLRRIFMLV,0.58177279,15,5.41822721,2756,2756,train,8
