,seq1,seq2,mic1,mic2,dmic,alignment seq1,alignment seq2,lev,seq id,score,bit score,tanimoto simularity,tanimoto dissimularity,blosum62 average,blosum62 disaverage,levenstein aligned,mutation,dataset
18,AAYLLAKINLKALAALAKKIL,AGYLLGKINLKPLAALAKKIL,4.964335543,4.236940624,0.727394919,AAYLLAKINLKALAALAKKIL,AGYLLGKINLKPLAALAKKIL,3,0.8571428571428571,80.0,1.618138304539314,0.8917222061238289,0.2420554428668018,0.915422077904762,0.4079545453333333,3,"(2, A, G)|(6, A, G)|(12, A, P)",test
19,AFGMALKLLKKVL,GFGMALKLLKKVL,5.283996656,4.48087908,0.803117576,AFGMALKLLKKVL,GFGMALKLLKKVL,1,0.9230769230769232,56.0,1.9453930360777296,0.9457013574660632,0.2941176470588235,0.9576923076923076,0.45,1,"(1, A, G)",test
22,AFGVLAKVAAHVVPAIAEHF,GLFGVLAKVAAHVVPAIAKHF,4.193820026,5.397940009,-1.204119983,-AFGVLAKVAAHVVPAIAEHF,GLFGVLAKVAAHVVPAIAKHF,3,0.8571428571428571,91.0,1.807818352534287,0.8991638321995464,0.2941468253968253,0.9014550264761906,0.3101851853333333,3,"(1, -, G)|(2, A, L)|(19, E, K)",test
25,AFHHIFRGIVHVGKTIHRLVTG,FFHHAFRGIVHVGKTIHRLVTG,5.259637311,4.301029996,0.958607315,AFHHIFRGIVHVGKTIHRLVTG,FFHHAFRGIVHVGKTIHRLVTG,2,0.9090909090909092,110.0,2.038381729691795,0.9411157024793388,0.3522727272727272,0.9363636363636364,0.3,2,"(1, A, F)|(5, I, A)",test
33,AFHHIFRGIVHVGKTIHRLVTG,FFHHFARGIVHVGKTIHRLVTG,5.259637311,4.301029996,0.958607315,AFHHIFRGIVHVGKTIHRLVTG,FFHHFARGIVHVGKTIHRLVTG,3,0.8636363636363636,103.0,1.9231628575626176,0.8968531468531468,0.2435897435897435,0.9045454545454544,0.3,3,"(1, A, F)|(5, I, F)|(6, F, A)",test
49,AGLQFPVGRVHRLLRK,GLQFPVGRVHRLLRK,4.602059991,5.34638711,-0.7443271190000003,AGLQFPVGRVHRLLRK,-GLQFPVGRVHRLLRK,1,0.9375,78.0,2.078541967799959,0.9375,0.0,0.9375,0.0,1,"(1, A, -)",test
52,AGRGKQGGKVRAKAKTRSS,DGRGKQGGKVRAKAKTRSS,5.08440181,4.191037881,0.8933639290000004,AGRGKQGGKVRAKAKTRSS,DGRGKQGGKVRAKAKTRSS,1,0.9473684210526316,89.0,1.9599974996154612,0.9674185463659148,0.3809523809523809,0.9592105263157896,0.225,1,"(1, A, D)",test
53,AGRGKQGGKVRAKAKTRSS,GRGKQGGKVRAKAKTRSS,5.08440181,4.165128654,0.919273156,AGRGKQGGKVRAKAKTRSS,-GRGKQGGKVRAKAKTRSS,1,0.9473684210526316,89.0,1.9599974996154612,0.9473684210526316,0.0,0.9473684210526316,0.0,1,"(1, A, -)",test
54,AGRGKQGGKVRAKAKTRSS,KGRGKQGGKVRAKAKTRSS,5.08440181,4.366533128,0.7178686819999998,AGRGKQGGKVRAKAKTRSS,KGRGKQGGKVRAKAKTRSS,1,0.9473684210526316,89.0,1.9599974996154612,0.962406015037594,0.2857142857142857,0.9660087719473684,0.354166667,1,"(1, A, K)",test
55,AGYLLGKINLKALAALAKKIL,AGYLLGKINLKPLAALAKKIL,5.206197553,4.236940624,0.9692569290000002,AGYLLGKINLKALAALAKKIL,AGYLLGKINLKPLAALAKKIL,1,0.9523809523809524,92.0,1.8250619932611027,0.9589490968801312,0.1379310344827586,0.9678030302857142,0.323863636,1,"(12, A, P)",test
58,AIGSILGALAKGLPTLISWIKNR,AIGSILGALAKGLPTLKSWIKNR,5.219842767,4.301029996,0.9188127710000008,AIGSILGALAKGLPTLISWIKNR,AIGSILGALAKGLPTLKSWIKNR,1,0.9565217391304348,107.0,1.902523855975222,0.9677018633540372,0.2571428571428571,0.9616545893913044,0.118055556,1,"(17, I, K)",test
59,AIGSILGALAKGLPTLISWIKNR,AIGSILGRLAKGLPTLKSWIKNR,5.219842767,4.0,1.2198427670000005,AIGSILGALAKGLPTLISWIKNR,AIGSILGRLAKGLPTLKSWIKNR,2,0.9130434782608696,102.0,1.823802887439759,0.9341614906832296,0.2428571428571428,0.9335748792608696,0.2361111115,2,"(8, A, R)|(17, I, K)",test
60,AIGSILGALAKGLPTLISWIKNR,RIGSILGALAKGLPTLKSWIKNR,5.219842767,4.0,1.2198427670000005,AIGSILGALAKGLPTLISWIKNR,RIGSILGALAKGLPTLKSWIKNR,2,0.9130434782608696,103.0,1.839547081146852,0.9341614906832296,0.2428571428571428,0.9335748792608696,0.2361111115,2,"(1, A, R)|(17, I, K)",test
61,AIGSILGALAKGLPTLISWIKNR,RIGSILGRLAKGLPTLKSWIKNR,5.219842767,4.0,1.2198427670000005,AIGSILGALAKGLPTLISWIKNR,RIGSILGRLAKGLPTLKSWIKNR,3,0.8695652173913043,98.0,1.7608261126113884,0.9006211180124224,0.238095238095238,0.9054951691304346,0.2754629633333333,3,"(1, A, R)|(8, A, R)|(17, I, K)",test
63,AIGSILGALAKGLPTLISWIKNR,RIGSILGRLAKGLPTLRSWIKNR,5.219842767,4.0,1.2198427670000005,AIGSILGALAKGLPTLISWIKNR,RIGSILGRLAKGLPTLRSWIKNR,3,0.8695652173913043,98.0,1.7608261126113884,0.8987577639751553,0.2238095238095237,0.9054951691304346,0.2754629633333333,3,"(1, A, R)|(8, A, R)|(17, I, R)",test
64,AIGSILGALAKGLPTLKSWIKNR,AIGSILGRLAKGLPTLISWIKNR,4.301029996,5.504455662,-1.2034256660000002,AIGSILGALAKGLPTLKSWIKNR,AIGSILGRLAKGLPTLISWIKNR,2,0.9130434782608696,102.0,1.823802887439759,0.9341614906832296,0.2428571428571428,0.9335748792608696,0.2361111115,2,"(8, A, R)|(17, K, I)",test
66,AIGSILGALAKGLPTLKSWIKNR,GIGSILGVIAKGLPTLISWIKNR,4.301029996,5.301029996,-1.0,AIGSILGALAKGLPTLKSWIKNR,GIGSILGVIAKGLPTLISWIKNR,4,0.8260869565217391,97.0,1.745081918904296,0.8927109974424552,0.3830882352941176,0.9051328502608694,0.454513889,4,"(1, A, G)|(8, A, V)|(9, L, I)|(17, K, I)",test
71,AIGSILGALAKGLPTLKSWIKNR,VIGSILGALASGLPTLISWIKNR,4.301029996,5.22184875,-0.9208187540000008,AIGSILGALAKGLPTLKSWIKNR,VIGSILGALASGLPTLISWIKNR,3,0.8695652173913043,98.0,1.7608261126113884,0.9234015345268544,0.4127450980392157,0.9169685990434784,0.363425926,3,"(1, A, V)|(11, K, S)|(17, K, I)",test
72,AIGSILGALAKGLPTLRSWIKNR,AIGSILGRLAKGLPTLISWIKNR,4.602059991,5.504455662,-0.9023956709999998,AIGSILGALAKGLPTLRSWIKNR,AIGSILGRLAKGLPTLISWIKNR,2,0.9130434782608696,102.0,1.823802887439759,0.9322981366459628,0.2214285714285713,0.9335748792608696,0.2361111115,2,"(8, A, R)|(17, R, I)",test
74,AIGSILGALAKGLPTLRSWIKNR,GIGSILGVIAKGLPTLISWIKNR,4.602059991,5.301029996,-0.6989700049999996,AIGSILGALAKGLPTLRSWIKNR,GIGSILGVIAKGLPTLISWIKNR,4,0.8260869565217391,97.0,1.745081918904296,0.8908476434051881,0.3723739495798319,0.9051328502608694,0.454513889,4,"(1, A, G)|(8, A, V)|(9, L, I)|(17, R, I)",test
80,AIGSILGRLAKGLPTLISWIKNR,AIGSILGRLAKGLPTLKSWIKNR,5.504455662,4.0,1.5044556619999998,AIGSILGRLAKGLPTLISWIKNR,AIGSILGRLAKGLPTLKSWIKNR,1,0.9565217391304348,108.0,1.9182680496823143,0.9677018633540372,0.2571428571428571,0.9616545893913044,0.118055556,1,"(17, I, K)",test
81,AIGSILGRLAKGLPTLISWIKNR,RIGSILGRLAKGLPTLRSWIKNR,5.504455662,4.0,1.5044556619999998,AIGSILGRLAKGLPTLISWIKNR,RIGSILGRLAKGLPTLRSWIKNR,2,0.9130434782608696,104.0,1.855291274853944,0.9322981366459628,0.2214285714285713,0.9335748792608696,0.2361111115,2,"(1, A, R)|(17, I, R)",test
82,AIGSILGRLAKGLPTLISWIKNR,RIGSILGALAKGLPTLKSWIKNR,5.504455662,4.0,1.5044556619999998,AIGSILGRLAKGLPTLISWIKNR,RIGSILGALAKGLPTLKSWIKNR,3,0.8695652173913043,98.0,1.7608261126113884,0.9006211180124224,0.238095238095238,0.9054951691304346,0.2754629633333333,3,"(1, A, R)|(8, R, A)|(17, I, K)",test
83,AIGSILGRLAKGLPTLISWIKNR,RIGSILGRLAKGLPTLKSWIKNR,5.504455662,4.0,1.5044556619999998,AIGSILGRLAKGLPTLISWIKNR,RIGSILGRLAKGLPTLKSWIKNR,2,0.9130434782608696,104.0,1.855291274853944,0.9341614906832296,0.2428571428571428,0.9335748792608696,0.2361111115,2,"(1, A, R)|(17, I, K)",test
86,AIGSILGRLAKGLPTLKSWIKNR,RIGSILGRLAKGLPTLISWIKNR,4.0,4.903089987,-0.9030899870000004,AIGSILGRLAKGLPTLKSWIKNR,RIGSILGRLAKGLPTLISWIKNR,2,0.9130434782608696,104.0,1.855291274853944,0.9341614906832296,0.2428571428571428,0.9335748792608696,0.2361111115,2,"(1, A, R)|(17, K, I)",test
98,AIPWIWIWRLLRKG,AIPWIWIWWLLRKG,6.397940009,5.494850022,0.9030899870000004,AIPWIWIWRLLRKG,AIPWIWIWWLLRKG,1,0.9285714285714286,77.0,2.349611073538301,0.9423963133640552,0.1935483870967742,0.9349206349285714,0.088888889,1,"(9, R, W)",test
102,AKKVFKRLEKLFSKIFNFK,AKKVFKRLEKLFSKIWNDK,5.652707651,4.947212284,0.7054953670000002,AKKVFKRLEKLFSKIFNFK,AKKVFKRLEKLFSKIWNDK,2,0.8947368421052632,80.0,1.7884686523855575,0.9296395817512708,0.3315760266370698,0.9219298245789476,0.2583333335,2,"(16, F, W)|(18, F, D)",test
106,AKKVFKRLEKLFSKIFNFK,AKKVFKRLPKLFSKIWNWK,5.652707651,6.408935393,-0.7562277420000001,AKKVFKRLEKLFSKIFNFK,AKKVFKRLPKLFSKIWNWK,3,0.8421052631578947,78.0,1.7503511307789126,0.883395181100716,0.2615028136378681,0.9019138756315788,0.378787879,3,"(9, E, P)|(16, F, W)|(18, F, W)",test
107,AKKVFKRLEKLFSKIFNFK,AKKVFKRLEKLFSKIQNDK,5.652707651,4.405658534,1.2470491170000004,AKKVFKRLEKLFSKIFNFK,AKKVFKRLEKLFSKIQNDK,2,0.8947368421052632,76.0,1.7122336091722674,0.9266095102008416,0.3027903469079939,0.9055555555789474,0.102777778,2,"(16, F, Q)|(18, F, D)",test
113,AKKVFKRLEKLFSKIQNDK,AKKVFKRLEKLFSKIWNWK,4.405658534,5.592510493,-1.1868519590000002,AKKVFKRLEKLFSKIQNDK,AKKVFKRLEKLFSKIWNWK,2,0.8947368421052632,76.0,1.7122336091722674,0.918468678434631,0.2254524451289949,0.9040935672631578,0.088888889,2,"(16, Q, W)|(18, D, W)",test
115,AKKVFKRLEKLFSKIQNDK,AKKVFKRLEKLFSKIYNYK,4.405658534,5.654425496,-1.2487669620000004,AKKVFKRLEKLFSKIQNDK,AKKVFKRLEKLFSKIYNYK,2,0.8947368421052632,78.0,1.7503511307789126,0.9249393809727572,0.2869241192411924,0.9157097288421052,0.199242424,2,"(16, Q, Y)|(18, D, Y)",test
123,AKKVFKRLEKLFSKIQNWK,AKKVFKRLPKLFSKIWNWK,4.964455736,6.408935393,-1.4444796570000005,AKKVFKRLEKLFSKIQNWK,AKKVFKRLPKLFSKIWNWK,2,0.8947368421052632,85.0,1.883762456402171,0.9121935922228608,0.1658391261171796,0.9200425305789474,0.2404040405,2,"(9, E, P)|(16, Q, W)",test
127,AKKVFKRLEKLFSKIWNDK,AKKVFKRLPKLFSKIWNWK,4.947212284,6.408935393,-1.4617231090000002,AKKVFKRLEKLFSKIWNDK,AKKVFKRLPKLFSKIWNWK,2,0.8947368421052632,83.0,1.8456449347955253,0.9120922607270052,0.164876476906552,0.9106858054210526,0.1515151515,2,"(9, E, P)|(18, D, W)",test
129,AKKVFKRLEKLFSKIWNDK,AKKVFKRLEKLFSKIYNYK,4.947212284,5.654425496,-0.7072132120000001,AKKVFKRLEKLFSKIWNDK,AKKVFKRLEKLFSKIYNYK,2,0.8947368421052632,81.0,1.8075274131888803,0.9255924899969222,0.2931286549707602,0.9246411483157896,0.284090909,2,"(16, W, Y)|(18, D, Y)",test
133,AKKVFKRLEKLFSKIWNWK,AKKVFKRLPKLFSKIWNWK,5.592510493,6.408935393,-0.8164249000000003,AKKVFKRLEKLFSKIWNWK,AKKVFKRLPKLFSKIWNWK,1,0.9473684210526316,98.0,2.131526346845365,0.9529085872576176,0.1052631578947368,0.9633173843684212,0.303030303,1,"(9, E, P)",test
138,AKKVFKRLEKLFSKIYNYK,AKKVFKRLPKLFSKIWNWK,5.654425496,6.408935393,-0.7545098970000002,AKKVFKRLEKLFSKIYNYK,AKKVFKRLPKLFSKIWNWK,3,0.8421052631578947,80.0,1.7884686523855575,0.8771929824561404,0.2222222222222221,0.9078149920526316,0.4161616163333333,3,"(9, E, P)|(16, Y, W)|(18, Y, W)",test
143,AKKVFKRLGIGAVLKVLTWG,AWKVFKRLGIGAVLWVLTWG,6.107905397,5.204119983,0.9037854139999996,AKKVFKRLGIGAVLKVLTWG,AWKVFKRLGIGAVLWVLTWG,2,0.9,85.0,1.7895743335820626,0.9196428571428572,0.1964285714285714,0.9088888889,0.088888889,2,"(2, K, W)|(15, K, W)",test
146,AKKVFKRLPKLFSKIWNWK,WKKVFKRLEKLFSKIWNWK,6.408935393,5.505845406,0.9030899870000004,AKKVFKRLPKLFSKIWNWK,WKKVFKRLEKLFSKIWNWK,2,0.8947368421052632,94.0,2.0552913036320746,0.9092355749395886,0.1377379619260918,0.9157296650526316,0.199431818,2,"(1, A, W)|(9, P, E)",test
150,AKRLKKLAKKIWKWK,AKRLKKLAKKIWKWL,5.560667306,4.795880017,0.764787289,AKRLKKLAKKIWKWK,AKRLKKLAKKIWKWL,1,0.9333333333333332,77.0,2.192970335302414,0.95625,0.34375,0.9490740740666668,0.236111111,1,"(15, K, L)",test
153,AKRLKKLFKKIWNWK,FKRLEKLFKKIWNWK,5.698970004,4.903089987,0.795880017,AKRLKKLFKKIWNWK,FKRLEKLFKKIWNWK,2,0.8666666666666667,77.0,2.192970335302414,0.9104166666666668,0.328125,0.9187037037333332,0.3902777779999999,2,"(1, A, F)|(5, K, E)",test
155,AKRLKKLFKKIWNWK,FKRLKKLFSKIWNWK,5.698970004,4.602059991,1.0969100130000005,AKRLKKLFKKIWNWK,FKRLKKLFSKIWNWK,2,0.8666666666666667,76.0,2.168829238284872,0.9095238095238096,0.3214285714285714,0.9131481481333332,0.348611111,2,"(1, A, F)|(9, K, S)",test
160,ALLKRIKTLL,GLLKKIKTLL,4.745415146,3.575502261,1.169912885,ALLKRIKTLL,GLLKKIKTLL,2,0.8,37.0,1.8409896819011016,0.8704374057315233,0.3521870286576168,0.9116666667,0.5583333335,2,"(1, A, G)|(5, R, K)",test
181,ALPLIGRVLSGIL,FLPLIGKVLSGIL,4.397940009,5.330993219,-0.9330532099999996,ALPLIGRVLSGIL,FLPLIGKVLSGIL,2,0.8461538461538461,53.0,1.8618277002477768,0.8969428007889546,0.330128205128205,0.9147435897692306,0.4458333335,2,"(1, A, F)|(7, R, K)",test
182,ALPLIGRVLSGIL,FLPLIGRVLAGIL,4.397940009,5.602059991,-1.204119982,ALPLIGRVLSGIL,FLPLIGRVLAGIL,2,0.8461538461538461,53.0,1.8618277002477768,0.8977732793522267,0.3355263157894737,0.9115384615384616,0.425,2,"(1, A, F)|(10, S, A)",test
183,ALPLIGRVLSGIL,FLPLIGRVLSGIL,4.397940009,5.601566442,-1.2036264330000002,ALPLIGRVLSGIL,FLPLIGRVLSGIL,1,0.9230769230769232,56.0,1.9453930360777296,0.9423076923076924,0.25,0.9403846153846154,0.225,1,"(1, A, F)",test
184,ALPLIGRVLSGIL,FLPLLGRVLSGLL,4.397940009,5.443697499,-1.0457574899999995,ALPLIGRVLSGIL,FLPLLGRVLSGLL,3,0.7692307692307693,52.0,1.8339725883044584,0.8489010989010988,0.3452380952380952,0.9019230769230768,0.5750000000000001,3,"(1, A, F)|(5, I, L)|(12, I, L)",test
187,ALWKEVLKNAGKAALNEINNLV,ALWKEVLKNAGKAALNEINNLVQ,4.494850022,3.565431096,0.9294189259999994,ALWKEVLKNAGKAALNEINNLV-,ALWKEVLKNAGKAALNEINNLVQ,1,0.9565217391304348,110.0,1.9497564370965,0.9565217391304348,0.0,0.9565217391304348,0.0,1,"(23, -, Q)",test
190,ALWKTLLKKVLKA,ALWMTLLKKVLKA,4.301029996,5.522878745,-1.2218487490000003,ALWKTLLKKVLKA,ALWMTLLKKVLKA,1,0.9230769230769232,58.0,2.0011032599643648,0.9516483516483516,0.3714285714285714,0.9487179486923076,0.333333333,1,"(4, K, M)",test
192,ALWKTLLKKVLKA,KALWKTLLKKVLKA,4.301029996,5.823908741,-1.5228787450000008,-ALWKTLLKKVLKA,KALWKTLLKKVLKA,1,0.9285714285714286,64.0,2.0133600793653943,0.9285714285714286,0.0,0.9285714285714286,0.0,1,"(1, -, K)",test
205,AWASFFKKAAHVAKHVAKAALTHYL,GWGSFFKKAAHVGKHVGKAALTHYL,6.141015999,5.115629512,1.0253864870000005,AWASFFKKAAHVAKHVAKAALTHYL,GWGSFFKKAAHVGKHVGKAALTHYL,4,0.84,115.0,1.8661992131814056,0.8870588235294119,0.2941176470588235,0.912,0.45,4,"(1, A, G)|(3, A, G)|(13, A, G)|(17, A, G)",test
214,DGRGKQGGKVRAKAKTRSS,SGRGKQGGKVRAKAKTRSS,4.191037881,5.087962912,-0.8969250310000003,DGRGKQGGKVRAKAKTRSS,SGRGKQGGKVRAKAKTRSS,1,0.9473684210526316,89.0,1.9599974996154612,0.974937343358396,0.5238095238095238,0.9710526315789472,0.45,1,"(1, D, S)",test
217,EFKRIVQRIKDFLRNLV,GFKAIVQRIKDFLRNLV,4.363177902,5.124938737,-0.7617608349999996,EFKRIVQRIKDFLRNLV,GFKAIVQRIKDFLRNLV,2,0.8823529411764706,72.0,1.8284689854835623,0.9129551820728292,0.2601190476190476,0.9156045751764706,0.282638889,2,"(1, E, G)|(4, R, A)",test
218,EFKRIVQRIKDFLRNLV,GFARIVQRIKDFLRNLV,4.363177902,5.124938737,-0.7617608349999996,EFKRIVQRIKDFLRNLV,GFARIVQRIKDFLRNLV,2,0.8823529411764706,72.0,1.8284689854835623,0.9163165266106442,0.2886904761904761,0.9156045751764706,0.282638889,2,"(1, E, G)|(3, K, A)",test
220,EFKRIVQRIKDFLRNLV,GFKRIVQRIKDFLANLV,4.363177902,5.124938737,-0.7617608349999996,EFKRIVQRIKDFLRNLV,GFKRIVQRIKDFLANLV,2,0.8823529411764706,72.0,1.8284689854835623,0.9129551820728292,0.2601190476190476,0.9156045751764706,0.282638889,2,"(1, E, G)|(14, R, A)",test
221,EFKRIVQRIKDFLRNLV,GFKRIVQRIADFLRNLV,4.363177902,5.124938737,-0.7617608349999996,EFKRIVQRIKDFLRNLV,GFKRIVQRIADFLRNLV,2,0.8823529411764706,72.0,1.8284689854835623,0.9163165266106444,0.2886904761904761,0.9156045751764706,0.282638889,2,"(1, E, G)|(10, K, A)",test
224,EFKRIVQRIKDFLRNLV,KEFKRIVQRIKDFLRNLV,4.363177902,5.504916652,-1.14173875,-EFKRIVQRIKDFLRNLV,KEFKRIVQRIKDFLRNLV,1,0.9444444444444444,83.0,1.948180764506388,0.9444444444444444,0.0,0.9444444444444444,0.0,1,"(1, -, K)",test
225,EKHWLWLW,HKHWLWLW,4.078234103,5.00195394,-0.9237198370000002,EKHWLWLW,HKHWLWLW,1,0.875,54.0,3.0707345698105275,0.9069767441860466,0.2558139534883721,0.923611111125,0.388888889,1,"(1, E, H)",test
226,EKHWLWLW,SKHWLWLW,4.078234103,4.886621971,-0.8083878680000005,EKHWLWLW,SKHWLWLW,1,0.875,54.0,3.0707345698105275,0.93,0.44,0.93402777775,0.472222222,1,"(1, E, S)",test
233,FAGAAFKALSKLL,FLGALFKALSKLL,3.678850086,5.471109193,-1.792259107,FAGAAFKALSKLL,FLGALFKALSKLL,2,0.8461538461538461,50.0,1.7782623644178237,0.9194139194139196,0.4761904761904761,0.903846153846154,0.375,2,"(2, A, L)|(5, A, L)",test
237,FAGAAFKALSKLL,FLGAVFKALSKLL,3.678850086,5.106825257,-1.4279751709999997,FAGAAFKALSKLL,FLGAVFKALSKLL,2,0.8461538461538461,51.0,1.806117476361141,0.9280327515621634,0.5322128851540616,0.9134615384615384,0.4375,2,"(2, A, L)|(5, A, V)",test
238,FAGAAFKALSKLL,FVGALFKALSKLL,3.678850086,5.069036697,-1.3901866109999994,FAGAAFKALSKLL,FVGALFKALSKLL,2,0.8461538461538461,51.0,1.806117476361141,0.9280327515621634,0.5322128851540616,0.9134615384615384,0.4375,2,"(2, A, V)|(5, A, L)",test
243,FAHHIFRGIVHVGKTIHRLVTG,FFHHIFRPIVHVAKTIHRLVTG,4.963570734,5.698970004,-0.7353992700000003,FAHHIFRGIVHVGKTIHRLVTG,FFHHIFRPIVHVAKTIHRLVTG,3,0.8636363636363636,99.0,1.8573235020602303,0.895102990691226,0.2307552650689905,0.9029958677727272,0.2886363636666667,3,"(2, A, F)|(8, G, P)|(13, G, A)",test
244,FAHHIFRGIVHVGKTIHRLVTG,FFHHIWRGIVHVGKTIHRLVTG,4.963570734,5.698970004,-0.7353992700000003,FAHHIFRGIVHVGKTIHRLVTG,FFHHIWRGIVHVGKTIHRLVTG,2,0.9090909090909092,108.0,2.005462051940601,0.9358919382504288,0.2948113207547169,0.9382575757727272,0.3208333335,2,"(2, A, F)|(6, F, W)",test
245,FAHHIFRGIVHVGKTIHRLVTG,FFHHIFRGIVHVAKTIHRLVTG,4.963570734,5.698970004,-0.7353992700000003,FAHHIFRGIVHVGKTIHRLVTG,FFHHIFRGIVHVAKTIHRLVTG,2,0.9090909090909092,107.0,1.989002213065005,0.9338235294117648,0.2720588235294117,0.9397727272727272,0.3375,2,"(2, A, F)|(13, G, A)",test
246,FAHHIFRGIVHVGKTIHRLVTG,FFHHIFRAIVHVGKTIHRLVTG,4.963570734,5.698970004,-0.7353992700000003,FAHHIFRGIVHVGKTIHRLVTG,FFHHIFRAIVHVGKTIHRLVTG,2,0.9090909090909092,107.0,1.989002213065005,0.9338235294117646,0.2720588235294117,0.9397727272727272,0.3375,2,"(2, A, F)|(8, G, A)",test
247,FAHHIFRGIVHVGKTIHRLVTG,FFHHIFRAIVHVPKTIHRLVTG,4.963570734,5.698970004,-0.7353992700000003,FAHHIFRGIVHVGKTIHRLVTG,FFHHIFRAIVHVPKTIHRLVTG,3,0.8636363636363636,99.0,1.8573235020602303,0.895102990691226,0.2307552650689905,0.9029958677727272,0.2886363636666667,3,"(2, A, F)|(8, G, A)|(13, G, P)",test
249,FAHHIFRGIVHVGKTIHRLVTG,FFHHIFRAIVHVAKTIHRLVTG,4.963570734,5.823908741,-0.8603380070000002,FAHHIFRGIVHVGKTIHRLVTG,FFHHIFRAIVHVAKTIHRLVTG,3,0.8636363636363636,101.0,1.890243179811424,0.9017379679144384,0.2794117647058823,0.9147727272727272,0.375,3,"(2, A, F)|(8, G, A)|(13, G, A)",test
252,FAHHIFRGIVHVGKTIHRLVTG,FWHHIFRGIVHVGKTIHRLVTG,4.963570734,5.698970004,-0.7353992700000003,FAHHIFRGIVHVGKTIHRLVTG,FWHHIFRGIVHVGKTIHRLVTG,1,0.9545454545454546,112.0,2.0713014074429887,0.9622823984526112,0.1702127659574468,0.9589015151363636,0.095833333,1,"(2, A, W)",test
254,FAHHIFRGIVHVGKTIHRLVTG,WFHHIFRGIVHVGKTIHRLVTG,4.963570734,5.698970004,-0.7353992700000003,FAHHIFRGIVHVGKTIHRLVTG,WFHHIFRGIVHVGKTIHRLVTG,2,0.9090909090909092,109.0,2.0219218908161984,0.9358919382504288,0.2948113207547169,0.9382575757727272,0.3208333335,2,"(1, F, W)|(2, A, F)",test
257,FAKWAFKWAKK,FAKWAFKWLKK,4.14943639,5.362860887,-1.213424497,FAKWAFKWAKK,FAKWAFKWLKK,1,0.9090909090909092,61.0,2.463699249575103,0.9523809523809524,0.4761904761904761,0.9431818181818182,0.375,1,"(9, A, L)",test
262,FAPLIGRVLSGIL,FLPLIGRVLAGIL,4.698970004,5.602059991,-0.9030899869999996,FAPLIGRVLSGIL,FLPLIGRVLAGIL,2,0.8461538461538461,54.0,1.8896828121910936,0.915172546751494,0.4486215538847117,0.9230769230769232,0.5,2,"(2, A, L)|(10, S, A)",test
263,FAPLIGRVLSGIL,FLPLIGRVLSGIL,4.698970004,5.601566442,-0.9025964379999998,FAPLIGRVLSGIL,FLPLIGRVLSGIL,1,0.9230769230769232,57.0,1.973248148021047,0.9597069597069596,0.4761904761904761,0.9519230769230768,0.375,1,"(2, A, L)",test
264,FAPLIGRVLSGIL,FLPLLGRVLSGLL,4.698970004,5.443697499,-0.7447274949999994,FAPLIGRVLSGIL,FLPLLGRVLSGLL,3,0.7692307692307693,53.0,1.8618277002477768,0.8663003663003662,0.4206349206349205,0.9134615384615384,0.625,3,"(2, A, L)|(5, I, L)|(12, I, L)",test
273,FFAAIFAPIVHVGKTIHRLVTG,FFAAIFRPIVHVGKTIHRLVTG,4.193820026,5.096910013,-0.9030899869999996,FFAAIFAPIVHVGKTIHRLVTG,FFAAIFRPIVHVGKTIHRLVTG,1,0.9545454545454546,108.0,2.005462051940601,0.9649350649350648,0.2285714285714285,0.970643939409091,0.354166667,1,"(7, A, R)",test
303,FFFHIIKGLFHAGRMIHGLV,GFIFHIIKGLFHAGKMIHGLV,5.903089987,4.87359584,1.0294941470000003,-FFFHIIKGLFHAGRMIHGLV,GFIFHIIKGLFHAGKMIHGLV,3,0.8571428571428571,100.0,1.9630111190756283,0.8876678876678877,0.2136752136752136,0.9103174603333332,0.3722222223333333,3,"(1, -, G)|(3, F, I)|(15, R, K)",test
309,FFHHAFRGIVHVGKTIHRLVTG,FFHHIFRAIVHVGKTIHRLVTG,4.301029996,5.698970004,-1.3979400080000008,FFHHAFRGIVHVGKTIHRLVTG,FFHHIFRAIVHVGKTIHRLVTG,2,0.9090909090909092,110.0,2.038381729691795,0.9431210500729218,0.374331550802139,0.946590909090909,0.4125,2,"(5, A, I)|(8, G, A)",test
310,FFHHAFRGIVHVGKTIHRLVTG,FFHHIFRAIVHVAKTIHRLVTG,4.301029996,5.823908741,-1.5228787450000008,FFHHAFRGIVHVGKTIHRLVTG,FFHHIFRAIVHVAKTIHRLVTG,3,0.8636363636363636,104.0,1.9396226964382144,0.9110354885755956,0.3475935828877004,0.921590909090909,0.425,3,"(5, A, I)|(8, G, A)|(13, G, A)",test
311,FFHHAFRGIVHVGKTIHRLVTG,FFHHIFRAIVHVPKTIHRLVTG,4.301029996,5.698970004,-1.3979400080000008,FFHHAFRGIVHVGKTIHRLVTG,FFHHIFRAIVHVPKTIHRLVTG,3,0.8636363636363636,102.0,1.9067030186870209,0.904400511352383,0.2989370832508087,0.909814049590909,0.3386363636666666,3,"(5, A, I)|(8, G, A)|(13, G, P)",test
314,FFHHAFRGIVHVGKTIHRLVTG,FFHHIFRGIKHVGKTIHRLVTG,4.301029996,5.397940009,-1.0969100130000005,FFHHAFRGIVHVGKTIHRLVTG,FFHHIFRGIKHVGKTIHRLVTG,2,0.9090909090909092,110.0,2.038381729691795,0.9414822713942947,0.3563049853372433,0.9368686868636364,0.3055555555,2,"(5, A, I)|(10, V, K)",test
315,FFHHAFRGIVHVGKTIHRLVTG,FFHHIFRGIVHVGKKIHRLVKG,4.301029996,5.377120165,-1.0760901690000004,FFHHAFRGIVHVGKTIHRLVTG,FFHHIFRGIVHVGKKIHRLVKG,3,0.8636363636363636,104.0,1.9396226964382144,0.9070247933884296,0.3181818181818182,0.9109848484545452,0.347222222,3,"(5, A, I)|(15, T, K)|(21, T, K)",test
318,FFHHAFRGIVHVGKTIHRLVTG,FFHHIFRGIVHVAKTIHRLVTG,4.301029996,5.698970004,-1.3979400080000008,FFHHAFRGIVHVGKTIHRLVTG,FFHHIFRGIVHVAKTIHRLVTG,2,0.9090909090909092,110.0,2.038381729691795,0.9431210500729218,0.374331550802139,0.946590909090909,0.4125,2,"(5, A, I)|(13, G, A)",test
319,FFHHAFRGIVHVGKTIHRLVTG,FFHHIFRPIVHVAKTIHRLVTG,4.301029996,5.698970004,-1.3979400080000008,FFHHAFRGIVHVGKTIHRLVTG,FFHHIFRPIVHVAKTIHRLVTG,3,0.8636363636363636,102.0,1.9067030186870209,0.904400511352383,0.2989370832508087,0.909814049590909,0.3386363636666666,3,"(5, A, I)|(8, G, P)|(13, G, A)",test
320,FFHHAFRGIVHVGKTIHRLVTG,FFHHIFRPIVHVGKTIHRLVTG,4.301029996,5.096910013,-0.795880017,FFHHAFRGIVHVGKTIHRLVTG,FFHHIFRPIVHVGKTIHRLVTG,2,0.9090909090909092,108.0,2.005462051940601,0.9364860728497092,0.3013468013468013,0.9348140495909092,0.2829545455,2,"(5, A, I)|(8, G, P)",test
324,FFHHAFRGIVHVGKTIHRLVTG,FFHHIWRGIVHVGKTIHRLVTG,4.301029996,5.698970004,-1.3979400080000008,FFHHAFRGIVHVGKTIHRLVTG,FFHHIWRGIVHVGKTIHRLVTG,2,0.9090909090909092,111.0,2.054841568567392,0.945189458911586,0.3970840480274442,0.9450757575909092,0.3958333335,2,"(5, A, I)|(6, F, W)",test
326,FFHHAFRGIVHVGKTIHRLVTG,FFHHIFRGIVHVGKTIHRLVTG,4.301029996,5.404779433,-1.1037494370000005,FFHHAFRGIVHVGKTIHRLVTG,FFHHIFRGIVHVGKTIHRLVTG,1,0.9545454545454546,116.0,2.137140762945376,0.975206611570248,0.4545454545454545,0.9715909090909092,0.375,1,"(5, A, I)",test
328,FFHHAFRGIVHVGKTIHRLVTG,FFHHIFRGIVHVGKTIHKLVTG,4.301029996,5.609064893,-1.3080348970000006,FFHHAFRGIVHVGKTIHRLVTG,FFHHIFRGIVHVGKTIHKLVTG,2,0.9090909090909092,113.0,2.087761246318585,0.948400084763721,0.4324009324009323,0.9564393939545456,0.5208333334999999,2,"(5, A, I)|(18, R, K)",test
329,FFHHAFRGIVHVGKTIHRLVTG,FFHHIFRGIVHVGKKIHRLVTG,4.301029996,5.530704083,-1.2296740870000002,FFHHAFRGIVHVGKTIHRLVTG,FFHHIFRGIVHVGKKIHRLVTG,2,0.9090909090909092,110.0,2.038381729691795,0.9411157024793388,0.3522727272727272,0.9412878787727272,0.3541666665,2,"(5, A, I)|(15, T, K)",test
330,FFHHAFRGIVHVGKTIHRLVTG,FFHHIFRGIVHVGKTIHKLVTGT,4.301029996,5.150514998,-0.8494850020000007,FFHHAFRGIVHVGKTIHRLVTG-,FFHHIFRGIVHVGKTIHKLVTGT,3,0.8695652173913043,113.0,1.9969890182177772,0.9071652984696462,0.2882672882672882,0.9148550724782608,0.3472222223333333,3,"(5, A, I)|(18, R, K)|(23, -, T)",test
334,FFHHAFRGIVHVGKTIHRLVTG,FWHHIFRGIVHVGKTIHRLVTG,4.301029996,5.698970004,-1.3979400080000008,FFHHAFRGIVHVGKTIHRLVTG,FWHHIFRGIVHVGKTIHRLVTG,2,0.9090909090909092,111.0,2.054841568567392,0.945189458911586,0.3970840480274442,0.9450757575909092,0.3958333335,2,"(2, F, W)|(5, A, I)",test
335,FFHHAFRGIVHVGKTIHRLVTG,KFHHIFRGIVHVGKTIHRLVTG,4.301029996,5.240332155,-0.9393021590000004,FFHHAFRGIVHVGKTIHRLVTG,KFHHIFRGIVHVGKTIHRLVTG,2,0.9090909090909092,110.0,2.038381729691795,0.941947188066922,0.3614190687361419,0.9309343434545454,0.240277778,2,"(1, F, K)|(5, A, I)",test
337,FFHHAFRGIVHVGKTIHRLVTG,WFHHIFRGIVHVGKTIHRLVTG,4.301029996,5.698970004,-1.3979400080000008,FFHHAFRGIVHVGKTIHRLVTG,WFHHIFRGIVHVGKTIHRLVTG,2,0.9090909090909092,111.0,2.054841568567392,0.945189458911586,0.3970840480274442,0.9450757575909092,0.3958333335,2,"(1, F, W)|(5, A, I)",test
339,FFHHFARGIVHVGKTIHRLVTG,FFHHIFRGIKHVGKTIHRLVTG,4.301029996,5.397940009,-1.0969100130000005,FFHHFARGIVHVGKTIHRLVTG,FFHHIFRGIKHVGKTIHRLVTG,3,0.8636363636363636,103.0,1.9231628575626176,0.8972197157681028,0.2462779156327542,0.9050505050454546,0.3037037036666667,3,"(5, F, I)|(6, A, F)|(10, V, K)",test
341,FFHHFARGIVHVGKTIHRLVTG,FFHHIFRGIVHVGKTIHKLVTG,4.301029996,5.609064893,-1.3080348970000006,FFHHFARGIVHVGKTIHRLVTG,FFHHIFRGIVHVGKTIHKLVTG,3,0.8636363636363636,106.0,1.972542374189408,0.9041375291375292,0.297008547008547,0.9246212121363636,0.4472222223333333,3,"(5, F, I)|(6, A, F)|(18, R, K)",test
343,FFHHFARGIVHVGKTIHRLVTG,FFHHIFRGIVHVAKTIHRLVTG,4.301029996,5.698970004,-1.3979400080000008,FFHHFARGIVHVGKTIHRLVTG,FFHHIFRGIVHVAKTIHRLVTG,3,0.8636363636363636,103.0,1.9231628575626176,0.8988584944467296,0.2582956259426847,0.9147727272727272,0.375,3,"(5, F, I)|(6, A, F)|(13, G, A)",test
346,FFHHFARGIVHVGKTIHRLVTG,FFHHIFRGIVHVGKKIHRLVTG,4.301029996,5.530704083,-1.2296740870000002,FFHHFARGIVHVGKTIHRLVTG,FFHHIFRGIVHVGKKIHRLVTG,3,0.8636363636363636,103.0,1.9231628575626176,0.8968531468531468,0.2435897435897435,0.9094696969545456,0.3361111109999999,3,"(5, F, I)|(6, A, F)|(15, T, K)",test
347,FFHHFARGIVHVGKTIHRLVTG,FFHHIFRAIVHVGKTIHRLVTG,4.301029996,5.698970004,-1.3979400080000008,FFHHFARGIVHVGKTIHRLVTG,FFHHIFRAIVHVGKTIHRLVTG,3,0.8636363636363636,103.0,1.9231628575626176,0.8988584944467296,0.2582956259426847,0.9147727272727272,0.375,3,"(5, F, I)|(6, A, F)|(8, G, A)",test
351,FFHHFARGIVHVGKTIHRLVTG,FFHHIFRGIVHVGKTIHRLVTG,4.301029996,5.404779433,-1.1037494370000005,FFHHFARGIVHVGKTIHRLVTG,FFHHIFRGIVHVGKTIHRLVTG,2,0.9090909090909092,109.0,2.0219218908161984,0.930944055944056,0.2403846153846153,0.9397727272727272,0.3375,2,"(5, F, I)|(6, A, F)",test
355,FFHHFARGIVHVGKTIHRLVTG,FFHHIWRGIVHVGKTIHRLVTG,4.301029996,5.698970004,-1.3979400080000008,FFHHFARGIVHVGKTIHRLVTG,FFHHIWRGIVHVGKTIHRLVTG,2,0.9090909090909092,108.0,2.005462051940601,0.9273173634875764,0.2004909983633387,0.9339015151363635,0.2729166665,2,"(5, F, I)|(6, A, W)",test
360,FFHHFARGIVHVGKTIHRLVTG,FFHHIFRPIVHVGKTIHRLVTG,4.301029996,5.096910013,-0.795880017,FFHHFARGIVHVGKTIHRLVTG,FFHHIFRPIVHVGKTIHRLVTG,3,0.8636363636363636,101.0,1.890243179811424,0.8922235172235172,0.2096391263057929,0.9029958677727272,0.2886363636666667,3,"(5, F, I)|(6, A, F)|(8, G, P)",test
361,FFHHFARGIVHVGKTIHRLVTG,FFHHIKRGIKHVGKTIHRLVTG,4.301029996,5.187086643,-0.8860566470000002,FFHHFARGIVHVGKTIHRLVTG,FFHHIKRGIKHVGKTIHRLVTG,3,0.8636363636363636,104.0,1.9396226964382144,0.8988430923914795,0.2581826775375162,0.910921717181818,0.3467592593333333,3,"(5, F, I)|(6, A, K)|(10, V, K)",test
364,FFHHFARGIVHVGKTIHRLVTG,FWHHIFRGIVHVGKTIHRLVTG,4.301029996,5.698970004,-1.3979400080000008,FFHHFARGIVHVGKTIHRLVTG,FWHHIFRGIVHVGKTIHRLVTG,3,0.8636363636363636,104.0,1.9396226964382144,0.9009269032853936,0.2734639574262215,0.9132575757727271,0.363888889,3,"(2, F, W)|(5, F, I)|(6, A, F)",test
367,FFHHFARGIVHVGKTIHRLVTG,WFHHIFRGIVHVGKTIHRLVTG,4.301029996,5.698970004,-1.3979400080000008,FFHHFARGIVHVGKTIHRLVTG,WFHHIFRGIVHVGKTIHRLVTG,3,0.8636363636363636,104.0,1.9396226964382144,0.9009269032853936,0.2734639574262215,0.9132575757727271,0.363888889,3,"(1, F, W)|(5, F, I)|(6, A, F)",test
369,FFHHIARGIVHVGKTIHRLVTG,FFHHIFRAIVHVGKTIHRLVTG,4.816730156,5.698970004,-0.8822398480000002,FFHHIARGIVHVGKTIHRLVTG,FFHHIFRAIVHVGKTIHRLVTG,2,0.9090909090909092,107.0,1.989002213065005,0.9338235294117646,0.2720588235294117,0.9397727272727272,0.3375,2,"(6, A, F)|(8, G, A)",test
371,FFHHIARGIVHVGKTIHRLVTG,FFHHIFRGIVHVGKKIHRLVTG,4.816730156,5.530704083,-0.7139739269999996,FFHHIARGIVHVGKTIHRLVTG,FFHHIFRGIVHVGKKIHRLVTG,2,0.9090909090909092,107.0,1.989002213065005,0.9318181818181818,0.25,0.9344696969545456,0.2791666665,2,"(6, A, F)|(15, T, K)",test
372,FFHHIARGIVHVGKTIHRLVTG,FFHHIFRGIVHVAKTIHRLVTG,4.816730156,5.698970004,-0.8822398480000002,FFHHIARGIVHVGKTIHRLVTG,FFHHIFRGIVHVAKTIHRLVTG,2,0.9090909090909092,107.0,1.989002213065005,0.9338235294117648,0.2720588235294117,0.9397727272727272,0.3375,2,"(6, A, F)|(13, G, A)",test
373,FFHHIARGIVHVGKTIHRLVTG,FFHHIFRAIVHVAKTIHRLVTG,4.816730156,5.823908741,-1.007178585,FFHHIARGIVHVGKTIHRLVTG,FFHHIFRAIVHVAKTIHRLVTG,3,0.8636363636363636,101.0,1.890243179811424,0.9017379679144384,0.2794117647058823,0.9147727272727272,0.375,3,"(6, A, F)|(8, G, A)|(13, G, A)",test
374,FFHHIARGIVHVGKTIHRLVTG,FFHHIFRAIVHVPKTIHRLVTG,4.816730156,5.698970004,-0.8822398480000002,FFHHIARGIVHVGKTIHRLVTG,FFHHIFRAIVHVPKTIHRLVTG,3,0.8636363636363636,99.0,1.8573235020602303,0.895102990691226,0.2307552650689905,0.9029958677727272,0.2886363636666667,3,"(6, A, F)|(8, G, A)|(13, G, P)",test
378,FFHHIARGIVHVGKTIHRLVTG,FFHHIFRPIVHVAKTIHRLVTG,4.816730156,5.698970004,-0.8822398480000002,FFHHIARGIVHVGKTIHRLVTG,FFHHIFRPIVHVAKTIHRLVTG,3,0.8636363636363636,99.0,1.8573235020602303,0.895102990691226,0.2307552650689905,0.9029958677727272,0.2886363636666667,3,"(6, A, F)|(8, G, P)|(13, G, A)",test
379,FFHHIARGIVHVGKTIHRLVTG,FFHHIWRGIVHVGKTIHRLVTG,4.816730156,5.698970004,-0.8822398480000002,FFHHIARGIVHVGKTIHRLVTG,FFHHIWRGIVHVGKTIHRLVTG,1,0.9545454545454546,112.0,2.0713014074429887,0.9622823984526112,0.1702127659574468,0.9589015151363636,0.095833333,1,"(6, A, W)",test
380,FFHHIARGIVHVGKTIHRLVTG,FFHHIFRGIVHVGKTIHKLVTG,4.816730156,5.609064893,-0.792334737,FFHHIARGIVHVGKTIHRLVTG,FFHHIFRGIVHVGKTIHKLVTG,2,0.9090909090909092,110.0,2.038381729691795,0.939102564102564,0.330128205128205,0.9496212121363636,0.4458333335,2,"(6, A, F)|(18, R, K)",test
382,FFHHIARGIVHVGKTIHRLVTG,FWHHIFRGIVHVGKTIHRLVTG,4.816730156,5.698970004,-0.8822398480000002,FFHHIARGIVHVGKTIHRLVTG,FWHHIFRGIVHVGKTIHRLVTG,2,0.9090909090909092,108.0,2.005462051940601,0.9358919382504288,0.2948113207547169,0.9382575757727272,0.3208333335,2,"(2, F, W)|(6, A, F)",test
385,FFHHIARGIVHVGKTIHRLVTG,WFHHIFRGIVHVGKTIHRLVTG,4.816730156,5.698970004,-0.8822398480000002,FFHHIARGIVHVGKTIHRLVTG,WFHHIFRGIVHVGKTIHRLVTG,2,0.9090909090909092,108.0,2.005462051940601,0.9358919382504288,0.2948113207547169,0.9382575757727272,0.3208333335,2,"(1, F, W)|(6, A, F)",test
387,FFHHIFRAIVHVAKTIHRLVTG,FFHHIFRGIVHIGKTIHRLVTG,5.823908741,5.0,0.8239087410000003,FFHHIFRAIVHVAKTIHRLVTG,FFHHIFRGIVHIGKTIHRLVTG,3,0.8636363636363636,108.0,2.005462051940601,0.914089746570565,0.3699914748508098,0.9443181818181816,0.5916666666666667,3,"(8, A, G)|(12, V, I)|(13, A, G)",test
388,FFHHIFRAIVHVAKTIHRLVTG,FFHHIFRGAVHVGKTIHRLVTG,5.823908741,4.744727495,1.079181246,FFHHIFRAIVHVAKTIHRLVTG,FFHHIFRGAVHVGKTIHRLVTG,3,0.8636363636363636,104.0,1.9396226964382144,0.9110354885755956,0.3475935828877004,0.921590909090909,0.425,3,"(8, A, G)|(9, I, A)|(13, A, G)",test
389,FFHHIFRAIVHVAKTIHRLVTG,FFHHVFRGIVHVGKTIHRLVTG,5.823908741,4.744727495,1.079181246,FFHHIFRAIVHVAKTIHRLVTG,FFHHVFRGIVHVGKTIHRLVTG,3,0.8636363636363636,108.0,2.005462051940601,0.914089746570565,0.3699914748508098,0.9443181818181816,0.5916666666666667,3,"(5, I, V)|(8, A, G)|(13, A, G)",test
390,FFHHIFRAIVHVAKTIHRLVTG,FFHHIFRGVVHVGKTIHRLVTG,5.823908741,4.744727495,1.079181246,FFHHIFRAIVHVAKTIHRLVTG,FFHHIFRGVVHVGKTIHRLVTG,3,0.8636363636363636,108.0,2.005462051940601,0.914089746570565,0.3699914748508098,0.9443181818181816,0.5916666666666667,3,"(8, A, G)|(9, I, V)|(13, A, G)",test
391,FFHHIFRAIVHVAKTIHRLVTG,FFHHIKRGIVHVGKTIHRLVTG,5.823908741,4.93930216,0.8846065809999999,FFHHIFRAIVHVAKTIHRLVTG,FFHHIKRGIVHVGKTIHRLVTG,3,0.8636363636363636,100.0,1.8737833409358275,0.9025694535020218,0.285509325681492,0.9093434343636364,0.3351851853333333,3,"(6, F, K)|(8, A, G)|(13, A, G)",test
392,FFHHIFRAIVHVAKTIHRLVTG,FFHHIFRPIVHVPKTIHRLVTG,5.823908741,4.795880017,1.0280287240000003,FFHHIFRAIVHVAKTIHRLVTG,FFHHIFRPIVHVPKTIHRLVTG,2,0.9090909090909092,107.0,1.989002213065005,0.9216300940438872,0.1379310344827586,0.938533057818182,0.323863636,2,"(8, A, P)|(13, A, P)",test
393,FFHHIFRAIVHVAKTIHRLVTG,FFHHIFRPIVHVGKTIHRLVTG,5.823908741,5.096910013,0.7269987280000008,FFHHIFRAIVHVAKTIHRLVTG,FFHHIFRPIVHVGKTIHRLVTG,2,0.9090909090909092,108.0,2.005462051940601,0.9287294855246172,0.216024340770791,0.944266528909091,0.386931818,2,"(8, A, P)|(13, A, G)",test
394,FFHHIFRAIVHVAKTIHRLVTG,FFHHIFRGIVHVPKTIHRLVTG,5.823908741,4.795880017,1.0280287240000003,FFHHIFRAIVHVAKTIHRLVTG,FFHHIFRGIVHVPKTIHRLVTG,2,0.9090909090909092,108.0,2.005462051940601,0.9287294855246172,0.216024340770791,0.944266528909091,0.386931818,2,"(8, A, G)|(13, A, P)",test
397,FFHHIFRAIVHVAKTIHRLVTG,FFHHIFRGIVHVGKTAHRLVTG,5.823908741,4.744727495,1.079181246,FFHHIFRAIVHVAKTIHRLVTG,FFHHIFRGIVHVGKTAHRLVTG,3,0.8636363636363636,104.0,1.9396226964382144,0.9110354885755956,0.3475935828877004,0.921590909090909,0.425,3,"(8, A, G)|(13, A, G)|(16, I, A)",test
400,FFHHIFRAIVHVAKTIHRLVTG,FFHHIFRGIVHVGKTVHRLVTG,5.823908741,4.744727495,1.079181246,FFHHIFRAIVHVAKTIHRLVTG,FFHHIFRGIVHVGKTVHRLVTG,3,0.8636363636363636,108.0,2.005462051940601,0.914089746570565,0.3699914748508098,0.9443181818181816,0.5916666666666667,3,"(8, A, G)|(13, A, G)|(16, I, V)",test
402,FFHHIFRAIVHVAKTIHRLVTG,FKHHIFRGIVHVGKTIHRLVTG,5.823908741,4.958607315,0.8653014260000003,FFHHIFRAIVHVAKTIHRLVTG,FKHHIFRGIVHVGKTIHRLVTG,3,0.8636363636363636,100.0,1.8737833409358275,0.9025694535020218,0.285509325681492,0.9093434343636364,0.3351851853333333,3,"(2, F, K)|(8, A, G)|(13, A, G)",test
406,FFHHIFRAIVHVGKTIHRLVTG,FFHHIFRGIVHVGKTAHRLVTG,5.698970004,4.744727495,0.9542425090000002,FFHHIFRAIVHVGKTIHRLVTG,FFHHIFRGIVHVGKTAHRLVTG,2,0.9090909090909092,110.0,2.038381729691795,0.9431210500729218,0.374331550802139,0.946590909090909,0.4125,2,"(8, A, G)|(16, I, A)",test
408,FFHHIFRAIVHVGKTIHRLVTG,FFHHIFRGIVHVGKTVHRLVTG,5.698970004,4.744727495,0.9542425090000002,FFHHIFRAIVHVGKTIHRLVTG,FFHHIFRGIVHVGKTVHRLVTG,2,0.9090909090909092,114.0,2.1042210851941827,0.9461753080678912,0.407928388746803,0.9693181818181816,0.6625,2,"(8, A, G)|(16, I, V)",test
410,FFHHIFRAIVHVGKTIHRLVTG,FFHHIFRGVVHVGKTIHRLVTG,5.698970004,4.744727495,0.9542425090000002,FFHHIFRAIVHVGKTIHRLVTG,FFHHIFRGVVHVGKTIHRLVTG,2,0.9090909090909092,114.0,2.1042210851941827,0.9461753080678912,0.407928388746803,0.9693181818181816,0.6625,2,"(8, A, G)|(9, I, V)",test
411,FFHHIFRAIVHVGKTIHRLVTG,FFHHIFRGIVHVPKTIHRLVTG,5.698970004,4.795880017,0.9030899870000004,FFHHIFRAIVHVGKTIHRLVTG,FFHHIFRGIVHVPKTIHRLVTG,2,0.9090909090909092,107.0,1.989002213065005,0.9291938997821352,0.2211328976034858,0.9382231405,0.3204545455,2,"(8, A, G)|(13, G, P)",test
412,FFHHIFRAIVHVGKTIHRLVTG,FFHHVFRGIVHVGKTIHRLVTG,5.698970004,4.744727495,0.9542425090000002,FFHHIFRAIVHVGKTIHRLVTG,FFHHVFRGIVHVGKTIHRLVTG,2,0.9090909090909092,114.0,2.1042210851941827,0.9461753080678912,0.407928388746803,0.9693181818181816,0.6625,2,"(5, I, V)|(8, A, G)",test
413,FFHHIFRAIVHVGKTIHRLVTG,FFHHIFRPIVHVPKTIHRLVTG,5.698970004,4.795880017,0.9030899870000004,FFHHIFRAIVHVGKTIHRLVTG,FFHHIFRPIVHVPKTIHRLVTG,2,0.9090909090909092,106.0,1.972542374189408,0.9220945083014048,0.1430395913154533,0.932489669409091,0.2573863635,2,"(8, A, P)|(13, G, P)",test
416,FFHHIFRAIVHVGKTIHRLVTG,FFHHIKRGIVHVGKTIHRLVTG,5.698970004,4.93930216,0.759667844,FFHHIFRAIVHVGKTIHRLVTG,FFHHIKRGIVHVGKTIHRLVTG,2,0.9090909090909092,106.0,1.972542374189408,0.934655014999348,0.2812051649928264,0.9343434343636364,0.277777778,2,"(6, F, K)|(8, A, G)",test
417,FFHHIFRAIVHVGKTIHRLVTG,FFHHIFRGAVHVGKTIHRLVTG,5.698970004,4.744727495,0.9542425090000002,FFHHIFRAIVHVGKTIHRLVTG,FFHHIFRGAVHVGKTIHRLVTG,2,0.9090909090909092,110.0,2.038381729691795,0.9431210500729218,0.374331550802139,0.946590909090909,0.4125,2,"(8, A, G)|(9, I, A)",test
419,FFHHIFRAIVHVGKTIHRLVTG,FKHHIFRGIVHVGKTIHRLVTG,5.698970004,4.958607315,0.7403626890000004,FFHHIFRAIVHVGKTIHRLVTG,FKHHIFRGIVHVGKTIHRLVTG,2,0.9090909090909092,106.0,1.972542374189408,0.934655014999348,0.2812051649928264,0.9343434343636364,0.277777778,2,"(2, F, K)|(8, A, G)",test
421,FFHHIFRAIVHVPKTIHRLVTG,FFHHIFRGIVHVGKTAHRLVTG,5.698970004,4.744727495,0.9542425090000002,FFHHIFRAIVHVPKTIHRLVTG,FFHHIFRGIVHVGKTAHRLVTG,3,0.8636363636363636,102.0,1.9067030186870209,0.904400511352383,0.2989370832508087,0.909814049590909,0.3386363636666667,3,"(8, A, G)|(13, P, G)|(16, I, A)",test
423,FFHHIFRAIVHVPKTIHRLVTG,FFHHIFRGVVHVGKTIHRLVTG,5.698970004,4.744727495,0.9542425090000002,FFHHIFRAIVHVPKTIHRLVTG,FFHHIFRGVVHVGKTIHRLVTG,3,0.8636363636363636,106.0,1.972542374189408,0.9074547693473524,0.3213349752139181,0.9325413223181817,0.5053030303333333,3,"(8, A, G)|(9, I, V)|(13, P, G)",test
425,FFHHIFRAIVHVPKTIHRLVTG,FFHHIFRGIVHVPKTIHRLVTG,5.698970004,4.795880017,0.9030899870000004,FFHHIFRAIVHVPKTIHRLVTG,FFHHIFRGIVHVPKTIHRLVTG,1,0.9545454545454546,116.0,2.137140762945376,0.9679144385026738,0.2941176470588235,0.975,0.45,1,"(8, A, G)",test
428,FFHHIFRAIVHVPKTIHRLVTG,FFHHIFRPIVHVPKTIHRLVTG,5.698970004,4.795880017,0.9030899870000004,FFHHIFRAIVHVPKTIHRLVTG,FFHHIFRPIVHVPKTIHRLVTG,1,0.9545454545454546,115.0,2.120680924069779,0.9608150470219436,0.1379310344827586,0.9692665289090908,0.323863636,1,"(8, A, P)",test
430,FFHHIFRAIVHVPKTIHRLVTG,FFHHVFRGIVHVGKTIHRLVTG,5.698970004,4.744727495,0.9542425090000002,FFHHIFRAIVHVPKTIHRLVTG,FFHHVFRGIVHVGKTIHRLVTG,3,0.8636363636363636,106.0,1.972542374189408,0.9074547693473524,0.3213349752139181,0.9325413223181817,0.5053030303333333,3,"(5, I, V)|(8, A, G)|(13, P, G)",test
431,FFHHIFRAIVHVPKTIHRLVTG,FFHHIFRGIVHVGKTVHRLVTG,5.698970004,4.744727495,0.9542425090000002,FFHHIFRAIVHVPKTIHRLVTG,FFHHIFRGIVHVGKTVHRLVTG,3,0.8636363636363636,106.0,1.972542374189408,0.9074547693473524,0.3213349752139181,0.9325413223181817,0.5053030303333333,3,"(8, A, G)|(13, P, G)|(16, I, V)",test
435,FFHHIFRAIVHVPKTIHRLVTG,FFHHIFRGAVHVGKTIHRLVTG,5.698970004,4.744727495,0.9542425090000002,FFHHIFRAIVHVPKTIHRLVTG,FFHHIFRGAVHVGKTIHRLVTG,3,0.8636363636363636,102.0,1.9067030186870209,0.904400511352383,0.2989370832508087,0.909814049590909,0.3386363636666666,3,"(8, A, G)|(9, I, A)|(13, P, G)",test
440,FFHHIFRGAVHVGKTIHRLVTG,FFHHIFRGIVHVAKTIHRLVTG,4.744727495,5.698970004,-0.9542425090000002,FFHHIFRGAVHVGKTIHRLVTG,FFHHIFRGIVHVAKTIHRLVTG,2,0.9090909090909092,110.0,2.038381729691795,0.9431210500729218,0.374331550802139,0.946590909090909,0.4125,2,"(9, A, I)|(13, G, A)",test
441,FFHHIFRGAVHVGKTIHRLVTG,FFHHIWRGIVHVGKTIHRLVTG,4.744727495,5.698970004,-0.9542425090000002,FFHHIFRGAVHVGKTIHRLVTG,FFHHIWRGIVHVGKTIHRLVTG,2,0.9090909090909092,111.0,2.054841568567392,0.945189458911586,0.3970840480274442,0.9450757575909092,0.3958333335,2,"(6, F, W)|(9, A, I)",test
442,FFHHIFRGAVHVGKTIHRLVTG,FFHHIFRGIVHVGKKIHRLVTG,4.744727495,5.530704083,-0.7859765879999996,FFHHIFRGAVHVGKTIHRLVTG,FFHHIFRGIVHVGKKIHRLVTG,2,0.9090909090909092,110.0,2.038381729691795,0.9411157024793388,0.3522727272727272,0.9412878787727272,0.3541666665,2,"(9, A, I)|(15, T, K)",test
445,FFHHIFRGAVHVGKTIHRLVTG,FFHHIFRGIVHVGKTIHKLVTG,4.744727495,5.609064893,-0.864337398,FFHHIFRGAVHVGKTIHRLVTG,FFHHIFRGIVHVGKTIHKLVTG,2,0.9090909090909092,113.0,2.087761246318585,0.948400084763721,0.4324009324009323,0.9564393939545456,0.5208333334999999,2,"(9, A, I)|(18, R, K)",test
447,FFHHIFRGAVHVGKTIHRLVTG,FFHHIFRPIVHVAKTIHRLVTG,4.744727495,5.698970004,-0.9542425090000002,FFHHIFRGAVHVGKTIHRLVTG,FFHHIFRPIVHVAKTIHRLVTG,3,0.8636363636363636,102.0,1.9067030186870209,0.904400511352383,0.2989370832508087,0.909814049590909,0.3386363636666666,3,"(8, G, P)|(9, A, I)|(13, G, A)",test
449,FFHHIFRGAVHVGKTIHRLVTG,FWHHIFRGIVHVGKTIHRLVTG,4.744727495,5.698970004,-0.9542425090000002,FFHHIFRGAVHVGKTIHRLVTG,FWHHIFRGIVHVGKTIHRLVTG,2,0.9090909090909092,111.0,2.054841568567392,0.945189458911586,0.3970840480274442,0.9450757575909092,0.3958333335,2,"(2, F, W)|(9, A, I)",test
452,FFHHIFRGAVHVGKTIHRLVTG,WFHHIFRGIVHVGKTIHRLVTG,4.744727495,5.698970004,-0.9542425090000002,FFHHIFRGAVHVGKTIHRLVTG,WFHHIFRGIVHVGKTIHRLVTG,2,0.9090909090909092,111.0,2.054841568567392,0.945189458911586,0.3970840480274442,0.9450757575909092,0.3958333335,2,"(1, F, W)|(9, A, I)",test
474,FFHHIFRGIVHVAKTIHRLVTG,FFHHIFRGVVHVGKTIHRLVTG,5.698970004,4.744727495,0.9542425090000002,FFHHIFRGIVHVAKTIHRLVTG,FFHHIFRGVVHVGKTIHRLVTG,2,0.9090909090909092,114.0,2.1042210851941827,0.9461753080678912,0.407928388746803,0.9693181818181816,0.6625,2,"(9, I, V)|(13, A, G)",test
475,FFHHIFRGIVHVAKTIHRLVTG,FFHHIFRGIVHVPKTIHRLVTG,5.698970004,4.795880017,0.9030899870000004,FFHHIFRGIVHVAKTIHRLVTG,FFHHIFRGIVHVPKTIHRLVTG,1,0.9545454545454546,114.0,2.1042210851941827,0.9608150470219436,0.1379310344827586,0.9692665289090908,0.323863636,1,"(13, A, P)",test
476,FFHHIFRGIVHVAKTIHRLVTG,FFHHIKRGIVHVGKTIHRLVTG,5.698970004,4.93930216,0.759667844,FFHHIFRGIVHVAKTIHRLVTG,FFHHIKRGIVHVGKTIHRLVTG,2,0.9090909090909092,106.0,1.972542374189408,0.934655014999348,0.2812051649928264,0.9343434343636364,0.277777778,2,"(6, F, K)|(13, A, G)",test
477,FFHHIFRGIVHVAKTIHRLVTG,FFHHIFRGIVHVGKTAHRLVTG,5.698970004,4.744727495,0.9542425090000002,FFHHIFRGIVHVAKTIHRLVTG,FFHHIFRGIVHVGKTAHRLVTG,2,0.9090909090909092,110.0,2.038381729691795,0.9431210500729218,0.374331550802139,0.946590909090909,0.4125,2,"(13, A, G)|(16, I, A)",test
480,FFHHIFRGIVHVAKTIHRLVTG,FFHHIFRGIVHVGKTVHRLVTG,5.698970004,4.744727495,0.9542425090000002,FFHHIFRGIVHVAKTIHRLVTG,FFHHIFRGIVHVGKTVHRLVTG,2,0.9090909090909092,114.0,2.1042210851941827,0.9461753080678912,0.407928388746803,0.9693181818181816,0.6625,2,"(13, A, G)|(16, I, V)",test
481,FFHHIFRGIVHVAKTIHRLVTG,FFHHIFRPIVHVPKTIHRLVTG,5.698970004,4.795880017,0.9030899870000004,FFHHIFRGIVHVAKTIHRLVTG,FFHHIFRPIVHVPKTIHRLVTG,2,0.9090909090909092,106.0,1.972542374189408,0.9220945083014048,0.1430395913154533,0.932489669409091,0.2573863635,2,"(8, G, P)|(13, A, P)",test
483,FFHHIFRGIVHVAKTIHRLVTG,FFHHVFRGIVHVGKTIHRLVTG,5.698970004,4.744727495,0.9542425090000002,FFHHIFRGIVHVAKTIHRLVTG,FFHHVFRGIVHVGKTIHRLVTG,2,0.9090909090909092,114.0,2.1042210851941827,0.9461753080678912,0.407928388746803,0.9693181818181816,0.6625,2,"(5, I, V)|(13, A, G)",test
484,FFHHIFRGIVHVAKTIHRLVTG,FKHHIFRGIVHVGKTIHRLVTG,5.698970004,4.958607315,0.7403626890000004,FFHHIFRGIVHVAKTIHRLVTG,FKHHIFRGIVHVGKTIHRLVTG,2,0.9090909090909092,106.0,1.972542374189408,0.934655014999348,0.2812051649928264,0.9343434343636364,0.277777778,2,"(2, F, K)|(13, A, G)",test
499,FFHHIFRGIVHVGKKIHRLVTG,FFHHIFRGVVHVGKTIHRLVTG,5.530704083,4.744727495,0.7859765879999996,FFHHIFRGIVHVGKKIHRLVTG,FFHHIFRGVVHVGKTIHRLVTG,2,0.9090909090909092,114.0,2.1042210851941827,0.9441699604743082,0.3858695652173913,0.9640151515,0.6041666665000001,2,"(9, I, V)|(15, K, T)",test
500,FFHHIFRGIVHVGKKIHRLVTG,FFHHVFRGIVHVGKTIHRLVTG,5.530704083,4.744727495,0.7859765879999996,FFHHIFRGIVHVGKKIHRLVTG,FFHHVFRGIVHVGKTIHRLVTG,2,0.9090909090909092,114.0,2.1042210851941827,0.9441699604743082,0.3858695652173913,0.9640151515,0.6041666665000001,2,"(5, I, V)|(15, K, T)",test
502,FFHHIFRGIVHVGKKIHRLVTG,FFHHIFRGIVHVGKTAHRLVTG,5.530704083,4.744727495,0.7859765879999996,FFHHIFRGIVHVGKKIHRLVTG,FFHHIFRGIVHVGKTAHRLVTG,2,0.9090909090909092,110.0,2.038381729691795,0.9411157024793388,0.3522727272727272,0.9412878787727272,0.3541666665,2,"(15, K, T)|(16, I, A)",test
503,FFHHIFRGIVHVGKKIHRLVTG,FFHHIFRGIVHVPKTIHRLVTG,5.530704083,4.795880017,0.7348240659999998,FFHHIFRGIVHVGKKIHRLVTG,FFHHIFRGIVHVPKTIHRLVTG,2,0.9090909090909092,107.0,1.989002213065005,0.9271885521885522,0.199074074074074,0.9329201101818182,0.262121212,2,"(13, G, P)|(15, K, T)",test
504,FFHHIFRGIVHVGKKIHRLVTG,FFHHIFRGIVHVGKTVHRLVTG,5.530704083,4.744727495,0.7859765879999996,FFHHIFRGIVHVGKKIHRLVTG,FFHHIFRGIVHVGKTVHRLVTG,2,0.9090909090909092,114.0,2.1042210851941827,0.9441699604743082,0.3858695652173913,0.9640151515,0.6041666665000001,2,"(15, K, T)|(16, I, V)",test
511,FFHHIFRGIVHVGKTAHRLVTG,FFHHIFRGIVHVGKTIHKLVTG,4.744727495,5.609064893,-0.864337398,FFHHIFRGIVHVGKTAHRLVTG,FFHHIFRGIVHVGKTIHKLVTG,2,0.9090909090909092,113.0,2.087761246318585,0.948400084763721,0.4324009324009323,0.9564393939545456,0.5208333334999999,2,"(16, A, I)|(18, R, K)",test
513,FFHHIFRGIVHVGKTAHRLVTG,FFHHIFRPIVHVAKTIHRLVTG,4.744727495,5.698970004,-0.9542425090000002,FFHHIFRGIVHVGKTAHRLVTG,FFHHIFRPIVHVAKTIHRLVTG,3,0.8636363636363636,102.0,1.9067030186870209,0.9044005113523832,0.2989370832508087,0.909814049590909,0.3386363636666667,3,"(8, G, P)|(13, G, A)|(16, A, I)",test
516,FFHHIFRGIVHVGKTAHRLVTG,FFHHIWRGIVHVGKTIHRLVTG,4.744727495,5.698970004,-0.9542425090000002,FFHHIFRGIVHVGKTAHRLVTG,FFHHIWRGIVHVGKTIHRLVTG,2,0.9090909090909092,111.0,2.054841568567392,0.945189458911586,0.3970840480274442,0.9450757575909092,0.3958333335,2,"(6, F, W)|(16, A, I)",test
519,FFHHIFRGIVHVGKTAHRLVTG,FWHHIFRGIVHVGKTIHRLVTG,4.744727495,5.698970004,-0.9542425090000002,FFHHIFRGIVHVGKTAHRLVTG,FWHHIFRGIVHVGKTIHRLVTG,2,0.9090909090909092,111.0,2.054841568567392,0.945189458911586,0.3970840480274442,0.9450757575909092,0.3958333335,2,"(2, F, W)|(16, A, I)",test
522,FFHHIFRGIVHVGKTAHRLVTG,WFHHIFRGIVHVGKTIHRLVTG,4.744727495,5.698970004,-0.9542425090000002,FFHHIFRGIVHVGKTAHRLVTG,WFHHIFRGIVHVGKTIHRLVTG,2,0.9090909090909092,111.0,2.054841568567392,0.945189458911586,0.3970840480274442,0.9450757575909092,0.3958333335,2,"(1, F, W)|(16, A, I)",test
527,FFHHIFRGIVHVGKTIHKLVTG,FFHHVFRGIVHVGKTIHRLVTG,5.609064893,4.744727495,0.864337398,FFHHIFRGIVHVGKTIHKLVTG,FFHHVFRGIVHVGKTIHRLVTG,2,0.9090909090909092,117.0,2.153600601820973,0.9514543427586905,0.4659977703455964,0.9791666666818184,0.7708333334999999,2,"(5, I, V)|(18, K, R)",test
528,FFHHIFRGIVHVGKTIHKLVTG,FFHHIFRPIVHVPKTIHRLVTG,5.609064893,4.795880017,0.8131848760000002,FFHHIFRGIVHVGKTIHKLVTG,FFHHIFRPIVHVPKTIHRLVTG,3,0.8636363636363636,102.0,1.9067030186870209,0.8957523957523957,0.2355175688509021,0.9112947658636364,0.3494949496666666,3,"(8, G, P)|(13, G, P)|(18, K, R)",test
529,FFHHIFRGIVHVGKTIHKLVTG,FFHHIFRGIVHVGKTVHRLVTG,5.609064893,4.744727495,0.864337398,FFHHIFRGIVHVGKTIHKLVTG,FFHHIFRGIVHVGKTVHRLVTG,2,0.9090909090909092,117.0,2.153600601820973,0.9514543427586905,0.4659977703455964,0.9791666666818184,0.7708333334999999,2,"(16, I, V)|(18, K, R)",test
530,FFHHIFRGIVHVGKTIHKLVTG,FFHHIFRGIVHVPKTIHRLVTG,5.609064893,4.795880017,0.8131848760000002,FFHHIFRGIVHVGKTIHKLVTG,FFHHIFRGIVHVPKTIHRLVTG,2,0.9090909090909092,110.0,2.038381729691795,0.9344729344729344,0.2792022792022791,0.9480716253636364,0.428787879,2,"(13, G, P)|(18, K, R)",test
531,FFHHIFRGIVHVGKTIHKLVTG,FFHHIFRGVVHVGKTIHRLVTG,5.609064893,4.744727495,0.864337398,FFHHIFRGIVHVGKTIHKLVTG,FFHHIFRGVVHVGKTIHRLVTG,2,0.9090909090909092,117.0,2.153600601820973,0.9514543427586905,0.4659977703455964,0.9791666666818184,0.7708333334999999,2,"(9, I, V)|(18, K, R)",test
553,FFHHIFRGIVHVGKTVHRLVTG,FFHHIFRPIVHVAKTIHRLVTG,4.744727495,5.698970004,-0.9542425090000002,FFHHIFRGIVHVGKTVHRLVTG,FFHHIFRPIVHVAKTIHRLVTG,3,0.8636363636363636,106.0,1.972542374189408,0.9074547693473526,0.3213349752139181,0.9325413223181817,0.5053030303333333,3,"(8, G, P)|(13, G, A)|(16, V, I)",test
555,FFHHIFRGIVHVGKTVHRLVTG,FFHHIWRGIVHVGKTIHRLVTG,4.744727495,5.698970004,-0.9542425090000002,FFHHIFRGIVHVGKTVHRLVTG,FFHHIWRGIVHVGKTIHRLVTG,2,0.9090909090909092,115.0,2.120680924069779,0.9482437169065552,0.4306808859721082,0.9678030303181818,0.6458333334999999,2,"(6, F, W)|(16, V, I)",test
557,FFHHIFRGIVHVGKTVHRLVTG,FWHHIFRGIVHVGKTIHRLVTG,4.744727495,5.698970004,-0.9542425090000002,FFHHIFRGIVHVGKTVHRLVTG,FWHHIFRGIVHVGKTIHRLVTG,2,0.9090909090909092,115.0,2.120680924069779,0.9482437169065552,0.4306808859721082,0.9678030303181818,0.6458333334999999,2,"(2, F, W)|(16, V, I)",test
560,FFHHIFRGIVHVGKTVHRLVTG,WFHHIFRGIVHVGKTIHRLVTG,4.744727495,5.698970004,-0.9542425090000002,FFHHIFRGIVHVGKTVHRLVTG,WFHHIFRGIVHVGKTIHRLVTG,2,0.9090909090909092,115.0,2.120680924069779,0.9482437169065552,0.4306808859721082,0.9678030303181818,0.6458333334999999,2,"(1, F, W)|(16, V, I)",test
561,FFHHIFRGIVHVPKTIHRLVTG,FFHHIFRPIVHVAKTIHRLVTG,4.795880017,5.698970004,-0.9030899870000004,FFHHIFRGIVHVPKTIHRLVTG,FFHHIFRPIVHVAKTIHRLVTG,2,0.9090909090909092,106.0,1.972542374189408,0.9220945083014048,0.1430395913154533,0.932489669409091,0.2573863635,2,"(8, G, P)|(13, P, A)",test
564,FFHHIFRGIVHVPKTIHRLVTG,FFHHIWRGIVHVGKTIHRLVTG,4.795880017,5.698970004,-0.9030899870000004,FFHHIFRGIVHVPKTIHRLVTG,FFHHIWRGIVHVGKTIHRLVTG,2,0.9090909090909092,108.0,2.005462051940601,0.9312623086207992,0.243885394828791,0.9367079890000002,0.303787879,2,"(6, F, W)|(13, P, G)",test
566,FFHHIFRGIVHVPKTIHRLVTG,FWHHIFRGIVHVGKTIHRLVTG,4.795880017,5.698970004,-0.9030899870000004,FFHHIFRGIVHVPKTIHRLVTG,FWHHIFRGIVHVGKTIHRLVTG,2,0.9090909090909092,108.0,2.005462051940601,0.9312623086207992,0.243885394828791,0.936707989,0.303787879,2,"(2, F, W)|(13, P, G)",test
569,FFHHIFRGIVHVPKTIHRLVTG,WFHHIFRGIVHVGKTIHRLVTG,4.795880017,5.698970004,-0.9030899870000004,FFHHIFRGIVHVPKTIHRLVTG,WFHHIFRGIVHVGKTIHRLVTG,2,0.9090909090909092,108.0,2.005462051940601,0.9312623086207992,0.243885394828791,0.936707989,0.303787879,2,"(1, F, W)|(13, P, G)",test
570,FFHHIFRGVVHVGKTIHRLVTG,FFHHIFRPIVHVAKTIHRLVTG,4.744727495,5.698970004,-0.9542425090000002,FFHHIFRGVVHVGKTIHRLVTG,FFHHIFRPIVHVAKTIHRLVTG,3,0.8636363636363636,106.0,1.972542374189408,0.9074547693473524,0.3213349752139181,0.9325413223181817,0.5053030303333333,3,"(8, G, P)|(9, V, I)|(13, G, A)",test
573,FFHHIFRGVVHVGKTIHRLVTG,FFHHIWRGIVHVGKTIHRLVTG,4.744727495,5.698970004,-0.9542425090000002,FFHHIFRGVVHVGKTIHRLVTG,FFHHIWRGIVHVGKTIHRLVTG,2,0.9090909090909092,115.0,2.120680924069779,0.9482437169065552,0.4306808859721082,0.9678030303181818,0.6458333334999999,2,"(6, F, W)|(9, V, I)",test
575,FFHHIFRGVVHVGKTIHRLVTG,FWHHIFRGIVHVGKTIHRLVTG,4.744727495,5.698970004,-0.9542425090000002,FFHHIFRGVVHVGKTIHRLVTG,FWHHIFRGIVHVGKTIHRLVTG,2,0.9090909090909092,115.0,2.120680924069779,0.9482437169065552,0.4306808859721082,0.9678030303181818,0.6458333334999999,2,"(2, F, W)|(9, V, I)",test
578,FFHHIFRGVVHVGKTIHRLVTG,WFHHIFRGIVHVGKTIHRLVTG,4.744727495,5.698970004,-0.9542425090000002,FFHHIFRGVVHVGKTIHRLVTG,WFHHIFRGIVHVGKTIHRLVTG,2,0.9090909090909092,115.0,2.120680924069779,0.9482437169065552,0.4306808859721082,0.9678030303181818,0.6458333334999999,2,"(1, F, W)|(9, V, I)",test
582,FFHHIFRPIVHVAKTIHRLVTG,FFHHVFRGIVHVGKTIHRLVTG,5.698970004,4.744727495,0.9542425090000002,FFHHIFRPIVHVAKTIHRLVTG,FFHHVFRGIVHVGKTIHRLVTG,3,0.8636363636363636,106.0,1.972542374189408,0.9074547693473524,0.3213349752139181,0.9325413223181817,0.5053030303333333,3,"(5, I, V)|(8, P, G)|(13, A, G)",test
583,FFHHIFRPIVHVAKTIHRLVTG,FFHHIFRPIVHVPKTIHRLVTG,5.698970004,4.795880017,0.9030899870000004,FFHHIFRPIVHVAKTIHRLVTG,FFHHIFRPIVHVPKTIHRLVTG,1,0.9545454545454546,115.0,2.120680924069779,0.9608150470219436,0.1379310344827586,0.9692665289090908,0.323863636,1,"(13, A, P)",test
604,FFHHIKRGIVHVGKTIHRLVTG,FFHHIWRGIVHVGKTIHRLVTG,4.93930216,5.698970004,-0.759667844,FFHHIKRGIVHVGKTIHRLVTG,FFHHIWRGIVHVGKTIHRLVTG,1,0.9545454545454546,112.0,2.0713014074429887,0.963474025974026,0.1964285714285714,0.9585858585909092,0.088888889,1,"(6, K, W)",test
605,FFHHIKRGIVHVGKTIHRLVTG,FWHHIFRGIVHVGKTIHRLVTG,4.93930216,5.698970004,-0.759667844,FFHHIKRGIVHVGKTIHRLVTG,FWHHIFRGIVHVGKTIHRLVTG,2,0.9090909090909092,107.0,1.989002213065005,0.936723423838012,0.3039576622181316,0.9328282828636364,0.2611111115,2,"(2, F, W)|(6, K, F)",test
607,FFHHIKRGIVHVGKTIHRLVTG,WFHHIFRGIVHVGKTIHRLVTG,4.93930216,5.698970004,-0.759667844,FFHHIKRGIVHVGKTIHRLVTG,WFHHIFRGIVHVGKTIHRLVTG,2,0.9090909090909092,107.0,1.989002213065005,0.936723423838012,0.3039576622181316,0.9328282828636364,0.2611111115,2,"(1, F, W)|(6, K, F)",test
608,FFHHIWRGIVHVGKTIHRLVTG,FFHHVFRGIVHVGKTIHRLVTG,5.698970004,4.744727495,0.9542425090000002,FFHHIWRGIVHVGKTIHRLVTG,FFHHVFRGIVHVGKTIHRLVTG,2,0.9090909090909092,115.0,2.120680924069779,0.9482437169065552,0.4306808859721082,0.9678030303181818,0.6458333334999999,2,"(5, I, V)|(6, W, F)",test
609,FFHHIWRGIVHVGKTIHRLVTG,FKHHIFRGIVHVGKTIHRLVTG,5.698970004,4.958607315,0.7403626890000004,FFHHIWRGIVHVGKTIHRLVTG,FKHHIFRGIVHVGKTIHRLVTG,2,0.9090909090909092,107.0,1.989002213065005,0.936723423838012,0.3039576622181316,0.9328282828636364,0.2611111115,2,"(2, F, K)|(6, W, F)",test
613,FFHHVFRGIVHVGKTIHRLVTG,FWHHIFRGIVHVGKTIHRLVTG,4.744727495,5.698970004,-0.9542425090000002,FFHHVFRGIVHVGKTIHRLVTG,FWHHIFRGIVHVGKTIHRLVTG,2,0.9090909090909092,115.0,2.120680924069779,0.9482437169065552,0.4306808859721082,0.9678030303181818,0.6458333334999999,2,"(2, F, W)|(5, V, I)",test
616,FFHHVFRGIVHVGKTIHRLVTG,WFHHIFRGIVHVGKTIHRLVTG,4.744727495,5.698970004,-0.9542425090000002,FFHHVFRGIVHVGKTIHRLVTG,WFHHIFRGIVHVGKTIHRLVTG,2,0.9090909090909092,115.0,2.120680924069779,0.9482437169065552,0.4306808859721082,0.9678030303181818,0.6458333334999999,2,"(1, F, W)|(5, V, I)",test
618,FFKKFWGGVKAIFKGARKGWK,SFKKFWGGVKAIFKGARKGWK,5.619788758,4.775985189,0.8438035690000003,FFKKFWGGVKAIFKGARKGWK,SFKKFWGGVKAIFKGARKGWK,1,0.9523809523809524,115.0,2.221665729977864,0.96875,0.34375,0.963095238095238,0.225,1,"(1, F, S)",test
630,FFPIVGKLLSGLF,FFPIVGKLLSGLL,3.823908741,5.272343501,-1.44843476,FFPIVGKLLSGLF,FFPIVGKLLSGLL,1,0.9230769230769232,60.0,2.056813483851,0.9465811965811964,0.3055555555555556,0.9576923076923076,0.45,1,"(13, F, L)",test
637,FFPIVGKLLSGLF,FLPIIGKLLSGLL,3.823908741,5.351956526,-1.5280477850000005,FFPIVGKLLSGLF,FLPIIGKLLSGLL,3,0.7692307692307693,53.0,1.8618277002477768,0.8563730955035302,0.3776167471819646,0.9057692307692308,0.5916666666666667,3,"(2, F, L)|(5, V, I)|(13, F, L)",test
643,FFPIVGKLLSGLL,FLPIVGKLLSGLF,5.272343501,3.823908741,1.44843476,FFPIVGKLLSGLL,FLPIVGKLLSGLF,2,0.8461538461538461,54.0,1.8896828121910936,0.8931623931623931,0.3055555555555556,0.9153846153846152,0.45,2,"(2, F, L)|(13, L, F)",test
644,FFPIVGKLLSGLL,FLPIIGQLLSGLL,5.272343501,4.096910013,1.1754334880000004,FFPIVGKLLSGLL,FLPIIGQLLSGLL,3,0.7692307692307693,53.0,1.8618277002477768,0.8631718523022871,0.407078026643244,0.913888888923077,0.626851852,3,"(2, F, L)|(5, V, I)|(7, K, Q)",test
646,FFPIVGKLLSGLL,FLPIVGKLLSGLL,5.272343501,4.229147988,1.0431955129999997,FFPIVGKLLSGLL,FLPIVGKLLSGLL,1,0.9230769230769232,58.0,2.0011032599643648,0.9465811965811964,0.3055555555555556,0.9576923076923076,0.45,1,"(2, F, L)",test
678,FHFHLHFASASAFIKHFIHRF,FHFHLHFPSGSPFIKHFIHRF,4.618754733,3.721978977,0.8967757560000003,FHFHLHFASASAFIKHFIHRF,FHFHLHFPSGSPFIKHFIHRF,3,0.8571428571428571,104.0,2.031985681982891,0.8842847483821116,0.1899932386747802,0.9094155843809524,0.3659090906666666,3,"(8, A, P)|(10, A, G)|(12, A, P)",test
679,FHFHLHFASASAFIKHFIHRF,FHFHLHFPSPSPFIKHFIHRF,4.618754733,3.728529997,0.8902247360000004,FHFHLHFASASAFIKHFIHRF,FHFHLHFPSPSPFIKHFIHRF,3,0.8571428571428571,103.0,2.0147420412560755,0.876847290640394,0.1379310344827586,0.903409090857143,0.323863636,3,"(8, A, P)|(10, A, P)|(12, A, P)",test
683,FIFHIIKGLFHAGKMIHGLVT,GFIFHIIKGLFHAGKMIHGLV,5.903089987,4.87359584,1.0294941470000003,-FIFHIIKGLFHAGKMIHGLVT,GFIFHIIKGLFHAGKMIHGLV-,2,0.9090909090909092,107.0,1.989002213065005,0.9090909090909092,0.0,0.9090909090909092,0.0,2,"(1, -, G)|(22, T, -)",test
684,FIGALLGPLLNLLK,FLGALLGPLMNLLQ,4.903089987,3.795880017,1.1072099700000004,FIGALLGPLLNLLK,FLGALLGPLMNLLQ,3,0.7857142857142857,60.0,1.9098982350045,0.8695638079278633,0.3912977703300284,0.9295634920714286,0.6712962963333333,3,"(2, I, L)|(10, L, M)|(14, K, Q)",test
702,FKHHIFRGIVHVGKTIHRLVTG,FWHHIFRGIVHVGKTIHRLVTG,4.958607315,5.698970004,-0.7403626890000004,FKHHIFRGIVHVGKTIHRLVTG,FWHHIFRGIVHVGKTIHRLVTG,1,0.9545454545454546,112.0,2.0713014074429887,0.963474025974026,0.1964285714285714,0.9585858585909092,0.088888889,1,"(2, K, W)",test
704,FKHHIFRGIVHVGKTIHRLVTG,WFHHIFRGIVHVGKTIHRLVTG,4.958607315,5.698970004,-0.7403626890000004,FKHHIFRGIVHVGKTIHRLVTG,WFHHIFRGIVHVGKTIHRLVTG,2,0.9090909090909092,109.0,2.0219218908161984,0.936723423838012,0.3039576622181316,0.9328282828636364,0.2611111115,2,"(1, F, W)|(2, K, F)",test
705,FKIPPIVKDTLKKFFKGGIAGVMGQ,ITIPPIVKDTLKKFFKGGIAGVMGQ,5.301029996,4.397940009,0.9030899869999996,FKIPPIVKDTLKKFFKGGIAGVMGQ,ITIPPIVKDTLKKFFKGGIAGVMGQ,2,0.92,119.0,1.9241378460235063,0.9392307692307692,0.2403846153846153,0.95133333332,0.3916666665,2,"(1, F, I)|(2, K, T)",test
709,FKKLKKLFSKLWNWK,FKRLKKLFSKIWNWK,6.0,4.602059991,1.397940009,FKKLKKLFSKLWNWK,FKRLKKLFSKIWNWK,2,0.8666666666666667,81.0,2.289534723372582,0.9202075702075702,0.4015567765567764,0.9611111111333333,0.7083333334999999,2,"(3, K, R)|(11, L, I)",test
715,FKRLEKLFKKIWNWK,FKRLKKLFKKIWNWK,4.903089987,5.77815125,-0.8750612629999992,FKRLEKLFKKIWNWK,FKRLKKLFKKIWNWK,1,0.9333333333333332,83.0,2.337816917407665,0.9604166666666668,0.40625,0.9703703704,0.555555556,1,"(5, E, K)",test
718,FKRLKKLAKKIWNWK,FKRLKKLFSKIWNWK,5.397940009,4.602059991,0.7958800180000001,FKRLKKLAKKIWNWK,FKRLKKLFSKIWNWK,2,0.8666666666666667,74.0,2.120547044249788,0.9095238095238096,0.3214285714285714,0.9131481481333332,0.348611111,2,"(8, A, F)|(9, K, S)",test
719,FKRLKKLFKKIWNWK,FKRLKKLFSKIWNWK,5.77815125,4.602059991,1.1760912589999997,FKRLKKLFKKIWNWK,FKRLKKLFSKIWNWK,1,0.9333333333333332,82.0,2.313675820390124,0.9595238095238094,0.3928571428571428,0.9648148148,0.472222222,1,"(9, K, S)",test
720,FKVQNQHGQVVKIFHH,KVQNQHGQVVKIFHH,4.026872146,3.096910013,0.9299621329999996,FKVQNQHGQVVKIFHH,-KVQNQHGQVVKIFHH,1,0.9375,83.0,2.1917033600696865,0.9375,0.0,0.9375,0.0,1,"(1, F, -)",test
731,FLALIGRVLSGIL,FLPLIGRALSGIL,5.602059991,4.698970004,0.9030899869999996,FLALIGRVLSGIL,FLPLIGRALSGIL,2,0.8461538461538461,50.0,1.7782623644178237,0.9020127945077234,0.3630831643002028,0.909527972,0.411931818,2,"(3, A, P)|(8, V, A)",test
739,FLFSLIPHAIGGLISAFK,FLFSLIPKAIGGLISAFK,4.698970004,5.522878745,-0.8239087409999994,FLFSLIPHAIGGLISAFK,FLFSLIPKAIGGLISAFK,1,0.9444444444444444,81.0,1.9079456028104849,0.957729468599034,0.2391304347826087,0.9606481481666668,0.291666667,1,"(8, H, K)",test
746,FLFSLIPSAIGGLISAFK,FLFSLIPSAISGLISAF,5.301029996,4.318758763,0.9822712329999996,FLFSLIPSAIGGLISAFK,FLFSLIPSAISGLISAF-,2,0.8888888888888888,75.0,1.7872401177227748,0.9064327485380118,0.1578947368421052,0.9138888888888888,0.225,2,"(11, G, S)|(18, K, -)",test
749,FLFSLIPSAISGLISAF,FLFSLIPSAISGLISAFK,4.318758763,5.077205719,-0.7584469560000002,FLFSLIPSAISGLISAF-,FLFSLIPSAISGLISAFK,1,0.9444444444444444,79.0,1.8677104411145813,0.9444444444444444,0.0,0.9444444444444444,0.0,1,"(18, -, K)",test
752,FLGALAKALSKLL,FLGALFKALSKLL,4.681462206,5.471109193,-0.7896469870000002,FLGALAKALSKLL,FLGALFKALSKLL,1,0.9230769230769232,52.0,1.8339725883044584,0.9423076923076924,0.25,0.9403846153846154,0.225,1,"(6, A, F)",test
782,FLGALFKKASK,FLGALFKLASK,3.78156848,4.679233311,-0.8976648310000002,FLGALFKKASK,FLGALFKLASK,1,0.9090909090909092,46.0,1.9699040833071988,0.9403409090909092,0.34375,0.9305555555454544,0.236111111,1,"(8, K, L)",test
790,FLGALFKLASK,FLGKLFKVASK,4.679233311,3.791526618,0.8877066930000002,FLGALFKLASK,FLGKLFKVASK,2,0.8181818181818182,44.0,1.9040647278048115,0.8820346320346321,0.3511904761904761,0.9071969697272728,0.4895833335,2,"(4, A, K)|(8, L, V)",test
792,FLGALFKLASK,FLGALFKVASK,4.679233311,3.771013223,0.9082200879999998,FLGALFKLASK,FLGALFKVASK,1,0.9090909090909092,49.0,2.06866311656078,0.9469696969696972,0.4166666666666667,0.9659090909090908,0.625,1,"(8, L, V)",test
801,FLGALFKVASK,FLGFLFKVASK,3.771013223,5.002264231,-1.2312510079999996,FLGALFKVASK,FLGFLFKVASK,1,0.9090909090909092,46.0,1.9699040833071988,0.9318181818181818,0.25,0.9295454545454546,0.225,1,"(4, A, F)",test
802,FLGALFKVASK,FLGLLFKVASK,3.771013223,4.689315183,-0.9183019599999996,FLGALFKVASK,FLGLLFKVASK,1,0.9090909090909092,47.0,2.0028237610583925,0.9523809523809524,0.4761904761904761,0.9431818181818182,0.375,1,"(4, A, L)",test
803,FLGALFKVASK,FLGWLFKVASK,3.771013223,5.621099223,-1.850086,FLGALFKVASK,FLGWLFKVASK,1,0.9090909090909092,45.0,1.936984405556005,0.9245647969052224,0.1702127659574468,0.9178030302727272,0.095833333,1,"(4, A, W)",test
804,FLGALFKVASK,FLWALFKVASK,3.771013223,5.020227559,-1.249214336,FLGALFKVASK,FLWALFKVASK,1,0.9090909090909092,44.0,1.9040647278048115,0.920696324951644,0.1276595744680851,0.9242424242727272,0.166666667,1,"(3, G, W)",test
805,FLGALFKVASK,FWGALFKVASK,3.771013223,4.700181004,-0.929167781,FLGALFKVASK,FWGALFKVASK,1,0.9090909090909092,46.0,1.9699040833071988,0.928698752228164,0.2156862745098039,0.9265151515454544,0.191666667,1,"(2, L, W)",test
817,FLGALWEVAKSVF,FLGELWNVAKSVF,5.204119983,4.301029996,0.9030899870000004,FLGALWEVAKSVF,FLGELWNVAKSVF,2,0.8461538461538461,57.0,1.973248148021047,0.900989010989011,0.3564285714285714,0.9058760683846152,0.3881944444999999,2,"(4, A, E)|(7, E, N)",test
819,FLGALWKVAKSVF,FLGALWNVAKSVF,5.806875402,5.081969663,0.7249057390000004,FLGALWKVAKSVF,FLGALWNVAKSVF,1,0.9230769230769232,62.0,2.112523707737635,0.9503722084367248,0.3548387096774194,0.9555555555384616,0.422222222,1,"(7, K, N)",test
820,FLGALWKVAKSVF,FLGELWNVAKSVF,5.806875402,4.301029996,1.5058454060000006,FLGALWKVAKSVF,FLGELWNVAKSVF,2,0.8461538461538461,57.0,1.973248148021047,0.8980645161290324,0.3374193548387096,0.9058760683846152,0.3881944444999999,2,"(4, A, E)|(7, K, N)",test
827,FLGALWNVAKKVF,FLGALWNVAKSVF,5.806875402,5.081969663,0.7249057390000004,FLGALWNVAKKVF,FLGALWNVAKSVF,1,0.9230769230769232,64.0,2.168233931624271,0.9532967032967032,0.3928571428571428,0.9594017093846152,0.472222222,1,"(11, K, S)",test
828,FLGALWNVAKKVF,FLGELWNVAKSVF,5.806875402,4.301029996,1.5058454060000006,FLGALWNVAKKVF,FLGELWNVAKSVF,2,0.8461538461538461,59.0,2.0289583719076822,0.900989010989011,0.3564285714285714,0.9097222222307692,0.4131944445,2,"(4, A, E)|(11, K, S)",test
830,FLGALWNVAKSVF,FLGELWNVAKSVF,5.081969663,4.301029996,0.7809396670000002,FLGALWNVAKSVF,FLGELWNVAKSVF,1,0.9230769230769232,63.0,2.140378819680953,0.9476923076923076,0.32,0.9503205128461538,0.354166667,1,"(4, A, E)",test
831,FLGALWNVAKSVF,FLGALWNVWKSVF,5.081969663,5.806875402,-0.7249057390000004,FLGALWNVAKSVF,FLGALWNVWKSVF,1,0.9230769230769232,61.0,2.0846685957943176,0.9361702127659574,0.1702127659574468,0.9304487179230768,0.095833333,1,"(9, A, W)",test
833,FLGALWNVWKSVF,FLGELWNVWKSVF,5.806875402,4.903089987,0.9037854149999998,FLGALWNVWKSVF,FLGELWNVWKSVF,1,0.9230769230769232,70.0,2.335364603284177,0.9476923076923076,0.32,0.9503205128461538,0.354166667,1,"(4, A, E)",test
843,FLGFLFKVASK,FLGKLFKVASK,5.002264231,3.791526618,1.210737613,FLGFLFKVASK,FLGKLFKVASK,1,0.9090909090909092,45.0,1.936984405556005,0.9334811529933482,0.2682926829268293,0.9186868687272728,0.105555556,1,"(4, F, K)",test
864,FLGGVFKGASKVFPAVFGKV,FLGKVFKLASKVFPAVFGKV,3.904669593,4.833842041,-0.9291724479999997,FLGGVFKGASKVFPAVFGKV,FLGKVFKLASKVFPAVFGKV,2,0.9,84.0,1.771468510818906,0.9260064412238324,0.2600644122383252,0.91055555555,0.1055555555,2,"(4, G, K)|(8, G, L)",test
869,FLGGVFKGASKVFPAVFGKV,FLGVVFKLASKVFPAVFGKV,3.904669593,5.555023573,-1.6503539799999998,FLGGVFKGASKVFPAVFGKV,FLGVVFKLASKVFPAVFGKV,2,0.9,83.0,1.7533626880557491,0.9255434782608696,0.2554347826086957,0.905625,0.05625,2,"(4, G, V)|(8, G, L)",test
883,FLGGVFKKASKVFGAVFGKV,FLGKVFKLASKVFGAVFGKV,3.911182503,5.427856363,-1.51667386,FLGGVFKKASKVFGAVFGKV,FLGKVFKLASKVFGAVFGKV,2,0.9,85.0,1.7895743335820626,0.930150462962963,0.3015046296296296,0.9223611111,0.223611111,2,"(4, G, K)|(8, K, L)",test
884,FLGGVFKKASKVFGAVFGKV,FLGVVFKLASKVFGAVFGKV,3.911182503,5.421929649,-1.510747146,FLGGVFKKASKVFGAVFGKV,FLGVVFKLASKVFGAVFGKV,2,0.9,84.0,1.771468510818906,0.9296875,0.296875,0.91743055555,0.1743055555,2,"(4, G, V)|(8, K, L)",test
895,FLGGVFKLASKVFPAVFGKV,FLGKVFKLASKVFKAVFGKV,4.518425262,5.743067975,-1.2246427129999995,FLGGVFKLASKVFPAVFGKV,FLGKVFKLASKVFKAVFGKV,2,0.9,84.0,1.771468510818906,0.9178410117434508,0.1784101174345076,0.9257070707,0.257070707,2,"(4, G, K)|(14, P, K)",test
896,FLGGVFKLASKVFPAVFGKV,FLGKVFKLASKVFGAVFGKV,4.518425262,5.427856363,-0.909431101,FLGGVFKLASKVFPAVFGKV,FLGKVFKLASKVFGAVFGKV,2,0.9,83.0,1.7533626880557491,0.9203703703703704,0.2037037037037036,0.9201010101,0.201010101,2,"(4, G, K)|(14, P, G)",test
913,FLGGVFKLASKVFPAVFGKV,FLGVVFKLASKVFGAVFGKV,4.518425262,5.421929649,-0.903504387,FLGGVFKLASKVFPAVFGKV,FLGVVFKLASKVFGAVFGKV,2,0.9,82.0,1.7352568652925928,0.9199074074074074,0.199074074074074,0.91517045455,0.1517045455,2,"(4, G, V)|(14, P, G)",test
914,FLGGVFKLASKVFPAVFGKV,FLGVVFKLASKVFPAVFKKV,4.518425262,5.745225031,-1.2267997690000003,FLGGVFKLASKVFPAVFGKV,FLGVVFKLASKVFPAVFKKV,2,0.9,83.0,1.7533626880557491,0.9254629629629628,0.2546296296296296,0.91618055555,0.1618055555,2,"(4, G, V)|(18, G, K)",test
915,FLGGVFKLASKVFPAVFGKV,FLGVVFKLASKVFKAVFGKV,4.518425262,5.436302935,-0.9178776729999996,FLGGVFKLASKVFPAVFGKV,FLGVVFKLASKVFKAVFGKV,2,0.9,83.0,1.7533626880557491,0.9173780487804878,0.173780487804878,0.92077651515,0.2077651515,2,"(4, G, V)|(14, P, K)",test
916,FLGGVFKLASKVFPAVFGKV,FLGVVFKLASKVFPAVFGKV,4.518425262,5.555023573,-1.0365983109999997,FLGGVFKLASKVFPAVFGKV,FLGVVFKLASKVFPAVFGKV,1,0.95,91.0,1.8982092701610012,0.9625,0.25,0.955625,0.1125,1,"(4, G, V)",test
917,FLGGVFKLASKVFPAVFGKV,FLGVVFKLVSKVFPAVFGKV,4.518425262,5.435705363,-0.9172801010000002,FLGGVFKLASKVFPAVFGKV,FLGVVFKLVSKVFPAVFGKV,2,0.9,87.0,1.8257859791083757,0.9419117647058822,0.4191176470588235,0.930625,0.30625,2,"(4, G, V)|(9, A, V)",test
920,FLGGVFKLASKVFPAVFGKV,FLKVVFKLASKVFPAVFGKV,4.518425262,5.745225031,-1.2267997690000003,FLGGVFKLASKVFPAVFGKV,FLKVVFKLASKVFPAVFGKV,2,0.9,83.0,1.7533626880557491,0.9254629629629628,0.2546296296296296,0.91618055555,0.1618055555,2,"(3, G, K)|(4, G, V)",test
921,FLGKLFKVASK,FLGLLFKVASK,3.791526618,4.689315183,-0.8977885649999999,FLGKLFKVASK,FLGLLFKVASK,1,0.9090909090909092,46.0,1.9699040833071988,0.9403409090909092,0.34375,0.9305555555454544,0.236111111,1,"(4, K, L)",test
922,FLGKLFKVASK,FLGWLFKVASK,3.791526618,5.621099223,-1.829572605,FLGKLFKVASK,FLGWLFKVASK,1,0.9090909090909092,45.0,1.936984405556005,0.926948051948052,0.1964285714285714,0.917171717181818,0.088888889,1,"(4, K, W)",test
927,FLGKVFKGASKVFGAVFGKV,FLGKVFKLASKVFKAVFGKV,3.911182503,5.743067975,-1.831885472,FLGKVFKGASKVFGAVFGKV,FLGKVFKLASKVFKAVFGKV,2,0.9,82.0,1.7352568652925928,0.9260064412238324,0.2600644122383252,0.91055555555,0.1055555555,2,"(8, G, L)|(14, G, K)",test
930,FLGKVFKGASKVFGAVFGKV,FLGKVFKLASKVFPAVFGKV,3.911182503,4.833842041,-0.9226595379999996,FLGKVFKGASKVFGAVFGKV,FLGKVFKLASKVFPAVFGKV,2,0.9,82.0,1.7352568652925928,0.9204508856682768,0.2045088566827697,0.90954545455,0.0954545455,2,"(8, G, L)|(14, G, P)",test
935,FLGKVFKGASKVFGAVFGKV,FLGKVFKLASKVFGAVFGKV,3.911182503,5.427856363,-1.51667386,FLGKVFKGASKVFGAVFGKV,FLGKVFKLASKVFGAVFGKV,1,0.95,90.0,1.8801034473978449,0.9630434782608696,0.2608695652173913,0.95,0.0,1,"(8, G, L)",test
937,FLGKVFKGASKVFGAVFGKV,FLGVVFKLASKVFGAVFGKV,3.911182503,5.421929649,-1.510747146,FLGKVFKGASKVFGAVFGKV,FLGVVFKLASKVFGAVFGKV,2,0.9,83.0,1.7533626880557491,0.9259467040673212,0.2594670406732117,0.91180555555,0.1180555555,2,"(4, K, V)|(8, G, L)",test
949,FLGKVFKGASKVVPAVFGKV,FLGKVFKLASKVFPAVFGKV,3.909518568,4.833842041,-0.9243234729999994,FLGKVFKGASKVVPAVFGKV,FLGKVFKLASKVFPAVFGKV,2,0.9,84.0,1.771468510818906,0.924472049689441,0.2447204968944099,0.916875,0.16875,2,"(8, G, L)|(13, V, F)",test
958,FLGKVFKGASKVVPAVFGKV,FLGVVFKLASKVVPAVFGKV,3.909518568,5.119257065,-1.209738497,FLGKVFKGASKVVPAVFGKV,FLGVVFKLASKVVPAVFGKV,2,0.9,82.0,1.7352568652925928,0.9259467040673212,0.2594670406732117,0.91180555555,0.1180555555,2,"(4, K, V)|(8, G, L)",test
988,FLGKVFKGVSKVFPAVFGKV,FLGVVFKLVSKVFPAVFGKV,4.226164063,5.435705363,-1.2095413000000006,FLGKVFKGVSKVFPAVFGKV,FLGVVFKLVSKVFPAVFGKV,2,0.9,84.0,1.771468510818906,0.9259467040673212,0.2594670406732117,0.91180555555,0.1180555555,2,"(4, K, V)|(8, G, L)",test
993,FLGKVFKKASKVFPAVFGKV,FLGKVFKLASKVFKAVFGKV,4.234759328,5.743067975,-1.5083086469999998,FLGKVFKKASKVFPAVFGKV,FLGKVFKLASKVFKAVFGKV,2,0.9,85.0,1.7895743335820626,0.922065548780488,0.220655487804878,0.9269570707,0.269570707,2,"(8, K, L)|(14, P, K)",test
994,FLGKVFKKASKVFPAVFGKV,FLGKVFKLASKVFGAVFGKV,4.234759328,5.427856363,-1.193097035,FLGKVFKKASKVFPAVFGKV,FLGKVFKLASKVFGAVFGKV,2,0.9,84.0,1.771468510818906,0.9245949074074076,0.245949074074074,0.9213510101,0.213510101,2,"(8, K, L)|(14, P, G)",test
1012,FLGKVFKKASKVFPAVFGKV,FLGVVFKLASKVFPAVFGKV,4.234759328,5.555023573,-1.3202642449999995,FLGKVFKKASKVFPAVFGKV,FLGVVFKLASKVFPAVFGKV,2,0.9,86.0,1.807680156345219,0.9300907258064516,0.3009072580645161,0.9236111111,0.236111111,2,"(4, K, V)|(8, K, L)",test
1040,FLGKVFKKASKVVPAVFGKV,FLGKVFKLASKVFPAVFGKV,3.924130153,4.833842041,-0.9097118879999996,FLGKVFKKASKVVPAVFGKV,FLGKVFKLASKVFPAVFGKV,2,0.9,86.0,1.807680156345219,0.9286160714285714,0.2861607142857142,0.92868055555,0.2868055555,2,"(8, K, L)|(13, V, F)",test
1052,FLGKVFKKASKVVPAVFGKV,FLGVVFKLASKVVPAVFGKV,3.924130153,5.119257065,-1.195126912,FLGKVFKKASKVVPAVFGKV,FLGVVFKLASKVVPAVFGKV,2,0.9,84.0,1.771468510818906,0.9300907258064516,0.3009072580645161,0.9236111111,0.236111111,2,"(4, K, V)|(8, K, L)",test
1059,FLGKVFKKAVKVFPAVFGKV,FLGKVFKLASKVFPAVFGKV,3.936104789,4.833842041,-0.8977372519999998,FLGKVFKKAVKVFPAVFGKV,FLGKVFKLASKVFPAVFGKV,2,0.9,87.0,1.8257859791083757,0.935369318181818,0.3536931818181817,0.92430555555,0.2430555555,2,"(8, K, L)|(10, V, S)",test
1073,FLGKVFKKVSKVFPAVFGKV,FLGKVFKLASKVFKAVFGKV,4.240267895,5.743067975,-1.50280008,FLGKVFKKVSKVFPAVFGKV,FLGKVFKLASKVFKAVFGKV,3,0.85,81.0,1.7171510425294365,0.9014773134863704,0.3431820899091344,0.9019570707,0.3463804713333333,3,"(8, K, L)|(9, V, A)|(14, P, K)",test
1083,FLGKVFKKVSKVFPAVFGKV,FLGVVFKLVSKVFPAVFGKV,4.240267895,5.435705363,-1.1954374680000006,FLGKVFKKVSKVFPAVFGKV,FLGVVFKLVSKVFPAVFGKV,2,0.9,86.0,1.807680156345219,0.9300907258064516,0.3009072580645161,0.9236111111,0.236111111,2,"(4, K, V)|(8, K, L)",test
1096,FLGKVFKLASKVFGAVFGKV,FLGKVFKLASKVFPAVFKKV,5.427856363,4.245707486,1.1821488770000004,FLGKVFKLASKVFGAVFGKV,FLGKVFKLASKVFPAVFKKV,2,0.9,82.0,1.7352568652925928,0.9203703703703704,0.2037037037037036,0.9201010101,0.201010101,2,"(14, G, P)|(18, G, K)",test
1100,FLGKVFKLASKVFGAVFGKV,FLGKVFKLASKVFPKVFGKV,5.427856363,4.544026203,0.8838301600000005,FLGKVFKLASKVFGAVFGKV,FLGKVFKLASKVFPKVFGKV,2,0.9,85.0,1.7895743335820626,0.921693121693122,0.2169312169312169,0.9272537879,0.272537879,2,"(14, G, P)|(15, A, K)",test
1101,FLGKVFKLASKVFGAVFGKV,FLGSVFKLASKVFPAVFGKV,5.427856363,4.52455733,0.9032990329999996,FLGKVFKLASKVFGAVFGKV,FLGSVFKLASKVFPAVFGKV,2,0.9,85.0,1.7895743335820626,0.9270502645502644,0.2705026455026454,0.93315656565,0.3315656565,2,"(4, K, S)|(14, G, P)",test
1106,FLGKVFKLASKVFGAVFGKV,FLGVVFKKASKVFGAVFGKV,5.427856363,3.91985395,1.5080024130000005,FLGKVFKLASKVFGAVFGKV,FLGVVFKKASKVFGAVFGKV,2,0.9,85.0,1.7895743335820626,0.9300907258064516,0.3009072580645161,0.9236111111,0.236111111,2,"(4, K, V)|(8, L, K)",test
1114,FLGKVFKLASKVFGAVFGKV,FLKKVFKLASKVFPAVFGKV,5.427856363,4.546737482,0.8811188809999999,FLGKVFKLASKVFGAVFGKV,FLKKVFKLASKVFPAVFGKV,2,0.9,82.0,1.7352568652925928,0.9203703703703704,0.2037037037037036,0.9201010101,0.201010101,2,"(3, G, K)|(14, G, P)",test
1116,FLGKVFKLASKVFKAVFGKV,FLGKVFKLASKVFPAVFGKV,5.743067975,4.833842041,0.9092259340000002,FLGKVFKLASKVFKAVFGKV,FLGKVFKLASKVFPAVFGKV,1,0.95,91.0,1.8982092701610012,0.9548780487804878,0.0975609756097561,0.96515151515,0.303030303,1,"(14, K, P)",test
1119,FLGKVFKLASKVFKAVFGKV,FLGKVFKLASKVFPKVFGKV,5.743067975,4.544026203,1.1990417720000002,FLGKVFKLASKVFKAVFGKV,FLGKVFKLASKVFPKVFGKV,2,0.9,86.0,1.807680156345219,0.9191637630662022,0.1916376306620208,0.9328598485,0.328598485,2,"(14, K, P)|(15, A, K)",test
1120,FLGKVFKLASKVFKAVFGKV,FLGKVFKLASKVFPAVFKKV,5.743067975,4.245707486,1.497360489,FLGKVFKLASKVFKAVFGKV,FLGKVFKLASKVFPAVFKKV,2,0.9,83.0,1.7533626880557491,0.9178410117434508,0.1784101174345076,0.9257070707,0.257070707,2,"(14, K, P)|(18, G, K)",test
1121,FLGKVFKLASKVFKAVFGKV,FLGSVFKLASKVFPAVFGKV,5.743067975,4.52455733,1.2185106449999994,FLGKVFKLASKVFKAVFGKV,FLGSVFKLASKVFPAVFGKV,2,0.9,86.0,1.807680156345219,0.9245209059233448,0.2452090592334494,0.93876262625,0.3876262625,2,"(4, K, S)|(14, K, P)",test
1123,FLGKVFKLASKVFKAVFGKV,FLGSVFKSASKVFPAVFGKV,5.743067975,3.917176041,1.825891934,FLGKVFKLASKVFKAVFGKV,FLGSVFKSASKVFPAVFGKV,3,0.85,80.0,1.6990452197662798,0.8984339494016058,0.3228929960107054,0.90126262625,0.3417508416666666,3,"(4, K, S)|(8, L, S)|(14, K, P)",test
1134,FLGKVFKLASKVFKAVFGKV,FLGVVFKKASKVFKAVFGKV,5.743067975,3.934127497,1.808940478,FLGKVFKLASKVFKAVFGKV,FLGVVFKKASKVFKAVFGKV,2,0.9,84.0,1.771468510818906,0.9300907258064516,0.3009072580645161,0.9236111111,0.236111111,2,"(4, K, V)|(8, L, K)",test
1138,FLGKVFKLASKVFKAVFGKV,FLKKVFKLASKVFPAVFGKV,5.743067975,4.546737482,1.1963304929999996,FLGKVFKLASKVFKAVFGKV,FLKKVFKLASKVFPAVFGKV,2,0.9,83.0,1.7533626880557491,0.9178410117434508,0.1784101174345076,0.9257070707,0.257070707,2,"(3, G, K)|(14, K, P)",test
1142,FLGKVFKLASKVFPAVFGKV,FLGSVFKSASKVFPAVFGKV,4.833842041,3.917176041,0.9166659999999998,FLGKVFKLASKVFPAVFGKV,FLGSVFKSASKVFPAVFGKV,2,0.9,88.0,1.843891801871532,0.943555900621118,0.4355590062111801,0.9361111111,0.361111111,2,"(4, K, S)|(8, L, S)",test
1143,FLGKVFKLASKVFPAVFGKV,FLGKVVKGASKVFPAVFGKV,4.833842041,3.909518568,0.9243234729999994,FLGKVFKLASKVFPAVFGKV,FLGKVVKGASKVFPAVFGKV,2,0.9,84.0,1.771468510818906,0.924472049689441,0.2447204968944099,0.916875,0.16875,2,"(6, F, V)|(8, L, G)",test
1145,FLGKVFKLASKVFPAVFGKV,FLGVVFKGASKVFPAVFGKV,4.833842041,3.913470742,0.9203712989999996,FLGKVFKLASKVFPAVFGKV,FLGVVFKGASKVFPAVFGKV,2,0.9,84.0,1.771468510818906,0.9259467040673212,0.2594670406732117,0.91180555555,0.1180555555,2,"(4, K, V)|(8, L, G)",test
1147,FLGKVFKLASKVFPAVFGKV,FLGVVFKLASKVFPAVFKKV,4.833842041,5.745225031,-0.9113829900000008,FLGKVFKLASKVFPAVFGKV,FLGVVFKLASKVFPAVFKKV,2,0.9,84.0,1.771468510818906,0.9258661887694146,0.2586618876941456,0.9223611111,0.223611111,2,"(4, K, V)|(18, G, K)",test
1148,FLGKVFKLASKVFPAVFGKV,FLGVVFKKASKVFPAVFGKV,4.833842041,3.927952145,0.9058898959999996,FLGKVFKLASKVFPAVFGKV,FLGVVFKKASKVFPAVFGKV,2,0.9,86.0,1.807680156345219,0.9300907258064516,0.3009072580645161,0.9236111111,0.236111111,2,"(4, K, V)|(8, L, K)",test
1153,FLGKVFKLASKVFPAVFGKV,FLGVVFKLASKVFPAVFGKV,4.833842041,5.555023573,-0.7211815320000001,FLGKVFKLASKVFPAVFGKV,FLGVVFKLASKVFPAVFGKV,1,0.95,92.0,1.9163150929241577,0.9629032258064516,0.2580645161290322,0.96180555555,0.236111111,1,"(4, K, V)",test
1155,FLGKVFKLASKVFPAVFGKV,FLGVVFKSASKVFPAVFGKV,4.833842041,3.919643525,0.9141985159999996,FLGKVFKLASKVFPAVFGKV,FLGVVFKSASKVFPAVFGKV,2,0.9,86.0,1.807680156345219,0.9368162692847124,0.3681626928471248,0.92430555555,0.2430555555,2,"(4, K, V)|(8, L, S)",test
1158,FLGKVFKLASKVFPAVFGKV,FLGVVFKLAVKVFPAVFGKV,4.833842041,3.927358772,0.9064832689999998,FLGKVFKLASKVFPAVFGKV,FLGVVFKLAVKVFPAVFGKV,2,0.9,86.0,1.807680156345219,0.9310850439882696,0.3108504398826979,0.92430555555,0.2430555555,2,"(4, K, V)|(10, S, V)",test
1161,FLGKVFKLASKVFPAVFGKV,FLKVVFKLASKVFPAVFGKV,4.833842041,5.745225031,-0.9113829900000008,FLGKVFKLASKVFPAVFGKV,FLKVVFKLASKVFPAVFGKV,2,0.9,84.0,1.771468510818906,0.9258661887694146,0.2586618876941456,0.9223611111,0.223611111,2,"(3, G, K)|(4, K, V)",test
1164,FLGKVFKLASKVFPAVFKKV,FLGVVFKLASKVFGAVFKKV,4.245707486,5.436302935,-1.190595449,FLGKVFKLASKVFPAVFKKV,FLGVVFKLASKVFGAVFKKV,2,0.9,82.0,1.7352568652925928,0.9203106332138592,0.2031063321385901,0.9213510101,0.213510101,2,"(4, K, V)|(14, P, G)",test
1170,FLGKVFKLASKVFPAVFKKV,FLGVVFKLASKVFPAVFGKV,4.245707486,5.555023573,-1.309316087,FLGKVFKLASKVFPAVFKKV,FLGVVFKLASKVFPAVFGKV,2,0.9,84.0,1.771468510818906,0.9258661887694146,0.2586618876941456,0.9223611111,0.223611111,2,"(4, K, V)|(18, K, G)",test
1172,FLGKVFKLASKVFPAVFKKV,FLGVVFKLASKVFPAVFKKV,4.245707486,5.745225031,-1.499517545000001,FLGKVFKLASKVFPAVFKKV,FLGVVFKLASKVFPAVFKKV,1,0.95,91.0,1.8982092701610012,0.9629032258064516,0.2580645161290322,0.96180555555,0.236111111,1,"(4, K, V)",test
1182,FLGKVFKLASKVFPKVFGKV,FLGVVFKLASKVFGKVFGKV,4.544026203,5.433505618,-0.8894794150000003,FLGKVFKLASKVFPKVFGKV,FLGVVFKLASKVFGKVFGKV,2,0.9,84.0,1.771468510818906,0.9203106332138592,0.2031063321385901,0.9213510101,0.213510101,2,"(4, K, V)|(14, P, G)",test
1185,FLGKVFKLASKVFPKVFGKV,FLGVVFKLVSKVFPAVFGKV,4.544026203,5.435705363,-0.8916791600000007,FLGKVFKLASKVFPKVFGKV,FLGVVFKLVSKVFPAVFGKV,3,0.85,83.0,1.7533626880557491,0.9066007047980482,0.3773380319869883,0.9045138889,0.3634259259999999,3,"(4, K, V)|(9, A, V)|(15, K, A)",test
1192,FLGKVFKLASKVFPKVFGKV,FLGVVFKLASKVFPAVFGKV,4.544026203,5.555023573,-1.01099737,FLGKVFKLASKVFPKVFGKV,FLGVVFKLASKVFPAVFGKV,2,0.9,87.0,1.8257859791083757,0.9271889400921658,0.2718894009216589,0.9295138889,0.295138889,2,"(4, K, V)|(15, K, A)",test
1206,FLGKVVKGASKVFPAVFGKV,FLGVVVKLASKVFPAVFGKV,3.909518568,5.119257065,-1.209738497,FLGKVVKGASKVFPAVFGKV,FLGVVVKLASKVFPAVFGKV,2,0.9,82.0,1.7352568652925928,0.9259467040673212,0.2594670406732117,0.91180555555,0.1180555555,2,"(4, K, V)|(8, G, L)",test
1220,FLGKVVKKASKVFPAVFGKV,FLGVVVKLASKVFPAVFGKV,4.225160149,5.119257065,-0.8940969160000005,FLGKVVKKASKVFPAVFGKV,FLGVVVKLASKVFPAVFGKV,2,0.9,84.0,1.771468510818906,0.9300907258064516,0.3009072580645161,0.9236111111,0.236111111,2,"(4, K, V)|(8, K, L)",test
1224,FLGLLFKVASK,FLGWLFKVASK,4.689315183,5.621099223,-0.93178404,FLGLLFKVASK,FLGWLFKVASK,1,0.9090909090909092,46.0,1.9699040833071988,0.928698752228164,0.2156862745098039,0.9265151515454544,0.191666667,1,"(4, L, W)",test
1227,FLGLLGGLL,FLGLLGSLL,3.547029641,4.468521083,-0.9214914419999998,FLGLLGGLL,FLGLLGSLL,1,0.8888888888888888,38.0,2.085779252697128,0.9239766081871346,0.3157894736842105,0.9388888888888888,0.45,1,"(7, G, S)",test
1233,FLGSVFKLASKVFPAVFGKV,FLGVVFKLASKVFGAVFGKV,4.52455733,5.421929649,-0.8973723189999996,FLGSVFKLASKVFPAVFGKV,FLGVVFKLASKVFGAVFGKV,2,0.9,83.0,1.7533626880557491,0.9255892255892256,0.2558922558922558,0.92204545455,0.2204545455,2,"(4, S, V)|(14, P, G)",test
1235,FLGSVFKLASKVFPAVFGKV,FLGVVFKLASKVFKAVFGKV,4.52455733,5.436302935,-0.9117456049999992,FLGSVFKLASKVFPAVFGKV,FLGVVFKLASKVFKAVFGKV,2,0.9,84.0,1.771468510818906,0.923059866962306,0.2305986696230598,0.92765151515,0.2765151515,2,"(4, S, V)|(14, P, K)",test
1237,FLGSVFKLASKVFPAVFGKV,FLGVVFKLASKVFPAVFGKV,4.52455733,5.555023573,-1.0304662429999991,FLGSVFKLASKVFPAVFGKV,FLGVVFKLASKVFPAVFGKV,1,0.95,92.0,1.9163150929241577,0.968181818181818,0.3636363636363636,0.9625,0.25,1,"(4, S, V)",test
1238,FLGSVFKLASKVFPAVFGKV,FLGVVFKLASKVFPAVFKKV,4.52455733,5.745225031,-1.220667701,FLGSVFKLASKVFPAVFGKV,FLGVVFKLASKVFPAVFKKV,2,0.9,84.0,1.771468510818906,0.9311447811447812,0.3114478114478114,0.92305555555,0.2305555555,2,"(4, S, V)|(18, G, K)",test
1242,FLGSVFKLASKVFPAVFGKV,FLGVVFKLVSKVFPAVFGKV,4.52455733,5.435705363,-0.911148033,FLGSVFKLASKVFPAVFGKV,FLGVVFKLVSKVFPAVFGKV,2,0.9,88.0,1.843891801871532,0.9475935828877006,0.4759358288770053,0.9375,0.375,2,"(4, S, V)|(9, A, V)",test
1248,FLGSVFKLASKVFPAVFGKV,FLKVVFKLASKVFPAVFGKV,4.52455733,5.745225031,-1.220667701,FLGSVFKLASKVFPAVFGKV,FLKVVFKLASKVFPAVFGKV,2,0.9,84.0,1.771468510818906,0.9311447811447812,0.3114478114478114,0.92305555555,0.2305555555,2,"(3, G, K)|(4, S, V)",test
1253,FLGSVFKSASKVFPAVFGKV,FLGVVFKLVSKVFPAVFGKV,3.917176041,5.435705363,-1.5185293220000005,FLGSVFKSASKVFPAVFGKV,FLGVVFKLVSKVFPAVFGKV,3,0.85,82.0,1.7352568652925928,0.9215066263659614,0.4767108424397427,0.9,0.3333333333333333,3,"(4, S, V)|(8, S, L)|(9, A, V)",test
1258,FLGSVFKSASKVFPAVFGKV,FLGVVFKLASKVFPAVFGKV,3.917176041,5.555023573,-1.637847532,FLGSVFKSASKVFPAVFGKV,FLGVVFKLASKVFPAVFGKV,2,0.9,86.0,1.807680156345219,0.942094861660079,0.4209486166007905,0.925,0.25,2,"(4, S, V)|(8, S, L)",test
1262,FLGVVFKGASKVFPAVFGKV,FLGVVFKLASKVFGAVFGKV,3.913470742,5.421929649,-1.508458907,FLGVVFKGASKVFPAVFGKV,FLGVVFKLASKVFGAVFGKV,2,0.9,81.0,1.7171510425294365,0.9204508856682768,0.2045088566827697,0.90954545455,0.0954545455,2,"(8, G, L)|(14, P, G)",test
1265,FLGVVFKGASKVFPAVFGKV,FLGVVFKLASKVFKAVFGKV,3.913470742,5.436302935,-1.5228321929999995,FLGVVFKGASKVFPAVFGKV,FLGVVFKLASKVFKAVFGKV,2,0.9,82.0,1.7352568652925928,0.9179215270413572,0.1792152704135737,0.91515151515,0.1515151515,2,"(8, G, L)|(14, P, K)",test
1267,FLGVVFKGASKVFPAVFGKV,FLGVVVKLASKVFPAVFGKV,3.913470742,5.119257065,-1.2057863230000003,FLGVVFKGASKVFPAVFGKV,FLGVVVKLASKVFPAVFGKV,2,0.9,83.0,1.7533626880557491,0.924472049689441,0.2447204968944099,0.916875,0.16875,2,"(6, F, V)|(8, G, L)",test
1268,FLGVVFKGASKVFPAVFGKV,FLGVVFKLASKVFPAVVGKV,3.913470742,4.818227069,-0.904756327,FLGVVFKGASKVFPAVFGKV,FLGVVFKLASKVFPAVVGKV,2,0.9,83.0,1.7533626880557491,0.924472049689441,0.2447204968944099,0.916875,0.16875,2,"(8, G, L)|(17, F, V)",test
1269,FLGVVFKGASKVFPAVFGKV,FLGVVFKLASKVFPAVFKKV,3.913470742,5.745225031,-1.8317542890000005,FLGVVFKGASKVFPAVFGKV,FLGVVFKLASKVFPAVFKKV,2,0.9,82.0,1.7352568652925928,0.9260064412238324,0.2600644122383252,0.91055555555,0.1055555555,2,"(8, G, L)|(18, G, K)",test
1270,FLGVVFKGASKVFPAVFGKV,FLGVVFKLASKVVPAVFGKV,3.913470742,5.119257065,-1.2057863230000003,FLGVVFKGASKVFPAVFGKV,FLGVVFKLASKVVPAVFGKV,2,0.9,83.0,1.7533626880557491,0.924472049689441,0.2447204968944099,0.916875,0.16875,2,"(8, G, L)|(13, F, V)",test
1271,FLGVVFKGASKVFPAVFGKV,FLGVVFKLVSKVFPAVFGKV,3.913470742,5.435705363,-1.5222346210000004,FLGVVFKGASKVFPAVFGKV,FLGVVFKLVSKVFPAVFGKV,2,0.9,86.0,1.807680156345219,0.942455242966752,0.4245524296675191,0.925,0.25,2,"(8, G, L)|(9, A, V)",test
1273,FLGVVFKGASKVFPAVFGKV,FLGVVFKLASKVFPAVFGKV,3.913470742,5.555023573,-1.6415528309999998,FLGVVFKGASKVFPAVFGKV,FLGVVFKLASKVFPAVFGKV,1,0.95,90.0,1.8801034473978449,0.9630434782608696,0.2608695652173913,0.95,0.0,1,"(8, G, L)",test
1276,FLGVVFKGASKVFPAVFGKV,FLKVVFKLASKVFPAVFGKV,3.913470742,5.745225031,-1.8317542890000005,FLGVVFKGASKVFPAVFGKV,FLKVVFKLASKVFPAVFGKV,2,0.9,82.0,1.7352568652925928,0.9260064412238324,0.2600644122383252,0.91055555555,0.1055555555,2,"(3, G, K)|(8, G, L)",test
1281,FLGVVFKGASKVFPAVVGKV,FLGVVFKLASKVFPAVFGKV,3.90340783,5.555023573,-1.6516157429999998,FLGVVFKGASKVFPAVVGKV,FLGVVFKLASKVFPAVFGKV,2,0.9,83.0,1.7533626880557491,0.924472049689441,0.2447204968944099,0.916875,0.16875,2,"(8, G, L)|(17, V, F)",test
1282,FLGVVFKGASKVFPAVVGKV,FLGVVFKLASKVFPAVVGKV,3.90340783,4.818227069,-0.9148192389999998,FLGVVFKGASKVFPAVVGKV,FLGVVFKLASKVFPAVVGKV,1,0.95,88.0,1.843891801871532,0.9630434782608696,0.2608695652173913,0.95,0.0,1,"(8, G, L)",test
1290,FLGVVFKKASKVFGAVFGKV,FLGVVFKLASKVFKAVFGKV,3.91985395,5.436302935,-1.5164489849999998,FLGVVFKKASKVFGAVFGKV,FLGVVFKLASKVFKAVFGKV,2,0.9,83.0,1.7533626880557491,0.930150462962963,0.3015046296296296,0.9223611111,0.223611111,2,"(8, K, L)|(14, G, K)",test
1291,FLGVVFKKASKVFGAVFGKV,FLGVVFKLASKVFPAVFGKV,3.91985395,5.555023573,-1.635169623,FLGVVFKKASKVFGAVFGKV,FLGVVFKLASKVFPAVFGKV,2,0.9,83.0,1.7533626880557491,0.9245949074074076,0.245949074074074,0.9213510101,0.213510101,2,"(8, K, L)|(14, G, P)",test
1293,FLGVVFKKASKVFGAVFGKV,FLGVVFKLASKVFGAVFKKV,3.91985395,5.436302935,-1.5164489849999998,FLGVVFKKASKVFGAVFGKV,FLGVVFKLASKVFGAVFKKV,2,0.9,83.0,1.7533626880557491,0.930150462962963,0.3015046296296296,0.9223611111,0.223611111,2,"(8, K, L)|(18, G, K)",test
1294,FLGVVFKKASKVFGAVFGKV,FLGVVFKLASKVFGAVFGKV,3.91985395,5.421929649,-1.5020756990000002,FLGVVFKKASKVFGAVFGKV,FLGVVFKLASKVFGAVFGKV,1,0.95,91.0,1.8982092701610012,0.9671875,0.34375,0.96180555555,0.236111111,1,"(8, K, L)",test
1295,FLGVVFKKASKVFGAVFGKV,FLGVVFKLASKVFGKVFGKV,3.91985395,5.433505618,-1.513651668,FLGVVFKKASKVFGAVFGKV,FLGVVFKLASKVFGKVFGKV,2,0.9,86.0,1.807680156345219,0.9314732142857144,0.3147321428571428,0.9295138889,0.295138889,2,"(8, K, L)|(15, A, K)",test
1299,FLGVVFKKASKVFGAVFGKV,FLKVVFKLASKVFGAVFGKV,3.91985395,5.135272939,-1.2154189890000002,FLGVVFKKASKVFGAVFGKV,FLKVVFKLASKVFGAVFGKV,2,0.9,83.0,1.7533626880557491,0.930150462962963,0.3015046296296296,0.9223611111,0.223611111,2,"(3, G, K)|(8, K, L)",test
1304,FLGVVFKKASKVFKAVFGKV,FLGVVFKLASKVFGAVFGKV,3.934127497,5.421929649,-1.487802152,FLGVVFKKASKVFKAVFGKV,FLGVVFKLASKVFGAVFGKV,2,0.9,83.0,1.7533626880557491,0.930150462962963,0.3015046296296296,0.9223611111,0.223611111,2,"(8, K, L)|(14, K, G)",test
1306,FLGVVFKKASKVFKAVFGKV,FLGVVFKLASKVFKAVFGKV,3.934127497,5.436302935,-1.5021754379999996,FLGVVFKKASKVFKAVFGKV,FLGVVFKLASKVFKAVFGKV,1,0.95,90.0,1.8801034473978449,0.9671875,0.34375,0.96180555555,0.236111111,1,"(8, K, L)",test
1307,FLGVVFKKASKVFKAVFGKV,FLGVVFKLVSKVFPAVFGKV,3.934127497,5.435705363,-1.5015778660000003,FLGVVFKKASKVFKAVFGKV,FLGVVFKLVSKVFPAVFGKV,3,0.85,80.0,1.6990452197662798,0.9014773134863704,0.3431820899091344,0.9019570707,0.3463804713333333,3,"(8, K, L)|(9, A, V)|(14, K, P)",test
1312,FLGVVFKKASKVFKAVFGKV,FLGVVFKLASKVFPAVFGKV,3.934127497,5.555023573,-1.6208960759999995,FLGVVFKKASKVFKAVFGKV,FLGVVFKLASKVFPAVFGKV,2,0.9,84.0,1.771468510818906,0.922065548780488,0.220655487804878,0.9269570707,0.269570707,2,"(8, K, L)|(14, K, P)",test
1316,FLGVVFKKASKVFPAVFGKV,FLGVVFKLASKVFGAVFGKV,3.927952145,5.421929649,-1.493977504,FLGVVFKKASKVFPAVFGKV,FLGVVFKLASKVFGAVFGKV,2,0.9,83.0,1.7533626880557491,0.9245949074074076,0.245949074074074,0.9213510101,0.213510101,2,"(8, K, L)|(14, P, G)",test
1317,FLGVVFKKASKVFPAVFGKV,FLGVVFKLASKVFPAVFKKV,3.927952145,5.745225031,-1.8172728860000005,FLGVVFKKASKVFPAVFGKV,FLGVVFKLASKVFPAVFKKV,2,0.9,84.0,1.771468510818906,0.930150462962963,0.3015046296296296,0.9223611111,0.223611111,2,"(8, K, L)|(18, G, K)",test
1320,FLGVVFKKASKVFPAVFGKV,FLGVVFKLASKVFKAVFGKV,3.927952145,5.436302935,-1.5083507899999995,FLGVVFKKASKVFPAVFGKV,FLGVVFKLASKVFKAVFGKV,2,0.9,84.0,1.771468510818906,0.922065548780488,0.220655487804878,0.9269570707,0.269570707,2,"(8, K, L)|(14, P, K)",test
1321,FLGVVFKKASKVFPAVFGKV,FLGVVFKLASKVVPAVFGKV,3.927952145,5.119257065,-1.1913049200000003,FLGVVFKKASKVFPAVFGKV,FLGVVFKLASKVVPAVFGKV,2,0.9,85.0,1.7895743335820626,0.9286160714285714,0.2861607142857142,0.92868055555,0.2868055555,2,"(8, K, L)|(13, F, V)",test
1323,FLGVVFKKASKVFPAVFGKV,FLGVVFKLASKVFPAVFGKV,3.927952145,5.555023573,-1.6270714279999998,FLGVVFKKASKVFPAVFGKV,FLGVVFKLASKVFPAVFGKV,1,0.95,92.0,1.9163150929241577,0.9671875,0.34375,0.96180555555,0.236111111,1,"(8, K, L)",test
1324,FLGVVFKKASKVFPAVFGKV,FLGVVFKLVSKVFPAVFGKV,3.927952145,5.435705363,-1.5077532180000004,FLGVVFKKASKVFPAVFGKV,FLGVVFKLVSKVFPAVFGKV,2,0.9,88.0,1.843891801871532,0.9465992647058824,0.4659926470588235,0.93680555555,0.3680555555,2,"(8, K, L)|(9, A, V)",test
1325,FLGVVFKKASKVFPAVFGKV,FLGVVVKLASKVFPAVFGKV,3.927952145,5.119257065,-1.1913049200000003,FLGVVFKKASKVFPAVFGKV,FLGVVVKLASKVFPAVFGKV,2,0.9,85.0,1.7895743335820626,0.9286160714285714,0.2861607142857142,0.92868055555,0.2868055555,2,"(6, F, V)|(8, K, L)",test
1328,FLGVVFKKASKVFPAVFGKV,FLKVVFKLASKVFPAVFGKV,3.927952145,5.745225031,-1.8172728860000005,FLGVVFKKASKVFPAVFGKV,FLKVVFKLASKVFPAVFGKV,2,0.9,84.0,1.771468510818906,0.930150462962963,0.3015046296296296,0.9223611111,0.223611111,2,"(3, G, K)|(8, K, L)",test
1330,FLGVVFKKASKVFPAVFGKV,FLGVVFKLASKVFPAVVGKV,3.927952145,4.818227069,-0.8902749239999999,FLGVVFKKASKVFPAVFGKV,FLGVVFKLASKVFPAVVGKV,2,0.9,85.0,1.7895743335820626,0.9286160714285714,0.2861607142857142,0.92868055555,0.2868055555,2,"(8, K, L)|(17, F, V)",test
1337,FLGVVFKKASKVFPKVFGKV,FLGVVFKLASKVFPAVFGKV,4.240267895,5.555023573,-1.314755678,FLGVVFKKASKVFPKVFGKV,FLGVVFKLASKVFPAVFGKV,2,0.9,87.0,1.8257859791083757,0.9314732142857144,0.3147321428571428,0.9295138889,0.295138889,2,"(8, K, L)|(15, K, A)",test
1338,FLGVVFKKASKVFPKVFGKV,FLGVVFKLASKVFGKVFGKV,4.240267895,5.433505618,-1.1932377230000002,FLGVVFKKASKVFPKVFGKV,FLGVVFKLASKVFGKVFGKV,2,0.9,84.0,1.771468510818906,0.9245949074074076,0.245949074074074,0.9213510101,0.213510101,2,"(8, K, L)|(14, P, G)",test
1342,FLGVVFKKASKVFPKVFGKV,FLGVVFKLVSKVFPAVFGKV,4.240267895,5.435705363,-1.1954374680000006,FLGVVFKKASKVFPKVFGKV,FLGVVFKLVSKVFPAVFGKV,3,0.85,83.0,1.7533626880557491,0.9108849789915968,0.4058998599439776,0.9045138889,0.3634259259999999,3,"(8, K, L)|(9, A, V)|(15, K, A)",test
1347,FLGVVFKLASKVFGAVFGKV,FLGVVFKSASKVFPAVFGKV,5.421929649,3.919643525,1.5022861239999998,FLGVVFKLASKVFGAVFGKV,FLGVVFKSASKVFPAVFGKV,2,0.9,83.0,1.7533626880557491,0.9313204508856684,0.3132045088566828,0.92204545455,0.2204545455,2,"(8, L, S)|(14, G, P)",test
1348,FLGVVFKLASKVFGAVFGKV,FLGVVFKLAVKVFPAVFGKV,5.421929649,3.927358772,1.494570877,FLGVVFKLASKVFGAVFGKV,FLGVVFKLAVKVFPAVFGKV,2,0.9,83.0,1.7533626880557491,0.9255892255892256,0.2558922558922558,0.92204545455,0.2204545455,2,"(10, S, V)|(14, G, P)",test
1372,FLGVVFKLASKVFKAVFGKV,FLGVVFKSASKVFPAVFGKV,5.436302935,3.919643525,1.5166594099999997,FLGVVFKLASKVFKAVFGKV,FLGVVFKSASKVFPAVFGKV,2,0.9,84.0,1.771468510818906,0.9287910922587488,0.2879109225874867,0.92765151515,0.2765151515,2,"(8, L, S)|(14, K, P)",test
1374,FLGVVFKLASKVFKAVFGKV,FLGVVFKLAVKVFPAVFGKV,5.436302935,3.927358772,1.5089441629999998,FLGVVFKLASKVFKAVFGKV,FLGVVFKLAVKVFPAVFGKV,2,0.9,84.0,1.771468510818906,0.923059866962306,0.2305986696230598,0.92765151515,0.2765151515,2,"(10, S, V)|(14, K, P)",test
1379,FLGVVFKLASKVFPAVFGKV,FLGVVFKLAVKVFPAVFGKV,5.555023573,3.927358772,1.627664801,FLGVVFKLASKVFPAVFGKV,FLGVVFKLAVKVFPAVFGKV,1,0.95,92.0,1.9163150929241577,0.968181818181818,0.3636363636363636,0.9625,0.25,1,"(10, S, V)",test
1380,FLGVVFKLASKVFPAVFGKV,FLGVVFKSASKVFPAVFGKV,5.555023573,3.919643525,1.6353800479999996,FLGVVFKLASKVFPAVFGKV,FLGVVFKSASKVFPAVFGKV,1,0.95,92.0,1.9163150929241577,0.9739130434782608,0.4782608695652174,0.9625,0.25,1,"(8, L, S)",test
1382,FLGVVFKLASKVFPAVFGKV,FLGVVFKLASKVFPAVVGKV,5.555023573,4.818227069,0.736796504,FLGVVFKLASKVFPAVFGKV,FLGVVFKLASKVFPAVVGKV,1,0.95,91.0,1.8982092701610012,0.9614285714285714,0.2285714285714285,0.966875,0.3375,1,"(17, F, V)",test
1383,FLGVVFKLASKVFPAVFGKV,FLKKVFKLASKVFPAVFGKV,5.555023573,4.546737482,1.0082860909999996,FLGVVFKLASKVFPAVFGKV,FLKKVFKLASKVFPAVFGKV,2,0.9,84.0,1.771468510818906,0.9258661887694146,0.2586618876941456,0.9223611111,0.223611111,2,"(3, G, K)|(4, V, K)",test
1384,FLGVVFKLASKVFPAVFGKV,FLKVVFKKASKVFPAVFGKV,5.555023573,4.242996207,1.3120273659999997,FLGVVFKLASKVFPAVFGKV,FLKVVFKKASKVFPAVFGKV,2,0.9,84.0,1.771468510818906,0.930150462962963,0.3015046296296296,0.9223611111,0.223611111,2,"(3, G, K)|(8, L, K)",test
1387,FLGVVFKLASKVFPAVFKKV,FLGVVFKSASKVFPAVFGKV,5.745225031,3.919643525,1.825581506,FLGVVFKLASKVFPAVFKKV,FLGVVFKSASKVFPAVFGKV,2,0.9,84.0,1.771468510818906,0.936876006441224,0.3687600644122383,0.92305555555,0.2305555555,2,"(8, L, S)|(18, K, G)",test
1389,FLGVVFKLASKVFPAVFKKV,FLGVVFKLASKVFPAVVGKV,5.745225031,4.818227069,0.9269979620000006,FLGVVFKLASKVFPAVFKKV,FLGVVFKLASKVFPAVVGKV,2,0.9,83.0,1.7533626880557491,0.9243915343915344,0.2439153439153438,0.92743055555,0.2743055555,2,"(17, F, V)|(18, K, G)",test
1391,FLGVVFKLASKVFPAVFKKV,FLGVVFKLAVKVFPAVFGKV,5.745225031,3.927358772,1.8178662590000003,FLGVVFKLASKVFPAVFKKV,FLGVVFKLAVKVFPAVFGKV,2,0.9,84.0,1.771468510818906,0.9311447811447812,0.3114478114478114,0.92305555555,0.2305555555,2,"(10, S, V)|(18, K, G)",test
1397,FLGVVFKLASKVFPAVVGKV,FLGVVFKSASKVFPAVFGKV,4.818227069,3.919643525,0.8985835439999996,FLGVVFKLASKVFPAVVGKV,FLGVVFKSASKVFPAVFGKV,2,0.9,85.0,1.7895743335820626,0.9353416149068324,0.3534161490683229,0.929375,0.29375,2,"(8, L, S)|(17, V, F)",test
1400,FLGVVFKLASKVFPAVVGKV,FLKVVFKLASKVFPAVFGKV,4.818227069,5.745225031,-0.9269979620000006,FLGVVFKLASKVFPAVVGKV,FLKVVFKLASKVFPAVFGKV,2,0.9,83.0,1.7533626880557491,0.9243915343915344,0.2439153439153438,0.92743055555,0.2743055555,2,"(3, G, K)|(17, V, F)",test
1402,FLGVVFKLASKVFPAVVGKV,FLGVVFKLAVKVFPAVFGKV,4.818227069,3.927358772,0.8908682969999999,FLGVVFKLASKVFPAVVGKV,FLGVVFKLAVKVFPAVFGKV,2,0.9,85.0,1.7895743335820626,0.9296103896103896,0.296103896103896,0.929375,0.29375,2,"(10, S, V)|(17, V, F)",test
1403,FLGVVFKLASKVVPAVFGKV,FLGVVFKSASKVFPAVFGKV,5.119257065,3.919643525,1.19961354,FLGVVFKLASKVVPAVFGKV,FLGVVFKSASKVFPAVFGKV,2,0.9,85.0,1.7895743335820626,0.9353416149068324,0.3534161490683229,0.929375,0.29375,2,"(8, L, S)|(13, V, F)",test
1404,FLGVVFKLASKVVPAVFGKV,FLGVVFKLAVKVFPAVFGKV,5.119257065,3.927358772,1.1918982930000004,FLGVVFKLASKVVPAVFGKV,FLGVVFKLAVKVFPAVFGKV,2,0.9,85.0,1.7895743335820626,0.9296103896103896,0.296103896103896,0.929375,0.29375,2,"(10, S, V)|(13, V, F)",test
1409,FLGVVFKLAVKVFPAVFGKV,FLGVVVKLASKVFPAVFGKV,3.927358772,5.119257065,-1.1918982930000004,FLGVVFKLAVKVFPAVFGKV,FLGVVVKLASKVFPAVFGKV,2,0.9,85.0,1.7895743335820626,0.9296103896103896,0.296103896103896,0.929375,0.29375,2,"(6, F, V)|(10, V, S)",test
1411,FLGVVFKLAVKVFPAVFGKV,FLGVVFKLVSKVFPAVFGKV,3.927358772,5.435705363,-1.5083465910000005,FLGVVFKLAVKVFPAVFGKV,FLGVVFKLVSKVFPAVFGKV,2,0.9,88.0,1.843891801871532,0.9475935828877006,0.4759358288770053,0.9375,0.375,2,"(9, A, V)|(10, V, S)",test
1413,FLGVVFKLAVKVFPAVFGKV,FLKVVFKLASKVFPAVFGKV,3.927358772,5.745225031,-1.8178662590000003,FLGVVFKLAVKVFPAVFGKV,FLKVVFKLASKVFPAVFGKV,2,0.9,84.0,1.771468510818906,0.9311447811447812,0.3114478114478114,0.92305555555,0.2305555555,2,"(3, G, K)|(10, V, S)",test
1415,FLGVVFKLVSKVFPAVFGKV,FLGVVFKSASKVFPAVFGKV,5.435705363,3.919643525,1.5160618380000002,FLGVVFKLVSKVFPAVFGKV,FLGVVFKSASKVFPAVFGKV,2,0.9,88.0,1.843891801871532,0.9533248081841432,0.5332480818414322,0.9375,0.375,2,"(8, L, S)|(9, V, A)",test
1420,FLGVVFKSASKVFPAVFGKV,FLGVVVKLASKVFPAVFGKV,3.919643525,5.119257065,-1.19961354,FLGVVFKSASKVFPAVFGKV,FLGVVVKLASKVFPAVFGKV,2,0.9,85.0,1.7895743335820626,0.9353416149068324,0.3534161490683229,0.929375,0.29375,2,"(6, F, V)|(8, S, L)",test
1421,FLGVVFKSASKVFPAVFGKV,FLKVVFKLASKVFPAVFGKV,3.919643525,5.745225031,-1.825581506,FLGVVFKSASKVFPAVFGKV,FLKVVFKLASKVFPAVFGKV,2,0.9,84.0,1.771468510818906,0.936876006441224,0.3687600644122383,0.92305555555,0.2305555555,2,"(3, G, K)|(8, S, L)",test
1428,FLGWLFKVASK,FLGWLFKWASK,5.621099223,4.742771935,0.8783272879999995,FLGWLFKVASK,FLGWLFKWASK,1,0.9090909090909092,52.0,2.16742214981436,0.9236363636363636,0.16,0.9178030302727272,0.095833333,1,"(8, V, W)",test
1445,FLKKVFKLASKVFPAVFGKV,FLKVVFKLASKVFPAVFGKV,4.546737482,5.745225031,-1.1984875490000002,FLKKVFKLASKVFPAVFGKV,FLKVVFKLASKVFPAVFGKV,1,0.95,91.0,1.8982092701610012,0.9629032258064516,0.2580645161290322,0.96180555555,0.236111111,1,"(4, K, V)",test
1446,FLKVVFKKASKVFPAVFGKV,FLKVVFKLASKVFGAVFGKV,4.242996207,5.135272939,-0.892276732,FLKVVFKKASKVFPAVFGKV,FLKVVFKLASKVFGAVFGKV,2,0.9,82.0,1.7352568652925928,0.9245949074074076,0.245949074074074,0.9213510101,0.213510101,2,"(8, K, L)|(14, P, G)",test
1447,FLKVVFKKASKVFPAVFGKV,FLKVVFKLASKVFPAVFGKV,4.242996207,5.745225031,-1.5022288240000004,FLKVVFKKASKVFPAVFGKV,FLKVVFKLASKVFPAVFGKV,1,0.95,91.0,1.8982092701610012,0.9671875,0.34375,0.96180555555,0.236111111,1,"(8, K, L)",test
1451,FLPAIAGILSQLF,FLPVIAGVLSKLF,3.698970004,5.0,-1.301029996,FLPAIAGILSQLF,FLPVIAGVLSKLF,3,0.7692307692307693,53.0,1.8618277002477768,0.8849164475762942,0.5013046061639411,0.9177350427692308,0.6435185186666667,3,"(4, A, V)|(8, I, V)|(11, Q, K)",test
1452,FLPAIAGILSQLF,FLPVIAGLLSKLF,3.698970004,5.096910013,-1.3979400089999996,FLPAIAGILSQLF,FLPVIAGLLSKLF,3,0.7692307692307693,52.0,1.8339725883044584,0.8750024485318603,0.4583439436380612,0.908119658153846,0.6018518519999999,3,"(4, A, V)|(8, I, L)|(11, Q, K)",test
1462,FLPAIGRVLSGIL,FLPLIGRVLSGIL,4.397940009,5.601566442,-1.2036264330000002,FLPAIGRVLSGIL,FLPLIGRVLSGIL,1,0.9230769230769232,57.0,1.973248148021047,0.9597069597069596,0.4761904761904761,0.9519230769230768,0.375,1,"(4, A, L)",test
1463,FLPAIGRVLSGIL,FLPLIGKVLSGIL,4.397940009,5.330993219,-0.9330532099999996,FLPAIGRVLSGIL,FLPLIGKVLSGIL,2,0.8461538461538461,54.0,1.8896828121910936,0.914342068188222,0.4432234432234431,0.9262820513076924,0.5208333334999999,2,"(4, A, L)|(7, R, K)",test
1464,FLPAIGRVLSGIL,FLPLIGRVLAGIL,4.397940009,5.602059991,-1.204119982,FLPAIGRVLSGIL,FLPLIGRVLAGIL,2,0.8461538461538461,54.0,1.8896828121910936,0.915172546751494,0.4486215538847117,0.9230769230769232,0.5,2,"(4, A, L)|(10, S, A)",test
1465,FLPAIGRVLSGIL,FLPLLGRVLSGLL,4.397940009,5.443697499,-1.0457574899999995,FLPAIGRVLSGIL,FLPLLGRVLSGLL,3,0.7692307692307693,53.0,1.8618277002477768,0.8663003663003662,0.4206349206349205,0.9134615384615384,0.625,3,"(4, A, L)|(5, I, L)|(12, I, L)",test
1467,FLPFVGKLLSGLL,FLPIIGQLLSGLL,4.903089987,4.096910013,0.8061799740000009,FLPFVGKLLSGLL,FLPIIGQLLSGLL,3,0.7692307692307693,53.0,1.8618277002477768,0.8574190580879543,0.382149251714469,0.913888888923077,0.626851852,3,"(4, F, I)|(5, V, I)|(7, K, Q)",test
1473,FLPFVGKLLSGLL,FLPIVGKLLSGLF,4.903089987,3.823908741,1.0791812460000003,FLPFVGKLLSGLL,FLPIVGKLLSGLF,2,0.8461538461538461,54.0,1.8896828121910936,0.8874095989480604,0.2681623931623931,0.9153846153846152,0.45,2,"(4, F, I)|(13, L, F)",test
1478,FLPFVGKLLSGLL,FLPLVGKILSGLI,4.903089987,4.15490196,0.7481880270000003,FLPFVGKLLSGLL,FLPLVGKILSGLI,3,0.7692307692307693,54.0,1.8896828121910936,0.853174603174603,0.3637566137566137,0.9192307692307692,0.65,3,"(4, F, L)|(8, L, I)|(13, L, I)",test
1493,FLPIIAKLLGGLL,FLPIVGKLLSGLL,5.43703999,4.229147988,1.2078920019999997,FLPIIAKLLGGLL,FLPIVGKLLSGLL,3,0.7692307692307693,51.0,1.806117476361141,0.856280480859832,0.3772154170592722,0.9057692307692308,0.5916666666666667,3,"(5, I, V)|(6, A, G)|(10, G, S)",test
1516,FLPIIGKLLSGIL,FLPIIGQLLSGLL,4.823908741,4.096910013,0.7269987280000008,FLPIIGKLLSGIL,FLPIIGQLLSGLL,2,0.8461538461538461,56.0,1.9453930360777296,0.9066766566766566,0.3933982683982683,0.9465811966153846,0.6527777779999999,2,"(7, K, Q)|(12, I, L)",test
1518,FLPIIGKLLSGIL,FLPIVGKLLSGLF,4.823908741,3.823908741,1.0000000000000004,FLPIIGKLLSGIL,FLPIVGKLLSGLF,3,0.7692307692307693,55.0,1.917537924134412,0.8630886022190368,0.4067172762824936,0.9288461538461538,0.6916666666666668,3,"(5, I, V)|(12, I, L)|(13, L, F)",test
1523,FLPIIGKLLSGIL,FLPLIGRVLSGIL,4.823908741,5.601566442,-0.7776577009999999,FLPIIGKLLSGIL,FLPLIGRVLSGIL,3,0.7692307692307693,54.0,1.8896828121910936,0.8630600169061707,0.4065934065934065,0.9262820513076924,0.6805555556666666,3,"(4, I, L)|(7, K, R)|(8, L, V)",test
1531,FLPIIGKLLSGLL,FLPIIGQLLSGLL,5.351956526,4.096910013,1.2550465130000008,FLPIIGKLLSGLL,FLPIIGQLLSGLL,1,0.9230769230769232,58.0,2.0011032599643648,0.9533799533799534,0.3939393939393939,0.9658119658461538,0.555555556,1,"(7, K, Q)",test
1533,FLPIIGKLLSGLL,FLPIVGKLLSGLL,5.351956526,4.229147988,1.122808538,FLPIIGKLLSGLL,FLPIVGKLLSGLL,1,0.9230769230769232,61.0,2.0846685957943176,0.963210702341137,0.5217391304347826,0.9903846153846154,0.875,1,"(5, I, V)",test
1535,FLPIIGKLLSGLL,FLPIVGKLLSGLF,5.351956526,3.823908741,1.5280477850000005,FLPIIGKLLSGLL,FLPIVGKLLSGLF,2,0.8461538461538461,57.0,1.973248148021047,0.9097918989223336,0.4136473429951691,0.948076923076923,0.6625,2,"(5, I, V)|(13, L, F)",test
1536,FLPIIGKLLSGLL,FLPILGNLLSGLL,5.351956526,4.301029996,1.0509265300000008,FLPIIGKLLSGLL,FLPILGNLLSGLL,2,0.8461538461538461,55.0,1.917537924134412,0.903668911733428,0.3738479262672811,0.9363247863076924,0.586111111,2,"(5, I, L)|(7, K, N)",test
1542,FLPIIGKLLSGLL,FLPLVGKILSGLI,5.351956526,4.15490196,1.1970545660000005,FLPIIGKLLSGLL,FLPLVGKILSGLI,4,0.6923076923076923,55.0,1.917537924134412,0.823100812231247,0.4250776397515527,0.9326923076923076,0.78125,4,"(4, I, L)|(5, I, V)|(8, L, I)|(13, L, I)",test
1547,FLPIIGQLLSGLL,FLPILGKLLSGFL,4.096910013,5.0,-0.9030899870000004,FLPIIGQLLSGLL,FLPILGKLLSGFL,3,0.7692307692307693,52.0,1.8339725883044584,0.8532578532578532,0.364117364117364,0.9042735043076924,0.5851851853333333,3,"(5, I, L)|(7, Q, K)|(12, L, F)",test
1548,FLPIIGQLLSGLL,FLPILGKLLSGIL,4.096910013,4.823908741,-0.7269987280000008,FLPIIGQLLSGLL,FLPILGKLLSGIL,3,0.7692307692307693,54.0,1.8896828121910936,0.8599733599733599,0.3932178932178932,0.9273504273846154,0.6851851853333333,3,"(5, I, L)|(7, Q, K)|(12, L, I)",test
1552,FLPIIGQLLSGLL,FLPILGKLLSGLL,4.096910013,5.0,-0.9030899870000004,FLPIIGQLLSGLL,FLPILGKLLSGLL,2,0.8461538461538461,56.0,1.9453930360777296,0.9066766566766566,0.3933982683982683,0.9465811966153846,0.6527777779999999,2,"(5, I, L)|(7, Q, K)",test
1557,FLPIIGQLLSGLL,FLPIVAKLLSGLL,4.096910013,5.522878745,-1.4259687320000003,FLPIIGQLLSGLL,FLPIVAKLLSGLL,3,0.7692307692307693,51.0,1.806117476361141,0.8622920131871538,0.4032653904776667,0.913888888923077,0.626851852,3,"(5, I, V)|(6, G, A)|(7, Q, K)",test
1558,FLPIIGQLLSGLL,FLPIVGRLISGLL,4.096910013,4.823908741,-0.7269987280000008,FLPIIGQLLSGLL,FLPIVGRLISGLL,3,0.7692307692307693,55.0,1.917537924134412,0.8671977409435603,0.4245235440887614,0.936965812,0.7268518519999999,3,"(5, I, V)|(7, Q, R)|(9, L, I)",test
1562,FLPILGKLLSGFL,FLPIVGKLLSGLL,5.0,4.229147988,0.7708520119999998,FLPILGKLLSGFL,FLPIVGKLLSGLL,2,0.8461538461538461,55.0,1.917537924134412,0.9017094017094018,0.3611111111111111,0.9288461538461538,0.5375,2,"(5, L, V)|(12, F, L)",test
1573,FLPILGKLLSGIL,FLPIVGKLLSGLF,4.823908741,3.823908741,1.0000000000000004,FLPILGKLLSGIL,FLPIVGKLLSGLF,3,0.7692307692307693,53.0,1.8618277002477768,0.8550061050061051,0.3716931216931217,0.9096153846153846,0.6083333333333333,3,"(5, L, V)|(12, I, L)|(13, L, F)",test
1577,FLPILGKLLSGIL,FLPLIGRVLSGIL,4.823908741,5.601566442,-0.7776577009999999,FLPILGKLLSGIL,FLPLIGRVLSGIL,4,0.6923076923076923,52.0,1.8339725883044584,0.8163567202028741,0.4031593406593406,0.9070512820769232,0.69791666675,4,"(4, I, L)|(5, L, I)|(7, K, R)|(8, L, V)",test
1586,FLPILGKLLSGLL,FLPIVGKLLSGLF,5.0,3.823908741,1.176091259,FLPILGKLLSGLL,FLPIVGKLLSGLF,2,0.8461538461538461,55.0,1.917537924134412,0.9017094017094018,0.3611111111111111,0.9288461538461538,0.5375,2,"(5, L, V)|(13, L, F)",test
1588,FLPILGKLLSGLL,FLPIVGKLLSGLL,5.0,4.229147988,0.7708520119999998,FLPILGKLLSGLL,FLPIVGKLLSGLL,1,0.9230769230769232,59.0,2.0289583719076822,0.9551282051282052,0.4166666666666667,0.971153846153846,0.625,1,"(5, L, V)",test
1591,FLPILGKLLSGLL,FLPLVGKILSGLI,5.0,4.15490196,0.8450980399999999,FLPILGKLLSGLL,FLPLVGKILSGLI,4,0.6923076923076923,53.0,1.8618277002477768,0.815018315018315,0.3988095238095238,0.9134615384615384,0.71875,4,"(4, I, L)|(5, L, V)|(8, L, I)|(13, L, I)",test
1606,FLPILGNLLSGLL,FLPLLGRVLSGLL,4.301029996,5.443697499,-1.1426675030000002,FLPILGNLLSGLL,FLPLLGRVLSGLL,3,0.7692307692307693,52.0,1.8339725883044584,0.8564498564498564,0.3779493779493779,0.9074786324615384,0.599074074,3,"(4, I, L)|(7, N, R)|(8, L, V)",test
1609,FLPIVAKLLSGLL,FLPIVGKLLSGLL,5.522878745,4.229147988,1.2937307569999996,FLPIVAKLLSGLL,FLPIVGKLLSGLL,1,0.9230769230769232,56.0,1.9453930360777296,0.9457013574660632,0.2941176470588235,0.9576923076923076,0.45,1,"(6, A, G)",test
1610,FLPIVAKLLSGLL,FLPIVTNLLSGLL,5.522878745,4.236572006,1.2863067389999996,FLPIVAKLLSGLL,FLPIVTNLLSGLL,2,0.8461538461538461,51.0,1.806117476361141,0.9161841742486904,0.4551971326164875,0.914957264923077,0.447222222,2,"(6, A, T)|(7, K, N)",test
1612,FLPIVAKLLSGLL,FLPIVGKLLSGLF,5.522878745,3.823908741,1.698970004,FLPIVAKLLSGLL,FLPIVGKLLSGLF,2,0.8461538461538461,52.0,1.8339725883044584,0.8922825540472599,0.2998366013071895,0.9153846153846152,0.45,2,"(6, A, G)|(13, L, F)",test
1616,FLPIVGKLLSGLF,FLPIVGRLISGLL,3.823908741,4.823908741,-1.0000000000000004,FLPIVGKLLSGLF,FLPIVGRLISGLL,3,0.7692307692307693,53.0,1.8618277002477768,0.8545130083591622,0.3695563695563695,0.9128205128461538,0.6222222223333332,3,"(7, K, R)|(9, L, I)|(13, F, L)",test
1624,FLPIVGKLLSGLL,FLPLIGKVLSGIL,4.229147988,5.330993219,-1.1018452309999995,FLPIVGKLLSGLL,FLPLIGKVLSGIL,4,0.6923076923076923,54.0,1.8896828121910936,0.8249323140627488,0.4310300207039337,0.9230769230769232,0.75,4,"(4, I, L)|(5, V, I)|(8, L, V)|(12, L, I)",test
1631,FLPIVGRLISGLL,FLPLIGRVLSGIL,4.823908741,5.601566442,-0.7776577009999999,FLPIVGRLISGLL,FLPLIGRVLSGIL,5,0.6153846153846154,52.0,1.8339725883044584,0.7782290173594522,0.4233954451345755,0.903846153846154,0.75,5,"(4, I, L)|(5, V, I)|(8, L, V)|(9, I, L)|(12, L, I)",test
1642,FLPLAGRVLSGAL,FLPLIGRVLSGIL,3.91233687,5.601566442,-1.6892295720000003,FLPLAGRVLSGAL,FLPLIGRVLSGIL,2,0.8461538461538461,52.0,1.8339725883044584,0.916083916083916,0.4545454545454545,0.903846153846154,0.375,2,"(5, A, I)|(12, A, I)",test
1644,FLPLAGRVLSGAL,FLPLLGRVLSGLL,3.91233687,5.443697499,-1.531360629,FLPLAGRVLSGAL,FLPLLGRVLSGLL,2,0.8461538461538461,52.0,1.8339725883044584,0.9194139194139196,0.4761904761904761,0.903846153846154,0.375,2,"(5, A, L)|(12, A, L)",test
1649,FLPLAGRVLSGIL,FLPLIGRVLAGIL,4.397940009,5.602059991,-1.204119982,FLPLAGRVLSGIL,FLPLIGRVLAGIL,2,0.8461538461538461,54.0,1.8896828121910936,0.9135075450864923,0.4377990430622008,0.9230769230769232,0.5,2,"(5, A, I)|(10, S, A)",test
1650,FLPLAGRVLSGIL,FLPLIGRVLSGIL,4.397940009,5.601566442,-1.2036264330000002,FLPLAGRVLSGIL,FLPLIGRVLSGIL,1,0.9230769230769232,57.0,1.973248148021047,0.958041958041958,0.4545454545454545,0.9519230769230768,0.375,1,"(5, A, I)",test
1651,FLPLAGRVLSGIL,FLPLLGRVLSGLL,4.397940009,5.443697499,-1.0457574899999995,FLPLAGRVLSGIL,FLPLLGRVLSGLL,2,0.8461538461538461,55.0,1.917537924134412,0.913003663003663,0.4345238095238094,0.9326923076923076,0.5625,2,"(5, A, L)|(12, I, L)",test
1652,FLPLAGRVLSGIL,FLPLIGKVLSGIL,4.397940009,5.330993219,-0.9330532099999996,FLPLAGRVLSGIL,FLPLIGKVLSGIL,2,0.8461538461538461,54.0,1.8896828121910936,0.9126770665232204,0.4324009324009323,0.9262820513076924,0.5208333334999999,2,"(5, A, I)|(7, R, K)",test
1653,FLPLIGKVLSGIL,FLPLIGRVLSGAL,5.330993219,4.397940009,0.9330532099999996,FLPLIGKVLSGIL,FLPLIGRVLSGAL,2,0.8461538461538461,54.0,1.8896828121910936,0.9126770665232204,0.4324009324009323,0.9262820513076924,0.5208333334999999,2,"(7, K, R)|(12, I, A)",test
1654,FLPLIGKVLSGIL,FLPLIGRVASGIL,5.330993219,4.397940009,0.9330532099999996,FLPLIGKVLSGIL,FLPLIGRVASGIL,2,0.8461538461538461,54.0,1.8896828121910936,0.914342068188222,0.4432234432234431,0.9262820513076924,0.5208333334999999,2,"(7, K, R)|(9, L, A)",test
1656,FLPLIGKVLSGIL,FLPLVGKILSGLI,5.330993219,4.15490196,1.1760912589999997,FLPLIGKVLSGIL,FLPLVGKILSGLI,4,0.6923076923076923,56.0,1.9453930360777296,0.8330148112756807,0.4572981366459627,0.9423076923076924,0.8125,4,"(5, I, V)|(8, V, I)|(12, I, L)|(13, L, I)",test
1657,FLPLIGKVLSGIL,KLPLIGRVLSGIL,5.330993219,4.245396871,1.0855963480000002,FLPLIGKVLSGIL,KLPLIGRVLSGIL,2,0.8461538461538461,53.0,1.8618277002477768,0.8983499302448645,0.3392745465916197,0.9055555556153846,0.3861111115,2,"(1, F, K)|(7, K, R)",test
1658,FLPLIGRALSGIL,FLPLIGRVLAGIL,4.698970004,5.602059991,-0.9030899869999996,FLPLIGRALSGIL,FLPLIGRVLAGIL,2,0.8461538461538461,55.0,1.917537924134412,0.923791378899738,0.5046439628482972,0.9326923076923076,0.5625,2,"(8, A, V)|(10, S, A)",test
1660,FLPLIGRALSGIL,FLPLIGRVLSGIL,4.698970004,5.601566442,-0.9025964379999998,FLPLIGRALSGIL,FLPLIGRVLSGIL,1,0.9230769230769232,58.0,2.0011032599643648,0.9683257918552036,0.5882352941176471,0.9615384615384616,0.5,1,"(8, A, V)",test
1661,FLPLIGRALSGIL,FLPLLGRVLSGLL,4.698970004,5.443697499,-0.7447274949999994,FLPLIGRALSGIL,FLPLLGRVLSGLL,3,0.7692307692307693,54.0,1.8896828121910936,0.8749191984486101,0.4579831932773109,0.9230769230769232,0.6666666666666666,3,"(5, I, L)|(8, A, V)|(12, I, L)",test
1663,FLPLIGRVASGIL,FLPLLGRVLSGLL,4.397940009,5.443697499,-1.0457574899999995,FLPLIGRVASGIL,FLPLLGRVLSGLL,3,0.7692307692307693,53.0,1.8618277002477768,0.8663003663003662,0.4206349206349205,0.9134615384615384,0.625,3,"(5, I, L)|(9, A, L)|(12, I, L)",test
1664,FLPLIGRVASGIL,FLPLIGRVLSGIL,4.397940009,5.601566442,-1.2036264330000002,FLPLIGRVASGIL,FLPLIGRVLSGIL,1,0.9230769230769232,57.0,1.973248148021047,0.9597069597069596,0.4761904761904761,0.9519230769230768,0.375,1,"(9, A, L)",test
1665,FLPLIGRVASGIL,FLPLIGRVLAGIL,4.397940009,5.602059991,-1.204119982,FLPLIGRVASGIL,FLPLIGRVLAGIL,2,0.8461538461538461,54.0,1.8896828121910936,0.915172546751494,0.4486215538847117,0.9230769230769232,0.5,2,"(9, A, L)|(10, S, A)",test
1666,FLPLIGRVLAGIL,FLPLIGRVLSGAL,5.602059991,4.397940009,1.204119982,FLPLIGRVLAGIL,FLPLIGRVLSGAL,2,0.8461538461538461,54.0,1.8896828121910936,0.9135075450864923,0.4377990430622008,0.9230769230769232,0.5,2,"(10, A, S)|(12, I, A)",test
1668,FLPLIGRVLAGIL,KLPLIGRVLSGIL,5.602059991,4.245396871,1.3566631200000003,FLPLIGRVLAGIL,KLPLIGRVLSGIL,2,0.8461538461538461,53.0,1.8618277002477768,0.8991804088081368,0.3446726572528883,0.9023504273846156,0.365277778,2,"(1, F, K)|(10, A, S)",test
1669,FLPLIGRVLSGAL,FLPLIGRVLSGIL,4.397940009,5.601566442,-1.2036264330000002,FLPLIGRVLSGAL,FLPLIGRVLSGIL,1,0.9230769230769232,57.0,1.973248148021047,0.958041958041958,0.4545454545454545,0.9519230769230768,0.375,1,"(12, A, I)",test
1670,FLPLIGRVLSGAL,FLPLLGRVLSGLL,4.397940009,5.443697499,-1.0457574899999995,FLPLIGRVLSGAL,FLPLLGRVLSGLL,2,0.8461538461538461,55.0,1.917537924134412,0.913003663003663,0.4345238095238094,0.9326923076923076,0.5625,2,"(5, I, L)|(12, A, L)",test
1672,FLPLIGRVLSGIL,FLPLVGKILSGLI,5.601566442,4.15490196,1.446664482,FLPLIGRVLSGIL,FLPLVGKILSGLI,5,0.6153846153846154,53.0,1.8618277002477768,0.7876499197569431,0.4478897913680522,0.9166666666923078,0.7833333334,5,"(5, I, V)|(7, R, K)|(8, V, I)|(12, I, L)|(13, L, I)",test
1673,FLPLIGRVLSGIL,KLPLIGRVLSGIL,5.601566442,4.245396871,1.3561695710000006,FLPLIGRVLSGIL,KLPLIGRVLSGIL,1,0.9230769230769232,56.0,1.9453930360777296,0.9437148217636024,0.2682926829268293,0.9311965812307692,0.105555556,1,"(1, F, K)",test
1674,FLPLLASLFSGLF,FLPLLASLFSRLF,4.886056648,5.698970004,-0.8129133560000001,FLPLLASLFSGLF,FLPLLASLFSRLF,1,0.9230769230769232,55.0,1.917537924134412,0.9362637362637364,0.1714285714285714,0.9393162393076924,0.211111111,1,"(11, G, R)",test
1678,FLPLLGRVLSGLL,FLPLVGKILSGLI,5.443697499,4.15490196,1.2887955389999997,FLPLLGRVLSGLL,FLPLVGKILSGLI,4,0.6923076923076923,53.0,1.8618277002477768,0.8262707192473079,0.4353798375537505,0.9166666666923078,0.72916666675,4,"(5, L, V)|(7, R, K)|(8, V, I)|(13, L, I)",test
1684,FLPWFSKFLGRIL,FVPWFSKFLPRIL,5.522878745,4.539791464,0.9830872809999996,FLPWFSKFLGRIL,FVPWFSKFLPRIL,2,0.8461538461538461,61.0,2.0846685957943176,0.8896011396011397,0.2824074074074074,0.9089160839230768,0.4079545455,2,"(2, L, V)|(10, G, P)",test
1709,FLSLIPHIVSGVASIAKHF,FLSLIPHIVSGVASLAIHF,5.243038049,3.698970004,1.544068045,FLSLIPHIVSGVASIAKHF,FLSLIPHIVSGVASLAIHF,2,0.8947368421052632,84.0,1.8647036955988483,0.9289473684210524,0.3249999999999999,0.9404239766315792,0.434027778,2,"(15, I, L)|(17, K, I)",test
1711,FLSLIPHIVSGVASLAIHF,FLSLIPHIVSGVASLAKHF,3.698970004,5.204119983,-1.505149979,FLSLIPHIVSGVASLAIHF,FLSLIPHIVSGVASLAKHF,1,0.9473684210526316,86.0,1.9028212172054937,0.9609022556390976,0.2571428571428571,0.9535818713684212,0.118055556,1,"(17, I, K)",test
1724,FPLTWPTKWWKG,FPVTWRTKWWKG,3.791497103,5.508638306,-1.7171412029999995,FPLTWPTKWWKG,FPVTWRTKWWKG,2,0.8333333333333334,71.0,2.560154691496453,0.875,0.25,0.9022516835,0.413510101,2,"(3, L, V)|(6, P, R)",test
1729,FPVTWGWWKWWKG,FPVTWRWWKWWKG,4.149597406,4.910315385,-0.7607179789999998,FPVTWGWWKWWKG,FPVTWRWWKWWKG,1,0.9230769230769232,91.0,2.9203219540938483,0.9362637362637364,0.1714285714285714,0.9393162393076924,0.211111111,1,"(6, G, R)",test
1736,FPVTWPTKWWKG,FPVTWRTKWWKG,3.787540921,5.508638306,-1.7210973849999998,FPVTWPTKWWKG,FPVTWRTKWWKG,1,0.9166666666666666,74.0,2.650683805312235,0.923611111111111,0.0833333333333333,0.9335016835,0.202020202,1,"(6, P, R)",test
1740,FQWQRNMRKV,FQWQRNMRKVR,3.522878745,4.786925175,-1.2640464300000005,FQWQRNMRKV-,FQWQRNMRKVR,1,0.9090909090909092,57.0,2.3320205385703283,0.9090909090909092,0.0,0.9090909090909092,0.0,1,"(11, -, R)",test
1741,FQWQRNMRKVR,FQWQRNPRKVR,4.786925175,3.602059991,1.1848651840000004,FQWQRNMRKVR,FQWQRNPRKVR,1,0.9090909090909092,55.0,2.2661811830679413,0.917960088691796,0.0975609756097561,0.927456382,0.202020202,1,"(7, M, P)",test
1745,FRRFFKWFRRFFKFF,FRRFFKWFRRPFKFF,4.501689446,5.555434779,-1.0537453329999993,FRRFFKWFRRFFKFF,FRRFFKWFRRPFKFF,1,0.9333333333333332,79.0,2.241252529337498,0.9392592592592592,0.0888888888888888,0.9333333333333332,0.0,1,"(11, F, P)",test
1760,FVPWFSKFLPRIL,FVPWFSKFLWRIL,4.539791464,5.329058719,-0.7892672549999995,FVPWFSKFLPRIL,FVPWFSKFLWRIL,1,0.9230769230769232,62.0,2.112523707737635,0.9295958279009128,0.0847457627118644,0.9230769230769232,0.0,1,"(10, P, W)",test
1767,FVQWFSKFLGRIL,FVQWFSKFLLRIL,5.522878745,4.318758763,1.204119982,FVQWFSKFLGRIL,FVQWFSKFLLRIL,1,0.9230769230769232,60.0,2.056813483851,0.94314381270903,0.2608695652173913,0.9230769230769232,0.0,1,"(10, G, L)",test
1771,FWGALAKGALKLIGSLFSSFSKKD,FWGALAKGALKLIVGSLFSSFSKKD,4.903089987,3.522878745,1.3802112420000006,FWGALAKGALKLI-GSLFSSFSKKD,FWGALAKGALKLIVGSLFSSFSKKD,1,0.96,110.0,1.7937759221287797,0.96,0.0,0.96,0.0,1,"(14, -, V)",test
1772,FWGALAKGALKLIGSLFSSFSKKD,FWGALAKGALKLIGVSLFSSFSKKD,4.903089987,3.522878745,1.3802112420000006,FWGALAKGALKLIG-SLFSSFSKKD,FWGALAKGALKLIGVSLFSSFSKKD,1,0.96,110.0,1.7937759221287797,0.96,0.0,0.96,0.0,1,"(15, -, V)",test
1775,FWGALAKGALKLIGVSLFSSFSKKD,FWGALAKGALKLIPSLFSSFSKKD,3.522878745,5.327902142,-1.8050233970000005,FWGALAKGALKLIGVSLFSSFSKKD,FWGALAKGALKLI-PSLFSSFSKKD,2,0.92,102.0,1.677898656444578,0.925,0.0625,0.92863636364,0.1079545455,2,"(14, G, -)|(15, V, P)",test
1777,FWGALAKGALKLIPSLFSSFSKKD,FWGALAKGALKLIVGSLFSSFSKKD,5.327902142,3.522878745,1.8050233970000005,FWGALAKGALKLIP-SLFSSFSKKD,FWGALAKGALKLIVGSLFSSFSKKD,2,0.92,102.0,1.677898656444578,0.925,0.0625,0.92863636364,0.1079545455,2,"(14, P, V)|(15, -, G)",test
1786,FWPVVIRTVVAGYNLYRAIKKK,PVVIRTVVAGYNLYRAIKKK,6.34973146,4.359603215,1.990128245,FWPVVIRTVVAGYNLYRAIKKK,--PVVIRTVVAGYNLYRAIKKK,2,0.9090909090909092,99.0,1.8573235020602303,0.9090909090909092,0.0,0.9090909090909092,0.0,2,"(1, F, -)|(2, W, -)",test
1787,FWPVVIRTVVAGYNLYRAIKKK,WPVVIRTVVAGYNLYRAIKKK,6.34973146,5.245494682,1.1042367779999998,FWPVVIRTVVAGYNLYRAIKKK,-WPVVIRTVVAGYNLYRAIKKK,1,0.9545454545454546,110.0,2.038381729691795,0.9545454545454546,0.0,0.9545454545454546,0.0,1,"(1, F, -)",test
1788,FYTHVFRLKKWMQKVIDRFGG,THVFRLKKWMQKVIDRFGG,5.397940009,4.494850022,0.9030899870000004,FYTHVFRLKKWMQKVIDRFGG,--THVFRLKKWMQKVIDRFGG,2,0.9047619047619048,105.0,2.049229322709707,0.9047619047619048,0.0,0.9047619047619048,0.0,2,"(1, F, -)|(2, Y, -)",test
1802,GALKRIKTLL,GLLKKIKTLL,4.412796077,3.575502261,0.8372938160000003,GALKRIKTLL,GLLKKIKTLL,2,0.8,38.0,1.8772013274274149,0.8886446886446887,0.4432234432234431,0.9041666667,0.5208333334999999,2,"(2, A, L)|(5, R, K)",test
1818,GEFKKIVQKIKDFLKNLV,KEFKRIVQRIKDFLRNLV,3.920818754,5.504916652,-1.5840978980000004,GEFKKIVQKIKDFLKNLV,KEFKRIVQRIKDFLRNLV,4,0.7777777777777778,74.0,1.7671225368748231,0.8605571383349162,0.3725071225071224,0.9006172839999999,0.5527777779999999,4,"(1, G, K)|(5, K, R)|(9, K, R)|(15, K, R)",test
1825,GEFKRIVQRIKDFLRNLV,KEFKRIVQRIKDFLRNLV,4.22184875,5.504916652,-1.283067902,GEFKRIVQRIKDFLRNLV,KEFKRIVQRIKDFLRNLV,1,0.9444444444444444,83.0,1.948180764506388,0.9588477366255144,0.2592592592592592,0.9561728395,0.211111111,1,"(1, G, K)",test
1827,GEFRRIVQRIRDFLRNLV,KEFKRIVQRIKDFLRNLV,4.522878745,5.504916652,-0.9820379070000004,GEFRRIVQRIRDFLRNLV,KEFKRIVQRIKDFLRNLV,3,0.8333333333333334,77.0,1.8274752794186784,0.8933206710984487,0.3599240265906931,0.9191358025,0.5148148149999999,3,"(1, G, K)|(4, R, K)|(11, R, K)",test
1832,GEKLKKIGQKIKNFFKKL,GEKLKKIGQKIKNFFQKL,5.204119983,4.301029996,0.9030899870000004,GEKLKKIGQKIKNFFKKL,GEKLKKIGQKIKNFFQKL,1,0.9444444444444444,87.0,2.028651087898195,0.9663299663299664,0.3939393939393939,0.975308642,0.555555556,1,"(16, K, Q)",test
1834,GFARIVQRIKDFLRNLV,GFKRIVQRIKDFLRNLV,5.124938737,3.883890586,1.2410481509999998,GFARIVQRIKDFLRNLV,GFKRIVQRIKDFLRNLV,1,0.9411764705882352,78.0,1.9562747932234907,0.9579831932773109,0.2857142857142857,0.9620098039411764,0.354166667,1,"(3, A, K)",test
1839,GFGMALKLLKKVL,LFGMALKLLKKVL,4.48087908,5.638272164,-1.1573930839999995,GFGMALKLLKKVL,LFGMALKLLKKVL,1,0.9230769230769232,56.0,1.9453930360777296,0.94314381270903,0.2608695652173913,0.9230769230769232,0.0,1,"(1, G, L)",test
1847,GFKAIVQRIKDFLRNLV,GFKRIVQRIKDFLRNLV,5.124938737,3.883890586,1.2410481509999998,GFKAIVQRIKDFLRNLV,GFKRIVQRIKDFLRNLV,1,0.9411764705882352,78.0,1.9562747932234907,0.9546218487394956,0.2285714285714285,0.9620098039411764,0.354166667,1,"(4, A, R)",test
1849,GFKDLLKGAAKALKKTVLF,GFKDLLKGAAKALVKAVLF,4.0,5.522878745,-1.522878745,GFKDLLKGAAKALKKTVLF,GFKDLLKGAAKALVKAVLF,2,0.8947368421052632,80.0,1.7884686523855575,0.9375589511412942,0.4068100358422939,0.9320175438421052,0.3541666665,2,"(14, K, V)|(16, T, A)",test
1851,GFKDLLKGAAKALKKTVLF,GFKDLLKKAAKALVKTVLF,4.0,5.522878745,-1.522878745,GFKDLLKGAAKALKKTVLF,GFKDLLKKAAKALVKTVLF,2,0.8947368421052632,77.0,1.7312923699755902,0.9219644092309628,0.2586618876941456,0.9182748537894736,0.223611111,2,"(8, G, K)|(14, K, V)",test
1852,GFKDLLKGAAKALKKTVLF,GFKKLLKGAAKALVKTVLF,4.0,5.522878745,-1.522878745,GFKDLLKGAAKALKKTVLF,GFKKLLKGAAKALVKTVLF,2,0.8947368421052632,78.0,1.7503511307789126,0.9276174306734578,0.3123655913978493,0.923830409368421,0.276388889,2,"(4, D, K)|(14, K, V)",test
1853,GFKDLLKGAAKALVKAVLF,GFKDLLKGAAKALVKTVLF,5.522878745,4.552841969,0.9700367759999996,GFKDLLKGAAKALVKAVLF,GFKDLLKGAAKALVKTVLF,1,0.9473684210526316,86.0,1.9028212172054937,0.976608187134503,0.5555555555555556,0.9722222222105262,0.472222222,1,"(16, A, T)",test
1854,GFKDLLKGAAKALVKAVLF,GFKDLLKGAAKALVKTVKF,5.522878745,4.0,1.522878745,GFKDLLKGAAKALVKAVLF,GFKDLLKGAAKALVKTVKF,2,0.8947368421052632,80.0,1.7884686523855575,0.9420687134502924,0.4496527777777778,0.9320175438421052,0.3541666665,2,"(16, A, T)|(18, L, K)",test
1855,GFKDLLKGAAKALVKAVLF,GFKDLLKGAKKALVKTVLF,5.522878745,4.124938737,1.397940008,GFKDLLKGAAKALVKAVLF,GFKDLLKGAKKALVKTVLF,2,0.8947368421052632,81.0,1.8075274131888803,0.939014202172097,0.4206349206349206,0.9382309941578948,0.4131944445,2,"(10, A, K)|(16, A, T)",test
1857,GFKDLLKGAAKALVKTVKF,GFKKLLKGAAKALVKTVLF,4.0,5.522878745,-1.522878745,GFKDLLKGAAKALVKTVKF,GFKKLLKGAAKALVKTVLF,2,0.8947368421052632,78.0,1.7503511307789126,0.9321271929824562,0.3552083333333333,0.923830409368421,0.276388889,2,"(4, D, K)|(18, K, L)",test
1858,GFKDLLKGAAKALVKTVKF,GFKDLLKKAAKALVKTVLF,4.0,5.522878745,-1.522878745,GFKDLLKGAAKALVKTVKF,GFKDLLKKAAKALVKTVLF,2,0.8947368421052632,77.0,1.7312923699755902,0.926474171539961,0.3015046296296296,0.9182748537894736,0.223611111,2,"(8, G, K)|(18, K, L)",test
1860,GFKDLLKGAAKALVKTVLF,GFKDLLKKAAKALVKTVLF,4.552841969,5.522878745,-0.9700367759999996,GFKDLLKGAAKALVKTVLF,GFKDLLKKAAKALVKTVLF,1,0.9473684210526316,83.0,1.8456449347955253,0.9610136452241717,0.2592592592592592,0.9584795321578948,0.211111111,1,"(8, G, K)",test
1861,GFKDLLKGAAKALVKTVLF,GFKKLLKGAAKALVKTVLF,4.552841969,5.522878745,-0.9700367759999996,GFKDLLKGAAKALVKTVLF,GFKKLLKGAAKALVKTVLF,1,0.9473684210526316,84.0,1.8647036955988483,0.9666666666666668,0.3666666666666666,0.964035087736842,0.316666667,1,"(4, D, K)",test
1862,GFKDLLKGAKKALVKTVLF,GFKDLLKKAAKALVKTVLF,4.124938737,5.522878745,-1.397940008,GFKDLLKGAKKALVKTVLF,GFKDLLKKAAKALVKTVLF,2,0.8947368421052632,78.0,1.7503511307789126,0.9234196602617656,0.2724867724867724,0.9244883041052632,0.282638889,2,"(8, G, K)|(10, K, A)",test
1863,GFKDLLKGAKKALVKTVLF,GFKKLLKGAAKALVKTVLF,4.124938737,5.522878745,-1.397940008,GFKDLLKGAKKALVKTVLF,GFKKLLKGAAKALVKTVLF,2,0.8947368421052632,79.0,1.7694098915822352,0.9290726817042606,0.3261904761904761,0.9300438596842104,0.335416667,2,"(4, D, K)|(10, K, A)",test
1871,GFKRIVQAIKDFLRNLV,GFKRIVQRIKDFLRNLV,4.823908741,3.883890586,0.9400181550000002,GFKRIVQAIKDFLRNLV,GFKRIVQRIKDFLRNLV,1,0.9411764705882352,78.0,1.9562747932234907,0.9546218487394956,0.2285714285714285,0.9620098039411764,0.354166667,1,"(8, A, R)",test
1873,GFKRIVQRIADFLRNLV,GFKRIVQRIKDFLRNLV,5.124938737,3.883890586,1.2410481509999998,GFKRIVQRIADFLRNLV,GFKRIVQRIKDFLRNLV,1,0.9411764705882352,78.0,1.9562747932234907,0.9579831932773109,0.2857142857142857,0.9620098039411764,0.354166667,1,"(10, A, K)",test
1875,GFKRIVQRIKDFLANLV,GFKRIVQRIKDFLRNLV,5.124938737,3.883890586,1.2410481509999998,GFKRIVQRIKDFLANLV,GFKRIVQRIKDFLRNLV,1,0.9411764705882352,78.0,1.9562747932234907,0.9546218487394956,0.2285714285714285,0.9620098039411764,0.354166667,1,"(14, A, R)",test
1877,GFKRIVQRIKDFLRNLV,KEFKRIVQRIKDFLRNLV,3.883890586,5.504916652,-1.6210260660000002,-GFKRIVQRIKDFLRNLV,KEFKRIVQRIKDFLRNLV,2,0.8888888888888888,78.0,1.84759286026663,0.9050925925925928,0.1458333333333333,0.9006172839444445,0.1055555555,2,"(1, -, K)|(2, G, E)",test
1892,GFWGKLWEGVKSAI,GFWGSLWEGVKSVV,5.077402794,4.016780646,1.0606221480000002,GFWGKLWEGVKSAI,GFWGSLWEGVKSVV,3,0.7857142857142857,71.0,2.19441830699696,0.8930593976721123,0.5009438558031908,0.917658730142857,0.6157407406666667,3,"(5, K, S)|(13, A, V)|(14, I, V)",test
1907,GIGAAILSAGKSALKGLAKGLAEHF,GIGGALLSVGKSALKGLTKGLAEHF,5.769551079,4.509831254,1.2597198250000003,GIGAAILSAGKSALKGLAKGLAEHF,GIGGALLSVGKSALKGLTKGLAEHF,4,0.84,106.0,1.7358372892866791,0.9132306255835668,0.4576914098972922,0.92688888888,0.5430555555,4,"(4, A, G)|(6, I, L)|(9, A, V)|(18, A, T)",test
1908,GIGAAILSAGKSALKGLAKGLAEHF,GIGGALLSAGKSALKGLAKGLAEHF,5.769551079,4.800732211,0.9688188680000004,GIGAAILSAGKSALKGLAKGLAEHF,GIGGALLSAGKSALKGLAKGLAEHF,2,0.92,114.0,1.8517145549708809,0.9474789915966386,0.3434873949579831,0.968,0.6,2,"(4, A, G)|(6, I, L)",test
1909,GIGAAILSAGKSALKGLAKGLAEHF,GIGSAILSAGKSIIKGLAKGLAEHF,5.769551079,4.583012347,1.1865387319999998,GIGAAILSAGKSALKGLAKGLAEHF,GIGSAILSAGKSIIKGLAKGLAEHF,3,0.88,110.0,1.7937759221287797,0.9307382091592618,0.4228184096605148,0.95,0.5833333333333334,3,"(4, A, S)|(13, A, I)|(14, L, I)",test
1915,GIGKFIHAAKKFGKLFIGEIMNS,GIGKFLHSAKKFGKAFVGEIMNS,5.017728767,3.862462728,1.1552660390000002,GIGKFIHAAKKFGKLFIGEIMNS,GIGKFLHSAKKFGKAFVGEIMNS,4,0.8260869565217391,107.0,1.902523855975222,0.904862581785276,0.4529598452653371,0.9402173913043478,0.65625,4,"(6, I, L)|(8, A, S)|(15, L, A)|(17, I, V)",test
1923,GIGKFIHAAKKFGKLFIGEIMNS,GIGKFLHSAKKFGKAWVGEIMNS,5.017728767,4.096910013,0.9208187540000008,GIGKFIHAAKKFGKLFIGEIMNS,GIGKFLHSAKKFGKAWVGEIMNS,5,0.782608695652174,102.0,1.823802887439759,0.8761505227204688,0.4302924045141565,0.9148550724782608,0.6083333334,5,"(6, I, L)|(8, A, S)|(15, L, A)|(16, F, W)|(17, I, V)",test
1938,GIGKFLHAAKKFAKAFVAEIMNS,GIGKFLHAALLFAKAFVAEIMNS,5.005101858,5.911853627,-0.9067517690000004,GIGKFLHAAKKFAKAFVAEIMNS,GIGKFLHAALLFAKAFVAEIMNS,2,0.9130434782608696,100.0,1.792314500025574,0.9429347826086956,0.34375,0.9335748792173912,0.236111111,2,"(10, K, L)|(11, K, L)",test
1943,GIGKFLHAAKKFAKAFVAEIMNS,GIGKFLHSAKKFGKAWVGEIMNS,5.005101858,4.096910013,0.9081918450000002,GIGKFLHAAKKFAKAFVAEIMNS,GIGKFLHSAKKFGKAWVGEIMNS,4,0.8260869565217391,98.0,1.7608261126113884,0.884735242052436,0.337227641801507,0.9105072463913044,0.48541666675,4,"(8, A, S)|(13, A, G)|(16, F, W)|(18, A, G)",test
1946,GIGKFLHAAKKFAKAFVAEIMNS,GIGKFLHSAKKFGKAFVGEIMNS,5.005101858,3.862462728,1.1426391299999996,GIGKFLHAAKKFAKAFVAEIMNS,GIGKFLHSAKKFGKAFVGEIMNS,3,0.8695652173913043,103.0,1.839547081146852,0.9134473011172431,0.3364293085655314,0.9358695652173912,0.5083333333333333,3,"(8, A, S)|(13, A, G)|(18, A, G)",test
1952,GIGKFLHAALLFAKAFVAEIMNS,GIGKFLHSAKKFAKAFVAEIMNS,5.911853627,4.628054045,1.2837995820000003,GIGKFLHAALLFAKAFVAEIMNS,GIGKFLHSAKKFAKAFVAEIMNS,3,0.8695652173913043,97.0,1.745081918904296,0.9177631578947368,0.3695175438596491,0.9172705313913044,0.3657407406666667,3,"(8, A, S)|(10, L, K)|(11, L, K)",test
1954,GIGKFLHKVKSFGKSWIGEIMNS,GIGKFLHTLKTFGKKWVGEIMNS,4.119186408,4.886056648,-0.7668702400000003,GIGKFLHKVKSFGKSWIGEIMNS,GIGKFLHTLKTFGKKWVGEIMNS,5,0.782608695652174,106.0,1.8867796622681292,0.866482131605005,0.3858178053830228,0.9085144927391304,0.5791666666,5,"(8, K, T)|(9, V, L)|(11, S, T)|(15, S, K)|(17, I, V)",test
1971,GIGKFLHSAKKFAKAFVAEIMNS,GIGKFLHSAKKFGKAFVGEIMNS,4.628054045,3.862462728,0.7655913169999997,GIGKFLHSAKKFAKAFVAEIMNS,GIGKFLHSAKKFGKAFVGEIMNS,2,0.9130434782608696,106.0,1.8867796622681292,0.938618925831202,0.2941176470588235,0.9521739130434782,0.45,2,"(13, A, G)|(18, A, G)",test
1986,GIGKFLKKAKKFGKAFVKILKK,GIGKFLKKAKKFGKAFVKMKK,5.272111498,6.0,-0.7278885019999999,GIGKFLKKAKKFGKAFVKILKK,GIGKFLKKAKKFGKAFVKMKK-,2,0.8636363636363636,95.0,1.7914841465578428,0.8926303475935828,0.2126225490196078,0.9011994949545454,0.275462963,3,"(19, I, M)|(20, L, K)|(22, K, -)",test
2002,GIHAILKYGKPS,GIHHILKYGKPS,5.301029996,4.494850022,0.806179974,GIHAILKYGKPS,GIHHILKYGKPS,1,0.9166666666666666,58.0,2.167861864961395,0.9346846846846848,0.2162162162162162,0.93402777775,0.208333333,1,"(4, A, H)",test
2003,GIHAILKYGKPS,GIHDILKYGKPA,5.301029996,4.301029996,1.0,GIHAILKYGKPS,GIHDILKYGKPA,2,0.8333333333333334,55.0,2.077332751145613,0.9001670843776107,0.4010025062656641,0.9041666666666668,0.425,2,"(4, A, D)|(12, S, A)",test
2018,GIHDIAKYGKPS,GIHDILKYGKPA,5.301029996,4.301029996,1.0,GIHDIAKYGKPS,GIHDILKYGKPA,2,0.8333333333333334,58.0,2.167861864961395,0.9081035923141186,0.4486215538847117,0.9166666666666666,0.5,2,"(6, A, L)|(12, S, A)",test
2112,GILSSLLKKLKKIIAK,GIMSSLMKKLKKIIKK,5.083546051,4.225483034,0.8580630170000001,GILSSLLKKLKKIIAK,GIMSSLMKKLKKIIKK,3,0.8125,62.0,1.7164255125368286,0.8787442396313364,0.3533026113671275,0.9231770833125,0.5902777776666667,3,"(3, L, M)|(7, L, M)|(15, A, K)",test
2114,GILSSLLKKLKKIIAK,GIMSSLMKKLKKHIAK,5.083546051,4.0,1.083546051,GILSSLLKKLKKIIAK,GIMSSLMKKLKKHIAK,3,0.8125,60.0,1.6711609556289375,0.8736711876832844,0.3262463343108504,0.9075520833125,0.5069444443333334,3,"(3, L, M)|(7, L, M)|(13, I, H)",test
2125,GILSSLLKKLKKWIAK,GIMSSLMKKLKKHIAK,5.22184875,4.0,1.2218487500000004,GILSSLLKKLKKWIAK,GIMSSLMKKLKKHIAK,3,0.8125,61.0,1.6937932340828832,0.8788955713504647,0.3541097138691452,0.910416666625,0.522222222,3,"(3, L, M)|(7, L, M)|(13, W, H)",test
2136,GILSSLWKKLKKIIAK,GILSSLWKKPKKIIAK,5.305394801,4.0,1.3053948010000005,GILSSLWKKLKKIIAK,GILSSLWKKPKKIIAK,1,0.9375,71.0,1.92011601862234,0.9444444444444444,0.1111111111111111,0.9442471590625,0.107954545,1,"(10, L, P)",test
2141,GILSSLWKKLKKIIAK,GKLSSLWKKLKKIIAK,5.305394801,4.576754126,0.7286406750000003,GILSSLWKKLKKIIAK,GKLSSLWKKLKKIIAK,1,0.9375,71.0,1.92011601862234,0.9535714285714284,0.2571428571428571,0.94487847225,0.118055556,1,"(2, I, K)",test
2155,GIMSSLMKKLAAHIAK,GIMSSLMKKLAKIIAK,4.210456701,5.022276395,-0.8118196939999995,GIMSSLMKKLAAHIAK,GIMSSLMKKLAKIIAK,2,0.875,59.0,1.648528677174992,0.9056412337662338,0.2451298701298701,0.903645833375,0.229166667,2,"(12, A, K)|(13, H, I)",test
2157,GIMSSLMKKLAAHIAK,GIMSSLMKKLAAIIAK,4.210456701,5.065501549,-0.8550448480000004,GIMSSLMKKLAAHIAK,GIMSSLMKKLAAIIAK,1,0.9375,64.0,1.7616900694447202,0.9502840909090908,0.2045454545454545,0.9440104166875,0.104166667,1,"(13, H, I)",test
2160,GIMSSLMKKLAAHIKK,GIMSSLMKKLAAIIAK,4.057991947,5.065501549,-1.0075096020000007,GIMSSLMKKLAAHIKK,GIMSSLMKKLAAIIAK,2,0.875,59.0,1.648528677174992,0.9056412337662338,0.2451298701298701,0.903645833375,0.229166667,2,"(13, H, I)|(15, K, A)",test
2162,GIMSSLMKKLAAIIAK,GIMSSLMKKLAKHIAK,5.065501549,4.200659451,0.8648420980000004,GIMSSLMKKLAAIIAK,GIMSSLMKKLAKHIAK,2,0.875,59.0,1.648528677174992,0.9056412337662338,0.2451298701298701,0.903645833375,0.229166667,2,"(12, A, K)|(13, I, H)",test
2166,GIMSSLMKKLAAIIAK,GIMSSLMKKLKAHIAK,5.065501549,4.0,1.0655015490000004,GIMSSLMKKLAAIIAK,GIMSSLMKKLKAHIAK,2,0.875,59.0,1.648528677174992,0.9056412337662338,0.2451298701298701,0.903645833375,0.229166667,2,"(11, A, K)|(13, I, H)",test
2169,GIMSSLMKKLAKHIAK,GIMSSLMKKLAKIIAK,4.200659451,5.022276395,-0.8216169439999996,GIMSSLMKKLAKHIAK,GIMSSLMKKLAKIIAK,1,0.9375,65.0,1.7843223478986658,0.9502840909090908,0.2045454545454545,0.9440104166875,0.104166667,1,"(13, H, I)",test
2171,GIMSSLMKKLAKIIAK,GIMSSLMKKLKKIIKK,5.022276395,4.225483034,0.7967933609999998,GIMSSLMKKLAKIIAK,GIMSSLMKKLKKIIKK,2,0.875,62.0,1.7164255125368286,0.9107142857142858,0.2857142857142857,0.919270833375,0.354166667,2,"(11, A, K)|(15, A, K)",test
2172,GIMSSLMKKLAKIIAK,GIMSSLMKKLKKHIAK,5.022276395,4.0,1.0222763949999996,GIMSSLMKKLAKIIAK,GIMSSLMKKLKKHIAK,2,0.875,60.0,1.6711609556289375,0.9056412337662338,0.2451298701298701,0.903645833375,0.229166667,2,"(11, A, K)|(13, I, H)",test
2194,GIWDTIKSMGKVFAGAILQNL,GIWKTIKSMGKVFAGAIKQNL,4.903089987,4.0,0.9030899870000004,GIWDTIKSMGKVFAGAILQNL,GIWKTIKSMGKVFAGAIKQNL,2,0.9047619047619048,95.0,1.8767929154415497,0.9385912698412698,0.3552083333333333,0.931084656095238,0.276388889,2,"(4, D, K)|(18, L, K)",test
2195,GIWDTIKSMGKVFAGAILQNL,GIWKTIKSMGKVFAGKIKQNL,4.903089987,4.0,0.9030899870000004,GIWDTIKSMGKVFAGAILQNL,GIWKTIKSMGKVFAGKIKQNL,3,0.8571428571428571,90.0,1.790574711807471,0.9045776643990928,0.3320436507936508,0.9003306878571429,0.302314815,3,"(4, D, K)|(16, A, K)|(18, L, K)",test
2205,GIWKTIKSMGKVFAGAIKQNL,GIWKTIKSMGKVFAGAILQNL,4.0,5.204119983,-1.204119983,GIWKTIKSMGKVFAGAIKQNL,GIWKTIKSMGKVFAGAILQNL,1,0.9523809523809524,101.0,1.980254759802444,0.96875,0.34375,0.9636243386190476,0.236111111,1,"(18, K, L)",test
2206,GIWKTIKSMGKVFAGAIKQNL,GIWKTIKSMGKVFAGKILQNL,4.0,5.014156735,-1.0141567350000005,GIWKTIKSMGKVFAGAIKQNL,GIWKTIKSMGKVFAGKILQNL,2,0.9047619047619048,96.0,1.8940365561683656,0.9347363945578232,0.3147321428571428,0.9328703703809524,0.295138889,2,"(16, A, K)|(18, K, L)",test
2207,GIWKTIKSMGKVFAGAILQNL,GIWKTIKSMGKVFAGKIKQNL,5.204119983,4.0,1.204119983,GIWKTIKSMGKVFAGAILQNL,GIWKTIKSMGKVFAGKIKQNL,2,0.9047619047619048,96.0,1.8940365561683656,0.9347363945578232,0.3147321428571428,0.9328703703809524,0.295138889,2,"(16, A, K)|(18, L, K)",test
2208,GIWKTIKSMGKVFAGKIKQNL,GIWKTIKSMGKVFAGKILQNL,4.0,5.014156735,-1.0141567350000005,GIWKTIKSMGKVFAGKIKQNL,GIWKTIKSMGKVFAGKILQNL,1,0.9523809523809524,102.0,1.99749840052926,0.96875,0.34375,0.9636243386190476,0.236111111,1,"(18, K, L)",test
2215,GKAMSLLKHILK,GKWMSLLKHILK,4.0,4.972242795,-0.9722427949999995,GKAMSLLKHILK,GKWMSLLKHILK,1,0.9166666666666666,51.0,1.9566272660579027,0.9308510638297872,0.1702127659574468,0.92465277775,0.095833333,1,"(3, A, W)",test
2216,GKAMSLLKHILK,GKWLSLLKHILK,4.0,5.259637311,-1.2596373109999996,GKAMSLLKHILK,GKWLSLLKHILK,2,0.8333333333333334,48.0,1.8660981522421205,0.879775795012583,0.2786547700754976,0.9003472221666667,0.402083333,2,"(3, A, W)|(4, M, L)",test
2227,GKFMSLLKHILK,GKWMKLLKHILK,4.363512104,5.346787486,-0.9832753820000004,GKFMSLLKHILK,GKWMKLLKHILK,2,0.8333333333333334,51.0,1.9566272660579027,0.8943733153638814,0.3662398921832883,0.9074074074166668,0.4444444445,2,"(3, F, W)|(5, S, K)",test
2229,GKFMSLLKHILK,GKWLSLLKHILK,4.363512104,5.259637311,-0.8961252069999999,GKFMSLLKHILK,GKWLSLLKHILK,2,0.8333333333333334,52.0,1.98680363732983,0.8938932846419152,0.3633597078514911,0.9270833333333334,0.5625,2,"(3, F, W)|(4, M, L)",test
2234,GKFMSLLKHILK,GKWMSFLKHILK,4.363512104,5.193820026,-0.8303079220000003,GKFMSLLKHILK,GKWMSFLKHILK,2,0.8333333333333334,51.0,1.9566272660579027,0.8870981830887491,0.3225890985324947,0.9055555555833332,0.4333333335,2,"(3, F, W)|(6, L, F)",test
2235,GKFMSLLKHILK,GKWMTLLKHILK,4.363512104,5.27572413,-0.9122120260000006,GKFMSLLKHILK,GKWMTLLKHILK,2,0.8333333333333334,52.0,1.98680363732983,0.890620727372163,0.3437243642329778,0.9172453704166666,0.5034722225,2,"(3, F, W)|(5, S, T)",test
2242,GKKLLKKLKKLLKKG,GKKLLKKLKKLLKKW,3.361295668,4.26774483,-0.906449162,GKKLLKKLKKLLKKG,GKKLLKKLKKLLKKW,1,0.9333333333333332,66.0,1.927418268109452,0.9418439716312056,0.1276595744680851,0.9444444444666666,0.166666667,1,"(15, G, W)",test
2243,GKKLLKKLKKLLKKW,GKKLLKKLKKLWKKW,4.26774483,3.28454244,0.9832023899999998,GKKLLKKLKKLLKKW,GKKLLKKLKKLWKKW,1,0.9333333333333332,71.0,2.0481237531971623,0.9477124183006536,0.2156862745098039,0.9461111111333332,0.191666667,1,"(12, L, W)",test
2263,GKWLSLLKHILK,GKWMSALKHILK,5.259637311,3.886056648,1.3735806629999998,GKWLSLLKHILK,GKWMSALKHILK,2,0.8333333333333334,57.0,2.137685493689468,0.905273937532002,0.4316436251920122,0.9236111110833334,0.5416666665000001,2,"(4, L, M)|(6, L, A)",test
2269,GKWLSLLKHILK,HKWMSLLKHILK,5.259637311,4.416801226,0.8428360850000001,GKWLSLLKHILK,HKWMSLLKHILK,2,0.8333333333333334,56.0,2.1075091224175404,0.879104911362976,0.2746294681778552,0.9076388888333334,0.445833333,2,"(1, G, H)|(4, L, M)",test
2270,GKWLSLLKHILK,KKWMSLLKHILK,5.259637311,4.548213564,0.7114237469999996,GKWLSLLKHILK,KKWMSLLKHILK,2,0.8333333333333334,56.0,2.1075091224175404,0.8871963361210673,0.3231780167264038,0.9099537036666666,0.459722222,2,"(1, G, K)|(4, L, M)",test
2281,GKWMKLLKHILK,GKWMSALKHILK,5.346787486,3.886056648,1.4607308380000004,GKWMKLLKHILK,GKWMSALKHILK,2,0.8333333333333334,56.0,2.1075091224175404,0.9057539682539684,0.4345238095238094,0.9039351851666666,0.423611111,2,"(5, K, S)|(6, L, A)",test
2286,GKWMKLLKHILK,GKWQSLLKHILK,5.346787486,4.602059991,0.7447274950000002,GKWMKLLKHILK,GKWQSLLKHILK,2,0.8333333333333334,56.0,2.1075091224175404,0.8988997113997114,0.3933982683982683,0.9097222221666668,0.458333333,2,"(4, M, Q)|(5, K, S)",test
2290,GKWMSALKHILK,GKWMSFLKHILK,3.886056648,5.193820026,-1.3077633780000002,GKWMSALKHILK,GKWMSFLKHILK,1,0.9166666666666666,59.0,2.1980382362333226,0.9375,0.25,0.9354166666666668,0.225,1,"(6, A, F)",test
2294,GKWMSALKHILK,GKWMSWLKHILK,3.886056648,4.995678626,-1.1096219780000005,GKWMSALKHILK,GKWMSWLKHILK,1,0.9166666666666666,58.0,2.167861864961395,0.9308510638297872,0.1702127659574468,0.92465277775,0.095833333,1,"(6, A, W)",test
2295,GKWMSALKHILK,GKWQSLLKHILK,3.886056648,4.602059991,-0.7160033430000001,GKWMSALKHILK,GKWQSLLKHILK,2,0.8333333333333334,55.0,2.077332751145613,0.905844155844156,0.435064935064935,0.9016203703333332,0.4097222219999999,2,"(4, M, Q)|(6, A, L)",test
2296,GKWMSALKHILK,GKWMSLLKHILK,3.886056648,4.972242795,-1.0861861469999998,GKWMSALKHILK,GKWMSLLKHILK,1,0.9166666666666666,60.0,2.22821460750525,0.9563492063492064,0.4761904761904761,0.9479166666666666,0.375,1,"(6, A, L)",test
2299,GKWMSALKHILK,GKWMTLLKHILK,3.886056648,5.27572413,-1.3896674820000006,GKWMSALKHILK,GKWMTLLKHILK,2,0.8333333333333334,57.0,2.137685493689468,0.90200138026225,0.4120082815734989,0.9137731481666668,0.482638889,2,"(5, S, T)|(6, A, L)",test
2303,GKWMSALKHILK,SKWMSLLKHILK,3.886056648,5.036212173,-1.1501555250000002,GKWMSALKHILK,SKWMSLLKHILK,2,0.8333333333333334,54.0,2.047156379873685,0.8993316624895572,0.3959899749373433,0.9020833333333332,0.4125,2,"(1, G, S)|(6, A, L)",test
2346,GKWMTLLKHILK,KKWMSLLKHILK,5.27572413,4.548213564,0.7275105660000003,GKWMTLLKHILK,KKWMSLLKHILK,2,0.8333333333333334,56.0,2.1075091224175404,0.8839237788513151,0.3035426731078904,0.90011574075,0.4006944445,2,"(1, G, K)|(5, T, S)",test
2347,GKWQSLLKHILK,GKWWSLLKHILK,4.602059991,5.327902142,-0.7258421510000002,GKWQSLLKHILK,GKWWSLLKHILK,1,0.9166666666666666,58.0,2.167861864961395,0.9355345911949684,0.2264150943396226,0.9314814815,0.177777778,1,"(4, Q, W)",test
2357,GKYGFYTHVFRLKKWIQKVIDQFGE,GKYGFYTHVFRLKKWMQKVIDRFGG,4.477121255,5.397940009,-0.920818754,GKYGFYTHVFRLKKWIQKVIDQFGE,GKYGFYTHVFRLKKWMQKVIDRFGG,3,0.88,128.0,2.054499769918233,0.917790346907994,0.3149195575666164,0.9342777778,0.452314815,3,"(16, I, M)|(22, Q, R)|(25, E, G)",test
2369,GLAKRIKTLL,GLLKKIKTLL,4.466480936,3.575502261,0.8909786749999999,GLAKRIKTLL,GLLKKIKTLL,2,0.8,38.0,1.8772013274274149,0.8886446886446887,0.4432234432234431,0.9041666667,0.5208333334999999,2,"(3, A, L)|(5, R, K)",test
2396,GLFAVIKKVASV,GLFAVIKKVASVI,3.682203726,4.924500222,-1.2422964959999998,GLFAVIKKVASV-,GLFAVIKKVASVI,1,0.9230769230769232,54.0,1.8896828121910936,0.9230769230769232,0.0,0.9230769230769232,0.0,1,"(13, -, I)",test
2401,GLFAVIKKVASVIG,GLFAVIKKVASVIGG,4.641516001,3.454721775,1.1867942260000004,GLFAVIKKVASVIG-,GLFAVIKKVASVIGG,1,0.9333333333333332,64.0,1.879136074074368,0.9333333333333332,0.0,0.9333333333333332,0.0,1,"(15, -, G)",test
2402,GLFAVIKKVASVIGG,GLFAVIKKVASVIGGL,3.454721775,4.798497089,-1.3437753139999995,GLFAVIKKVASVIGG-,GLFAVIKKVASVIGGL,1,0.9375,70.0,1.8974837401683935,0.9375,0.0,0.9375,0.0,1,"(16, -, L)",test
2407,GLFAVIKKVASVIGG,GLFDVIKKVASVIGG,3.454721775,4.370720056,-0.9159982809999998,GLFAVIKKVASVIGG,GLFDVIKKVASVIGG,1,0.9333333333333332,64.0,1.879136074074368,0.9587301587301588,0.3809523809523809,0.9483333333333334,0.225,1,"(4, A, D)",test
2426,GLFAVIKKVASVIKGL,GLFEVIKKVASVIGGL,5.136473525,4.212182329,0.9242911960000004,GLFAVIKKVASVIKGL,GLFEVIKKVASVIGGL,2,0.875,61.0,1.6937932340828832,0.9112037037037036,0.2896296296296295,0.910329861125,0.282638889,2,"(4, A, E)|(14, K, G)",test
2427,GLFAVIKKVASVIKGL,GLFDVIKKVASVIKKL,5.136473525,4.245067189,0.8914063360000002,GLFAVIKKVASVIKGL,GLFDVIKKVASVIKKL,2,0.875,59.0,1.648528677174992,0.9150132275132276,0.32010582010582,0.9022569444375,0.2180555555,2,"(4, A, D)|(15, G, K)",test
2433,GLFAVIKKVASVIKKL,GLFDVIKKVASVIKKL,5.055907855,4.245067189,0.8108406659999998,GLFAVIKKVASVIKKL,GLFDVIKKVASVIKKL,1,0.9375,66.0,1.8069546263526115,0.9613095238095238,0.3809523809523809,0.9515625,0.225,1,"(4, A, D)",test
2457,GLFDIWKKWRWRR,GLFDIWKWWRWRR,4.470627884,5.211015697,-0.7403878129999999,GLFDIWKKWRWRR,GLFDIWKWWRWRR,1,0.9230769230769232,76.0,2.502495274944083,0.9381868131868132,0.1964285714285714,0.9299145299230768,0.088888889,1,"(8, K, W)",test
2459,GLFDVIAKVASVIGGL,GLFDVIAKVASVIKKL,4.19280689,5.486307932,-1.293501042,GLFDVIAKVASVIGGL,GLFDVIAKVASVIKKL,2,0.875,59.0,1.648528677174992,0.9074074074074074,0.2592592592592592,0.901388888875,0.211111111,2,"(14, G, K)|(15, G, K)",test
2464,GLFDVIAKVASVIKKL,GLFDVIKKVASVIKKL,5.486307932,4.245067189,1.2412407429999996,GLFDVIAKVASVIKKL,GLFDVIKKVASVIKKL,1,0.9375,68.0,1.8522191832605024,0.9553571428571428,0.2857142857142857,0.9596354166875,0.354166667,1,"(7, A, K)",test
2468,GLFDVIKKLLKKIGGL,GLFDVIKKVASKIGGL,5.508638306,4.216164556,1.29247375,GLFDVIKKLLKKIGGL,GLFDVIKKVASKIGGL,3,0.8125,65.0,1.7843223478986658,0.8928571428571428,0.4285714285714285,0.904513888875,0.4907407406666667,3,"(9, L, V)|(10, L, A)|(11, K, S)",test
2481,GLFDVIKKVASV,GLFDVIKKVASVI,3.697452687,4.637456393,-0.9400037059999996,GLFDVIKKVASV-,GLFDVIKKVASVI,1,0.9230769230769232,56.0,1.9453930360777296,0.9230769230769232,0.0,0.9230769230769232,0.0,1,"(13, -, I)",test
2493,GLFGILGSVAKHVLPHVIPVVAEHL,GLFSVLGSVAKHVVPRVVPVIAEHL,4.84146147,4.0,0.8414614699999996,GLFGILGSVAKHVLPHVIPVVAEHL,GLFSVLGSVAKHVVPRVVPVIAEHL,6,0.76,108.0,1.7648066057077292,0.8602088280586618,0.4175367835777576,0.92355555556,0.6814814815,6,"(4, G, S)|(5, I, V)|(14, L, V)|(16, H, R)|(18, I, V)|(21, V, I)",test
2500,GLFGILGSVAKHVLPHVIPVVAEHL,GLLSVLGSVAKHVLPHVVPVIAEHL,4.84146147,5.759326182,-0.917864712,GLFGILGSVAKHVLPHVIPVVAEHL,GLLSVLGSVAKHVLPHVVPVIAEHL,5,0.8,113.0,1.8372298967603555,0.8874624968217646,0.4373124841088228,0.941,0.705,5,"(3, F, L)|(4, G, S)|(5, I, V)|(18, I, V)|(21, V, I)",test
2502,GLFGILGSVAKHVLPHVIPVVAEHL,GLLSVLGSVAQHVLPHVVPVIAEHL,4.84146147,5.638272164,-0.7968106940000004,GLFGILGSVAKHVLPHVIPVVAEHL,GLLSVLGSVAQHVLPHVVPVIAEHL,6,0.76,109.0,1.7792912639182543,0.8632200725793403,0.4300836357472513,0.92322222224,0.6800925926666667,6,"(3, F, L)|(4, G, S)|(5, I, V)|(11, K, Q)|(18, I, V)|(21, V, I)",test
2508,GLFGVLAKVAAHVVPAIAEH,GLFGVLAKVAAHVVPAIAKHF,4.193820026,5.397940009,-1.204119983,GLFGVLAKVAAHVVPAIAEH-,GLFGVLAKVAAHVVPAIAKHF,2,0.9047619047619048,95.0,1.8767929154415497,0.9241071428571428,0.203125,0.9312169312380952,0.277777778,2,"(19, E, K)|(21, -, F)",test
2511,GLFGVLAKVAAHVVPAIAEH,GLFGVLAKVAAKVVPAIAEHF,4.193820026,5.096910013,-0.9030899869999996,GLFGVLAKVAAHVVPAIAEH-,GLFGVLAKVAAKVVPAIAEHF,2,0.9047619047619048,90.0,1.790574711807471,0.9161490683229814,0.1195652173913043,0.9186507936666668,0.1458333335,2,"(12, H, K)|(21, -, F)",test
2512,GLFGVLAKVAAHVVPAIAEHF,GLFGVLAKVAAKVVPAIAKHF,4.607461477,5.397940009,-0.7904785319999998,GLFGVLAKVAAHVVPAIAEHF,GLFGVLAKVAAKVVPAIAKHF,2,0.9047619047619048,92.0,1.8250619932611027,0.9354943064182196,0.3226902173913043,0.9451058201428572,0.4236111114999999,2,"(12, H, K)|(19, E, K)",test
2513,GLFGVLAKVAAHVVPAIAEHF,GLFGVLAKVAAHVVPAIAKHF,4.607461477,5.397940009,-0.7904785319999998,GLFGVLAKVAAHVVPAIAEHF,GLFGVLAKVAAHVVPAIAKHF,1,0.9523809523809524,101.0,1.980254759802444,0.9717261904761904,0.40625,0.9788359788571428,0.555555556,1,"(19, E, K)",test
2518,GLFGVLAKVAAHVVPAIAKHF,LFGVLAKVAAHVVPAIAEHF,5.397940009,4.193820026,1.204119983,GLFGVLAKVAAHVVPAIAKHF,-LFGVLAKVAAHVVPAIAEHF,2,0.9047619047619048,95.0,1.8767929154415497,0.9241071428571428,0.203125,0.9312169312380952,0.277777778,2,"(1, G, -)|(19, K, E)",test
2521,GLFGVLAKVAAKVVPAIAEHF,LFGVLAKVAAHVVPAIAEHF,5.096910013,4.193820026,0.9030899869999996,GLFGVLAKVAAKVVPAIAEHF,-LFGVLAKVAAHVVPAIAEHF,2,0.9047619047619048,90.0,1.790574711807471,0.9161490683229814,0.1195652173913043,0.9186507936666668,0.1458333335,2,"(1, G, -)|(12, K, H)",test
2525,GLFGVLGSIAKHVLPHVVPVIAEKL,GLFSVLGAVAKHVLPHVVPVIAEKL,4.797655567,5.511040364,-0.7133847970000007,GLFGVLGSIAKHVLPHVVPVIAEKL,GLFSVLGAVAKHVLPHVVPVIAEKL,3,0.88,115.0,1.8661992131814056,0.9303432494279176,0.4195270785659801,0.958,0.65,3,"(4, G, S)|(8, S, A)|(9, I, V)",test
2527,GLFGVLGSIAKHVLPHVVPVIAEKL,GLFSVLGSVAKHVVPRVVPVIAEHL,4.797655567,4.0,0.7976555669999996,GLFGVLGSIAKHVLPHVVPVIAEKL,GLFSVLGSVAKHVVPRVVPVIAEHL,5,0.8,101.0,1.6634139982340528,0.8680349150151835,0.3401745750759178,0.90522222224,0.5261111112,5,"(4, G, S)|(9, I, V)|(14, L, V)|(16, H, R)|(24, K, H)",test
2529,GLFGVLGSIAKHVLPHVVPVIAEKL,GLFSVLGAVAKHVLPHVVPVIAEK,4.797655567,5.63638802,-0.8387324530000004,GLFGVLGSIAKHVLPHVVPVIAEKL,GLFSVLGAVAKHVLPHVVPVIAEK-,4,0.84,111.0,1.808260580339305,0.8903432494279175,0.314645308924485,0.918,0.4875,4,"(4, G, S)|(8, S, A)|(9, I, V)|(25, L, -)",test
2533,GLFGVLGSIAKHVLPHVVPVIAEKL,GLLSVLGSVAKHVLPHVVPVIAEHL,4.797655567,5.759326182,-0.961670615,GLFGVLGSIAKHVLPHVVPVIAEKL,GLLSVLGSVAKHVLPHVVPVIAEHL,4,0.84,106.0,1.7358372892866791,0.8952885837782862,0.3455536486142893,0.92266666668,0.51666666675,4,"(3, F, L)|(4, G, S)|(9, I, V)|(24, K, H)",test
2534,GLFGVLGSIAKHVLPHVVPVIAEKL,GLLSVLGSVAQHVLPHVVPVIAEHL,4.797655567,5.638272164,-0.8406165970000004,GLFGVLGSIAKHVLPHVVPVIAEKL,GLLSVLGSVAQHVLPHVVPVIAEHL,5,0.8,102.0,1.677898656444578,0.8710461595358621,0.3552307976793102,0.90488888892,0.5244444446,5,"(3, F, L)|(4, G, S)|(9, I, V)|(11, K, Q)|(24, K, H)",test
2545,GLFKVLGSVAKHLLPHVAPIIAEKL,GLLSVLGSVAKHVLPHVVPVIAEKL,5.344267601,4.410967354,0.933300247,GLFKVLGSVAKHLLPHVAPIIAEKL,GLLSVLGSVAKHVLPHVVPVIAEKL,5,0.8,105.0,1.7213526310761538,0.8890021515852717,0.445010757926359,0.91688888888,0.5844444444000001,5,"(3, F, L)|(4, K, S)|(13, L, V)|(18, A, V)|(20, I, V)",test
2558,GLFKVLGSVAKHLLPHVVPVIAEKL,GLLGVLGSVAKHVLPHVVPVIAEHL,5.471497936,4.407402548,1.0640953879999993,GLFKVLGSVAKHLLPHVVPVIAEKL,GLLGVLGSVAKHVLPHVVPVIAEHL,4,0.84,102.0,1.677898656444578,0.8888244766505636,0.3051529790660225,0.90311111112,0.3944444444999999,4,"(3, F, L)|(4, K, G)|(13, L, V)|(24, K, H)",test
2560,GLFKVLGSVAKHLLPHVVPVIAEKL,GLLSVLGSVAKHVLPHVVPVIAEKL,5.471497936,4.410967354,1.0605305819999993,GLFKVLGSVAKHLLPHVVPVIAEKL,GLLSVLGSVAKHVLPHVVPVIAEKL,3,0.88,110.0,1.7937759221287797,0.9246031746031744,0.3716931216931217,0.94188888888,0.5157407406666666,3,"(3, F, L)|(4, K, S)|(13, L, V)",test
2566,GLFSVLGAVAKHVLPHVVPVIAEK,GLFSVLGSVAKHLLPHVAPIIAEKL,5.63638802,4.925302741,0.7110852789999997,GLFSVLGAVAKHVLPHVVPVIAEK-,GLFSVLGSVAKHLLPHVAPIIAEKL,5,0.8,108.0,1.7648066057077292,0.8779077489119217,0.3895387445596087,0.905,0.525,5,"(8, A, S)|(13, V, L)|(18, V, A)|(20, V, I)|(25, -, L)",test
2571,GLFSVLGAVAKHVLPHVVPVIAEK,GLLSVLGSVAKHVLPHVVPVIAEKL,5.63638802,4.410967354,1.2254206659999998,GLFSVLGAVAKHVLPHVVPVIAEK-,GLLSVLGSVAKHVLPHVVPVIAEKL,3,0.88,110.0,1.7937759221287797,0.90906432748538,0.2422027290448343,0.923,0.3583333333333333,3,"(3, F, L)|(8, A, S)|(25, -, L)",test
2574,GLFSVLGAVAKHVLPHVVPVIAEKL,GLFSVLGSVAKHVVPRVVPVIAEHL,5.511040364,4.0,1.5110403640000003,GLFSVLGAVAKHVLPHVVPVIAEKL,GLFSVLGSVAKHVVPRVVPVIAEHL,4,0.84,103.0,1.6923833146551035,0.8913758761135817,0.3210992257098858,0.91722222224,0.4826388889999999,4,"(8, A, S)|(14, L, V)|(16, H, R)|(24, K, H)",test
2578,GLFSVLGAVAKHVLPHVVPVIAEKL,GLLSVLGSVAKHVLPHVVPVIAEKL,5.511040364,4.410967354,1.10007301,GLFSVLGAVAKHVLPHVVPVIAEKL,GLLSVLGSVAKHVLPHVVPVIAEKL,2,0.92,114.0,1.8517145549708809,0.94906432748538,0.3633040935672514,0.963,0.5375,2,"(3, F, L)|(8, A, S)",test
2580,GLFSVLGAVAKHVLPHVVPVIAEKL,GLLSSLGSVAKHVLPHVVPVIAEHL,5.511040364,4.41499072,1.0960496440000007,GLFSVLGAVAKHVLPHVVPVIAEKL,GLLSSLGSVAKHVLPHVVPVIAEHL,4,0.84,102.0,1.677898656444578,0.893174999422139,0.3323437463883688,0.90466666668,0.40416666675,4,"(3, F, L)|(5, V, S)|(8, A, S)|(24, K, H)",test
2581,GLFSVLGAVAKHVLPHVVPVIAEKL,GLLGVLGSVAKHVLPHVVPVIAEHL,5.511040364,4.407402548,1.103637816,GLFSVLGAVAKHVLPHVVPVIAEKL,GLLGVLGSVAKHVLPHVVPVIAEHL,4,0.84,104.0,1.7068679728656286,0.891261123824053,0.3203820239003305,0.91266666668,0.4541666667499999,4,"(3, F, L)|(4, S, G)|(8, A, S)|(24, K, H)",test
2587,GLFSVLGSVAKHLLPHVAPIIAEKL,GLLSVLGSVAKHVLPHVVPVIAEHL,4.925302741,5.759326182,-0.8340234409999994,GLFSVLGSVAKHLLPHVAPIIAEKL,GLLSVLGSVAKHVLPHVVPVIAEHL,5,0.8,103.0,1.6923833146551035,0.8828530832622904,0.4142654163114522,0.90966666668,0.5483333334,5,"(3, F, L)|(13, L, V)|(18, A, V)|(20, I, V)|(24, K, H)",test
2591,GLFSVLGSVAKHLLPHVVPVIAEKL,GLFSVLGSVAKHVVPRVVPVIAEHL,5.33981077,4.0,1.3398107699999997,GLFSVLGSVAKHLLPHVVPVIAEKL,GLFSVLGSVAKHVVPRVVPVIAEHL,4,0.84,103.0,1.6923833146551035,0.8912004375170904,0.3200027344818156,0.91722222224,0.4826388889999999,4,"(13, L, V)|(14, L, V)|(16, H, R)|(24, K, H)",test
2592,GLFSVLGSVAKHLLPHVVPVIAEKL,GLLGVLGSVAKHVLPHVVPVIAEHL,5.33981077,4.407402548,0.9324082219999994,GLFSVLGSVAKHLLPHVVPVIAEKL,GLLGVLGSVAKHVLPHVVPVIAEHL,4,0.84,104.0,1.7068679728656286,0.8910856852275617,0.3192855326722603,0.91266666668,0.4541666667499999,4,"(3, F, L)|(4, S, G)|(13, L, V)|(24, K, H)",test
2594,GLFSVLGSVAKHLLPHVVPVIAEKL,GLLSVLGSVAKHVLPHVVPVIAEKL,5.33981077,4.410967354,0.9288434159999994,GLFSVLGSVAKHLLPHVVPVIAEKL,GLLSVLGSVAKHVLPHVVPVIAEKL,2,0.92,114.0,1.8517145549708809,0.9488888888888888,0.3611111111111111,0.963,0.5375,2,"(3, F, L)|(13, L, V)",test
2599,GLFSVLGSVAKHLLPHVVPVIAEKL,GLLSSLGSVAKHVLPHVVPVIAEHL,5.33981077,4.41499072,0.92482005,GLFSVLGSVAKHLLPHVVPVIAEKL,GLLSSLGSVAKHVLPHVVPVIAEHL,4,0.84,102.0,1.677898656444578,0.8929995608256478,0.3312472551602986,0.90466666668,0.40416666675,4,"(3, F, L)|(5, V, S)|(13, L, V)|(24, K, H)",test
2602,GLFSVLGSVAKHVVPRVVPVIAEHL,GLLSVLGSVAKHVLPHVVPVIAEHL,4.0,5.759326182,-1.7593261819999997,GLFSVLGSVAKHVVPRVVPVIAEHL,GLLSVLGSVAKHVLPHVVPVIAEHL,3,0.88,109.0,1.7792912639182543,0.9171907756813416,0.3099231306778476,0.93855555556,0.4879629629999999,3,"(3, F, L)|(14, V, L)|(16, R, H)",test
2603,GLFSVLGSVAKHVVPRVVPVIAEHL,GLLSVLGSVVKHVIPHVVPVIAEHL,4.0,5.019027363,-1.0190273630000002,GLFSVLGSVAKHVVPRVVPVIAEHL,GLLSVLGSVVKHVIPHVVPVIAEHL,4,0.84,107.0,1.7503219474972045,0.9049230859967722,0.4057692874798265,0.92855555556,0.55347222225,4,"(3, F, L)|(10, A, V)|(14, V, I)|(16, R, H)",test
2604,GLFSVLGSVAKHVVPRVVPVIAEHL,GLLSVLGSVAKHVLGHVVPVIAEHL,4.0,5.007753,-1.007753,GLFSVLGSVAKHVVPRVVPVIAEHL,GLLSVLGSVAKHVLGHVVPVIAEHL,4,0.84,100.0,1.648929340023528,0.8831167016072676,0.2694793850454228,0.9061919192,0.413699495,4,"(3, F, L)|(14, V, L)|(15, P, G)|(16, R, H)",test
2607,GLFSVLGSVAKHVVPRVVPVIAEHL,GLLSVLGSVAQHVLPHVVPVIAEHL,4.0,5.638272164,-1.638272164,GLFSVLGSVAKHVVPRVVPVIAEHL,GLLSVLGSVAQHVLPHVVPVIAEHL,4,0.84,105.0,1.7213526310761538,0.8929483514389175,0.3309271964932342,0.9207777778,0.50486111125,4,"(3, F, L)|(11, K, Q)|(14, V, L)|(16, R, H)",test
2638,GLKALKKVFKGIHKAIKLINNHVQ,GLNALKKVFQGIHKAIKKINNHVQ,4.301029996,5.22184875,-0.9208187540000008,GLKALKKVFKGIHKAIKLINNHVQ,GLNALKKVFQGIHKAIKKINNHVQ,3,0.875,106.0,1.808163843006957,0.9205220043173672,0.3641760345389377,0.9255787037083332,0.4046296296666666,3,"(3, K, N)|(10, K, Q)|(18, L, K)",test
2650,GLKALKKVFQGIHEAIKLINNHVQ,GLNALKKVFQGIHKAIKKINNHVQ,4.096910013,5.22184875,-1.1249387370000008,GLKALKKVFQGIHEAIKLINNHVQ,GLNALKKVFQGIHKAIKKINNHVQ,3,0.875,106.0,1.808163843006957,0.9210349462365592,0.3682795698924732,0.9255787037083332,0.4046296296666666,3,"(3, K, N)|(14, E, K)|(18, L, K)",test
2662,GLKALKKVFQGIHKAIKLINNHVQ,GLNALKKVFQGIHKAIKKINNHVQ,4.397940009,5.22184875,-0.8239087410000003,GLKALKKVFQGIHKAIKLINNHVQ,GLNALKKVFQGIHKAIKKINNHVQ,2,0.9166666666666666,110.0,1.868516585550812,0.9457745295698924,0.3492943548387097,0.9440972222083334,0.3291666665,2,"(3, K, N)|(18, L, K)",test
2677,GLLARIKTLL,GLLKKIKTLL,4.593204708,3.575502261,1.017702447,GLLARIKTLL,GLLKKIKTLL,2,0.8,37.0,1.8409896819011016,0.8695970695970695,0.3479853479853479,0.9020833334,0.510416667,2,"(4, A, K)|(5, R, K)",test
2691,GLLGKLLKIAAKVGSNLL,GLLGPLLKIAKKVGSNLL,5.522878745,4.602059991,0.920818754,GLLGKLLKIAAKVGSNLL,GLLGPLLKIAKKVGSNLL,2,0.8888888888888888,72.0,1.72688737517892,0.9101819589624468,0.1916376306620208,0.9253998316666668,0.328598485,2,"(5, K, P)|(11, A, K)",test
2692,GLLGKLLKIAAKVGSNLL,GLLGPLLKIAAKVGSNLL,5.522878745,4.164309429,1.3585693159999996,GLLGKLLKIAAKVGSNLL,GLLGPLLKIAAKVGSNLL,1,0.9444444444444444,77.0,1.8274752794186784,0.9498644986449865,0.0975609756097561,0.9612794612777776,0.303030303,1,"(5, K, P)",test
2695,GLLGPLLKIAAKVGKNLL,GLLGPLLKIAAKVGSNLL,5.522878745,4.164309429,1.3585693159999996,GLLGPLLKIAAKVGKNLL,GLLGPLLKIAAKVGSNLL,1,0.9444444444444444,81.0,1.9079456028104849,0.9662698412698412,0.3928571428571428,0.9706790123333332,0.472222222,1,"(15, K, S)",test
2696,GLLGPLLKIAAKVGKNLL,GLLGPLLKIAKKVGSNLL,5.522878745,4.602059991,0.920818754,GLLGPLLKIAAKVGKNLL,GLLGPLLKIAKKVGSNLL,2,0.8888888888888888,76.0,1.8073576985707267,0.9265873015873016,0.3392857142857142,0.9347993827222224,0.4131944445,2,"(11, A, K)|(15, K, S)",test
2698,GLLGPLLKIAAKVGSKLL,GLLGPLLKIAKKVGSNLL,5.522878745,4.602059991,0.920818754,GLLGPLLKIAAKVGSKLL,GLLGPLLKIAKKVGSNLL,2,0.8888888888888888,74.0,1.7671225368748231,0.9244751664106504,0.3202764976958525,0.9320216049444444,0.3881944444999999,2,"(11, A, K)|(16, K, N)",test
2699,GLLGPLLKIAAKVGSKLL,GLLGPLLKIAAKVGSNLL,5.522878745,4.164309429,1.3585693159999996,GLLGPLLKIAAKVGSKLL,GLLGPLLKIAAKVGSNLL,1,0.9444444444444444,79.0,1.8677104411145813,0.96415770609319,0.3548387096774194,0.9679012345555555,0.422222222,1,"(16, K, N)",test
2701,GLLGPLLKIAAKVGSNLL,GLLKPLLKIAAKVGSNLL,4.164309429,5.22184875,-1.057539321,GLLGPLLKIAAKVGSNLL,GLLKPLLKIAAKVGSNLL,1,0.9444444444444444,77.0,1.8274752794186784,0.9588477366255144,0.2592592592592592,0.9561728395,0.211111111,1,"(4, G, K)",test
2704,GLLGPLLKIAAKVGSNLL,KLLGPLLKIAAKVGSNLL,4.164309429,4.903089987,-0.7387805580000002,GLLGPLLKIAAKVGSNLL,KLLGPLLKIAAKVGSNLL,1,0.9444444444444444,79.0,1.8677104411145813,0.9588477366255144,0.2592592592592592,0.9561728395,0.211111111,1,"(1, G, K)",test
2708,GLLGVLGSVAKHVLPHVVPVIAEHL,GLLSVLGSVAKHVLPHVVPVIAEHL,4.407402548,5.759326182,-1.3519236339999994,GLLGVLGSVAKHVLPHVVPVIAEHL,GLLSVLGSVAKHVLPHVVPVIAEHL,1,0.96,120.0,1.938622504234032,0.9726315789473684,0.3157894736842105,0.978,0.45,1,"(4, G, S)",test
2709,GLLGVLGSVAKHVLPHVVPVIAEHL,GLLSVLGSVAQHVLPHVVPVIAEHL,4.407402548,5.638272164,-1.2308696159999997,GLLGVLGSVAKHVLPHVVPVIAEHL,GLLSVLGSVAQHVLPHVVPVIAEHL,2,0.92,116.0,1.8806838713919307,0.948389154704944,0.3548644338118022,0.96022222224,0.502777778,2,"(4, G, S)|(11, K, Q)",test
2712,GLLKAIKTLL,GLLKNIKTLL,5.029132464,4.207414115,0.8217183490000002,GLLKAIKTLL,GLLKNIKTLL,1,0.9,39.0,1.9134129729537277,0.9363636363636364,0.3636363636363636,0.9225,0.225,1,"(5, A, N)",test
2713,GLLKAIKTLL,GLLKLIKTLL,5.029132464,5.744864115,-0.7157316510000005,GLLKAIKTLL,GLLKLIKTLL,1,0.9,40.0,1.9496246184800403,0.9476190476190476,0.4761904761904761,0.9375,0.375,1,"(5, A, L)",test
2716,GLLKAIKTLL,GLLKFIKTLL,5.029132464,5.75795634,-0.7288238759999999,GLLKAIKTLL,GLLKFIKTLL,1,0.9,39.0,1.9134129729537277,0.925,0.25,0.9225,0.225,1,"(5, A, F)",test
2720,GLLKAIKTLL,GLLKKIKTLL,5.029132464,3.575502261,1.453630203,GLLKAIKTLL,GLLKKIKTLL,1,0.9,40.0,1.9496246184800403,0.9285714285714284,0.2857142857142857,0.9354166667,0.354166667,1,"(5, A, K)",test
2724,GLLKFIKTLL,GLLKKIKTLL,5.75795634,3.575502261,2.182454079,GLLKFIKTLL,GLLKKIKTLL,1,0.9,38.0,1.8772013274274149,0.9268292682926832,0.2682926829268293,0.9105555556,0.105555556,1,"(5, F, K)",test
2726,GLLKFIKTLL,GLLKNIKTLL,5.75795634,4.207414115,1.550542225,GLLKFIKTLL,GLLKNIKTLL,1,0.9,38.0,1.8772013274274149,0.9314285714285712,0.3142857142857143,0.91,0.1,1,"(5, F, N)",test
2737,GLLKKIKKLL,GLLKKIKWLL,3.591760035,4.54668166,-0.954921625,GLLKKIKKLL,GLLKKIKWLL,1,0.9,38.0,1.8772013274274149,0.9196428571428572,0.1964285714285714,0.9088888889,0.088888889,1,"(8, K, W)",test
2740,GLLKKIKKLL,GLLKRIKNLL,3.591760035,4.988070993,-1.396310958,GLLKKIKKLL,GLLKRIKNLL,2,0.8,38.0,1.8772013274274149,0.8765095119933829,0.3825475599669148,0.9088888889,0.5444444445,2,"(5, K, R)|(8, K, N)",test
2742,GLLKKIKKLL,GLLKWIKKLL,3.591760035,5.602059991,-2.010299956,GLLKKIKKLL,GLLKWIKKLL,1,0.9,38.0,1.8772013274274149,0.9196428571428572,0.1964285714285714,0.9088888889,0.088888889,1,"(5, K, W)",test
2745,GLLKKIKKLL,GLLKRIKALL,3.591760035,5.147855105,-1.5560950699999996,GLLKKIKKLL,GLLKRIKALL,2,0.8,37.0,1.8409896819011016,0.8695970695970697,0.3479853479853479,0.9020833334,0.510416667,2,"(5, K, R)|(8, K, A)",test
2750,GLLKKIKTLL,GLLKLIKTLL,3.575502261,5.744864115,-2.1693618540000004,GLLKKIKTLL,GLLKLIKTLL,1,0.9,39.0,1.9134129729537277,0.934375,0.34375,0.9236111111,0.236111111,1,"(5, K, L)",test
2752,GLLKKIKTLL,GLLKRIKNLL,3.575502261,4.988070993,-1.412568732,GLLKKIKTLL,GLLKRIKNLL,2,0.8,38.0,1.8772013274274149,0.8717948717948719,0.3589743589743589,0.9088888889,0.5444444445,2,"(5, K, R)|(8, T, N)",test
2753,GLLKKIKTLL,GLLKKIKWLL,3.575502261,4.54668166,-0.971179399,GLLKKIKTLL,GLLKKIKWLL,1,0.9,39.0,1.9134129729537277,0.915686274509804,0.1568627450980392,0.9177777778,0.177777778,1,"(8, T, W)",test
2754,GLLKKIKTLL,GLLKRIKTAL,3.575502261,4.554902839,-0.9794005780000004,GLLKKIKTLL,GLLKRIKTAL,2,0.8,38.0,1.8772013274274149,0.8886446886446887,0.4432234432234431,0.9041666667,0.5208333334999999,2,"(5, K, R)|(9, L, A)",test
2758,GLLKKIKTLL,GLLKRIKLLL,3.575502261,5.221802526,-1.6463002650000005,GLLKKIKTLL,GLLKRIKLLL,2,0.8,37.0,1.8409896819011016,0.8810256410256411,0.4051282051282051,0.9020833334,0.510416667,2,"(5, K, R)|(8, T, L)",test
2759,GLLKKIKTLL,GLLKRAKTLL,3.575502261,4.433480676,-0.8579784150000003,GLLKKIKTLL,GLLKRAKTLL,2,0.8,38.0,1.8772013274274149,0.8864801864801866,0.4324009324009323,0.9041666667,0.5208333334999999,2,"(5, K, R)|(6, I, A)",test
2760,GLLKKIKTLL,GLLKRIKILL,3.575502261,4.92077253,-1.3452702689999998,GLLKKIKTLL,GLLKRIKILL,2,0.8,37.0,1.8409896819011016,0.8910256410256411,0.455128205128205,0.9020833334,0.510416667,2,"(5, K, R)|(8, T, I)",test
2761,GLLKKIKTLL,GLLKRIKALL,3.575502261,5.147855105,-1.5723528439999996,GLLKKIKTLL,GLLKRIKALL,2,0.8,38.0,1.8772013274274149,0.8965811965811966,0.4829059829059828,0.9138888889,0.5694444445,2,"(5, K, R)|(8, T, A)",test
2763,GLLKKIKTLL,GLLKVIKTLL,3.575502261,5.563257196,-1.9877549350000003,GLLKKIKTLL,GLLKVIKTLL,1,0.9,39.0,1.9134129729537277,0.9258064516129032,0.2580645161290322,0.9236111111,0.236111111,1,"(5, K, V)",test
2764,GLLKKIKTLL,GLLKWIKTLL,3.575502261,5.252259775,-1.6767575139999995,GLLKKIKTLL,GLLKWIKTLL,1,0.9,38.0,1.8772013274274149,0.9196428571428572,0.1964285714285714,0.9088888889,0.088888889,1,"(5, K, W)",test
2765,GLLKKIKTLL,GLLKRIKVLL,3.575502261,4.719224245,-1.1437219840000004,GLLKKIKTLL,GLLKRIKVLL,2,0.8,38.0,1.8772013274274149,0.9041835357624832,0.5209176788124156,0.9138888889,0.5694444445,2,"(5, K, R)|(8, T, V)",test
2775,GLLKKIKWLL,GLLKRIKWLL,4.54668166,5.491219754,-0.9445380940000004,GLLKKIKWLL,GLLKRIKWLL,1,0.9,49.0,2.275529428216857,0.941025641025641,0.4102564102564102,0.9666666667,0.666666667,1,"(5, K, R)",test
2780,GLLKLIKTLL,GLLKNIKTLL,5.744864115,4.207414115,1.5374500000000006,GLLKLIKTLL,GLLKNIKTLL,1,0.9,38.0,1.8772013274274149,0.948,0.48,0.91125,0.1125,1,"(5, L, N)",test
2785,GLLKLIKTLL,GLLKVIKVLL,5.744864115,4.893468964,0.8513951510000002,GLLKLIKTLL,GLLKVIKVLL,2,0.8,37.0,1.8409896819011016,0.9048245614035088,0.5241228070175439,0.9097222222,0.548611111,2,"(5, L, V)|(8, T, V)",test
2792,GLLKNIKTLL,GLLKWIKTLL,4.207414115,5.252259775,-1.04484566,GLLKNIKTLL,GLLKWIKTLL,1,0.9,37.0,1.8409896819011016,0.9244897959183674,0.2448979591836734,0.9,0.0,1,"(5, N, W)",test
2797,GLLKNIKTLL,GLLKVIKTLL,4.207414115,5.563257196,-1.3558430810000006,GLLKNIKTLL,GLLKVIKTLL,1,0.9,38.0,1.8772013274274149,0.932,0.32,0.91125,0.1125,1,"(5, N, V)",test
2809,GLLKRIKALL,GLLKRIKKLL,5.147855105,3.885669791,1.2621853139999994,GLLKRIKALL,GLLKRIKKLL,1,0.9,40.0,1.9496246184800403,0.9285714285714284,0.2857142857142857,0.9354166667,0.354166667,1,"(8, A, K)",test
2816,GLLKRIKFLL,GLLKRIKKLL,5.176293412,3.885669791,1.2906236209999995,GLLKRIKFLL,GLLKRIKKLL,1,0.9,38.0,1.8772013274274149,0.9268292682926832,0.2682926829268293,0.9105555556,0.105555556,1,"(8, F, K)",test
2820,GLLKRIKILL,GLLKRIKKLL,4.92077253,3.885669791,1.0351027389999996,GLLKRIKILL,GLLKRIKKLL,1,0.9,38.0,1.8772013274274149,0.9257142857142856,0.2571428571428571,0.9118055556,0.118055556,1,"(8, I, K)",test
2824,GLLKRIKKLL,GLLKRIKLLL,3.885669791,5.221802526,-1.336132735,GLLKRIKKLL,GLLKRIKLLL,1,0.9,39.0,1.9134129729537277,0.934375,0.34375,0.9236111111,0.236111111,1,"(8, K, L)",test
2826,GLLKRIKKLL,GLLKRIKVLL,3.885669791,4.719224245,-0.8335544540000002,GLLKRIKKLL,GLLKRIKVLL,1,0.9,39.0,1.9134129729537277,0.9258064516129032,0.2580645161290322,0.9236111111,0.236111111,1,"(8, K, V)",test
2827,GLLKRIKKLL,GLLKRIKWLL,3.885669791,5.491219754,-1.605549963,GLLKRIKKLL,GLLKRIKWLL,1,0.9,38.0,1.8772013274274149,0.9196428571428572,0.1964285714285714,0.9088888889,0.088888889,1,"(8, K, W)",test
2828,GLLKRIKKLL,GLLKWIKKLL,3.885669791,5.602059991,-1.7163901999999998,GLLKRIKKLL,GLLKWIKKLL,1,0.9,38.0,1.8772013274274149,0.9193548387096774,0.1935483870967742,0.9088888889,0.088888889,1,"(5, R, W)",test
2829,GLLKRIKKLL,GLLKRIKNLL,3.885669791,4.988070993,-1.1024012019999998,GLLKRIKKLL,GLLKRIKNLL,1,0.9,41.0,1.9858362640063536,0.935483870967742,0.3548387096774194,0.9422222222,0.422222222,1,"(8, K, N)",test
2830,GLLKRIKKLL,KLLKRIKKLL,3.885669791,4.650681488,-0.7650116969999998,GLLKRIKKLL,KLLKRIKKLL,1,0.9,40.0,1.9496246184800403,0.925925925925926,0.2592592592592592,0.9211111111,0.211111111,1,"(1, G, K)",test
2844,GLLKRIKVLL,GLLKRIKWLL,4.719224245,5.491219754,-0.7719955089999999,GLLKRIKVLL,GLLKRIKWLL,1,0.9,38.0,1.8772013274274149,0.916,0.16,0.9095833333,0.095833333,1,"(8, V, W)",test
2853,GLLSSLGSVAKHVLPHVVPVIAEHL,GLLSVLGSVAQHVLPHVVPVIAEHL,4.41499072,5.638272164,-1.2232814440000004,GLLSSLGSVAKHVLPHVVPVIAEHL,GLLSVLGSVAQHVLPHVVPVIAEHL,2,0.92,114.0,1.8517145549708809,0.9503030303030304,0.3787878787878788,0.95222222224,0.402777778,2,"(5, S, V)|(11, K, Q)",test
2854,GLLSSLGSVAKHVLPHVVPVIAEHL,GLLSVLGSVAKHVLPHVVPVIAEHL,4.41499072,5.759326182,-1.344335462,GLLSSLGSVAKHVLPHVVPVIAEHL,GLLSVLGSVAKHVLPHVVPVIAEHL,1,0.96,118.0,1.9096531878129808,0.9745454545454544,0.3636363636363636,0.97,0.25,1,"(5, S, V)",test
2855,GLLSSLSSVAKHVLPHVVPVIAEHL,GLLSVLGSVAKHVLPHVVPVIAEHL,4.415485313,5.759326182,-1.343840869,GLLSSLSSVAKHVLPHVVPVIAEHL,GLLSVLGSVAKHVLPHVVPVIAEHL,2,0.92,112.0,1.8227452385498304,0.9471770334928228,0.3397129186602871,0.948,0.35,2,"(5, S, V)|(7, S, G)",test
2856,GLLSSLSSVAKHVLPHVVPVIAEHL,GLLSVLGSVAQHVLPHVVPVIAEHL,4.415485313,5.638272164,-1.2227868510000004,GLLSSLSSVAKHVLPHVVPVIAEHL,GLLSVLGSVAQHVLPHVVPVIAEHL,3,0.88,108.0,1.7648066057077292,0.9229346092503988,0.3577884104199893,0.9302222222399998,0.4185185186666667,3,"(5, S, V)|(7, S, G)|(11, K, Q)",test
2860,GLLSVLGSVAKHVLAHVVAVIAEHL,GLLSVLGSVAQHVLPHVVPVIAEHL,4.403638602,5.638272164,-1.234633562,GLLSVLGSVAKHVLAHVVAVIAEHL,GLLSVLGSVAQHVLPHVVPVIAEHL,3,0.88,104.0,1.7068679728656286,0.9067920585161964,0.223267154301637,0.92813131312,0.4010942759999999,3,"(11, K, Q)|(15, A, P)|(19, A, P)",test
2861,GLLSVLGSVAKHVLAHVVAVIAEHL,GLLSVLGSVAKHVLPHVVPVIAEHL,4.403638602,5.759326182,-1.3556875799999997,GLLSVLGSVAKHVLAHVVAVIAEHL,GLLSVLGSVAKHVLPHVVPVIAEHL,2,0.92,108.0,1.7648066057077292,0.9310344827586208,0.1379310344827586,0.94590909088,0.323863636,2,"(15, A, P)|(19, A, P)",test
2865,GLLSVLGSVAKHVLGHVVPVIAEHL,GLLSVLGSVAKHVLPHVVPVIAEHL,5.007753,5.759326182,-0.7515731819999996,GLLSVLGSVAKHVLGHVVPVIAEHL,GLLSVLGSVAKHVLPHVVPVIAEHL,1,0.96,115.0,1.8661992131814056,0.965925925925926,0.1481481481481481,0.96763636364,0.190909091,1,"(15, G, P)",test
2866,GLLSVLGSVAKHVLPHVVPVIAEHL,GLLSVLGSVVKHVIPHVVPVIAEHL,5.759326182,5.019027363,0.7402988189999995,GLLSVLGSVAKHVLPHVVPVIAEHL,GLLSVLGSVVKHVIPHVVPVIAEHL,2,0.92,118.0,1.9096531878129808,0.9592436974789916,0.4905462184873949,0.97,0.625,2,"(10, A, V)|(14, L, I)",test
2867,GLLSVLGSVAKHVLPHVVPVIAEHL,GLLSVLGSVAKHVLPHVVPVIAEKL,5.759326182,4.410967354,1.3483588279999994,GLLSVLGSVAKHVLPHVVPVIAEHL,GLLSVLGSVAKHVLPHVVPVIAEKL,1,0.96,115.0,1.8661992131814056,0.9695652173913044,0.2391304347826087,0.97166666668,0.291666667,1,"(24, H, K)",test
2869,GLLSVLGSVAKHVLPHVVPVIAEKL,GLLSVLGSVAQHVLPHVVPVIAEHL,4.410967354,5.638272164,-1.2273048099999997,GLLSVLGSVAKHVLPHVVPVIAEKL,GLLSVLGSVAQHVLPHVVPVIAEHL,2,0.92,111.0,1.808260580339305,0.94532279314888,0.3165349143610013,0.95388888892,0.4236111114999999,2,"(11, K, Q)|(24, K, H)",test
2871,GLNAFKKVFQGIHEAIKLINNHVQ,GLNALKKVFQGIHKAIKKINNHVQ,3.795880017,5.22184875,-1.4259687330000004,GLNAFKKVFQGIHEAIKLINNHVQ,GLNALKKVFQGIHKAIKKINNHVQ,3,0.875,108.0,1.8383402142788847,0.9189814814814816,0.3518518518518518,0.926736111125,0.413888889,3,"(5, F, L)|(14, E, K)|(18, L, K)",test
2873,GLNAFKKVFQGIHEAIKLINNHVQ,GLNALKKVFQGIHEAIKLINNHVQ,3.795880017,4.494850022,-0.6989700049999996,GLNAFKKVFQGIHEAIKLINNHVQ,GLNALKKVFQGIHEAIKLINNHVQ,1,0.9583333333333334,118.0,1.9892220706385224,0.9710648148148148,0.3055555555555556,0.9770833333333332,0.45,1,"(5, F, L)",test
2877,GLNAFKKVFQGIHEAIKLINNHVQ,GLNALKKVFQPIHEAIKLINNHVQ,3.795880017,4.494850022,-0.6989700049999996,GLNAFKKVFQGIHEAIKLINNHVQ,GLNALKKVFQPIHEAIKLINNHVQ,2,0.9166666666666666,110.0,1.868516585550812,0.9355709876543208,0.2268518518518518,0.943371212125,0.3204545455,2,"(5, F, L)|(11, G, P)",test
2879,GLNAFKKVFQGIHEAIKLINNHVQ,GLNALKKVFQGIHEAIKKINNHVQ,3.795880017,4.698970004,-0.9030899870000004,GLNAFKKVFQGIHEAIKLINNHVQ,GLNALKKVFQGIHEAIKKINNHVQ,2,0.9166666666666666,112.0,1.89869295682274,0.9437210648148148,0.3246527777777778,0.945254629625,0.3430555555,2,"(5, F, L)|(18, L, K)",test
2883,GLNALKKFFQGIHEAIKLINNHVQ,GLNALKKVFQGIHEAIKKINNHVQ,3.795880017,4.698970004,-0.9030899870000004,GLNALKKFFQGIHEAIKLINNHVQ,GLNALKKVFQGIHEAIKKINNHVQ,2,0.9166666666666666,111.0,1.883604771186776,0.9405133928571427,0.2861607142857142,0.940567129625,0.2868055555,2,"(8, F, V)|(18, L, K)",test
2885,GLNALKKFFQGIHEAIKLINNHVQ,GLNALKKVFQGIHEAIKLINNHVQ,3.795880017,4.494850022,-0.6989700049999996,GLNALKKFFQGIHEAIKLINNHVQ,GLNALKKVFQGIHEAIKLINNHVQ,1,0.9583333333333334,117.0,1.9741338850025585,0.9678571428571427,0.2285714285714285,0.9723958333333332,0.3375,1,"(8, F, V)",test
2889,GLNALKKFFQGIHEAIKLINNHVQ,GLNALKKVFQGIHKAIKKINNHVQ,3.795880017,5.22184875,-1.4259687330000004,GLNALKKFFQGIHEAIKLINNHVQ,GLNALKKVFQGIHKAIKKINNHVQ,3,0.875,107.0,1.823252028642921,0.9157738095238096,0.3261904761904762,0.922048611125,0.376388889,3,"(8, F, V)|(14, E, K)|(18, L, K)",test
2890,GLNALKKFFQGIHEAIKLINNHVQ,GLNALKKVFQPIHEAIKLINNHVQ,3.795880017,4.494850022,-0.6989700049999996,GLNALKKFFQGIHEAIKLINNHVQ,GLNALKKVFQPIHEAIKLINNHVQ,2,0.9166666666666666,109.0,1.8534283999148489,0.932363315696649,0.1883597883597883,0.938683712125,0.2642045455,2,"(8, F, V)|(11, G, P)",test
2893,GLNALKKVFKGIHEAIKLINNHVQ,GLNALKKVFQGIHKAIKKINNHVQ,4.096910013,5.22184875,-1.1249387370000008,GLNALKKVFKGIHEAIKLINNHVQ,GLNALKKVFQGIHKAIKKINNHVQ,3,0.875,108.0,1.8383402142788847,0.9226641414141414,0.3813131313131313,0.9311342592916666,0.4490740743333333,3,"(10, K, Q)|(14, E, K)|(18, L, K)",test
2900,GLNALKKVFQGFHEAIKLINNHVQ,GLNALKKVFQGIHEAIKLINNHVQ,3.795880017,4.494850022,-0.6989700049999996,GLNALKKVFQGFHEAIKLINNHVQ,GLNALKKVFQGIHEAIKLINNHVQ,1,0.9583333333333334,118.0,1.9892220706385224,0.967948717948718,0.2307692307692307,0.9770833333333332,0.45,1,"(12, F, I)",test
2902,GLNALKKVFQGFHEAIKLINNHVQ,GLNALKKVFQGIHEAIKKINNHVQ,3.795880017,4.698970004,-0.9030899870000004,GLNALKKVFQGFHEAIKLINNHVQ,GLNALKKVFQGIHEAIKKINNHVQ,2,0.9166666666666666,112.0,1.89869295682274,0.940604967948718,0.2872596153846153,0.945254629625,0.3430555555,2,"(12, F, I)|(18, L, K)",test
2903,GLNALKKVFQGFHEAIKLINNHVQ,GLNALKKVFQGIHKAIKKINNHVQ,3.795880017,5.22184875,-1.4259687330000004,GLNALKKVFQGFHEAIKLINNHVQ,GLNALKKVFQGIHKAIKKINNHVQ,3,0.875,108.0,1.8383402142788847,0.9158653846153846,0.3269230769230769,0.926736111125,0.413888889,3,"(12, F, I)|(14, E, K)|(18, L, K)",test
2908,GLNALKKVFQGFHEAIKLINNHVQ,GLNALKKVFQPIHEAIKLINNHVQ,3.795880017,4.494850022,-0.6989700049999996,GLNALKKVFQGFHEAIKLINNHVQ,GLNALKKVFQPIHEAIKLINNHVQ,2,0.9166666666666666,110.0,1.868516585550812,0.932454890788224,0.1894586894586894,0.943371212125,0.3204545455,2,"(11, G, P)|(12, F, I)",test
2911,GLNALKKVFQGIHEAFKLINNHVQ,GLNALKKVFQGIHEAIKLINNHVQ,3.795880017,4.494850022,-0.6989700049999996,GLNALKKVFQGIHEAFKLINNHVQ,GLNALKKVFQGIHEAIKLINNHVQ,1,0.9583333333333334,118.0,1.9892220706385224,0.967948717948718,0.2307692307692307,0.9770833333333332,0.45,1,"(16, F, I)",test
2915,GLNALKKVFQGIHEAFKLINNHVQ,GLNALKKVFQGIHEAIKKINNHVQ,3.795880017,4.698970004,-0.9030899870000004,GLNALKKVFQGIHEAFKLINNHVQ,GLNALKKVFQGIHEAIKKINNHVQ,2,0.9166666666666666,112.0,1.89869295682274,0.940604967948718,0.2872596153846153,0.945254629625,0.3430555555,2,"(16, F, I)|(18, L, K)",test
2916,GLNALKKVFQGIHEAFKLINNHVQ,GLNALKKVFQPIHEAIKLINNHVQ,3.795880017,4.494850022,-0.6989700049999996,GLNALKKVFQGIHEAFKLINNHVQ,GLNALKKVFQPIHEAIKLINNHVQ,2,0.9166666666666666,110.0,1.868516585550812,0.932454890788224,0.1894586894586894,0.943371212125,0.3204545455,2,"(11, G, P)|(16, F, I)",test
2917,GLNALKKVFQGIHEAFKLINNHVQ,GLNALKKVFQGIHKAIKKINNHVQ,3.795880017,5.22184875,-1.4259687330000004,GLNALKKVFQGIHEAFKLINNHVQ,GLNALKKVFQGIHKAIKKINNHVQ,3,0.875,108.0,1.8383402142788847,0.9158653846153846,0.3269230769230769,0.926736111125,0.413888889,3,"(14, E, K)|(16, F, I)|(18, L, K)",test
2921,GLNALKKVFQGIHEAIKKINNHVQ,GLNALKKVFQGIHEAIKLFNNHVQ,4.698970004,3.795880017,0.9030899870000004,GLNALKKVFQGIHEAIKKINNHVQ,GLNALKKVFQGIHEAIKLFNNHVQ,2,0.9166666666666666,112.0,1.89869295682274,0.940604967948718,0.2872596153846153,0.945254629625,0.3430555555,2,"(18, K, L)|(19, I, F)",test
2924,GLNALKKVFQGIHEAIKLFNNHVQ,GLNALKKVFQGIHEAIKLINNHVQ,3.795880017,4.494850022,-0.6989700049999996,GLNALKKVFQGIHEAIKLFNNHVQ,GLNALKKVFQGIHEAIKLINNHVQ,1,0.9583333333333334,118.0,1.9892220706385224,0.967948717948718,0.2307692307692307,0.9770833333333332,0.45,1,"(19, F, I)",test
2927,GLNALKKVFQGIHEAIKLFNNHVQ,GLNALKKVFQPIHEAIKLINNHVQ,3.795880017,4.494850022,-0.6989700049999996,GLNALKKVFQGIHEAIKLFNNHVQ,GLNALKKVFQPIHEAIKLINNHVQ,2,0.9166666666666666,110.0,1.868516585550812,0.932454890788224,0.1894586894586894,0.943371212125,0.3204545455,2,"(11, G, P)|(19, F, I)",test
2931,GLNALKKVFQGIHEAIKLFNNHVQ,GLNALKKVFQGIHKAIKKINNHVQ,3.795880017,5.22184875,-1.4259687330000004,GLNALKKVFQGIHEAIKLFNNHVQ,GLNALKKVFQGIHKAIKKINNHVQ,3,0.875,108.0,1.8383402142788847,0.9158653846153846,0.3269230769230769,0.926736111125,0.413888889,3,"(14, E, K)|(18, L, K)|(19, F, I)",test
2932,GLNALKKVFQGIHEAIKLINKHVQ,GLNALKKVFQGIHKAIKKINNHVQ,4.096910013,5.22184875,-1.1249387370000008,GLNALKKVFQGIHEAIKLINKHVQ,GLNALKKVFQGIHKAIKKINNHVQ,3,0.875,106.0,1.808163843006957,0.9210349462365592,0.3682795698924732,0.9255787037083332,0.4046296296666666,3,"(14, E, K)|(18, L, K)|(21, K, N)",test
2938,GLNALKKVFQGIHEAIKLINNHVK,GLNALKKVFQGIHKAIKKINNHVQ,4.096910013,5.22184875,-1.1249387370000008,GLNALKKVFQGIHEAIKLINNHVK,GLNALKKVFQGIHKAIKKINNHVQ,3,0.875,108.0,1.8383402142788847,0.9226641414141414,0.3813131313131313,0.9311342592916668,0.4490740743333333,3,"(14, E, K)|(18, L, K)|(24, K, Q)",test
2945,GLNALKKVFQGIHEAIKLINNHVQ,GLNALKKVFQGIHKAIKKINNHVQ,4.494850022,5.22184875,-0.7269987280000008,GLNALKKVFQGIHEAIKLINNHVQ,GLNALKKVFQGIHKAIKKINNHVQ,2,0.9166666666666666,112.0,1.89869295682274,0.9479166666666666,0.375,0.9496527777916668,0.3958333335,2,"(14, E, K)|(18, L, K)",test
2947,GLNALKKVFQGIHKAIKKINNHVQ,GLNALKKVFQPIHEAIKKINNHVQ,5.22184875,4.193820026,1.0280287240000003,GLNALKKVFQGIHKAIKKINNHVQ,GLNALKKVFQPIHEAIKKINNHVQ,2,0.9166666666666666,111.0,1.883604771186776,0.9397665895061728,0.277199074074074,0.9477693602916668,0.3732323234999999,2,"(11, G, P)|(14, K, E)",test
2948,GLNALKKVFQGIHKAIKKINNHVQ,GLNALKKVFQPIHEAIKLINNHVQ,5.22184875,4.494850022,0.7269987280000008,GLNALKKVFQGIHKAIKKINNHVQ,GLNALKKVFQPIHEAIKLINNHVQ,3,0.875,104.0,1.77798747173503,0.9124228395061728,0.2993827160493827,0.9159406565833332,0.3275252526666666,3,"(11, G, P)|(14, K, E)|(18, K, L)",test
2949,GLNALKKVFQGIHKAIKKINNHVQ,GLNALKKVFQPIHKAIKKINNHVQ,5.22184875,4.397940009,0.8239087410000003,GLNALKKVFQGIHKAIKKINNHVQ,GLNALKKVFQPIHKAIKKINNHVQ,1,0.9583333333333334,115.0,1.9439575137306309,0.9645061728395062,0.1481481481481481,0.9662878787916668,0.190909091,1,"(11, G, P)",test
2950,GLNALKKVFQGIHKAIKKINNHVQ,GLNALKKVFQGIHKAIKLINNHVQ,5.22184875,4.397940009,0.8239087410000003,GLNALKKVFQGIHKAIKKINNHVQ,GLNALKKVFQGIHKAIKLINNHVQ,1,0.9583333333333334,116.0,1.9590456993665943,0.97265625,0.34375,0.9681712962916666,0.236111111,1,"(18, K, L)",test
2951,GLNALKKVFQGIHKAIKKINNHVQ,GLNTLKKVFQGLHEAIKLINNHVQ,5.22184875,4.0,1.2218487500000004,GLNALKKVFQGIHKAIKKINNHVQ,GLNTLKKVFQGLHEAIKLINNHVQ,4,0.8333333333333334,106.0,1.808163843006957,0.904100529100529,0.4246031746031746,0.917245370375,0.50347222225,4,"(4, A, T)|(12, I, L)|(14, K, E)|(18, K, L)",test
2962,GLPALISLIKRKRQQ,GLPLLISWIKRKRQQ,5.105472185,6.149984057,-1.0445118720000002,GLPALISLIKRKRQQ,GLPLLISWIKRKRQQ,2,0.8666666666666667,60.0,1.7825716860042,0.9127917833800188,0.34593837535014,0.9044444444666666,0.2833333335,2,"(4, A, L)|(8, L, W)",test
2969,GLPALISSIKRKRQQ,GLPALISWIKRKRQQ,4.647111233,5.505671134,-0.8585599009999996,GLPALISSIKRKRQQ,GLPALISWIKRKRQQ,1,0.9333333333333332,64.0,1.879136074074368,0.948936170212766,0.2340425531914893,0.9397222222,0.095833333,1,"(8, S, W)",test
2988,GLPALISWIKRKRQQ,GLPASISWIKRKRQQ,5.505671134,3.84955979,1.6561113440000002,GLPALISWIKRKRQQ,GLPASISWIKRKRQQ,1,0.9333333333333332,72.0,2.072264850214704,0.965217391304348,0.4782608695652174,0.95,0.25,1,"(5, L, S)",test
2989,GLPALISWIKRKRQQ,GLPALISWSKRKRQQ,5.505671134,4.273448896,1.2322222380000003,GLPALISWIKRKRQQ,GLPALISWSKRKRQQ,1,0.9333333333333332,72.0,2.072264850214704,0.9564102564102565,0.3461538461538461,0.95,0.25,1,"(9, I, S)",test
2990,GLPALISWIKRKRQQ,GSPALISWIKRKRQQ,5.505671134,4.29325729,1.2124138440000003,GLPALISWIKRKRQQ,GSPALISWIKRKRQQ,1,0.9333333333333332,72.0,2.072264850214704,0.9652173913043478,0.4782608695652174,0.95,0.25,1,"(2, L, S)",test
2991,GLPALISWIKRKRQQ,LLPALISWIKRKRQQ,5.505671134,6.225839605,-0.720168471,GLPALISWIKRKRQQ,LLPALISWIKRKRQQ,1,0.9333333333333332,72.0,2.072264850214704,0.9507246376811592,0.2608695652173913,0.9333333333333332,0.0,1,"(1, G, L)",test
2998,GLPALISWSKRKRQQ,GLPALSSWIKRKRQQ,4.273448896,5.083146943,-0.8096980470000004,GLPALISWSKRKRQQ,GLPALSSWIKRKRQQ,2,0.8666666666666667,66.0,1.927418268109452,0.9128205128205128,0.3461538461538461,0.9,0.25,2,"(6, I, S)|(9, S, I)",test
2999,GLPALISWSKRKRQQ,GLPLLISWIKRKRQQ,4.273448896,6.149984057,-1.8765351610000005,GLPALISWSKRKRQQ,GLPLLISWIKRKRQQ,2,0.8666666666666667,67.0,1.951559365126994,0.9214896214896214,0.4111721611721611,0.9083333333333332,0.3125,2,"(4, A, L)|(9, S, I)",test
3001,GLPALISWSKRKRQQ,GLSALISWIKRKRQQ,4.273448896,5.760060859,-1.4866119630000003,GLPALISWSKRKRQQ,GLSALISWIKRKRQQ,2,0.8666666666666667,64.0,1.879136074074368,0.8980769230769231,0.235576923076923,0.9049242424,0.286931818,2,"(3, P, S)|(9, S, I)",test
3003,GLPALSSWIKRKRQQ,GLPLLISWIKRKRQQ,5.083146943,6.149984057,-1.066837114,GLPALSSWIKRKRQQ,GLPLLISWIKRKRQQ,2,0.8666666666666667,67.0,1.951559365126994,0.9214896214896214,0.4111721611721611,0.9083333333333332,0.3125,2,"(4, A, L)|(6, S, I)",test
3005,GLPALSSWIKRKRQQ,GLPASISWIKRKRQQ,5.083146943,3.84955979,1.2335871530000002,GLPALSSWIKRKRQQ,GLPASISWIKRKRQQ,2,0.8666666666666667,66.0,1.927418268109452,0.9216276477146044,0.4122073578595318,0.9,0.25,2,"(5, L, S)|(6, S, I)",test
3006,GLPALSSWIKRKRQQ,GSPALISWIKRKRQQ,5.083146943,4.29325729,0.7898896530000004,GLPALSSWIKRKRQQ,GSPALISWIKRKRQQ,2,0.8666666666666667,66.0,1.927418268109452,0.921627647714604,0.4122073578595318,0.9,0.25,2,"(2, L, S)|(6, S, I)",test
3008,GLPASISWIKRKRQQ,GLPLLISWIKRKRQQ,3.84955979,6.149984057,-2.3004242670000004,GLPASISWIKRKRQQ,GLPLLISWIKRKRQQ,2,0.8666666666666667,67.0,1.951559365126994,0.9302967563837128,0.4772256728778468,0.9083333333333332,0.3125,2,"(4, A, L)|(5, S, L)",test
3009,GLPASISWIKRKRQQ,GLSALISWIKRKRQQ,3.84955979,5.760060859,-1.9105010690000004,GLPASISWIKRKRQQ,GLSALISWIKRKRQQ,2,0.8666666666666667,64.0,1.879136074074368,0.9068840579710143,0.3016304347826087,0.9049242424,0.286931818,2,"(3, P, S)|(5, S, L)",test
3013,GLPLLISWIKRKRQQ,GSPALISWIKRKRQQ,6.149984057,4.29325729,1.8567267670000005,GLPLLISWIKRKRQQ,GSPALISWIKRKRQQ,2,0.8666666666666667,67.0,1.951559365126994,0.9302967563837128,0.4772256728778468,0.9083333333333332,0.3125,2,"(2, L, S)|(4, L, A)",test
3020,GLRKRKRKFRNKKKEKLKKI,GLRKRLRKFRNKIKEKLKKI,4.193820026,5.397940009,-1.204119983,GLRKRKRKFRNKKKEKLKKI,GLRKRLRKFRNKIKEKLKKI,2,0.9,85.0,1.7895743335820626,0.9300446428571428,0.3004464285714285,0.91770833335,0.1770833335,2,"(6, K, L)|(13, K, I)",test
3021,GLRKRLRKARNKIKEKLKKI,GLRKRLRKFRNKIKEKLKKIG,5.096910013,4.319483191,0.7774268219999998,GLRKRLRKARNKIKEKLKKI-,GLRKRLRKFRNKIKEKLKKIG,2,0.9047619047619048,90.0,1.790574711807471,0.9166666666666666,0.125,0.9154761904761906,0.1125,2,"(9, A, F)|(21, -, G)",test
3023,GLRKRLRKARNKIKEKLKKI,GLRKRLRKPRNKPKEKLKKI,5.096910013,4.193820026,0.9030899869999996,GLRKRLRKARNKIKEKLKKI,GLRKRLRKPRNKPKEKLKKI,2,0.9,84.0,1.771468510818906,0.9123019571295432,0.1230195712954333,0.92159090905,0.2159090905,2,"(9, A, P)|(13, I, P)",test
3024,GLRKRLRKFRNKIKEKLKKI,GLRKRLRKPRNKPKEKLKKI,5.397940009,4.193820026,1.204119983,GLRKRLRKFRNKIKEKLKKI,GLRKRLRKPRNKPKEKLKKI,2,0.9,81.0,1.7171510425294365,0.9098498498498498,0.0984984984984984,0.90539772725,0.0539772725,2,"(9, F, P)|(13, I, P)",test
3025,GLRKRLRKFRNKIKEKLKKI,GLRKRLRKFRNKIKEKLKKIG,5.397940009,4.319483191,1.0784568180000005,GLRKRLRKFRNKIKEKLKKI-,GLRKRLRKFRNKIKEKLKKIG,1,0.9523809523809524,98.0,1.9285238376219969,0.9523809523809524,0.0,0.9523809523809524,0.0,1,"(21, -, G)",test
3026,GLSALISWIKRKRQQ,GSPALISWIKRKRQQ,5.760060859,4.29325729,1.4668035690000003,GLSALISWIKRKRQQ,GSPALISWIKRKRQQ,2,0.8666666666666667,64.0,1.879136074074368,0.9068840579710143,0.3016304347826087,0.9049242424,0.286931818,2,"(2, L, S)|(3, S, P)",test
3028,GLVGTLLGHIGKAILG,GLVGTLLGHIGKAILS,3.773265356,4.817615269,-1.044349913,GLVGTLLGHIGKAILG,GLVGTLLGHIGKAILS,1,0.9375,74.0,1.9880128539841764,0.9572368421052632,0.3157894736842105,0.965625,0.45,1,"(16, G, S)",test
3033,GLWSTIKNVGKEAAIAAGKAALGAL,GLWSTIKNVGKEAAIAAGKAVLGSL,5.104577454,6.301029996,-1.1964525419999994,GLWSTIKNVGKEAAIAAGKAALGAL,GLWSTIKNVGKEAAIAAGKAVLGSL,2,0.92,115.0,1.8661992131814056,0.960371517027864,0.5046439628482972,0.965,0.5625,2,"(21, A, V)|(24, A, S)",test
3034,GMAKLLAKVLPHVVKLIK,GMASKLAKVLPHVVKLIK,5.568636236,4.455931956,1.11270428,GMAKLLAKVLPHVVKLIK,GMASKLAKVLPHVVKLIK,2,0.8888888888888888,75.0,1.7872401177227748,0.929811507936508,0.3683035714285714,0.9282407407222222,0.3541666665,2,"(4, K, S)|(5, L, K)",test
3035,GMAKLLAKVLPHVVKLIK,GMASLWAKVLPHVVKLIK,5.568636236,4.765735876,0.8029003599999998,GMAKLLAKVLPHVVKLIK,GMASLWAKVLPHVVKLIK,2,0.8888888888888888,75.0,1.7872401177227748,0.922696856520386,0.3042717086834733,0.9257716049444444,0.3319444445,2,"(4, K, S)|(6, L, W)",test
3047,GMASKLAKVLPHVVKLIK,GMASLLAKVLPKVVKLIK,4.455931956,5.455931956,-1.0,GMASKLAKVLPHVVKLIK,GMASLLAKVLPKVVKLIK,2,0.8888888888888888,70.0,1.6866522134830166,0.9212711352657004,0.2914402173913043,0.9182098765555556,0.263888889,2,"(5, K, L)|(12, H, K)",test
3048,GMASKLAKVLPHVVKLIK,GMASLLAKVLPHVVKLIK,4.455931956,5.431798276,-0.9758663200000006,GMASKLAKVLPHVVKLIK,GMASLLAKVLPHVVKLIK,1,0.9444444444444444,79.0,1.8677104411145813,0.9635416666666666,0.34375,0.9575617283888888,0.236111111,1,"(5, K, L)",test
3054,GMWKKILGHLIR,GMWPKILGHLIR,5.075720714,4.124938737,0.950781977,GMWKKILGHLIR,GMWPKILGHLIR,1,0.9166666666666666,61.0,2.258390978777177,0.9247967479674796,0.0975609756097561,0.9419191919166666,0.303030303,1,"(4, K, P)",test
3066,GMWSKILGHL,GMWSKILGHLI,4.0,4.809668302,-0.8096683020000004,GMWSKILGHL-,GMWSKILGHLI,1,0.9090909090909092,57.0,2.3320205385703283,0.9090909090909092,0.0,0.9090909090909092,0.0,1,"(11, -, I)",test
3068,GMWSKILGHLIK,GMWSKILPHLIR,4.801342913,4.0,0.801342913,GMWSKILGHLIK,GMWSKILPHLIR,2,0.8333333333333334,55.0,2.077332751145613,0.8798670465337133,0.2792022792022791,0.9047979798333332,0.428787879,2,"(8, G, P)|(12, K, R)",test
3070,GMWSKILGHLIK,GMWSKILGPLIR,4.801342913,4.0,0.801342913,GMWSKILGHLIK,GMWSKILGPLIR,2,0.8333333333333334,53.0,2.016980008601758,0.8760247688819117,0.2561486132914704,0.9034090909166664,0.4204545455,2,"(9, H, P)|(12, K, R)",test
3077,GMWSKILGKLIR,GMWSKILGPLIR,5.036212173,4.0,1.036212173,GMWSKILGKLIR,GMWSKILGPLIR,1,0.9166666666666666,57.0,2.137685493689468,0.9247967479674796,0.0975609756097561,0.9419191919166666,0.303030303,1,"(9, K, P)",test
3086,GRFRRLRKKTRKRLKKIGKVLKAI,GRFRRLRKKTRKRLKKIGKVLKLI,3.89279003,5.397940009,-1.505149979,GRFRRLRKKTRKRLKKIGKVLKAI,GRFRRLRKKTRKRLKKIGKVLKLI,1,0.9583333333333334,111.0,1.883604771186776,0.9781746031746033,0.4761904761904761,0.9739583333333334,0.375,1,"(23, A, L)",test
3087,GRFRRLRKKTRKRLKKIGKVLKAI,GRFRRLRKKTRKRLKKIGKVLKWI,3.89279003,5.522878745,-1.630088715,GRFRRLRKKTRKRLKKIGKVLKAI,GRFRRLRKKTRKRLKKIGKVLKWI,1,0.9583333333333334,109.0,1.8534283999148489,0.9654255319148936,0.1702127659574468,0.962326388875,0.095833333,1,"(23, A, W)",test
3089,GRFRRLRKKTRKRLKKIGKVLKKI,GRFRRLRKKTRKRLKKIGKVLKWI,4.318758763,5.522878745,-1.204119982,GRFRRLRKKTRKRLKKIGKVLKKI,GRFRRLRKKTRKRLKKIGKVLKWI,1,0.9583333333333334,109.0,1.8534283999148489,0.9665178571428572,0.1964285714285714,0.9620370370416668,0.088888889,1,"(23, K, W)",test
3090,GRFRRLRKKTRKRLKKIGKVLKKI,GRFRRLRKKTRKRLKKIGKVLKLI,4.318758763,5.397940009,-1.079181246,GRFRRLRKKTRKRLKKIGKVLKKI,GRFRRLRKKTRKRLKKIGKVLKLI,1,0.9583333333333334,110.0,1.868516585550812,0.97265625,0.34375,0.9681712962916666,0.236111111,1,"(23, K, L)",test
3093,GRGKQGGKVRAKAKTRSS,SGRGKQGGKVRAKAKTRSS,4.165128654,5.087962912,-0.922834258,-GRGKQGGKVRAKAKTRSS,SGRGKQGGKVRAKAKTRSS,1,0.9473684210526316,89.0,1.9599974996154612,0.9473684210526316,0.0,0.9473684210526316,0.0,1,"(1, -, S)",test
3168,GVVTDLLKTAGKLLGNLFGSLSG,GVVTDLLNTAGGLLGNLVGSLSG,5.195519811,3.560667306,1.6348525049999996,GVVTDLLKTAGKLLGNLFGSLSG,GVVTDLLNTAGGLLGNLVGSLSG,3,0.8695652173913043,93.0,1.6821051440759256,0.9062030172829612,0.280889799169369,0.911775362304348,0.323611111,3,"(8, K, N)|(12, K, G)|(18, F, V)",test
3169,GVVTDLLKTAGKLLGNLFGSLSG,GVVTDLLKTAGKLLGNLVGSLSG,5.195519811,4.296708622,0.8988111889999999,GVVTDLLKTAGKLLGNLFGSLSG,GVVTDLLKTAGKLLGNLVGSLSG,1,0.9565217391304348,105.0,1.8710354685610369,0.9664596273291924,0.2285714285714285,0.971195652173913,0.3375,1,"(18, F, V)",test
3170,GVVTDLLKTAGKLLGNLVGSLSG,GVVTDLLNTAGGLLGNLVGSLSG,4.296708622,3.560667306,0.7360413159999997,GVVTDLLKTAGKLLGNLVGSLSG,GVVTDLLNTAGGLLGNLVGSLSG,2,0.9130434782608696,98.0,1.7608261126113884,0.9397433899537688,0.3070489844683393,0.9405797101304348,0.3166666664999999,2,"(8, K, N)|(12, K, G)",test
3186,GVVVRVGRVVVRGVRR,GVVVRVGRVVVRWVRR,4.795880017,5.698970004,-0.9030899870000004,GVVVRVGRVVVRGVRR,GVVVRVGRVVVRWVRR,1,0.9375,67.0,1.829586904806557,0.9454787234042552,0.1276595744680851,0.9479166666875,0.166666667,1,"(13, G, W)",test
3194,GVWSTILGGLKKFAKGGLDAIVNPK,GVWTTILGGLKKFAKGGLEALTNPK,5.015164323,4.096910013,0.91825431,GVWSTILGGLKKFAKGGLDAIVNPK,GVWTTILGGLKKFAKGGLEALTNPK,4,0.84,118.0,1.9096531878129808,0.913352025548822,0.4584501596801367,0.93783333332,0.61145833325,4,"(4, S, T)|(19, D, E)|(21, I, L)|(22, V, T)",test
3195,GVWSTILGGLKKFAKGGLDAIVNPK,GVWSTVLGGLKKFAKGGLEAIVNPK,5.015164323,4.159180864,0.855983459,GVWSTILGGLKKFAKGGLDAIVNPK,GVWSTVLGGLKKFAKGGLEAIVNPK,2,0.92,126.0,2.025530453497183,0.9593311036789296,0.4916387959866221,0.98033333332,0.7541666665,2,"(6, I, V)|(19, D, E)",test
3202,GWLDVAKKIGKAAFNVAKNFI,GWLDVAKKIGKAAFNVAKNFL,4.651046452,5.769551079,-1.118504627,GWLDVAKKIGKAAFNVAKNFI,GWLDVAKKIGKAAFNVAKNFL,1,0.9523809523809524,107.0,2.0837166041633384,0.9710884353741496,0.3928571428571428,0.988095238095238,0.75,1,"(21, I, L)",test
3203,HFKGTLVNLAKKIL,HFLGTLVKLAKKIL,3.89279003,5.0,-1.10720997,HFKGTLVNLAKKIL,HFLGTLVKLAKKIL,2,0.8571428571428571,57.0,1.8323018517338292,0.9070420506912444,0.3492943548387097,0.9041666666428572,0.3291666665,2,"(3, K, L)|(8, N, K)",test
3206,HFKGTLVNLAKKIL,NFLGTLVNLAKKIL,3.89279003,4.744727495,-0.8519374650000002,HFKGTLVNLAKKIL,NFLGTLVNLAKKIL,2,0.8571428571428571,56.0,1.806436390643606,0.9013392857142858,0.309375,0.9067460317142856,0.347222222,2,"(1, H, N)|(3, K, L)",test
3213,HFLGKLVNLAKKIL,HFLGTLVNLKKKIL,5.096910013,3.89279003,1.2041199829999996,HFLGKLVNLAKKIL,HFLGTLVNLKKKIL,2,0.8571428571428571,58.0,1.858167312824053,0.8954081632653061,0.2678571428571428,0.90625,0.34375,2,"(5, K, T)|(10, A, K)",test
3214,HFLGKLVNLAKKIL,HFLGTLVNLAKKIL,5.096910013,4.058819963,1.0380900499999992,HFLGKLVNLAKKIL,HFLGTLVNLAKKIL,1,0.9285714285714286,63.0,1.9874946182751707,0.9464285714285714,0.25,0.9523809523571428,0.333333333,1,"(5, K, T)",test
3216,HFLGKLVNLAKKIL,KFLGTLVNLAKKIL,5.096910013,3.89279003,1.2041199829999996,HFLGKLVNLAKKIL,KFLGTLVNLAKKIL,2,0.8571428571428571,55.0,1.7805709295533825,0.892080745341615,0.2445652173913043,0.9017857142857144,0.3125,2,"(1, H, K)|(5, K, T)",test
3219,HFLGTKVNLAKKIL,HFLGTLVKLAKKIL,3.89279003,5.0,-1.10720997,HFLGTKVNLAKKIL,HFLGTLVKLAKKIL,2,0.8571428571428571,57.0,1.8323018517338292,0.9070420506912444,0.3492943548387097,0.9041666666428572,0.3291666665,2,"(6, K, L)|(8, N, K)",test
3222,HFLGTKVNLAKKIL,NFLGTLVNLAKKIL,3.89279003,4.744727495,-0.8519374650000002,HFLGTKVNLAKKIL,NFLGTLVNLAKKIL,2,0.8571428571428571,56.0,1.806436390643606,0.9013392857142858,0.309375,0.9067460317142856,0.347222222,2,"(1, H, N)|(6, K, L)",test
3223,HFLGTLKNLAKKIL,HFLGTLVKLAKKIL,4.167491087,5.0,-0.8325089129999999,HFLGTLKNLAKKIL,HFLGTLVKLAKKIL,2,0.8571428571428571,57.0,1.8323018517338292,0.9009216589861752,0.3064516129032257,0.9041666666428572,0.3291666665,2,"(7, K, V)|(8, N, K)",test
3226,HFLGTLVKLAKKIL,HFLGTLVNLAKKIK,5.0,3.89279003,1.10720997,HFLGTLVKLAKKIL,HFLGTLVNLAKKIK,2,0.8571428571428571,59.0,1.8840327739142764,0.9070420506912444,0.3492943548387097,0.9041666666428572,0.3291666665,2,"(8, K, N)|(14, L, K)",test
3227,HFLGTLVKLAKKIL,HFLGTLVNLAKKIL,5.0,4.058819963,0.9411800369999996,HFLGTLVKLAKKIL,HFLGTLVNLAKKIL,1,0.9285714285714286,63.0,1.9874946182751707,0.9539170506912444,0.3548387096774194,0.9587301587142856,0.422222222,1,"(8, K, N)",test
3228,HFLGTLVKLAKKIL,HFLGTLVNKAKKIL,5.0,3.89279003,1.10720997,HFLGTLVKLAKKIL,HFLGTLVNKAKKIL,2,0.8571428571428571,57.0,1.8323018517338292,0.9070420506912444,0.3492943548387097,0.9041666666428572,0.3291666665,2,"(8, K, N)|(9, L, K)",test
3231,HFLGTLVKLAKKIL,HFLGTLVNLKKKIL,5.0,3.89279003,1.10720997,HFLGTLVKLAKKIL,HFLGTLVNLKKKIL,2,0.8571428571428571,58.0,1.858167312824053,0.9028966425279792,0.3202764976958525,0.9125992063571428,0.3881944444999999,2,"(8, K, N)|(10, A, K)",test
3232,HFLGTLVKLAKKIL,KFLGTLVNLAKKIL,5.0,3.89279003,1.10720997,HFLGTLVKLAKKIL,KFLGTLVNLAKKIL,2,0.8571428571428571,55.0,1.7805709295533825,0.8995692246042877,0.296984572230014,0.9081349206428572,0.3569444444999999,2,"(1, H, K)|(8, K, N)",test
3236,HFLGTLVNKAKKIL,NFLGTLVNLAKKIL,3.89279003,4.744727495,-0.8519374650000002,HFLGTLVNKAKKIL,NFLGTLVNLAKKIL,2,0.8571428571428571,56.0,1.806436390643606,0.9013392857142858,0.309375,0.9067460317142856,0.347222222,2,"(1, H, N)|(9, K, L)",test
3238,HFLGTLVNLAKKIK,NFLGTLVNLAKKIL,3.89279003,4.744727495,-0.8519374650000002,HFLGTLVNLAKKIK,NFLGTLVNLAKKIL,2,0.8571428571428571,58.0,1.858167312824053,0.9013392857142858,0.309375,0.9067460317142856,0.347222222,2,"(1, H, N)|(14, K, L)",test
3240,HFLGTLVNLAKKIL,HFLKTLVNLAKKIL,4.058819963,5.096910013,-1.0380900499999992,HFLGTLVNLAKKIL,HFLKTLVNLAKKIL,1,0.9285714285714286,61.0,1.9357636960947235,0.9470899470899472,0.2592592592592592,0.9436507936428572,0.211111111,1,"(4, G, K)",test
3248,HFLGTLVNLKKKIL,NFLGTLVNLAKKIL,3.89279003,4.744727495,-0.8519374650000002,HFLGTLVNLKKKIL,NFLGTLVNLAKKIL,2,0.8571428571428571,57.0,1.8323018517338292,0.8971938775510205,0.2803571428571428,0.9151785714285714,0.40625,2,"(1, H, N)|(10, K, A)",test
3261,IDWKKLLDAAKQIL,INWKKLLDAAKQIL,4.139471846,5.107905397,-0.9684335509999996,IDWKKLLDAAKQIL,INWKKLLDAAKQIL,1,0.9285714285714286,66.0,2.065091001545841,0.9707792207792209,0.5909090909090909,0.9642857142857144,0.5,1,"(2, D, N)",test
3262,IDWLKLGKMVIDAL,IDWLKLGKMVMDVL,5.698970004,4.667342016,1.0316279880000003,IDWLKLGKMVIDAL,IDWLKLGKMVMDVL,2,0.8571428571428571,65.0,2.039225540455618,0.9201680672268908,0.4411764705882353,0.9350198412857144,0.545138889,2,"(11, I, M)|(13, A, V)",test
3263,IDWLKLGKMVIDAL,INWLKLGKAIIDAL,5.698970004,3.916454329,1.7825156750000004,IDWLKLGKMVIDAL,INWLKLGKAIIDAL,3,0.7857142857142857,60.0,1.9098982350045,0.8889986824769434,0.481993851559069,0.9092261905,0.576388889,3,"(2, D, N)|(9, M, A)|(10, V, I)",test
3268,IFGAIWNGIKSLF,ILGAVWNGVKSLF,4.894915151,4.147263935,0.7476512160000004,IFGAIWNGIKSLF,ILGAVWNGVKSLF,3,0.7692307692307693,62.0,2.112523707737635,0.8730026012634707,0.4496779388083736,0.9384615384615383,0.7333333333333334,3,"(2, F, L)|(5, I, V)|(9, I, V)",test
3286,IIGPVLGLVGSALGGLLKKI,ILGPVLGLDGNALGGLIKKI,5.522878745,4.292564245,1.2303144999999995,IIGPVLGLVGSALGGLLKKI,ILGPVLGLDGNALGGLIKKI,4,0.8,81.0,1.7171510425294365,0.8809523809523808,0.4047619047619047,0.90875,0.54375,4,"(2, I, L)|(9, V, D)|(11, S, N)|(17, L, I)",test
3288,IIGPVLGLVGSALGGLLKKI,ISGPVLGLVGNALGGLIKKI,5.522878745,4.283155218,1.2397235269999998,IIGPVLGLVGSALGGLLKKI,ISGPVLGLVGNALGGLIKKI,3,0.85,84.0,1.771468510818906,0.9119505494505494,0.4130036630036629,0.928125,0.5208333333333334,3,"(2, I, S)|(11, S, N)|(17, L, I)",test
3293,IIGPVLGMVGSALGGLLKKI,ISGPVLGLVGNALGGLIKKI,5.677780705,4.283155218,1.394625487,IIGPVLGMVGSALGGLLKKI,ISGPVLGLVGNALGGLIKKI,4,0.8,82.0,1.7352568652925928,0.8813053881602269,0.4065269408011343,0.91354166665,0.56770833325,4,"(2, I, S)|(8, M, L)|(11, S, N)|(17, L, I)",test
3294,IIPLPLGYFAKKP,IIPLPLGYFAKKT,4.16340354,5.22184875,-1.0584452100000004,IIPLPLGYFAKKP,IIPLPLGYFAKKT,1,0.9230769230769232,63.0,2.140378819680953,0.9324009324009324,0.1212121212121212,0.9463869463846154,0.303030303,1,"(13, P, T)",test
3297,IISTIGKLVKWIIDTV,IISTIGKLVKWIIKTV,4.795880017,5.522878745,-0.7269987279999999,IISTIGKLVKWIIDTV,IISTIGKLVKWIIKTV,1,0.9375,72.0,1.942748297076285,0.9604166666666668,0.3666666666666666,0.9572916666875,0.316666667,1,"(14, D, K)",test
3337,IKPAGKLFKLFK,IKWAGKLFKLFK,3.433672753,5.567868246,-2.134195493,IKPAGKLFKLFK,IKWAGKLFKLFK,1,0.9166666666666666,50.0,1.9264508947859755,0.923728813559322,0.0847457627118644,0.9166666666666666,0.0,1,"(3, P, W)",test
3345,ILGAVWNGVKSLF,ILSAIWSGIKSLF,4.147263935,5.081059721,-0.933795786,ILGAVWNGVKSLF,ILSAIWSGIKSLF,4,0.6923076923076923,55.0,1.917537924134412,0.8353282872733673,0.4648169336384439,0.9048076923076922,0.690625,4,"(3, G, S)|(5, V, I)|(7, N, S)|(9, V, I)",test
3347,ILGKAWEGAKSLF,ILGKIWEGIKSLF,4.152186212,5.284828002,-1.13264179,ILGKAWEGAKSLF,ILGKIWEGIKSLF,2,0.8461538461538461,58.0,2.0011032599643648,0.916083916083916,0.4545454545454545,0.903846153846154,0.375,2,"(5, A, I)|(9, A, I)",test
3350,ILGKIAEGIKSLF,ILGKIWEGIKSLF,4.193820026,5.284828002,-1.0910079760000002,ILGKIAEGIKSLF,ILGKIWEGIKSLF,1,0.9230769230769232,54.0,1.8896828121910936,0.9361702127659576,0.1702127659574468,0.9304487179230768,0.095833333,1,"(6, A, W)",test
3351,ILGKIAEGIKSLF,ILGKILEGIKSLF,4.193820026,5.397940009,-1.204119983,ILGKIAEGIKSLF,ILGKILEGIKSLF,1,0.9230769230769232,56.0,1.9453930360777296,0.9597069597069596,0.4761904761904761,0.9519230769230768,0.375,1,"(6, A, L)",test
3353,ILGKILEGIKSLF,ILGKIWKGIKSLF,5.397940009,4.641185115,0.7567548940000002,ILGKILEGIKSLF,ILGKIWKGIKSLF,2,0.8461538461538461,51.0,1.806117476361141,0.8939950980392156,0.3109681372549019,0.9036324786923076,0.3736111115,2,"(6, L, W)|(7, E, K)",test
3354,ILGKILEGIKSLF,ILGKIWEGIESLF,5.397940009,4.177469316,1.2204706930000002,ILGKILEGIKSLF,ILGKIWEGIESLF,2,0.8461538461538461,51.0,1.806117476361141,0.8939950980392156,0.3109681372549019,0.9036324786923076,0.3736111115,2,"(6, L, W)|(10, K, E)",test
3355,ILGKILEGIKSLF,ILGKVWEGVKSLF,5.397940009,4.169019354,1.2289206550000005,ILGKILEGIKSLF,ILGKVWEGVKSLF,3,0.7692307692307693,53.0,1.8618277002477768,0.8660895796445669,0.419721511793123,0.9185897436153846,0.6472222223333334,3,"(5, I, V)|(6, L, W)|(9, I, V)",test
3361,ILGKIWEGIESLF,ILGKIWEGIKSLF,4.177469316,5.284828002,-1.1073586860000004,ILGKIWEGIESLF,ILGKIWEGIKSLF,1,0.9230769230769232,64.0,2.168233931624271,0.9543269230769232,0.40625,0.9658119658461538,0.555555556,1,"(10, E, K)",test
3364,ILGKIWEGIKSLF,ILGKLWEGLKSLF,5.284828002,4.47822744,0.8066005619999999,ILGKIWEGIKSLF,ILGKLWEGLKSLF,2,0.8461538461538461,64.0,2.168233931624271,0.9065934065934064,0.3928571428571428,0.9615384615384616,0.75,2,"(5, I, L)|(9, I, L)",test
3365,ILGKIWEGIKSLF,ILGKVWEGVKSLF,5.284828002,4.169019354,1.115808648000001,ILGKIWEGIKSLF,ILGKVWEGVKSLF,2,0.8461538461538461,66.0,2.2239441555109063,0.9264214046822742,0.5217391304347826,0.9807692307692308,0.875,2,"(5, I, V)|(9, I, V)",test
3377,ILGKLLKTAAGLLSNL,ILGKLLSTAAKLLSNL,4.167491087,5.397940009,-1.230448922,ILGKLLKTAAGLLSNL,ILGKLLSTAAKLLSNL,2,0.875,60.0,1.6711609556289375,0.9157572751322752,0.326058201058201,0.9177083333125,0.3416666665,2,"(7, K, S)|(11, G, K)",test
3378,ILGKLLKTAAKLLSNL,ILGKLLSTAAKLLSNL,4.468521083,5.397940009,-0.9294189260000004,ILGKLLKTAAKLLSNL,ILGKLLSTAAKLLSNL,1,0.9375,67.0,1.829586904806557,0.9620535714285714,0.3928571428571428,0.967013888875,0.472222222,1,"(7, K, S)",test
3379,ILGKLLKTAAKLLSNL,ILGKLLSTAAKLLSKL,4.468521083,5.301029996,-0.8325089129999999,ILGKLLKTAAKLLSNL,ILGKLLSTAAKLLSKL,2,0.875,61.0,1.6937932340828832,0.92173099078341,0.3738479262672811,0.93090277775,0.447222222,2,"(7, K, S)|(15, N, K)",test
3384,ILGKLLSTAAGLLSKL,ILGKLLSTAAKLLSKL,4.494850022,5.301029996,-0.806179974,ILGKLLSTAAGLLSKL,ILGKLLSTAAKLLSKL,1,0.9375,63.0,1.7390577909907745,0.9537037037037036,0.2592592592592592,0.9506944444375,0.211111111,1,"(11, G, K)",test
3385,ILGKLLSTAAGLLSKL,ILGKLLSTAAKLLSNL,4.494850022,5.397940009,-0.9030899870000004,ILGKLLSTAAGLLSKL,ILGKLLSTAAKLLSNL,2,0.875,58.0,1.6258963987210464,0.9133811230585424,0.3070489844683393,0.9145833333125,0.3166666664999999,2,"(11, G, K)|(15, K, N)",test
3386,ILGKLLSTAAGLLSNL,ILGKLLSTAAKLLSKL,4.301029996,5.301029996,-1.0,ILGKLLSTAAGLLSNL,ILGKLLSTAAKLLSKL,2,0.875,58.0,1.6258963987210464,0.9133811230585424,0.3070489844683393,0.9145833333125,0.3166666664999999,2,"(11, G, K)|(15, N, K)",test
3387,ILGKLLSTAAGLLSNL,ILGKLLSTAAKLLSNL,4.301029996,5.397940009,-1.0969100130000005,ILGKLLSTAAGLLSNL,ILGKLLSTAAKLLSNL,1,0.9375,64.0,1.7616900694447202,0.9537037037037036,0.2592592592592592,0.9506944444375,0.211111111,1,"(11, G, K)",test
3395,ILGLVISTIGNVLGGLLKNL,ILGPVISTIGGVLGGLLKNL,4.302646814,5.632984963,-1.330338149,ILGLVISTIGNVLGGLLKNL,ILGPVISTIGGVLGGLLKNL,2,0.9,81.0,1.7171510425294365,0.9191919191919192,0.1919191919191919,0.92539772725,0.2539772725,2,"(4, L, P)|(11, N, G)",test
3399,ILGPVIKTIGGVIGGLLKNL,ILGPVISTIGNVLGGLLKNL,5.32246681,4.299162254,1.0233045560000005,ILGPVIKTIGGVIGGLLKNL,ILGPVISTIGNVLGGLLKNL,3,0.85,85.0,1.7895743335820626,0.902922077922078,0.3528138528138527,0.9311111111,0.5407407406666667,3,"(7, K, S)|(11, G, N)|(13, I, L)",test
3400,ILGPVIKTIGGVIGGLLKNL,ILGPVISTIGNALGGLLKNL,5.32246681,4.293000846,1.029465964,ILGPVIKTIGGVIGGLLKNL,ILGPVISTIGNALGGLLKNL,4,0.8,81.0,1.7171510425294365,0.8823338426279601,0.4116692131398013,0.9061111111,0.5305555555,4,"(7, K, S)|(11, G, N)|(12, V, A)|(13, I, L)",test
3401,ILGPVISKIGGVLGGLLKNL,ILGPVISTIGNALGGLLKNL,5.514350538,4.293000846,1.2213496920000004,ILGPVISKIGGVLGGLLKNL,ILGPVISTIGNALGGLLKNL,3,0.85,81.0,1.7171510425294365,0.905548128342246,0.3703208556149732,0.9116666666499998,0.411111111,3,"(8, K, T)|(11, G, N)|(12, V, A)",test
3402,ILGPVISKIGGVLGGLLKNL,ILGPVISTIGNVLGGLLKNL,5.514350538,4.299162254,1.2151882840000008,ILGPVISKIGGVLGGLLKNL,ILGPVISTIGNVLGGLLKNL,2,0.9,85.0,1.7895743335820626,0.9261363636363636,0.2613636363636363,0.93666666665,0.3666666665,2,"(8, K, T)|(11, G, N)",test
3403,ILGPVISTIGGVLGGLLKNL,ILGPVISTIGNALGGLLKNL,5.632984963,4.293000846,1.3399841170000002,ILGPVISTIGGVLGGLLKNL,ILGPVISTIGNALGGLLKNL,2,0.9,87.0,1.8257859791083757,0.943048128342246,0.4304812834224599,0.945,0.45,2,"(11, G, N)|(12, V, A)",test
3404,ILGPVISTIGGVLGGLLKNL,ILGPVISTIGNVLGGLLKNL,5.632984963,4.299162254,1.3338227090000006,ILGPVISTIGGVLGGLLKNL,ILGPVISTIGNVLGGLLKNL,1,0.95,91.0,1.8982092701610012,0.9636363636363636,0.2727272727272727,0.97,0.4,1,"(11, G, N)",test
3410,ILGPVLGLDGNALGGLIKKI,ILGPVLGLVGNALGGLIKKI,4.292564245,5.288741885,-0.99617764,ILGPVLGLDGNALGGLIKKI,ILGPVLGLVGNALGGLIKKI,1,0.95,90.0,1.8801034473978449,0.9666666666666668,0.3333333333333333,0.955625,0.1125,1,"(9, D, V)",test
3411,ILGPVLGLDGNALGGLIKKI,ILGPVLGLVGNALGGLIKKL,4.292564245,5.317321435,-1.02475719,ILGPVLGLDGNALGGLIKKI,ILGPVLGLVGNALGGLIKKL,2,0.9,88.0,1.843891801871532,0.936309523809524,0.363095238095238,0.943125,0.43125,2,"(9, D, V)|(20, I, L)",test
3413,ILGPVLGLVGNALGGLIKKI,ILGPVLSMVGSALGGLIKKI,5.288741885,5.992238346,-0.7034964609999994,ILGPVLGLVGNALGGLIKKI,ILGPVLSMVGSALGGLIKKI,3,0.85,84.0,1.771468510818906,0.9101443123938878,0.4009620826259196,0.93604166665,0.5736111110000001,3,"(7, G, S)|(8, L, M)|(11, N, S)",test
3414,ILGPVLGLVGNALGGLIKKI,ISGPVLGLVGNALGGLIKKI,5.288741885,4.283155218,1.0055866670000002,ILGPVLGLVGNALGGLIKKI,ISGPVLGLVGNALGGLIKKI,1,0.95,91.0,1.8982092701610012,0.9739130434782608,0.4782608695652174,0.9625,0.25,1,"(2, L, S)",test
3416,ILGPVLGLVGNALGGLIKKL,ISGPVLGLVGNALGGLIKKI,5.317321435,4.283155218,1.034166217,ILGPVLGLVGNALGGLIKKL,ISGPVLGLVGNALGGLIKKI,2,0.9,89.0,1.8619976246346883,0.943555900621118,0.4355590062111801,0.95,0.5,2,"(2, L, S)|(20, L, I)",test
3420,ILGTILGLLKGL,ILGTILPLLKGL,4.907320483,3.591760035,1.3155604480000005,ILGTILGLLKGL,ILGTILPLLKGL,1,0.9166666666666666,48.0,1.8660981522421205,0.9290123456790124,0.1481481481481481,0.9325757575833332,0.190909091,1,"(7, G, P)",test
3421,ILGTILGLLKGL,ILGTIPGLLKGL,4.907320483,3.591760035,1.3155604480000005,ILGTILGLLKGL,ILGTIPGLLKGL,1,0.9166666666666666,49.0,1.896274523514048,0.925925925925926,0.1111111111111111,0.92566287875,0.107954545,1,"(6, L, P)",test
3422,ILGTILGLLKGL,ILGTILGPLKGL,4.907320483,3.591760035,1.3155604480000005,ILGTILGLLKGL,ILGTILGPLKGL,1,0.9166666666666666,49.0,1.896274523514048,0.925925925925926,0.1111111111111111,0.92566287875,0.107954545,1,"(8, L, P)",test
3429,ILKWKWPWWKWRR,LLPWKWPWWKWRR,5.595360291,4.792576889,0.8027834020000002,ILKWKWPWWKWRR,LLPWKWPWWKWRR,2,0.8461538461538461,87.0,2.8089015063205776,0.8838783168051461,0.2452090592334494,0.927156177153846,0.5265151515,2,"(1, I, L)|(3, K, P)",test
3439,ILPILGNLLNSLL,LLPIVGNLLKSLL,4.0,5.078177769,-1.0781777689999998,ILPILGNLLNSLL,LLPIVGNLLKSLL,3,0.7692307692307693,50.0,1.7782623644178237,0.858797116861633,0.3881208397337429,0.9074786324615384,0.599074074,3,"(1, I, L)|(5, L, V)|(10, N, K)",test
3502,ILPWKWPWLPLRR,ILPWKWPWLPWRR,4.847859963,6.070326116,-1.222466153,ILPWKWPWLPLRR,ILPWKWPWLPWRR,1,0.9230769230769232,79.0,2.586060610774036,0.9396681749622926,0.2156862745098039,0.937820512846154,0.191666667,1,"(11, L, W)",test
3506,ILPWKWPWLPLRR,ILPWKWPWWPLRR,4.847859963,5.767906377,-0.9200464139999998,ILPWKWPWLPLRR,ILPWKWPWWPLRR,1,0.9230769230769232,79.0,2.586060610774036,0.9396681749622926,0.2156862745098039,0.937820512846154,0.191666667,1,"(9, L, W)",test
3522,ILPWKWPWWKWRR,LLPWKWPWWKWRR,5.588456907,4.792576889,0.7958800180000001,ILPWKWPWWKWRR,LLPWKWPWWKWRR,1,0.9230769230769232,95.0,3.031742401867118,0.9532967032967032,0.3928571428571428,0.9807692307692308,0.75,1,"(1, I, L)",test
3523,ILPWKWPWWPARR,ILPWKWPWWPLRR,4.350281292,5.767906377,-1.417625085,ILPWKWPWWPARR,ILPWKWPWWPLRR,1,0.9230769230769232,87.0,2.8089015063205776,0.9597069597069596,0.4761904761904761,0.9519230769230768,0.375,1,"(11, A, L)",test
3524,ILPWKWPWWPARR,ILPWKWPWWPWRR,4.350281292,5.647817482,-1.2975361899999998,ILPWKWPWWPARR,ILPWKWPWWPWRR,1,0.9230769230769232,85.0,2.7531912824339426,0.9361702127659574,0.1702127659574468,0.9304487179230768,0.095833333,1,"(11, A, W)",test
3528,ILPWKWPWWPWRR,LLPWKWPWWKWRR,5.647817482,4.792576889,0.8552405929999995,ILPWKWPWWPWRR,LLPWKWPWWKWRR,2,0.8461538461538461,89.0,2.864611730207213,0.8838783168051461,0.2452090592334494,0.927156177153846,0.5265151515,2,"(1, I, L)|(10, P, K)",test
3529,ILPWKWRWWKWRR,LLPWKWPWWKWRR,6.15490196,4.792576889,1.362325071,ILPWKWRWWKWRR,LLPWKWPWWKWRR,2,0.8461538461538461,86.0,2.78104639437726,0.8827838827838826,0.238095238095238,0.9193861693846154,0.476010101,2,"(1, I, L)|(7, R, P)",test
3531,ILSAIWSGIKGLL,IWSAIWSGIKGLL,4.647817482,5.744727495,-1.0969100130000005,ILSAIWSGIKGLL,IWSAIWSGIKGLL,1,0.9230769230769232,58.0,2.0011032599643648,0.9396681749622926,0.2156862745098039,0.937820512846154,0.191666667,1,"(2, L, W)",test
3534,INLKAIAAFAKKLL,INLKAIAAMAKKLL,4.73294151,5.999400376,-1.2664588659999998,INLKAIAAFAKKLL,INLKAIAAMAKKLL,1,0.9285714285714286,57.0,1.8323018517338292,0.9477351916376306,0.2682926829268293,0.9587301587142856,0.422222222,1,"(9, F, M)",test
3542,INLKAIAALAKKLF,INLKAIAAMAKKLL,4.808247473,5.999400376,-1.191152903,INLKAIAALAKKLF,INLKAIAAMAKKLL,2,0.8571428571428571,55.0,1.7805709295533825,0.9066180235535074,0.346326164874552,0.9398809523571428,0.5791666665,2,"(9, L, M)|(14, F, L)",test
3548,INLKAIAALAKKLL,INLKAIAALAKKLLG,4.666626591,5.709536591,-1.04291,INLKAIAALAKKLL-,INLKAIAALAKKLLG,1,0.9333333333333332,61.0,1.806712783021742,0.9333333333333332,0.0,0.9333333333333332,0.0,1,"(15, -, G)",test
3550,INLKAIAALAKKLL,INLKAIAAMAKKLL,4.666626591,5.999400376,-1.3327737849999997,INLKAIAALAKKLL,INLKAIAAMAKKLL,1,0.9285714285714286,59.0,1.8840327739142764,0.956221198156682,0.3870967741935484,0.9791666666428572,0.708333333,1,"(9, L, M)",test
3555,INLKAIAALAKKLLG,INLKAIAALVKKLL,5.709536591,4.779067505,0.9304690859999996,INLKAIAALAKKLLG,INLKAIAALVKKLL-,2,0.8666666666666667,57.0,1.710148394951574,0.9058823529411764,0.2941176470588235,0.9,0.25,2,"(10, A, V)|(15, G, -)",test
3560,INLKAIAALVKKLL,INLKAIAAMAKKLL,4.779067505,5.999400376,-1.2203328709999992,INLKAIAALVKKLL,INLKAIAAMAKKLL,2,0.8571428571428571,55.0,1.7805709295533825,0.9268094334507996,0.4876660341555977,0.9434523809285714,0.6041666665000001,2,"(9, L, M)|(10, V, A)",test
3564,INLKAIAAMAKKLL,INLKAIAPLAKKLL,5.999400376,4.176775778,1.822624598,INLKAIAAMAKKLL,INLKAIAPLAKKLL,2,0.8571428571428571,54.0,1.754705468463159,0.894644843476879,0.2625139043381534,0.9308712120714286,0.5160984845000001,2,"(8, A, P)|(9, M, L)",test
3566,INLKAIAAMAKKLL,INLKAITALAKKLL,5.999400376,5.251147191,0.7482531849999994,INLKAIAAMAKKLL,INLKAITALAKKLL,2,0.8571428571428571,55.0,1.7805709295533825,0.9244751664106502,0.471326164874552,0.9414682539285714,0.5902777775,2,"(7, A, T)|(9, M, L)",test
3568,INLKAIAAMAKKLL,NLKAIAALAKKLL,5.999400376,5.202088743,0.7973116329999996,INLKAIAAMAKKLL,-NLKAIAALAKKLL,2,0.8571428571428571,55.0,1.7805709295533825,0.8847926267281105,0.1935483870967742,0.9077380952142856,0.3541666665,2,"(1, I, -)|(9, M, L)",test
3569,INLKAIAPLAKKLL,INLKAITALAKKLL,4.176775778,5.251147191,-1.0743714130000006,INLKAIAPLAKKLL,INLKAITALAKKLL,2,0.8571428571428571,52.0,1.7029745462827115,0.9066776135741652,0.346743295019157,0.9140061327142855,0.398042929,2,"(7, A, T)|(8, P, A)",test
3577,INWLKLGKAIIDAL,INWLKLGKMVIDAL,3.916454329,5.706023748,-1.7895694189999998,INWLKLGKAIIDAL,INWLKLGKMVIDAL,2,0.8571428571428571,65.0,2.039225540455618,0.9182194616977226,0.427536231884058,0.9449404762142856,0.6145833334999999,2,"(9, A, M)|(10, I, V)",test
3580,IRIKIRIK,IRIRIRIR,3.999953327,4.863550694,-0.8635973669999997,IRIKIRIK,IRIRIRIR,2,0.75,30.0,1.9843852040211385,0.8525641025641026,0.4102564102564102,0.91666666675,0.666666667,2,"(4, K, R)|(8, K, R)",test
3582,IRIKIRIK,VRVKVRVK,3.999953327,3.293696292,0.7062570350000001,IRIKIRIK,VRVKVRVK,4,0.5,32.0,2.074914317836921,0.7608695652173912,0.5217391304347826,0.9375,0.875,4,"(1, I, V)|(3, I, V)|(5, I, V)|(7, I, V)",test
3590,ISGPVLGLVGNALGGLIKKI,LIGPVLGLVGSALGGLLKKI,4.283155218,5.48148606,-1.1983308419999998,ISGPVLGLVGNALGGLIKKI,LIGPVLGLVGSALGGLLKKI,4,0.8,82.0,1.7352568652925928,0.8815934065934066,0.4079670329670329,0.915625,0.578125,4,"(1, I, L)|(2, S, I)|(11, N, S)|(17, I, L)",test
3598,KFLGTLVNLAKKIL,NFLGTLVNLAKKIL,3.89279003,4.744727495,-0.8519374650000002,KFLGTLVNLAKKIL,NFLGTLVNLAKKIL,1,0.9285714285714286,61.0,1.9357636960947235,0.9539170506912444,0.3548387096774194,0.9587301587142856,0.422222222,1,"(1, K, N)",test
3600,KGRGKQGGKVRAKAKTRSS,SGRGKQGGKVRAKAKTRSS,4.366533128,5.087962912,-0.7214297839999997,KGRGKQGGKVRAKAKTRSS,SGRGKQGGKVRAKAKTRSS,1,0.9473684210526316,89.0,1.9599974996154612,0.9680451127819548,0.3928571428571428,0.9722222222105262,0.472222222,1,"(1, K, S)",test
3601,KHKWLWLW,KKKWLWLW,5.077892412,4.171535256,0.9063571559999994,KHKWLWLW,KKKWLWLW,1,0.875,50.0,2.889676342178963,0.904891304347826,0.2391304347826087,0.911458333375,0.291666667,1,"(2, H, K)",test
3606,KIAGKIAAIAGKIAKIAGKIAK,KIAGKIAAIAGKIAKIAGKIAKIA,4.523155635,5.46219754,-0.9390419049999998,KIAGKIAAIAGKIAKIAGKIAK--,KIAGKIAAIAGKIAKIAGKIAKIA,2,0.9166666666666666,100.0,1.717634729191175,0.9166666666666666,0.0,0.9166666666666666,0.0,2,"(23, -, I)|(24, -, A)",test
3608,KIAGKIAAIAGKIAKIAGKIAK,KIAGKIASIAGKIAKIAGKIAKIA,4.523155635,5.465183655,-0.9420280199999996,KIAGKIAAIAGKIAKIAGKIAK--,KIAGKIASIAGKIAKIAGKIAKIA,3,0.875,97.0,1.6723701722832836,0.8925438596491228,0.1403508771929824,0.9010416666666666,0.2083333333333333,3,"(8, A, S)|(23, -, I)|(24, -, A)",test
3609,KIAGKIAAIAGKIAKIAGKIAK,KIAGKIAKIAGKIAKIAGKIA,4.523155635,5.411538899,-0.8883832639999998,KIAGKIAAIAGKIAKIAGKIAK,KIAGKIAKIAGKIAKIAGKIA-,2,0.9090909090909092,90.0,1.7091849521798588,0.922077922077922,0.1428571428571428,0.9251893939545456,0.1770833335,2,"(8, A, K)|(22, K, -)",test
3612,KIAGKIAAIAGKIAKIAGKIAKIA,KIAGKIASIAGKIAKIAGKIAK,5.46219754,4.225368513,1.2368290269999995,KIAGKIAAIAGKIAKIAGKIAKIA,KIAGKIASIAGKIAKIAGKIAK--,3,0.875,97.0,1.6723701722832836,0.8925438596491228,0.1403508771929824,0.9010416666666666,0.2083333333333333,3,"(8, A, S)|(23, I, -)|(24, A, -)",test
3613,KIAGKIAKIAGKIAKIAGK,KIAGKIAKIAGKIAKIAGKIA,3.865774751,5.411538899,-1.545764148,KIAGKIAKIAGKIAKIAGK--,KIAGKIAKIAGKIAKIAGKIA,2,0.9047619047619048,88.0,1.75608743035384,0.9047619047619048,0.0,0.9047619047619048,0.0,2,"(20, -, I)|(21, -, A)",test
3615,KIAGKIAKIAGKIAKIAGKIA,KIAGKIASIAGKIAKIAGKIAK,5.411538899,4.225368513,1.1861703859999997,KIAGKIAKIAGKIAKIAGKIA-,KIAGKIASIAGKIAKIAGKIAK,2,0.9090909090909092,91.0,1.7256447910554558,0.926948051948052,0.1964285714285714,0.9305555555454544,0.236111111,2,"(8, K, S)|(22, -, K)",test
3619,KIAGKIAKIAGKIAKIAGKIAK,KIAGKIASIAGKIAKIAGKIAK,5.136678622,4.225368513,0.9113101089999996,KIAGKIAKIAGKIAKIAGKIAK,KIAGKIASIAGKIAKIAGKIAK,1,0.9545454545454546,96.0,1.80794398543344,0.9724025974025974,0.3928571428571428,0.976010101,0.472222222,1,"(8, K, S)",test
3622,KIAGKIASIAGKIAKIAGKIAK,KIAGKIASIAGKIAKIAGKIAKIA,4.225368513,5.465183655,-1.2398151419999994,KIAGKIASIAGKIAKIAGKIAK--,KIAGKIASIAGKIAKIAGKIAKIA,2,0.9166666666666666,100.0,1.717634729191175,0.9166666666666666,0.0,0.9166666666666666,0.0,2,"(23, -, I)|(24, -, A)",test
3625,KILRGVSKKIMRRILTGKK,RILRGVSRRIMRRILTGRR,3.939252553,4.868846351,-0.929593798,KILRGVSKKIMRRILTGKK,RILRGVSRRIMRRILTGRR,5,0.7368421052631579,75.0,1.6931748483689446,0.844804318488529,0.4102564102564102,0.9122807018421054,0.666666667,5,"(1, K, R)|(8, K, R)|(9, K, R)|(18, K, R)|(19, K, R)",test
3633,KKKVVFKVKFK,KKVVFKVKFK,5.643953693,4.467358199,1.176595494,KKKVVFKVKFK,-KKVVFKVKFK,1,0.9090909090909092,49.0,2.06866311656078,0.9090909090909092,0.0,0.9090909090909092,0.0,1,"(1, K, -)",test
3634,KKKWLWLW,KQRWLWLW,4.171535256,5.431523655,-1.259988399,KKKWLWLW,KQRWLWLW,2,0.75,49.0,2.844411785271072,0.8505244755244755,0.4020979020979021,0.902777777875,0.6111111115,2,"(2, K, Q)|(3, K, R)",test
3635,KKKWLWLW,KSKWLWLW,4.171535256,5.360359392,-1.188824136,KKKWLWLW,KSKWLWLW,1,0.875,51.0,2.934940899086854,0.9241071428571428,0.3928571428571428,0.93402777775,0.472222222,1,"(2, K, S)",test
3636,KKKWLWLW,KRKWLWLW,4.171535256,5.084751569,-0.9132163129999996,KKKWLWLW,KRKWLWLW,1,0.875,53.0,3.025470012902637,0.9262820512820512,0.4102564102564102,0.958333333375,0.666666667,1,"(2, K, R)",test
3637,KKKWLWLW,RRKWLWLW,4.171535256,5.316495901,-1.1449606449999994,KKKWLWLW,RRKWLWLW,2,0.75,50.0,2.889676342178963,0.8525641025641025,0.4102564102564102,0.91666666675,0.666666667,2,"(1, K, R)|(2, K, R)",test
3641,KKLFKKALKFL,KKLFKKILKFL,3.435772752,4.353452421,-0.917679669,KKLFKKALKFL,KKLFKKILKFL,1,0.9090909090909092,48.0,2.0357434388095856,0.9504132231404956,0.4545454545454545,0.9431818181818182,0.375,1,"(7, A, I)",test
3642,KKLFKKGLKFL,KKLFKKILKFL,3.431282849,4.353452421,-0.922169572,KKLFKKGLKFL,KKLFKKILKFL,1,0.9090909090909092,45.0,1.936984405556005,0.9318181818181818,0.25,0.9090909090909092,0.0,1,"(7, G, I)",test
3643,KKLFKKIKKFL,KKLFKKILKFL,3.453584188,4.353452421,-0.8998682329999999,KKLFKKIKKFL,KKLFKKILKFL,1,0.9090909090909092,47.0,2.0028237610583925,0.9403409090909092,0.34375,0.9305555555454544,0.236111111,1,"(8, K, L)",test
3663,KKVVFKFKFK,KKVVFKVKFK,5.442785936,4.467358199,0.9754277369999996,KKVVFKFKFK,KKVVFKVKFK,1,0.9,44.0,2.0944712005852923,0.9228571428571428,0.2285714285714285,0.93375,0.3375,1,"(7, F, V)",test
3667,KKVVFKVKFK,KKVVVKVKFK,4.467358199,5.187460993,-0.7201027939999998,KKVVFKVKFK,KKVVVKVKFK,1,0.9,42.0,2.0220479095326667,0.9228571428571428,0.2285714285714285,0.93375,0.3375,1,"(5, F, V)",test
3668,KKVVFKVKFK,KKVVFKVKFKK,4.467358199,5.786468047,-1.3191098479999992,KKVVFKVKFK-,KKVVFKVKFKK,1,0.9090909090909092,49.0,2.06866311656078,0.9090909090909092,0.0,0.9090909090909092,0.0,1,"(11, -, K)",test
3669,KKVVFKVKFK,KVVFKVKFK,4.467358199,5.254285091,-0.7869268919999994,KKVVFKVKFK,-KVVFKVKFK,1,0.9,44.0,2.0944712005852923,0.9,0.0,0.9,0.0,1,"(1, K, -)",test
3670,KKVVPKVKFK,KKVVVKVKFK,4.079383435,5.187460993,-1.1080775580000006,KKVVPKVKFK,KKVVVKVKFK,1,0.9,41.0,1.9858362640063536,0.9125,0.125,0.9215909091,0.215909091,1,"(5, P, V)",test
3675,KLALKAALKAWKAAAKLA,KLALKLALKAWKAALKLA,4.346787486,5.886056648,-1.539269162,KLALKAALKAWKAAAKLA,KLALKLALKAWKAALKLA,2,0.8888888888888888,74.0,1.7671225368748231,0.941798941798942,0.4761904761904761,0.9305555555555556,0.375,2,"(6, A, L)|(15, A, L)",test
3679,KLKLLLKLK,KLKLLLLKLK,4.46927111,5.78162977,-1.31235866,KLKLLL-KLK,KLKLLLLKLK,1,0.9,29.0,1.5512965176905975,0.9,0.0,0.9,0.0,1,"(7, -, L)",test
3680,KLKLLLLKLK,KLKLLLLLKLK,5.78162977,4.938226871,0.843402899,KLKLLLL-KLK,KLKLLLLLKLK,1,0.9090909090909092,33.0,1.5419482725416815,0.9090909090909092,0.0,0.9090909090909092,0.0,1,"(8, -, L)",test
3681,KLKLLLLKLK,RLKLLLLRLK,5.78162977,4.558254809,1.2233749610000002,KLKLLLLKLK,RLKLLLLRLK,2,0.8,38.0,1.8772013274274149,0.8820512820512821,0.4102564102564102,0.9333333334,0.666666667,2,"(1, K, R)|(8, K, R)",test
3689,KLLLKLLLKLLK,KLLLKWLLKLLK,4.934427474,4.0,0.9344274739999996,KLLLKLLLKLLK,KLLLKWLLKLLK,1,0.9166666666666666,46.0,1.8057454096982652,0.9346405228758168,0.2156862745098039,0.9326388889166668,0.191666667,1,"(6, L, W)",test
3701,KNWGAILKHIIK,LNWGAILKHIIK,4.0,4.974694135,-0.974694135,KNWGAILKHIIK,LNWGAILKHIIK,1,0.9166666666666666,61.0,2.258390978777177,0.9453125,0.34375,0.9363425925833332,0.236111111,1,"(1, K, L)",test
3707,KNWGKILKHIIK,LNWGKILKHIIK,4.115204636,5.060480747,-0.945276111,KNWGKILKHIIK,LNWGKILKHIIK,1,0.9166666666666666,62.0,2.288567350049105,0.9453125,0.34375,0.9363425925833332,0.236111111,1,"(1, K, L)",test
3709,KNWKAILKHIIK,LNWKAILKHIIK,4.187086643,5.27572413,-1.0886374870000006,KNWKAILKHIIK,LNWKAILKHIIK,1,0.9166666666666666,60.0,2.22821460750525,0.9453125,0.34375,0.9363425925833332,0.236111111,1,"(1, K, L)",test
3715,KQKWLWLW,KQRWLWLW,4.421396966,5.431523655,-1.010126689000001,KQKWLWLW,KQRWLWLW,1,0.875,53.0,3.025470012902637,0.9262820512820512,0.4102564102564102,0.958333333375,0.666666667,1,"(3, K, R)",test
3717,KQKWLWLW,KSKWLWLW,4.421396966,5.360359392,-0.9389624260000008,KQKWLWLW,KSKWLWLW,1,0.875,51.0,2.934940899086854,0.9278846153846154,0.4230769230769231,0.93402777775,0.472222222,1,"(2, Q, S)",test
3719,KQKWLWLW,RRKWLWLW,4.421396966,5.316495901,-0.895098935,KQKWLWLW,RRKWLWLW,2,0.75,49.0,2.844411785271072,0.8461538461538461,0.3846153846153846,0.902777777875,0.6111111115,2,"(1, K, R)|(2, Q, R)",test
3764,KWKKFKKIGAVLKVL,KWKLFKKIGKVLKVL,4.795880017,6.0,-1.204119983,KWKKFKKIGAVLKVL,KWKLFKKIGKVLKVL,2,0.8666666666666667,65.0,1.9032771710919103,0.9086309523809524,0.3147321428571428,0.9060185185333332,0.295138889,2,"(4, K, L)|(10, A, K)",test
3767,KWKKFKKIGKVLKVL,KWKLFKKIGKVLKVL,4.795880017,6.0,-1.204119983,KWKKFKKIGKVLKVL,KWKLFKKIGKVLKVL,1,0.9333333333333332,71.0,2.0481237531971623,0.95625,0.34375,0.9490740740666668,0.236111111,1,"(4, K, L)",test
3775,KWKLFKKIGAVLKKL,KWKLFKKIGKVLKVL,5.096910013,6.0,-0.9030899870000004,KWKLFKKIGAVLKKL,KWKLFKKIGKVLKVL,2,0.8666666666666667,65.0,1.9032771710919103,0.9029185867895546,0.2718894009216589,0.9060185185333332,0.295138889,2,"(10, A, K)|(14, K, V)",test
3778,KWKLFKKIGAVLKVL,KWKLFKKIGKVLKVL,4.752845385,6.0,-1.2471546150000004,KWKLFKKIGAVLKVL,KWKLFKKIGKVLKVL,1,0.9333333333333332,71.0,2.0481237531971623,0.9523809523809524,0.2857142857142857,0.9569444444666666,0.354166667,1,"(10, A, K)",test
3780,KWKLFKKIGKVLKKL,KWKLFKKIGKVLKVL,4.795880017,6.0,-1.204119983,KWKLFKKIGKVLKKL,KWKLFKKIGKVLKVL,1,0.9333333333333332,71.0,2.0481237531971623,0.9505376344086022,0.2580645161290322,0.9490740740666668,0.236111111,1,"(14, K, V)",test
3794,KWRRWIRWL,KWRRWVRWI,5.505149978,4.743717612,0.7614323660000002,KWRRWIRWL,KWRRWVRWI,2,0.7777777777777778,58.0,2.890482486615193,0.879399585921325,0.4572981366459627,0.9583333333333334,0.8125,2,"(6, I, V)|(9, L, I)",test
3799,KWWRWRRWW,RWWRWRKWW,5.286061686,6.22184875,-0.9357870640000004,KWWRWRRWW,RWWRWRKWW,2,0.7777777777777778,69.0,3.33306926527013,0.868945868945869,0.4102564102564102,0.925925926,0.666666667,2,"(1, K, R)|(7, R, K)",test
3801,LKKLLKKLLK,LKKLLKKLLKW,3.301029996,5.195245936,-1.89421594,LKKLLKKLLK-,LKKLLKKLLKW,1,0.9090909090909092,45.0,1.936984405556005,0.9090909090909092,0.0,0.9090909090909092,0.0,1,"(11, -, W)",test
3807,LKLKLYPLKLKLYP,VKLKVYPLKVKLYP,4.982830555,4.140403703,0.842426852,LKLKLYPLKLKLYP,VKLKVYPLKVKLYP,3,0.7857142857142857,63.0,1.9874946182751707,0.875,0.4166666666666667,0.9196428571428572,0.625,3,"(1, L, V)|(5, L, V)|(10, L, V)",test
3815,LKWGAILKHIIK,LNWGAVLKHVVK,4.931814138,4.0,0.931814138,LKWGAILKHIIK,LNWGAVLKHVVK,4,0.6666666666666666,56.0,2.1075091224175404,0.8266713417484807,0.4800140252454418,0.9206018518333332,0.7618055555000001,4,"(2, K, N)|(6, I, V)|(10, I, V)|(11, I, V)",test
3818,LKWLLKWLK,LKWLLKWLL,4.788020658,5.761486701,-0.9734660430000002,LKWLLKWLK,LKWLLKWLL,1,0.8888888888888888,48.0,2.4881308696561604,0.9270833333333334,0.34375,0.9151234567777776,0.236111111,1,"(9, K, L)",test
3822,LLGDFFRKAKEKIGKEFKRIVQR,LLGDFFRKVKEKIGKEFKRIVQR,4.080921908,5.49825627,-1.417334362,LLGDFFRKAKEKIGKEFKRIVQR,LLGDFFRKVKEKIGKEFKRIVQR,1,0.9565217391304348,111.0,1.9655006308035925,0.9820971867007672,0.5882352941176471,0.9782608695652174,0.5,1,"(9, A, V)",test
3823,LLGDFFRKAKEKIGKEFKRIVQR,LLGDFFRKSKEKIGKEFKRIVQR,4.080921908,5.522878745,-1.4419568370000002,LLGDFFRKAKEKIGKEFKRIVQR,LLGDFFRKSKEKIGKEFKRIVQR,1,0.9565217391304348,112.0,1.981244824510685,0.974828375286041,0.4210526315789473,0.9836956521739132,0.625,1,"(9, A, S)",test
3824,LLGMIKVAITAISALSKL,LLGMIPVAISAISALSKL,4.964338277,4.163922881,0.800415396,LLGMIKVAITAISALSKL,LLGMIPVAISAISALSKL,2,0.8888888888888888,68.0,1.6464170517871135,0.9136326145870152,0.2226935312831389,0.9385171156111112,0.4466540405,2,"(6, K, P)|(10, T, S)",test
3825,LLGMIKVAITAISALSKL,LLGMIPVAITAISALSKL,4.964338277,3.798592265,1.1657460120000005,LLGMIKVAITAISALSKL,LLGMIPVAITAISALSKL,1,0.9444444444444444,72.0,1.72688737517892,0.9498644986449865,0.0975609756097561,0.9612794612777776,0.303030303,1,"(6, K, P)",test
3826,LLGMIPLAISAISALSKL,LLGMIPVAITAISALSKL,5.167134121,3.798592265,1.3685418560000002,LLGMIPLAISAISALSKL,LLGMIPVAITAISALSKL,2,0.8888888888888888,73.0,1.7470049560268717,0.9313607085346216,0.3822463768115942,0.956404321,0.607638889,2,"(7, L, V)|(10, S, T)",test
3827,LLGMIPLAISAISALSKL,LLGMIPVAISAISALSKL,5.167134121,4.163922881,1.0032112399999995,LLGMIPLAISAISALSKL,LLGMIPVAISAISALSKL,1,0.9444444444444444,76.0,1.8073576985707267,0.9675925925925928,0.4166666666666667,0.9791666666666666,0.625,1,"(7, L, V)",test
3831,LLGMIPLAISAISSLSKL,LLGMIPVAITAISALSKL,4.756654148,3.798592265,0.958061883,LLGMIPLAISAISSLSKL,LLGMIPVAITAISALSKL,3,0.8333333333333334,70.0,1.6866522134830166,0.8991969658445631,0.3951817950673785,0.9355709876666668,0.613425926,3,"(7, L, V)|(10, S, T)|(14, S, A)",test
3832,LLGMIPVAIKAISALSKL,LLGMIPVAITAISALSKL,5.185245749,3.798592265,1.386653484,LLGMIPVAIKAISALSKL,LLGMIPVAITAISALSKL,1,0.9444444444444444,74.0,1.7671225368748231,0.9583333333333334,0.25,0.9629629629444444,0.333333333,1,"(10, K, T)",test
3833,LLGMIPVAIKAISALSKL,LLGMIPVAISAISALSKL,5.185245749,4.163922881,1.0213228679999995,LLGMIPVAIKAISALSKL,LLGMIPVAISAISALSKL,1,0.9444444444444444,75.0,1.7872401177227748,0.9662698412698412,0.3928571428571428,0.9706790123333332,0.472222222,1,"(10, K, S)",test
3836,LLKKLLKKLLKL,LLKKLLKLLLKL,3.462691422,4.357803396,-0.8951119740000006,LLKKLLKKLLKL,LLKKLLKLLLKL,1,0.9166666666666666,46.0,1.8057454096982652,0.9453125,0.34375,0.9363425925833332,0.236111111,1,"(8, K, L)",test
3843,LLKWLKKWLKK,LLKWLLKWLKK,4.732079843,5.591038679,-0.8589588360000002,LLKWLKKWLKK,LLKWLLKWLKK,1,0.9090909090909092,56.0,2.299100860819135,0.9403409090909092,0.34375,0.9305555555454544,0.236111111,1,"(6, K, L)",test
3854,LLPIVGNLLKSLLGAKRKRAG,LLPIVGNLLKSLLGWKRKRFG,4.0,4.903089987,-0.9030899870000004,LLPIVGNLLKSLLGAKRKRAG,LLPIVGNLLKSLLGWKRKRFG,2,0.9047619047619048,87.0,1.738843789627024,0.924772036474164,0.2101063829787234,0.9200396825238096,0.1604166665,2,"(15, A, W)|(20, A, F)",test
3859,LLRRVAGLLKQFAK,LLSNVAGLLKQFAK,5.003515139,4.069405398,0.9341097410000004,LLRRVAGLLKQFAK,LLSNVAGLLKQFAK,2,0.8571428571428571,54.0,1.754705468463159,0.902757859900717,0.3193050193050193,0.9125992063571428,0.3881944444999999,2,"(3, R, S)|(4, R, N)",test
3863,LNWGAIKKHIIK,LNWGAILKHIIK,4.0,4.974694135,-0.974694135,LNWGAIKKHIIK,LNWGAILKHIIK,1,0.9166666666666666,59.0,2.1980382362333226,0.9453125,0.34375,0.9363425925833332,0.236111111,1,"(7, K, L)",test
3867,LNWGAILKHIIK,LNWGAILKHKIK,4.974694135,4.0,0.974694135,LNWGAILKHIIK,LNWGAILKHKIK,1,0.9166666666666666,58.0,2.167861864961395,0.938095238095238,0.2571428571428571,0.9265046296666668,0.118055556,1,"(10, I, K)",test
3868,LNWGAILKHIIK,LNWGAVLKHVVK,4.974694135,4.0,0.974694135,LNWGAILKHIIK,LNWGAVLKHVVK,3,0.75,62.0,2.288567350049105,0.8804347826086957,0.5217391304347826,0.96875,0.875,3,"(6, I, V)|(10, I, V)|(11, I, V)",test
3869,LNWGAILKHIIK,LNWGAILKHIKK,4.974694135,4.0,0.974694135,LNWGAILKHIIK,LNWGAILKHIKK,1,0.9166666666666666,58.0,2.167861864961395,0.938095238095238,0.2571428571428571,0.9265046296666668,0.118055556,1,"(11, I, K)",test
3878,LNWGAILKKIIK,LNWGAVLKHVVK,5.13667714,4.0,1.1366771399999998,LNWGAILKKIIK,LNWGAVLKHVVK,4,0.6666666666666666,53.0,2.016980008601758,0.8170289855072465,0.4510869565217391,0.90972222225,0.72916666675,4,"(6, I, V)|(9, K, H)|(10, I, V)|(11, I, V)",test
3879,LNWGALLKHLLK,LNWGAVLKHVVK,5.173925197,4.0,1.173925197,LNWGALLKHLLK,LNWGAVLKHVVK,3,0.75,56.0,2.1075091224175404,0.8541666666666666,0.4166666666666667,0.90625,0.625,3,"(6, L, V)|(10, L, V)|(11, L, V)",test
3880,LNWGAVLKHVVK,LNWKAILKHIIK,4.0,5.27572413,-1.2757241300000004,LNWGAVLKHVVK,LNWKAILKHIIK,4,0.6666666666666666,54.0,2.047156379873685,0.8187063875469672,0.4561191626409018,0.90300925925,0.70902777775,4,"(4, G, K)|(6, V, I)|(10, V, I)|(11, V, I)",test
3881,LNWGAVLKHVVK,LNWGKILKHIIK,4.0,5.060480747,-1.0604807469999995,LNWGAVLKHVVK,LNWGKILKHIIK,4,0.6666666666666666,57.0,2.137685493689468,0.8209109730848861,0.4627329192546584,0.9149305555833336,0.74479166675,4,"(5, A, K)|(6, V, I)|(10, V, I)|(11, V, I)",test
3894,LRFLRRILRRLL,LRIIRRILRRLI,6.204119983,4.602059991,1.602059992,LRFLRRILRRLL,LRIIRRILRRLI,3,0.75,45.0,1.7755690384263378,0.8347069597069597,0.3388278388278388,0.9125,0.65,3,"(3, F, I)|(4, L, I)|(12, L, I)",test
3905,LRVRLASHLRKLRKRLLR,PMLRVRLASHLRKLRKRLLR,4.0,5.505845406,-1.5058454059999995,--LRVRLASHLRKLRKRLLR,PMLRVRLASHLRKLRKRLLR,2,0.9,84.0,1.771468510818906,0.9,0.0,0.9,0.0,2,"(1, -, P)|(2, -, M)",test
3908,LVKRFKKFFRKLKKSV,LVKRFKKFFRKLKKSVK,4.780824646,4.055308377,0.7255162689999999,LVKRFKKFFRKLKKSV-,LVKRFKKFFRKLKKSVK,1,0.9411764705882352,78.0,1.9562747932234907,0.9411764705882352,0.0,0.9411764705882352,0.0,1,"(17, -, K)",test
3920,PKLKFLSKWIG,PKLLKFLSKWIG,3.812479279,4.853871964,-1.0413926849999997,PKL-KFLSKWIG,PKLLKFLSKWIG,1,0.9166666666666666,50.0,1.9264508947859755,0.9166666666666666,0.0,0.9166666666666666,0.0,1,"(4, -, L)",test
3921,PKLKTFLSKWIG,PKLLKTFLSKWIG,3.970616222,5.184945121,-1.2143288990000003,PKL-KTFLSKWIG,PKLLKTFLSKWIG,1,0.9230769230769232,55.0,1.917537924134412,0.9230769230769232,0.0,0.9230769230769232,0.0,1,"(4, -, L)",test
3927,PVVIRTVVAGYNLYRAIKKK,WPVVIRTVVAGYNLYRAIKKK,4.359603215,5.245494682,-0.8858914670000004,-PVVIRTVVAGYNLYRAIKKK,WPVVIRTVVAGYNLYRAIKKK,1,0.9523809523809524,99.0,1.9457674783488128,0.9523809523809524,0.0,0.9523809523809524,0.0,1,"(1, -, W)",test
3929,RAGLKFPVGRVHRLLR,RAGLQFPVGRVHRLL,5.091514981,4.128077326,0.9634376550000008,RAGLKFPVGRVHRLLR,RAGLQFPVGRVHRLL-,2,0.875,73.0,1.9653805755302307,0.8996212121212122,0.1969696969696969,0.90972222225,0.277777778,2,"(5, K, Q)|(16, R, -)",test
3937,RAWVAWRNR,RYWVAWRNR,3.68641517,4.619788758,-0.9333735880000004,RAWVAWRNR,RYWVAWRNR,1,0.8888888888888888,49.0,2.528366031352064,0.915032679738562,0.2352941176470588,0.9128787878888888,0.215909091,1,"(2, A, Y)",test
3947,RFWPVVIRTVVAGYNLYRAIKKK,WPVVIRTVVAGYNLYRAIKKK,6.374858561,5.245494682,1.1293638789999996,RFWPVVIRTVVAGYNLYRAIKKK,--WPVVIRTVVAGYNLYRAIKKK,2,0.9130434782608696,110.0,1.9497564370965,0.9130434782608696,0.0,0.9130434782608696,0.0,2,"(1, R, -)|(2, F, -)",test
3959,RIGSILGALAKGLPTLKSWIKNR,RIGSILGRLAKGLPTLISWIKNR,4.0,4.903089987,-0.9030899870000004,RIGSILGALAKGLPTLKSWIKNR,RIGSILGRLAKGLPTLISWIKNR,2,0.9130434782608696,103.0,1.839547081146852,0.9341614906832296,0.2428571428571428,0.9335748792608696,0.2361111115,2,"(8, A, R)|(17, K, I)",test
3960,RIGSILGALAKGLPTLKSWIKNR,VIGSILGALASGLPTLISWIKNR,4.0,5.22184875,-1.2218487500000004,RIGSILGALAKGLPTLKSWIKNR,VIGSILGALASGLPTLISWIKNR,3,0.8695652173913043,98.0,1.7608261126113884,0.9069794050343248,0.2868421052631578,0.9003623188695652,0.2361111113333333,3,"(1, R, V)|(11, K, S)|(17, K, I)",test
3961,RIGSILGRLAKGLPTLISWIKNR,RIGSILGRLAKGLPTLRSWIKNR,4.903089987,4.0,0.9030899870000004,RIGSILGRLAKGLPTLISWIKNR,RIGSILGRLAKGLPTLRSWIKNR,1,0.9565217391304348,109.0,1.9340122433894071,0.9658385093167702,0.2142857142857142,0.9616545893913044,0.118055556,1,"(17, I, R)",test
3962,RIGSILGRLAKGLPTLISWIKNR,RIGSILGRLAKGLPTLKSWIKNR,4.903089987,4.0,0.9030899870000004,RIGSILGRLAKGLPTLISWIKNR,RIGSILGRLAKGLPTLKSWIKNR,1,0.9565217391304348,109.0,1.9340122433894071,0.9677018633540372,0.2571428571428571,0.9616545893913044,0.118055556,1,"(17, I, K)",test
3967,RIIRPIIQIIKQKIR,RVVRPVVQVVKQKVR,5.577122562,4.446723423,1.1303991389999997,RIIRPIIQIIKQKIR,RVVRPVVQVVKQKVR,7,0.5333333333333333,63.0,1.854994977056826,0.7768115942028986,0.5217391304347826,0.9416666666666668,0.875,7,"(2, I, V)|(3, I, V)|(6, I, V)|(7, I, V)|(9, I, V)|(10, I, V)|(14, I, V)",test
3968,RIIRPIIQIIKQKIR,RVVRPVVQVVKEKVR,5.577122562,4.446962264,1.1301602979999998,RIIRPIIQIIKQKIR,RVVRPVVQVVKEKVR,8,0.4666666666666667,60.0,1.7825716860042,0.749651100375738,0.5305958132045089,0.9194444444666666,0.848958333375,8,"(2, I, V)|(3, I, V)|(6, I, V)|(7, I, V)|(9, I, V)|(10, I, V)|(12, Q, E)|(14, I, V)",test
3972,RIKRFWPVVIRTVVAGYNLY,RIKRFWPVVIRTVVAGYNLYRA,5.417358302,4.552779488,0.8645788140000006,RIKRFWPVVIRTVVAGYNLY--,RIKRFWPVVIRTVVAGYNLYRA,2,0.9090909090909092,107.0,1.989002213065005,0.9090909090909092,0.0,0.9090909090909092,0.0,2,"(21, -, R)|(22, -, A)",test
3974,RIKRFWPVVIRTVVAGYNLYR,RIKRFWPVVIRTVVAGYNLYRA,5.444187779,4.552779488,0.8914082910000003,RIKRFWPVVIRTVVAGYNLYR-,RIKRFWPVVIRTVVAGYNLYRA,1,0.9545454545454546,112.0,2.0713014074429887,0.9545454545454546,0.0,0.9545454545454546,0.0,1,"(22, -, A)",test
3976,RIKRFWPVVIRTVVAGYNLYRA,RIKRFWPVVIRTVVAGYNLYRAIK,4.552779488,5.618231998,-1.06545251,RIKRFWPVVIRTVVAGYNLYRA--,RIKRFWPVVIRTVVAGYNLYRAIK,2,0.9166666666666666,116.0,1.9590456993665943,0.9166666666666666,0.0,0.9166666666666666,0.0,2,"(23, -, I)|(24, -, K)",test
3979,RIKRFWPVVIRTVVAGYNLYRA,RVKRVWPLVIRTVIAGYNLYRAI,4.552779488,5.958607315,-1.4058278270000004,RIKRFWPVVIRTVVAGYNLYRA-,RVKRVWPLVIRTVIAGYNLYRAI,5,0.782608695652174,104.0,1.855291274853944,0.8560311459177244,0.3377432712215321,0.9005434782608696,0.5425,5,"(2, I, V)|(5, F, V)|(8, V, L)|(14, V, I)|(23, -, I)",test
3980,RIKRFWPVVIRTVVAGYNLYRAI,RIKRFWPVVIRTVVAGYNLYRAIK,4.871782047,5.618231998,-0.7464499509999998,RIKRFWPVVIRTVVAGYNLYRAI-,RIKRFWPVVIRTVVAGYNLYRAIK,1,0.9583333333333334,120.0,2.01939844191045,0.9583333333333334,0.0,0.9583333333333334,0.0,1,"(24, -, K)",test
3982,RIKRFWPVVIRTVVAGYNLYRAI,RVKRVWPLVIRTVIAGYNLYRAI,4.871782047,5.958607315,-1.086825268,RIKRFWPVVIRTVVAGYNLYRAI,RVKRVWPLVIRTVIAGYNLYRAI,4,0.8260869565217391,108.0,1.9182680496823143,0.8995094067872896,0.4221790890269151,0.9440217391304347,0.678125,4,"(2, I, V)|(5, F, V)|(8, V, L)|(14, V, I)",test
3986,RIRFPWPWRWPWWPRFRG,RIRFPWPWRWPWWRRVRG,5.033858267,6.522878745,-1.4890204779999996,RIRFPWPWRWPWWPRFRG,RIRFPWPWRWPWWRRVRG,2,0.8888888888888888,114.0,2.571825770792889,0.9062169312169313,0.1559523809523809,0.9188622334444444,0.269760101,2,"(14, P, R)|(16, F, V)",test
3993,RKKKLKIIKRLI,RKKRLKLLKRLL,4.204119983,5.204119983,-1.0,RKKKLKIIKRLI,RKKRLKLLKRLL,4,0.6666666666666666,46.0,1.8057454096982652,0.7990689865689865,0.3972069597069596,0.90972222225,0.72916666675,4,"(4, K, R)|(7, I, L)|(8, I, L)|(12, I, L)",test
3997,RKKKVKLLKRLV,RKKRLKLLKRLL,4.204119983,5.204119983,-1.0,RKKKVKLLKRLV,RKKRLKLLKRLL,3,0.75,46.0,1.8057454096982652,0.8536324786324786,0.4145299145299145,0.90972222225,0.638888889,3,"(4, K, R)|(5, V, L)|(12, V, L)",test
3999,RKKRLKLLKRLL,RKKRLKVVKRLV,5.204119983,4.204119983,1.0,RKKRLKLLKRLL,RKKRLKVVKRLV,3,0.75,46.0,1.8057454096982652,0.8541666666666666,0.4166666666666667,0.90625,0.625,3,"(7, L, V)|(8, L, V)|(12, L, V)",test
4000,RKKRLKLLKRLL,RKKRVKLLKRLV,5.204119983,4.204119983,1.0,RKKRLKLLKRLL,RKKRVKLLKRLV,2,0.8333333333333334,49.0,1.896274523514048,0.9027777777777778,0.4166666666666667,0.9375,0.625,2,"(5, L, V)|(12, L, V)",test
4015,RLARIVKIRVAR,RLARIVVIRVAR,4.06470382,4.922383388,-0.857679568,RLARIVKIRVAR,RLARIVVIRVAR,1,0.9166666666666666,46.0,1.8057454096982652,0.9381720430107526,0.2580645161290322,0.9363425925833332,0.236111111,1,"(7, K, V)",test
4025,RLARIVPIRVAR,RLARIVVIRVAR,3.754276121,4.922383388,-1.168107267,RLARIVPIRVAR,RLARIVVIRVAR,1,0.9166666666666666,46.0,1.8057454096982652,0.9270833333333334,0.125,0.9346590909166668,0.215909091,1,"(7, P, V)",test
4044,RLARIVVIRVAR,RLWRIVVIRVAR,4.922383388,5.885618921,-0.9632355329999998,RLARIVVIRVAR,RLWRIVVIRVAR,1,0.9166666666666666,45.0,1.7755690384263378,0.9308510638297872,0.1702127659574468,0.92465277775,0.095833333,1,"(3, A, W)",test
4065,RLLLRIGRR,RLRLRIGRR,3.743554913,4.600416664,-0.8568617509999998,RLLLRIGRR,RLRLRIGRR,1,0.8888888888888888,36.0,2.005308929305321,0.92022792022792,0.282051282051282,0.9151234567777776,0.236111111,1,"(3, L, R)",test
4067,RLRLRIGRR,RLYLRIGRR,4.600416664,3.752369553,0.8480471110000001,RLRLRIGRR,RLYLRIGRR,1,0.8888888888888888,36.0,2.005308929305321,0.9133333333333334,0.22,0.911335578,0.202020202,1,"(3, R, Y)",test
4068,RLRRIVVIRVAR,RLRRIVVIRVFR,5.274990843,6.0,-0.7250091569999997,RLRRIVVIRVAR,RLRRIVVIRVFR,1,0.9166666666666666,47.0,1.835921780970193,0.9375,0.25,0.9354166666666668,0.225,1,"(11, A, F)",test
4073,RLRRIVVIRVFR,RLRRIVVIRVRR,6.0,5.298851794,0.701148206,RLRRIVVIRVFR,RLRRIVVIRVRR,1,0.9166666666666666,46.0,1.8057454096982652,0.9357638888888888,0.2291666666666666,0.925462963,0.105555556,1,"(11, F, R)",test
4080,RLWLAIGRR,RLWLAIKRR,5.096910013,4.368556231,0.7283537819999992,RLWLAIGRR,RLWLAIKRR,1,0.8888888888888888,40.0,2.166249576088934,0.9176954732510288,0.2592592592592592,0.912345679,0.211111111,1,"(7, G, K)",test
4090,RRIRPRPPRLPRPRPRP,RRIRPRPPRLPRPRPRPL,6.091514981,3.89279003,2.1987249510000004,RRIRPRPPRLPRPRPRP-,RRIRPRPPRLPRPRPRPL,1,0.9444444444444444,97.0,2.2298268963777117,0.9444444444444444,0.0,0.9444444444444444,0.0,1,"(18, -, L)",test
4091,RRLFRRILRWL,RRLFRRILRYL,6.259637311,5.346787486,0.9128498249999994,RRLFRRILRWL,RRLFRRILRYL,1,0.9090909090909092,49.0,2.06866311656078,0.934609250398724,0.2807017543859649,0.9520661157272728,0.472727273,1,"(10, W, Y)",test
4096,RRWHRHWRR,RRWHRWWRR,3.89279003,4.591760035,-0.6989700050000001,RRWHRHWRR,RRWHRWWRR,1,0.8888888888888888,53.0,2.6893066781356776,0.92090395480226,0.288135593220339,0.9055555555555556,0.15,1,"(6, H, W)",test
4102,RRWQWRMKK,RRWQWRMKKL,5.661074673,4.948847478,0.7122271949999996,RRWQWRMKK-,RRWQWRMKKL,1,0.9,57.0,2.5652225924273613,0.9,0.0,0.9,0.0,1,"(10, -, L)",test
4110,RRWWRHWRR,RRWWRWWRR,4.318758763,5.251811973,-0.9330532099999996,RRWWRHWRR,RRWWRWWRR,1,0.8888888888888888,56.0,2.810012163223387,0.92090395480226,0.288135593220339,0.9055555555555556,0.15,1,"(6, H, W)",test
4111,RRWWRRWRR,RRWWRRWRRW,4.0,5.124938737,-1.124938737,RRWWRRWRR-,RRWWRRWRRW,1,0.9,63.0,2.7824924655852388,0.9,0.0,0.9,0.0,1,"(10, -, W)",test
4114,RRWWRWWR,RRWYRWWR,5.744323563,4.37675071,1.3675728530000004,RRWWRWWR,RRWYRWWR,1,0.875,55.0,3.1159991267184197,0.9100877192982456,0.2807017543859649,0.934090909125,0.472727273,1,"(4, W, Y)",test
4124,RWWRWWR,RWWRYWR,4.853871964,5.684261831,-0.8303898670000001,RWWRWWR,RWWRYWR,1,0.8571428571428571,50.0,3.302487248204529,0.8972431077694235,0.2807017543859649,0.9246753247142856,0.472727273,1,"(5, W, Y)",test
4139,SKVGRHGRRFGHRAHRKL,SKVGRHLRRFGHRAHRKL,4.0,4.903089987,-0.9030899870000004,SKVGRHGRRFGHRAHRKL,SKVGRHLRRFGHRAHRKL,1,0.9444444444444444,89.0,2.0688862495940983,0.9589371980676328,0.2608695652173913,0.9444444444444444,0.0,1,"(7, G, L)",test
4141,SKVGRHLRRFGHRAHRKL,SKVGRHLRRFLHRAHRKL,4.903089987,5.630784143,-0.7276941559999992,SKVGRHLRRFGHRAHRKL,SKVGRHLRRFLHRAHRKL,1,0.9444444444444444,87.0,2.028651087898195,0.9589371980676328,0.2608695652173913,0.9444444444444444,0.0,1,"(11, G, L)",test
4146,VFQFLGKIIHHVGNFVHGFSHVF,VFQFLGRIIHHVGNFVHGFSHVF,6.404845701,4.0,2.404845701,VFQFLGKIIHHVGNFVHGFSHVF,VFQFLGRIIHHVGNFVHGFSHVF,1,0.9565217391304348,125.0,2.1859193427028885,0.9743589743589745,0.4102564102564102,0.9855072463913044,0.666666667,1,"(7, K, R)",test
4152,VKLFVYPLKVKLYP,VKLKVYPLKVKLYP,5.041939628,4.140403703,0.901535925,VKLFVYPLKVKLYP,VKLKVYPLKVKLYP,1,0.9285714285714286,64.0,2.0133600793653943,0.9477351916376308,0.2682926829268293,0.9361111111428572,0.105555556,1,"(4, F, K)",test
4154,VKLGVYPLKVKLYP,VKLKVYPLKVKLYP,5.129535784,4.140403703,0.9891320810000002,VKLGVYPLKVKLYP,VKLKVYPLKVKLYP,1,0.9285714285714286,65.0,2.039225540455618,0.9470899470899472,0.2592592592592592,0.9436507936428572,0.211111111,1,"(4, G, K)",test
4157,VKLKKYPKLKVKLYP,VKLKVYPKLKVKLYP,4.459901293,5.958162226,-1.498260933,VKLKKYPKLKVKLYP,VKLKVYPKLKVKLYP,1,0.9333333333333332,71.0,2.0481237531971623,0.9505376344086022,0.2580645161290322,0.9490740740666668,0.236111111,1,"(5, K, V)",test
4159,VKLKKYPKLKVKLYP,VKLKVKYPKLKVKLYP,4.459901293,5.385716107,-0.9258148140000008,VKLK-KYPKLKVKLYP,VKLKVKYPKLKVKLYP,1,0.9375,67.0,1.829586904806557,0.9375,0.0,0.9375,0.0,1,"(5, -, V)",test
4167,VKLKVYPKLKVKLYP,VKLKVYPLKVKLYP,5.958162226,4.140403703,1.817758523,VKLKVYPKLKVKLYP,VKLKVYP-LKVKLYP,1,0.9333333333333332,61.0,1.806712783021742,0.9333333333333332,0.0,0.9333333333333332,0.0,1,"(8, K, -)",test
4171,VKLKVYPLKVKLYP,VKLKYPLKVKLYP,4.140403703,5.599068306,-1.4586646030000008,VKLKVYPLKVKLYP,VKLK-YPLKVKLYP,1,0.9285714285714286,57.0,1.8323018517338292,0.9285714285714286,0.0,0.9285714285714286,0.0,1,"(5, V, -)",test
4172,VKLKVYPLKVKLYP,VKLNVYPLKVKLYP,4.140403703,4.843564292,-0.7031605890000003,VKLKVYPLKVKLYP,VKLNVYPLKVKLYP,1,0.9285714285714286,67.0,2.0909564626360653,0.9539170506912444,0.3548387096774194,0.9587301587142856,0.422222222,1,"(4, K, N)",test
4173,VKLKVYPLKVKLYP,VKLYVYPLKVKLYP,4.140403703,5.135952035,-0.9955483320000004,VKLKVYPLKVKLYP,VKLYVYPLKVKLYP,1,0.9285714285714286,65.0,2.039225540455618,0.946843853820598,0.2558139534883721,0.943001443,0.202020202,1,"(4, K, Y)",test
4174,VKLKVYPLKVKLYP,VKLLVYPLKVKLYP,4.140403703,4.974331952,-0.8339282490000004,VKLKVYPLKVKLYP,VKLLVYPLKVKLYP,1,0.9285714285714286,65.0,2.039225540455618,0.953125,0.34375,0.9454365079285714,0.236111111,1,"(4, K, L)",test
4175,VKLKVYPLKVKLYP,VKLVYPLKVKLYP,4.140403703,5.591057591,-1.4506538880000006,VKLKVYPLKVKLYP,VKL-VYPLKVKLYP,1,0.9285714285714286,56.0,1.806436390643606,0.9285714285714286,0.0,0.9285714285714286,0.0,1,"(4, K, -)",test
4176,VKLKYPKVKLYP,VKLKYPLKVKLYP,4.362864747,5.599068306,-1.236203559000001,VKLKYP-KVKLYP,VKLKYPLKVKLYP,1,0.9230769230769232,53.0,1.8618277002477768,0.9230769230769232,0.0,0.9230769230769232,0.0,1,"(7, -, L)",test
4181,VKLKYPVKLYP,VKLYPVKLYP,4.323408807,5.058158031,-0.7347492239999998,VKLKYPVKLYP,VKL-YPVKLYP,1,0.9090909090909092,43.0,1.8711450500536173,0.9090909090909092,0.0,0.9090909090909092,0.0,1,"(4, K, -)",test
4182,VKLNVYPLKVKLYP,VKLVYPLKVKLYP,4.843564292,5.591057591,-0.7474932990000003,VKLNVYPLKVKLYP,VKL-VYPLKVKLYP,1,0.9285714285714286,56.0,1.806436390643606,0.9285714285714286,0.0,0.9285714285714286,0.0,1,"(4, N, -)",test
4196,VNWKKILAKIIKVAK,VNWKKILPKIIKVAK,5.366531544,4.096910013,1.2696215310000003,VNWKKILAKIIKVAK,VNWKKILPKIIKVAK,1,0.9333333333333332,69.0,1.999841559162078,0.942528735632184,0.1379310344827586,0.9549242424,0.323863636,1,"(8, A, P)",test
4199,VNWKKILAKIIKVAK,VNWKKVLPKIIKVAK,5.366531544,4.0,1.366531544,VNWKKILAKIIKVAK,VNWKKVLPKIIKVAK,2,0.8666666666666667,68.0,1.975700462144536,0.9106446776611694,0.3298350824587706,0.9465909090666668,0.599431818,2,"(6, I, V)|(8, A, P)",test
4201,VNWKKILAKIIKVAK,VNWKKILPKIIKVVK,5.366531544,4.488116639,0.8784149049999996,VNWKKILAKIIKVAK,VNWKKILPKIIKVVK,2,0.8666666666666667,65.0,1.9032771710919103,0.915077755240027,0.3630831643002028,0.9215909090666669,0.411931818,2,"(8, A, P)|(14, A, V)",test
4204,VNWKKILAKIIKVVK,VNWKKILKKIIKVAK,5.657577319,4.806875402,0.8507019169999994,VNWKKILAKIIKVVK,VNWKKILKKIIKVAK,2,0.8666666666666667,65.0,1.9032771710919103,0.9249299719887956,0.4369747899159664,0.9236111111333334,0.4270833335,2,"(8, A, K)|(14, V, A)",test
4206,VNWKKILAKIIKVVK,VNWKKVLKKIIKVAK,5.657577319,4.806875402,0.8507019169999994,VNWKKILAKIIKVVK,VNWKKVLKKIIKVAK,3,0.8,64.0,1.879136074074368,0.893045914017781,0.4652295700889051,0.9152777778,0.576388889,3,"(6, I, V)|(8, A, K)|(14, V, A)",test
4207,VNWKKILAKIIKVVK,VNWKKVLPKIIKVAK,5.657577319,4.0,1.6575773189999996,VNWKKILAKIIKVVK,VNWKKVLPKIIKVAK,3,0.8,64.0,1.879136074074368,0.8831936972690125,0.4159684863450628,0.9132575757333332,0.5662878786666666,3,"(6, I, V)|(8, A, P)|(14, V, A)",test
4208,VNWKKILAKIIKVVK,VNWKKILPKIIKVVK,5.657577319,4.488116639,1.1694606799999994,VNWKKILAKIIKVVK,VNWKKILPKIIKVVK,1,0.9333333333333332,69.0,1.999841559162078,0.942528735632184,0.1379310344827586,0.9549242424,0.323863636,1,"(8, A, P)",test
4209,VNWKKILAKIIKVVK,VNWKKILGKIIKVVK,5.657577319,4.879172526,0.778404793,VNWKKILAKIIKVVK,VNWKKILGKIIKVVK,1,0.9333333333333332,70.0,2.02398265617962,0.9529411764705882,0.2941176470588235,0.9633333333333332,0.45,1,"(8, A, G)",test
4210,VNWKKILAKIIKVVK,VNWKKILPKIIKVAK,5.657577319,4.096910013,1.560667306,VNWKKILAKIIKVVK,VNWKKILPKIIKVAK,2,0.8666666666666667,65.0,1.9032771710919103,0.915077755240027,0.3630831643002028,0.9215909090666669,0.411931818,2,"(8, A, P)|(14, V, A)",test
4211,VNWKKILGKIIKVAK,VNWKKVLPKIIKVAK,5.045757491,4.0,1.0457574909999998,VNWKKILGKIIKVAK,VNWKKVLPKIIKVAK,2,0.8666666666666667,67.0,1.951559365126994,0.9113258185721952,0.3349436392914653,0.9377272727333332,0.5329545455,2,"(6, I, V)|(8, G, P)",test
4213,VNWKKILGKIIKVAK,VNWKKILPKIIKVAK,5.045757491,4.096910013,0.9488474780000002,VNWKKILGKIIKVAK,VNWKKILPKIIKVAK,1,0.9333333333333332,68.0,1.975700462144536,0.94320987654321,0.1481481481481481,0.9460606060666666,0.190909091,1,"(8, G, P)",test
4215,VNWKKILGKIIKVVK,VNWKKVLPKIIKVAK,4.879172526,4.0,0.8791725259999996,VNWKKILGKIIKVVK,VNWKKVLPKIIKVAK,3,0.8,63.0,1.854994977056826,0.8838748381800384,0.4193741909001926,0.9043939394,0.521969697,3,"(6, I, V)|(8, G, P)|(14, V, A)",test
4216,VNWKKILGKIIKVVK,VNWKKILPKIIKVAK,4.879172526,4.096910013,0.782262513,VNWKKILGKIIKVVK,VNWKKILPKIIKVAK,2,0.8666666666666667,64.0,1.879136074074368,0.915758896151053,0.3681917211328976,0.9127272727333332,0.3454545455,2,"(8, G, P)|(14, V, A)",test
4218,VNWKKILKKIIKVAK,VNWKKVLPKIIKVAK,4.806875402,4.0,0.8068754020000002,VNWKKILKKIIKVAK,VNWKKVLPKIIKVAK,2,0.8666666666666667,68.0,1.975700462144536,0.9079533404029692,0.3096500530222693,0.9452020202,0.5890151515,2,"(6, I, V)|(8, K, P)",test
4220,VNWKKILKKIIKVAK,VNWKKILPKIIKVAK,4.806875402,4.096910013,0.7099653890000006,VNWKKILKKIIKVAK,VNWKKILPKIIKVAK,1,0.9333333333333332,69.0,1.999841559162078,0.9398373983739836,0.0975609756097561,0.9535353535333332,0.303030303,1,"(8, K, P)",test
4222,VNWKKILKKIIKVVK,VNWKKILPKIIKVAK,5.017728767,4.096910013,0.9208187540000008,VNWKKILKKIIKVVK,VNWKKILPKIIKVAK,2,0.8666666666666667,65.0,1.9032771710919103,0.9123864179818268,0.3428981348637016,0.9202020202,0.4015151515,2,"(8, K, P)|(14, V, A)",test
4223,VNWKKILKKIIKVVK,VNWKKVLPKIIKVAK,5.017728767,4.0,1.0177287670000004,VNWKKILKKIIKVVK,VNWKKVLPKIIKVAK,3,0.8,64.0,1.879136074074368,0.8805023600108123,0.4025118000540619,0.9118686868666668,0.5593434343333333,3,"(6, I, V)|(8, K, P)|(14, V, A)",test
4225,VNWKKILPKIIKVAK,VNWKKVLAKIIKVAK,4.096910013,5.142667504,-1.0457574910000007,VNWKKILPKIIKVAK,VNWKKVLAKIIKVAK,2,0.8666666666666667,68.0,1.975700462144536,0.9106446776611694,0.3298350824587706,0.9465909090666668,0.599431818,2,"(6, I, V)|(8, P, A)",test
4226,VNWKKILPKIIKVAK,VNWKKVLKKIIKVAK,4.096910013,4.806875402,-0.7099653890000006,VNWKKILPKIIKVAK,VNWKKVLKKIIKVAK,2,0.8666666666666667,68.0,1.975700462144536,0.9079533404029692,0.3096500530222693,0.9452020202,0.5890151515,2,"(6, I, V)|(8, P, K)",test
4231,VNWKKVLAKIIKVAK,VNWKKVLPKIIKVAK,5.142667504,4.0,1.1426675040000005,VNWKKVLAKIIKVAK,VNWKKVLPKIIKVAK,1,0.9333333333333332,69.0,1.999841559162078,0.942528735632184,0.1379310344827586,0.9549242424,0.323863636,1,"(8, A, P)",test
4232,VNWKKVLKKIIKVAK,VNWKKVLPKIIKVAK,4.806875402,4.0,0.8068754020000002,VNWKKVLKKIIKVAK,VNWKKVLPKIIKVAK,1,0.9333333333333332,69.0,1.999841559162078,0.9398373983739836,0.0975609756097561,0.9535353535333332,0.303030303,1,"(8, K, P)",test
4235,VQLRIRVAVIRA,VQWRIRIAVIRA,4.337996555,5.091315776,-0.7533192209999999,VQLRIRVAVIRA,VQWRIRIAVIRA,2,0.8333333333333334,45.0,1.7755690384263378,0.8947854504120488,0.3687127024722932,0.92222222225,0.5333333335,2,"(3, L, W)|(7, V, I)",test
4236,VQLRIRVAVIRA,VRFRIRVAVIRA,4.337996555,5.083919246,-0.7459226909999996,VQLRIRVAVIRA,VRFRIRVAVIRA,2,0.8333333333333334,44.0,1.7453926671544104,0.8887108262108262,0.3322649572649573,0.9171296296666668,0.502777778,2,"(2, Q, R)|(3, L, F)",test
4242,VQLRIRVAVIRA,VRLRIRVAVIRK,4.337996555,5.391779953,-1.0537833980000002,VQLRIRVAVIRA,VRLRIRVAVIRK,2,0.8333333333333334,44.0,1.7453926671544104,0.8870573870573871,0.3223443223443223,0.9091435185833332,0.4548611114999999,2,"(2, Q, R)|(12, A, K)",test
4268,VWPLVIRTVIAGYNLYRAIKKK,WPVVIRTVVAGYNLYRAIKKK,6.22184875,5.245494682,0.976354068,VWPLVIRTVIAGYNLYRAIKKK,-WPVVIRTVVAGYNLYRAIKKK,3,0.8636363636363636,106.0,1.972542374189408,0.9062911725955204,0.3128019323671497,0.9318181818181818,0.5,3,"(1, V, -)|(4, L, V)|(10, I, V)",test
4273,VWRHWRRFWHR,WRHWRRFWHR,5.504455662,4.301029996,1.2034256660000002,VWRHWRRFWHR,-WRHWRRFWHR,1,0.9090909090909092,75.0,2.924574738091813,0.9090909090909092,0.0,0.9090909090909092,0.0,1,"(1, V, -)",test
4283,WKKLWKPGLKKWLK,WKKVWKPGVKKWVK,4.971971276,3.971971276,0.9999999999999996,WKKLWKPGLKKWLK,WKKVWKPGVKKWVK,3,0.7857142857142857,79.0,2.401341995718748,0.8749999999999999,0.4166666666666667,0.9196428571428572,0.625,3,"(4, L, V)|(9, L, V)|(13, L, V)",test
4290,WLRAFRRLVRRLARGLRR,WLRAFRRLVRRLARLLRR,4.726458609,5.603800653,-0.8773420440000006,WLRAFRRLVRRLARGLRR,WLRAFRRLVRRLARLLRR,1,0.9444444444444444,81.0,1.9079456028104849,0.9589371980676328,0.2608695652173913,0.9444444444444444,0.0,1,"(15, G, L)",test
4297,WRKLWRPGLKRWLK,WRKVWRPGVKRWVK,5.176091259,4.427903232,0.7481880269999994,WRKLWRPGLKRWLK,WRKVWRPGVKRWVK,3,0.7857142857142857,79.0,2.401341995718748,0.8749999999999999,0.4166666666666667,0.9196428571428572,0.625,3,"(4, L, V)|(9, L, V)|(13, L, V)",test
4308,WWWLKRIW,WWWLSRIW,4.602059991,5.508638306,-0.906578315,WWWLKRIW,WWWLSRIW,1,0.875,57.0,3.206528240534201,0.9241071428571428,0.3928571428571428,0.93402777775,0.472222222,1,"(5, K, S)",test
4315,WWWLRRIW,WWWLSRIW,4.602059991,5.508638306,-0.906578315,WWWLRRIW,WWWLSRIW,1,0.875,56.0,3.1612636836263106,0.9142857142857144,0.3142857142857143,0.919270833375,0.354166667,1,"(5, R, S)",test
4317,YKLLKLLLPKLKGLLFKL,YKLLKLLLPKLKGLLPKL,6.029750683,5.279117113,0.7506335699999998,YKLLKLLLPKLKGLLFKL,YKLLKLLLPKLKGLLPKL,1,0.9444444444444444,77.0,1.8274752794186784,0.9493827160493828,0.0888888888888888,0.9444444444444444,0.0,1,"(16, F, P)",test
4321,YKLLKLLLPKLKGLLIKL,YKLLKLLLPKLKPLLPKL,5.721767864,4.675536796,1.046231068,YKLLKLLLPKLKGLLIKL,YKLLKLLLPKLKPLLPKL,2,0.8888888888888888,70.0,1.6866522134830166,0.903125347569792,0.1281281281281281,0.9054924242222222,0.149431818,2,"(13, G, P)|(16, I, P)",test
4324,YKLLKLLLPKLKPLLFKL,YKLLKLLLPKLKPLLPKL,5.861708134,4.675536796,1.1861713379999994,YKLLKLLLPKLKPLLFKL,YKLLKLLLPKLKPLLPKL,1,0.9444444444444444,78.0,1.84759286026663,0.9493827160493828,0.0888888888888888,0.9444444444444444,0.0,1,"(16, F, P)",test
4326,YKLLKLLLPKLKPLLIKL,YKLLKLLLPKLKPLLPKL,5.729945251,4.675536796,1.054408455,YKLLKLLLPKLKPLLIKL,YKLLKLLLPKLKPLLPKL,1,0.9444444444444444,79.0,1.8677104411145813,0.9504504504504504,0.1081081081081081,0.9504419191666664,0.107954545,1,"(16, I, P)",test
4328,YVLFKRKRFIFI,YVLWKRKRWIFI,3.698970004,4.397940009,-0.6989700050000001,YVLFKRKRFIFI,YVLWKRKRWIFI,2,0.8333333333333334,51.0,1.9566272660579027,0.889937106918239,0.3396226415094339,0.9027777778333332,0.416666667,2,"(4, F, W)|(9, F, W)",test
