,bacterium,Sequence,value,length,Activity,Idx,ID,dataset,label_binned
255,E. coli,FFRHIKSFWKGAKAIFRGARQG,1.15051499783104,22,4.84948500216896,255,255,train,5
1387,E. coli,IKHQGLPQE,3.227243571979516,9,2.772756428020484,1387,1387,train,0
2000,E. coli,KWKKLLKKLLKLPKKLLKKLKKLLK,0.6020599913279624,25,5.3979400086720375,2000,2000,train,8
2637,E. coli,RYPAVGYT,0.7968044847476367,8,5.203195515252364,2637,2637,train,7
887,E. coli,GLADFLNKAVGKVVDFVKS,2.0,19,4.0,887,887,train,1
2278,E. coli,NTVKETIKYLKSLFSHAFEVVKT,1.845098040014257,23,4.154901959985743,2278,2278,train,2
969,E. coli,GLGSLVGNALRIGAKLL,1.5740312677277188,17,4.425968732272281,969,969,train,3
849,E. coli,GKKYRRFRWKFRKGRFWFWG,0.7580047334523147,20,5.241995266547685,849,849,train,7
2516,E. coli,RQIRIWFQNRRMRWRR,0.9030899869919436,16,5.096910013008056,2516,2516,train,6
520,E. coli,FLSLIPHAINAVGVHAKHF,2.393000621743506,19,3.606999378256494,520,520,train,0
1495,E. coli,ILPWKKPKKPKRR,0.7759543612950554,13,5.224045638704944,1495,1495,train,7
1774,E. coli,KKLLPIVANLLKSLL,0.4780413521618833,15,5.521958647838117,1774,1774,train,8
1149,E. coli,GNNRPVYIAQPRPPHPRL,1.7783519686050338,18,4.221648031394967,1149,1149,train,2
1824,E. coli,KLILKRKRKRILIK,1.505149978319906,14,4.494850021680094,1824,1824,train,3
309,E. coli,FKAWRWAWRMKKLAAPS,1.3009828772688214,17,4.6990171227311786,309,309,train,4
1769,E. coli,KKLLKLKLKWKK,2.113943352306837,12,3.886056647693163,1769,1769,train,0
513,E. coli,FLSGIVGMLGKLF,1.0122344564170116,13,4.987765543582988,513,513,train,6
1922,E. coli,KRKGSGKRK,1.806179973983887,9,4.1938200260161125,1922,1922,train,2
1860,E. coli,KLLLLLKLLLWK,0.8129133566428556,12,5.187086643357144,1860,1860,train,7
287,E. coli,FIGLLISAGKAIHDLIRRRH,-0.6020599913279624,20,6.6020599913279625,287,287,train,9
2472,E. coli,RLLRKFFRKLKKSV,1.19949048378714,14,4.80050951621286,2472,2472,train,5
2792,E. coli,VKKVYPLKVKLYP,1.0068423198365026,13,4.993157680163497,2792,2792,train,6
695,E. coli,GFMKYIGPLIPHKVKAISDLI,2.0,21,4.0,695,695,train,1
2146,E. coli,LLKKLLKLLLKLLKK,1.146128035678238,15,4.853871964321762,2146,2146,train,5
2545,E. coli,RRPRPRPRPFFFF,1.9030899869919435,13,4.096910013008056,2545,2545,train,2
1105,E. coli,GLWEKVKEKANELVSGIVEGVK,1.6174824737436904,22,4.38251752625631,1105,1105,train,3
2688,E. coli,SNWLKLGKKMMSAL,2.0,14,4.0,2688,2688,train,1
602,E. coli,FVPWFSKFLKRIL,1.2218487496163564,13,4.778151250383644,602,602,train,5
2868,E. coli,VRRFGWWWGFLRR,1.2445714301772617,13,4.7554285698227385,2868,2868,train,5
2009,E. coli,KWKLFKKAVLKVLTT,-0.2218487496163563,15,6.221848749616356,2009,2009,train,9
1455,E. coli,ILGPILGLVSNALGGLL,0.568201724066995,17,5.431798275933005,1455,1455,train,8
797,E. coli,GILKKFMLHRGTKVYKMRTLSKRSH,0.2194410626464127,25,5.780558937353588,797,797,train,9
2731,E. coli,TLLKKVLKAAA,0.7781512503836436,11,5.221848749616356,2731,2731,train,7
1958,E. coli,KSRQWQWKIRRTWPIFSIRR,0.591993870205022,20,5.408006129794978,1958,1958,train,8
1351,E. coli,IFGAIWSGIKSLF,0.9030899869919436,13,5.096910013008056,1351,1351,train,6
2280,E. coli,NWKKIASIGKEVLKAL,1.3222192947339193,16,4.6777807052660805,2280,2280,train,4
1507,E. coli,ILPWKWPLWPWRR,0.8334592987255084,13,5.166540701274491,1507,1507,train,7
838,E. coli,GKFLHSAGKFGKAFLGEVMIG,2.0,21,4.0,838,838,train,1
2469,E. coli,RLLFRKIRRLKR,0.6842676900620795,12,5.31573230993792,2469,2469,train,7
65,E. coli,ALGALFKVASKVL,1.57950599399194,13,4.42049400600806,65,65,train,3
2769,E. coli,VFLGNIVSMGKKI,2.153122830307962,13,3.846877169692038,2769,2769,train,0
712,E. coli,GGAGHVPEYFVGIGTPISFYG,-1.7010084861678272,21,7.701008486167828,712,712,train,9
631,E. coli,GAHDILKYGKPS,1.6989700043360187,12,4.301029995663981,631,631,train,3
38,E. coli,AIPWSIWWRLLFKG,2.3010299956639813,14,3.6989700043360183,38,38,train,0
1476,E. coli,ILKKWPWWPWRRK,0.6288654278273538,13,5.371134572172647,1476,1476,train,8
1191,E. coli,GRRPRPRPRPFFFF,2.204119982655925,14,3.795880017344075,1191,1191,train,0
1318,E. coli,HKTDSFVGLM,2.644240081311275,10,3.355759918688725,1318,1318,train,0
2536,E. coli,RRKKWFW,0.9030899869919436,7,5.096910013008056,2536,2536,train,6
13,E. coli,AGKKTIRQYLKNKIKKKWRKAVIAW,0.9030899869919436,25,5.096910013008056,13,13,train,6
2094,E. coli,LKDVEEAQQKIINIIRRL,1.3424226808222062,18,4.657577319177793,2094,2094,train,4
1789,E. coli,KKTWWKTWWTKWSQPKK,0.3010299956639812,17,5.698970004336019,1789,1789,train,9
2937,E. coli,WKSDVRRWRSRY,1.806179973983887,12,4.1938200260161125,2937,2937,train,2
1945,E. coli,KRRGSVTTRYQFLMIHLLRPKKLFA,1.3892392511968612,25,4.610760748803139,1945,1945,train,4
1855,E. coli,KLLLKLKLKLWK,0.9030899869919436,12,5.096910013008056,1855,1855,train,6
301,E. coli,FIRSLFFF,2.0,8,4.0,301,301,train,1
732,E. coli,GIGKFAHSAKKFGKAFVGEIMNS,2.1072099696478683,23,3.892790030352132,732,732,train,0
342,E. coli,FLFSLIPSAIAGLVSAIRN,2.410556601458916,19,3.589443398541084,342,342,train,0
1893,E. coli,KNWKKIASIGKEVLKAL,1.0969100130080565,17,4.903089986991944,1893,1893,train,5
1691,E. coli,KIVKVITVKSISPASLVPVF,1.7797211750816633,20,4.220278824918337,1691,1691,train,2
2214,E. coli,LRPAILVRIK,2.037426497940624,10,3.962573502059376,2214,2214,train,1
1431,E. coli,ILGAILPLVSGLLSNKL,2.4082399653118496,17,3.5917600346881504,1431,1431,train,0
723,E. coli,GIGDILKNLAKAAGKAALHAVGESL,1.2787536009528289,25,4.721246399047171,723,723,train,4
750,E. coli,GIGKFLHSAKKFGKAFVGEAMNS,2.1072099696478683,23,3.892790030352132,750,750,train,0
710,E. coli,GFWSSALEGLKKFAKGGLEALTNPK,1.6989700043360187,25,4.301029995663981,710,710,train,3
200,E. coli,FFGHLFKLATKIIPSLFQ,0.2900346113625179,18,5.709965388637482,200,200,train,9
2582,E. coli,RRWWKWWRK,0.0969100130080564,9,5.903089986991944,2582,2582,train,9
1605,E. coli,IWRIFRRIFRIFIRF,1.2041199826559248,15,4.795880017344075,1605,1605,train,5
2681,E. coli,SLSRYAKLANRLA,1.6129972063361266,13,4.387002793663873,2681,2681,train,3
209,E. coli,FFGSVLKLIPKIL,1.3979400086720375,13,4.6020599913279625,209,209,train,4
1361,E. coli,IGKKFKRIVQRIKKFLRNL,0.9030899869919436,19,5.096910013008056,1361,1361,train,6
526,E. coli,FLSLIPHIATGIAALAKHL,0.568201724066995,19,5.431798275933005,526,526,train,8
109,E. coli,APKAMRLLRRLLRLQKKGI,-0.3544672756060759,19,6.354467275606076,109,109,train,9
1665,E. coli,KIAKVALKALKIAKVALKAL,0.5740312677277188,20,5.425968732272281,1665,1665,train,8
2827,E. coli,VLNENARL,3.096910013008056,8,2.903089986991944,2827,2827,train,0
19,E. coli,AGYLLPKINLKPLAKLPKKIL,1.7394877368927733,21,4.260512263107227,19,19,train,3
2935,E. coli,WKRLVAASAKKK,1.0344221361129684,12,4.965577863887032,2935,2935,train,6
660,E. coli,GFGKALKLLKKVL,0.3979400086720376,13,5.6020599913279625,660,660,train,8
1971,E. coli,KVFKRLEKLFSKIQNDK,1.6989700043360187,17,4.301029995663981,1971,1971,train,3
1949,E. coli,KRWWKWIRW,0.1512676753306491,9,5.848732324669351,1949,1949,train,9
148,E. coli,DAHKLAKLAKKLAKLAK,-0.6020599913279624,17,6.6020599913279625,148,148,train,9
123,E. coli,ARRARKWARRALKLA,0.6532125137753437,15,5.346787486224656,123,123,train,7
1659,E. coli,KIAGKIAKKAGKIAKIA,2.17545429744668,17,3.82454570255332,1659,1659,train,0
26,E. coli,AIHDILKYGKPS,1.6989700043360187,12,4.301029995663981,26,26,train,3
1540,E. coli,INPKSVQSLL,2.3010299956639813,10,3.6989700043360183,1540,1540,train,0
2898,E. coli,WFRKQLKW,0.2215578263214814,8,5.778442173678519,2898,2898,train,9
1709,E. coli,KKAGKIAKKAGKIA,2.258473401580248,14,3.741526598419752,1709,1709,train,0
2644,E. coli,SAVGRHGRRFGLRKHRKH,1.9715850651854168,18,4.028414934814583,2644,2644,train,2
2720,E. coli,SWKSMAKKLKEYMEKLKQRA,1.397973740157367,20,4.602026259842633,2720,2720,train,4
567,E. coli,FPVTWRWWTWWKG,1.2412531983067183,13,4.758746801693282,567,567,train,5
265,E. coli,FFWHHIGHALDAAKRVHGMLSG,1.0969100130080565,22,4.903089986991944,265,265,train,5
2829,E. coli,VLNENLAR,3.096910013008056,8,2.903089986991944,2829,2829,train,0
1925,E. coli,KRKILIKRK,1.806179973983887,9,4.1938200260161125,1925,1925,train,2
2924,E. coli,WKKIPKFLHLLKKF,0.7958800173440752,14,5.204119982655925,2924,2924,train,7
1092,E. coli,GLRRALLRLLRSLRRLLLRA,0.9030899869919436,20,5.096910013008056,1092,1092,train,6
2240,E. coli,LWGTRSGIQP,2.0,10,4.0,2240,2240,train,1
2286,E. coli,PFKLSLHL,0.4183160714810542,8,5.581683928518946,2286,2286,train,8
2996,E. coli,YKFRWRIYI,0.4623979978989561,9,5.537602002101044,2996,2996,train,8
2695,E. coli,SRWPSPGRPRPFPGRPKPIF,1.7958800173440752,20,4.204119982655925,2695,2695,train,2
2389,E. coli,RGVRPVVQGVKEKVR,1.5739380570991637,15,4.426061942900836,2389,2389,train,3
2293,E. coli,PKLLETFLSKWIG,1.5137578176359592,13,4.486242182364041,2293,2293,train,3
2241,E. coli,LWKTLLKKVLKAAA,1.3979400086720375,14,4.6020599913279625,2241,2241,train,4
2243,E. coli,MKSIAKFIAKTVAKQGAKQG,2.084875107634929,20,3.915124892365071,2243,2243,train,1
1727,E. coli,KKKKKKAAFAAFAAFAA,0.9542425094393248,17,5.045757490560675,1727,1727,train,6
1013,E. coli,GLLKKWLKKWKEFKRIVGY,1.134522809934196,19,4.865477190065804,1013,1013,train,5
1871,E. coli,KLRRLIRLL,1.0248319917475917,9,4.975168008252409,1871,1871,train,6
1378,E. coli,IISTIGDLVKWIIKTV,1.5440680443502757,16,4.455931955649724,1378,1378,train,3
2662,E. coli,SILGKLWKGVKSIF,1.3764931046247586,14,4.623506895375241,2662,2662,train,4
1037,E. coli,GLLPLLSLLGKLL,1.3979400086720375,13,4.6020599913279625,1037,1037,train,4
2271,E. coli,NLLNDALGTVNGLLGS,1.806179973983887,16,4.1938200260161125,2271,2271,train,2
53,E. coli,AKKVFKRLEKSFSKIQNDK,1.638314001894555,19,4.361685998105445,53,53,train,3
2861,E. coli,VRLRIRVAVIRA,0.3242889455876916,12,5.675711054412308,2861,2861,train,9
324,E. coli,FKRLEKLFSKIWNWK,2.0,15,4.0,324,324,train,1
2386,E. coli,RGRGRGRGRG,1.964890476885413,10,4.035109523114587,2386,2386,train,2
1390,E. coli,IKHQGRPQE,3.397940008672037,9,2.602059991327963,1390,1390,train,0
2678,E. coli,SLLSLIRKLLT,0.2041199826559248,11,5.795880017344075,2678,2678,train,9
2933,E. coli,WKLFKKIPKFLHLAKKF,0.7958800173440752,17,5.204119982655925,2933,2933,train,7
1729,E. coli,KKKKKKAAWAAWAAWAA,0.6532125137753437,17,5.346787486224656,1729,1729,train,7
2687,E. coli,SNWKKIASIGKEVLKAL,1.3979400086720375,17,4.6020599913279625,2687,2687,train,4
2075,E. coli,LFRKQLKW,0.2514327042022001,8,5.7485672957978,2075,2075,train,9
1647,E. coli,KHVGKAALTHYL,0.6020599913279624,12,5.3979400086720375,1647,1647,train,8
147,E. coli,DAHGLLKRIKTLL,0.9030899869919436,13,5.096910013008056,147,147,train,6
497,E. coli,FLPLKKLRFGLL,1.0969100130080565,12,4.903089986991944,497,497,train,5
984,E. coli,GLKKIFKAGLGSLKKGIAAHVAS,1.1760912590556811,23,4.823908740944319,984,984,train,5
2314,E. coli,PRPPRLPRPRPRPLPFPRPG,1.2576785748691846,20,4.742321425130816,2314,2314,train,5
1509,E. coli,ILPWKWPWLPKRR,1.4494831754974826,13,4.550516824502518,1509,1509,train,4
1657,E. coli,KIAGKIAKIAKKIAK,2.209296448422577,15,3.790703551577423,1657,1657,train,0
1324,E. coli,HNSSKQWSHWLWHNGIRI,1.4470066219669375,18,4.552993378033063,1324,1324,train,4
1386,E. coli,IKHQGLPQA,3.397940008672037,9,2.602059991327963,1386,1386,train,0
2679,E. coli,SLLSLIRLLIT,1.0969100130080565,11,4.903089986991944,2679,2679,train,5
2021,E. coli,KWKLFKKIGPGKFLHSAKKF,0.494850021680094,20,5.505149978319906,2021,2021,train,8
2022,E. coli,KWKLFKKIKFLHSAKKF,0.7958800173440752,17,5.204119982655925,2022,2022,train,7
2081,E. coli,LGYLEQLLRL,3.1320304201469225,10,2.867969579853077,2081,2081,train,0
115,E. coli,APRKNVRF,2.1128143288670227,8,3.887185671132977,115,115,train,0
2518,E. coli,RQRVEELSKFSKKGAAARRRK,1.9242792860618816,21,4.075720713938118,2518,2518,train,2
1268,E. coli,GVVVRWGRVIVRGVRR,0.6020599913279624,16,5.3979400086720375,1268,1268,train,8
1389,E. coli,IKHQGLPQEE,3.397940008672037,10,2.602059991327963,1389,1389,train,0
2359,E. coli,RAVAVIIRLRRV,0.8885603760262544,12,5.111439623973745,2359,2359,train,6
129,E. coli,AVNIPFKVHFR,2.876940770961375,11,3.123059229038625,129,129,train,0
1599,E. coli,IWKRWWWKR,1.6463937338327226,9,4.353606266167278,1599,1599,train,3
1249,E. coli,GVVDILKGAAKDIAGHLLSKVMNKL,1.0969100130080565,25,4.903089986991944,1249,1249,train,5
2347,E. coli,QRKKWFW,1.806179973983887,7,4.1938200260161125,2347,2347,train,2
1762,E. coli,KKLKLALAKLALLWKALALKLKKA,-0.0362121726544447,24,6.036212172654444,1762,1762,train,9
1742,E. coli,KKLAKLALLKWLLALKKLALLALKK,0.290034611362518,25,5.709965388637482,1742,1742,train,9
1467,E. coli,ILGPVLGLVSNALGGLL,1.7942656275459636,17,4.205734372454036,1467,1467,train,2
1466,E. coli,ILGPVLGLVSDTLDDVLGIL,2.255272505103306,20,3.744727494896694,1466,1466,train,0
2670,E. coli,SKVWRHW,2.0,7,4.0,2670,2670,train,1
1283,E. coli,GWGSFFKKAAAVGKAVGKAALTAYL,0.8039371547603468,25,5.196062845239653,1283,1283,train,7
1439,E. coli,ILGKILKGIKKLF,0.3010299956639812,13,5.698970004336019,1439,1439,train,9
359,E. coli,FLGALFKVASKV,2.193966251796085,12,3.806033748203915,359,359,train,0
657,E. coli,GFFALIPKIISSPLFKTL,1.2320925751930172,18,4.767907424806983,657,657,train,5
1363,E. coli,IGKLFKRIVKRILKFLRKL,0.9030899869919436,19,5.096910013008056,1363,1363,train,6
2477,E. coli,RLPRPVYIPQPRPPHPRL,1.1180993120779943,18,4.8819006879220055,2477,2477,train,5
2442,E. coli,RKRLRKFRNKIKEKLKKIGQKI,-0.0268721464003013,22,6.026872146400302,2442,2442,train,9
1970,E. coli,KVFKRLEKLFSKI,0.494850021680094,13,5.505149978319906,1970,1970,train,8
1292,E. coli,GWKSVFRKAKKVGKTVGGLALDHYL,0.7363699768407536,25,5.263630023159246,1292,1292,train,7
1920,E. coli,KRIVQRIKKWLR,0.3010299956639812,12,5.698970004336019,1920,1920,train,9
2379,E. coli,RGDWLWLW,1.9464281248172115,8,4.053571875182788,2379,2379,train,2
1187,E. coli,GRPRPFPGRPKPIFRPR,1.5740312677277188,17,4.425968732272281,1187,1187,train,3
1575,E. coli,INWSSIFESVKNLV,2.0,14,4.0,1575,1575,train,1
1828,E. coli,KLKKKLKKLLKK,2.5240314145423963,12,3.475968585457604,1828,1828,train,0
959,E. coli,GLFLDTLKKFAKAGMEAVTNPK,1.9030899869919435,22,4.096910013008056,959,959,train,2
1749,E. coli,KKLALHALKKWLHALKKLAHLALKK,-0.0132282657337551,25,6.013228265733755,1749,1749,train,9
2374,E. coli,RFRRLRWKTRWRLKKI,0.6989700043360189,16,5.301029995663981,2374,2374,train,7
1591,E. coli,ISKRILTGKK,2.299727847219312,10,3.700272152780688,1591,1591,train,0
968,E. coli,GLGKFLHSAKRFGKAFVGEAMNS,1.8750612633917,23,4.1249387366083,968,968,train,2
1559,E. coli,INWKKLGKKILGAL,1.6334684555795864,14,4.366531544420414,1559,1559,train,3
2816,E. coli,VKRWKKWRWKWKKWV,0.624144989691892,15,5.375855010308108,2816,2816,train,8
2423,E. coli,RIWKIWWKR,1.6689283707399465,9,4.3310716292600535,2423,2423,train,3
580,E. coli,FRKKWFW,0.9030899869919436,7,5.096910013008056,580,580,train,6
1667,E. coli,KIFGAIWPLALGALKNLIK,0.6020599913279624,19,5.3979400086720375,1667,1667,train,8
1192,E. coli,GRRPRPRPRPFFFFF,1.3010299956639813,15,4.698970004336019,1192,1192,train,4
254,E. coli,FFPLVLGALGSILPKVFGK,2.1760912590556813,19,3.823908740944319,254,254,train,0
1247,E. coli,GVVDILKGAAKDIAGHLASKVMNKA,2.0,25,4.0,1247,1247,train,1
2157,E. coli,LLKWLLK,2.039434002066946,7,3.960565997933054,2157,2157,train,1
2245,E. coli,MKTFLRLYRSLINKVLHV,0.253414953837619,18,5.746585046162381,2245,2245,train,9
2263,E. coli,NGVQPWYKWWKWWKKWW,1.562340663580768,17,4.437659336419232,2263,2263,train,3
124,E. coli,ASPTVFRSSVFLSLFVVAKK,2.069068808907561,20,3.930931191092439,124,124,train,1
1752,E. coli,KKLALLALKKWLLALKKLALLALKK,0.0211892990699379,25,5.978810700930062,1752,1752,train,9
101,E. coli,ALWRRLLRRLLRSARRLG,0.2730012720637376,18,5.726998727936262,101,101,train,9
693,E. coli,GFMKYIGPLIPHAVKAISDLI,1.1938200260161127,21,4.806179973983888,693,693,train,5
40,E. coli,AKAKAYPAKAKAYP,2.131429409698935,14,3.868570590301065,40,40,train,0
1848,E. coli,KLLKVIKKLL,0.7005568078671656,10,5.299443192132834,1848,1848,train,7
1428,E. coli,ILELAGNAARDNKKTRIIPRHLQL,0.3979400086720376,24,5.6020599913279625,1428,1428,train,8
1825,E. coli,KLKAGLAKWKAGLAKLKAGLA,1.1754128715328964,21,4.824587128467104,1825,1825,train,5
792,E. coli,GILDTLKQFAKGVGKDLVKGAAQG,1.316089196848688,24,4.683910803151312,792,792,train,4
2877,E. coli,VRVKVRVKVRVK,1.027027571313567,12,4.9729724286864325,2877,2877,train,6
806,E. coli,GILSSLWKKLKKWIAK,0.3979400086720376,16,5.6020599913279625,806,806,train,8
2030,E. coli,KWKLFKKIPKFLHLAKK,0.7958800173440752,17,5.204119982655925,2030,2030,train,7
1398,E. coli,IKKILSKIKKLWK,0.9717395908877784,13,5.028260409112222,1398,1398,train,6
2887,E. coli,VWRHWRRFWH,1.6989700043360187,10,4.301029995663981,2887,2887,train,3
1543,E. coli,INWKGIAAMAKKLL,0.8067594891549639,14,5.193240510845036,1543,1543,train,7
823,E. coli,GIRDVLKGAAKAFVKTVAGHIAN,0.6020599913279624,23,5.3979400086720375,823,823,train,8
2419,E. coli,RIRWILRYWRWS,0.6020599913279625,12,5.3979400086720375,2419,2419,train,8
926,E. coli,GLFDVIK,3.112152957851809,7,2.887847042148191,926,926,train,0
1243,E. coli,GVVDILKGAAKDIAGHLASKVANKL,2.0,25,4.0,1243,1243,train,1
592,E. coli,FSFLSRIF,2.0,8,4.0,592,592,train,1
1923,E. coli,KRKIFLRTKILV,0.3357921019231931,12,5.664207898076807,1923,1923,train,9
700,E. coli,GFRDVLKGAAKAFVKTVAGHIANI,0.7781512503836436,24,5.221848749616356,700,700,train,7
524,E. coli,FLSLIPHAINAVSALANHG,1.542202782434028,19,4.457797217565972,524,524,train,3
1850,E. coli,KLLKWLLK,1.982393895121959,8,4.017606104878041,1850,1850,train,2
1956,E. coli,KSLVRRWRSRW,1.4771212547196624,11,4.522878745280337,1956,1956,train,4
1985,E. coli,KWFKKIPKFLHLLKKF,0.494850021680094,16,5.505149978319906,1985,1985,train,8
1074,E. coli,GLPALISWIKRKR,1.4332098500861763,13,4.566790149913824,1074,1074,train,4
2812,E. coli,VKRFKKFFRKLKKSVK,1.2160100620241558,16,4.783989937975845,2812,2812,train,5
139,E. coli,AWKKTIRQYLKNEIKKKWRKAVIAW,0.3010299956639812,25,5.698970004336019,139,139,train,9
2836,E. coli,VLNNLLR,3.397940008672037,7,2.602059991327963,2836,2836,train,0
1760,E. coli,KKLKKLKKKWKKLKKKLK,1.6339329364457778,18,4.366067063554223,1760,1760,train,3
1052,E. coli,GLMSSIGKALGGLIVDVLKPKTPAS,1.6103112333770166,25,4.389688766622983,1052,1052,train,3
1573,E. coli,INWSKIFEKVKNLV,1.0969100130080565,14,4.903089986991944,1573,1573,train,5
1222,E. coli,GVLSAFKNALPGIMKIIV,1.532755755666358,18,4.467244244333642,1222,1222,train,3
2761,E. coli,VDKPPYLPRPRPPRRIYNH,0.8290522636289879,19,5.170947736371012,2761,2761,train,7
2581,E. coli,RRWWHWWRR,0.9380190974762104,9,5.061980902523789,2581,2581,train,6
982,E. coli,GLKEIFKAGLGSLVKGIAAHVAS,1.3979400086720375,23,4.6020599913279625,982,982,train,4
2167,E. coli,LLPPWLRPRNG,2.180927167482196,11,3.819072832517804,2167,2167,train,0
2008,E. coli,KWKLFKGIRAVLKVL,0.3469574975318179,15,5.653042502468182,2008,2008,train,9
588,E. coli,FRRPFKWPRRFFKFF,0.7160033436347991,15,5.2839966563652006,588,588,train,7
1012,E. coli,GLLKKLLKIAAKVGKKLL,1.0969100130080565,18,4.903089986991944,1012,1012,train,5
1336,E. coli,IAAQGLPQE,3.096910013008056,9,2.903089986991944,1336,1336,train,0
2414,E. coli,RIRFPWPWRWPWWPPFRG,0.7781512503836436,18,5.221848749616356,2414,2414,train,7
1264,E. coli,GVVVRVGRVVVRWV,0.9030899869919436,14,5.096910013008056,1264,1264,train,6
153,E. coli,DDALKKLLKKLLKKL,1.6989700043360187,15,4.301029995663981,153,153,train,3
1394,E. coli,IKKIIKKIIK,2.6989700043360187,10,3.3010299956639813,1394,1394,train,0
2290,E. coli,PKKKRKV,2.6989700043360187,7,3.3010299956639813,2290,2290,train,0
2736,E. coli,TPFKLSLHL,1.1527277083418146,9,4.847272291658186,2736,2736,train,5
635,E. coli,GALFGLASKVFPAVFGAFKK,2.095330386292972,20,3.904669613707028,635,635,train,1
268,E. coli,FHEAIAPVVHAAVKALVGFLG,1.6682626530074964,21,4.331737346992504,268,268,train,3
1720,E. coli,KKIMRTFLRRISKKILTGKK,0.9917369630623916,20,5.008263036937608,1720,1720,train,6
74,E. coli,ALRLAIRRR,0.1251755592163036,9,5.874824440783696,74,74,train,9
2549,E. coli,RRPWRWPRWPWRR,1.1957101219373252,13,4.804289878062675,2549,2549,train,5
2178,E. coli,LNLKGLIKKVASLLN,1.4771212547196624,15,4.522878745280337,2178,2178,train,4
1018,E. coli,GLLKRIK,1.5296159207620297,7,4.47038407923797,1018,1018,train,3
1847,E. coli,KLLKRIKTLL,1.291859016781998,10,4.7081409832180015,1847,1847,train,4
637,E. coli,GALFKVASKVLPS,2.1815801692260344,13,3.8184198307739656,637,637,train,0
1785,E. coli,KKSLLAKAKNFGGKVITIFKA,1.6989700043360187,21,4.301029995663981,1785,1785,train,3
1358,E. coli,IGKKFKRIVKRIKKFLRKL,0.9030899869919436,19,5.096910013008056,1358,1358,train,6
2047,E. coli,KWLKKLLKKLL,0.151541549957051,11,5.848458450042949,2047,2047,train,9
1202,E. coli,GVADILKGAAKDIAGHLASKVMNKL,2.0,25,4.0,1202,1202,train,1
1110,E. coli,GLWSKIKEAAKTAGLMAMGFVNDMV,0.7481880270062004,25,5.251811972993799,1110,1110,train,7
2330,E. coli,QIAALEQEIAALEQEIAALQ,2.397940008672037,20,3.602059991327963,2330,2330,train,0
1873,E. coli,KLRRWVRWL,1.5808340641652163,9,4.419165935834784,1873,1873,train,3
2734,E. coli,TMSLRFWRWKVR,1.8855339037864725,12,4.114466096213528,2734,2734,train,2
1609,E. coli,IWSFLIKAATKLLPSLFGGGKKDS,1.3948876777464407,24,4.605112322253559,1609,1609,train,4
2872,E. coli,VRRFPWWWPFLRR,1.6711108916932402,13,4.328889108306759,2872,2872,train,3
2775,E. coli,VFRLKKWMQKVIDRFGG,0.6020599913279624,17,5.3979400086720375,2775,2775,train,8
1827,E. coli,KLKHVGLHVGKLK,1.6374897295125106,13,4.36251027048749,1827,1827,train,3
707,E. coli,GFWGKLWEGVKNAIKKK,0.6020599913279624,17,5.3979400086720375,707,707,train,8
1882,E. coli,KMWSKILGHLIR,0.7993405494535817,12,5.200659450546418,1882,1882,train,7
267,E. coli,FGVLAKVAAHVVPAIAEHF,1.7581508946600013,19,4.241849105339998,267,267,train,2
1408,E. coli,IKKIWSKIKKWWK,0.3979400086720376,13,5.6020599913279625,1408,1408,train,8
290,E. coli,FIHHIIGALGHLF,1.1893967258352185,13,4.810603274164782,290,290,train,5
1194,E. coli,GRRPRPRPRPWWWW,1.3010299956639813,14,4.698970004336019,1194,1194,train,4
1741,E. coli,KKLAKAPKLLALLWLKLAKALKKA,0.3253103717110612,24,5.674689628288939,1741,1741,train,9
2150,E. coli,LLKLLKWLLKLLK,2.0909322380920567,13,3.9090677619079433,2150,2150,train,1
1006,E. coli,GLLKFIKKLL,1.532930361126349,10,4.467069638873651,1006,1006,train,3
3003,E. coli,YPVKLKYPKVKL,1.2623190432675104,12,4.73768095673249,3003,3003,train,5
1151,E. coli,GNNRPVYIPQPKPPHPRL,0.5642714304385625,18,5.435728569561437,1151,1151,train,8
536,E. coli,FLSMIPHIVSGVAALAKHL,1.3979400086720375,19,4.6020599913279625,536,536,train,4
2253,E. coli,MWSKILGHLIR,1.6989700043360187,11,4.301029995663981,2253,2253,train,3
2175,E. coli,LLWKALRLWWKVL,1.1433787905473798,13,4.85662120945262,2175,2175,train,5
2711,E. coli,STLHLVLRLRGG,1.0,12,5.0,2711,2711,train,6
2840,E. coli,VNFKLLSHSLL,1.9912260756924949,11,4.008773924307505,2840,2840,train,1
2179,E. coli,LNWGAALKHAAK,2.0,12,4.0,2179,2179,train,1
2322,E. coli,PVVFSVASKVVPSLISALKR,2.086529175426341,20,3.913470824573659,2322,2322,train,1
137,E. coli,AWKETIRKYLKNEIKKKWRKAVIAW,0.3010299956639812,25,5.698970004336019,137,137,train,9
1160,E. coli,GNNRPVYIPRPRPPHPRL,-0.3296956808732261,18,6.329695680873226,1160,1160,train,9
2372,E. coli,RFRRLRKWTRWRLKKI,1.2041199826559248,16,4.795880017344075,2372,2372,train,5
971,E. coli,GLGSVLGKALKIGANLL,1.0969100130080565,17,4.903089986991944,971,971,train,5
1671,E. coli,KIKEKLKKIGQKI,2.204119982655925,13,3.795880017344075,1671,1671,train,0
468,E. coli,FLPIITNLLGKLL,2.0,13,4.0,468,468,train,1
2483,E. coli,RLSRIVVIRVSR,0.1385317538972718,12,5.861468246102728,2483,2483,train,9
2954,E. coli,WMQKVIDRFGG,2.1072099696478683,11,3.892790030352132,2954,2954,train,0
2733,E. coli,TLVGVVAKLVATKIGSSPRA,2.1143569449395563,20,3.885643055060444,2733,2733,train,0
2960,E. coli,WRKFWKYLK,-0.0969100130080562,9,6.096910013008056,2960,2960,train,9
2718,E. coli,SWASMAKKLKEYMEKLKQRA,1.4141517887617066,20,4.585848211238293,2718,2718,train,4
1494,E. coli,ILPLKWPWWPWRR,1.1344892943894895,13,4.865510705610511,1494,1494,train,5
906,E. coli,GLFDIIKNIFSGL,1.8426359940170305,13,4.15736400598297,906,906,train,2
1784,E. coli,KKSAGWVIPIGTLVK,2.096910013008056,15,3.903089986991944,1784,1784,train,1
2203,E. coli,LRAAHRLAIGRR,1.0612129257925411,12,4.938787074207459,2203,2203,train,6
662,E. coli,GFGSLLGKALKIGTNLL,1.3979400086720375,17,4.6020599913279625,662,662,train,4
621,E. coli,FWGLKGLKGPGKFSKKL,1.3979400086720375,17,4.6020599913279625,621,621,train,4
1212,E. coli,GVGKFLHSAKKFGQALASEIMKS,2.0,23,4.0,1212,1212,train,1
2037,E. coli,KWKLFKKLKVLTTGL,0.3010299956639812,15,5.698970004336019,2037,2037,train,9
1603,E. coli,IWRIFRRIF,0.9030899869919436,9,5.096910013008056,1603,1603,train,6
499,E. coli,FLPLLASLFSRLL,1.845098040014257,13,4.154901959985743,499,499,train,2
2234,E. coli,LVKLVAGIKKFLKWK,1.7339834992256622,15,4.266016500774338,2234,2234,train,3
2985,E. coli,WWVFRVVYPRIVYVRRRWTGPKK,1.3324384599156054,23,4.667561540084394,2985,2985,train,4
1666,E. coli,KIASIGKEVLKAL,2.0,13,4.0,1666,1666,train,1
431,E. coli,FLGWLFKWAWK,1.227155811037146,11,4.7728441889628535,431,431,train,5
1237,E. coli,GVVDILKGAAKDIAAHLASKVMNKL,1.0969100130080565,25,4.903089986991944,1237,1237,train,5
2719,E. coli,SWIKKDKFPSSTGPYNPNPPPPRF,2.0,24,4.0,2719,2719,train,1
2048,E. coli,KWLKKWL,1.902539997424315,7,4.097460002575685,2048,2048,train,2
2470,E. coli,RLLKFIKKLL,2.4976822526879907,10,3.5023177473120093,2470,2470,train,0
2509,E. coli,RPRPNYRPRPIYRP,0.3252043604795486,14,5.674795639520451,2509,2509,train,9
1443,E. coli,ILGKIWKIKKLF,0.3010299956639812,12,5.698970004336019,1443,1443,train,9
1360,E. coli,IGKKFKRIVQRIKKFLRKL,0.9030899869919436,19,5.096910013008056,1360,1360,train,6
2457,E. coli,RLARIVVIRVRR,0.7250091566766311,12,5.274990843323369,2457,2457,train,7
1683,E. coli,KILRGVSKKIMRRISKDILTGKK,0.7274130362036941,23,5.272586963796305,1683,1683,train,7
2577,E. coli,RRWRVIVKW,0.1139433523068366,9,5.886056647693163,2577,2577,train,9
2548,E. coli,RRPRPRPRPWWWW,1.0429967069101542,13,4.957003293089846,2548,2548,train,6
1787,E. coli,KKTWWKTWWTKWKK,0.3010299956639812,14,5.698970004336019,1787,1787,train,9
2770,E. coli,VFQFLGKIIHHVGNFVAGFSAVF,2.1072099696478683,23,3.892790030352132,2770,2770,train,0
1423,E. coli,IKWKRWWWR,1.345363738168741,9,4.654636261831259,1423,1423,train,4
2384,E. coli,RGLRRLGRKIAHGVKKYG,2.0,18,4.0,2384,2384,train,1
3017,E. coli,YWKKWKKLRRIFMLV,-0.0202872017700294,15,6.02028720177003,3017,3017,train,9
2781,E. coli,VIDKAKMESLGITSRDTT,1.200741275127689,18,4.799258724872312,2781,2781,train,5
1168,E. coli,GRFKRFRKKFKKLFKKLS,0.5228787452803376,18,5.477121254719663,1168,1168,train,8
868,E. coli,GKWKSLLKHILK,0.568201724066995,12,5.431798275933005,868,868,train,8
2464,E. coli,RLKKWMQKVIDRFGG,1.9822712330395684,15,4.017728766960431,2464,2464,train,2
2348,E. coli,QRPYTQPLIYYPPPPTPPRIYRA,2.3010299956639813,23,3.6989700043360183,2348,2348,train,0
664,E. coli,GFGSVLGKALKFGANLL,1.6989700043360187,17,4.301029995663981,664,664,train,3
2218,E. coli,LRRLWLRANRL,2.1072099696478683,11,3.892790030352132,2218,2218,train,0
993,E. coli,GLLDTLKGAAKNVVGSLASKVMEKL,1.3979400086720375,25,4.6020599913279625,993,993,train,4
1908,E. coli,KRGKQGGKVRAKAKTRSS,0.6145585617116931,18,5.385441438288307,1908,1908,train,8
1405,E. coli,IKKIWSKIKKLLK,0.3979400086720376,13,5.6020599913279625,1405,1405,train,8
713,E. coli,GGHGGHGGHGGHGGHGGH,0.2145372769716153,18,5.785462723028385,713,713,train,9
2057,E. coli,KWRRWVRWL,0.9552523924266092,9,5.044747607573391,2057,2057,train,6
1208,E. coli,GVFLDALKKFAKGGMNAVLNPK,1.255272505103306,22,4.7447274948966935,1208,1208,train,5
809,E. coli,GIMISLMKKLAAHIAK,1.0791812460476249,16,4.920818753952375,809,809,train,6
2273,E. coli,NLVSGLIEARKYLEQLHRKLKNRKV,1.963787827345556,25,4.036212172654444,2273,2273,train,2
5,E. coli,AATGTGKTAAFALPVLERLI,2.107135820195413,20,3.892864179804587,5,5,train,1
1851,E. coli,KLLKWLLKL,1.0345047530233766,9,4.965495246976623,1851,1851,train,6
292,E. coli,FIHHIIGGLFSVGKHIHGLIHGH,0.8260748027008264,23,5.173925197299173,292,292,train,7
2308,E. coli,PRPGPRP,2.2174048894562635,7,3.782595110543737,2308,2308,train,0
76,E. coli,ALWHHLLHHLLHSAHHLG,0.5740312677277188,18,5.425968732272281,76,76,train,8
2173,E. coli,LLRRVARLLKRFAK,0.0604324036117621,14,5.939567596388238,2173,2173,train,9
20,E. coli,AIFIFIRWLLKLGHHGRAPP,2.1072099696478683,20,3.892790030352132,20,20,train,0
818,E. coli,GIMSSLMKKLKKIIAK,0.8836614351536175,16,5.116338564846383,818,818,train,6
1879,E. coli,KLWKLWLKWLK,0.6020599913279624,11,5.3979400086720375,1879,1879,train,8
128,E. coli,AVDLAKIANKVLSSLF,1.5740312677277188,16,4.425968732272281,128,128,train,3
81,E. coli,ALWKNMLKGIGK,0.7781512503836436,12,5.221848749616356,81,81,train,7
2634,E. coli,RWWRWWRRWW,1.7135244062594162,10,4.286475593740584,2634,2634,train,3
1988,E. coli,KWIKWIKWI,0.9030899869919436,9,5.096910013008056,1988,1988,train,6
1301,E. coli,GWRTLLKKAEVKTVGKLALKHYL,0.0021962719785159,23,5.997803728021484,1301,1301,train,9
505,E. coli,FLPVILPVIGKLLNGILGK,1.6989700043360187,19,4.301029995663981,505,505,train,3
2594,E. coli,RSITRPVLVRRRWRVRPVF,1.718052801706474,19,4.281947198293526,2594,2594,train,3
149,E. coli,DAHRAGLQFPVGRVHRLLRK,1.2041199826559248,20,4.795880017344075,149,149,train,5
1820,E. coli,KLALKLALKAWKLALKAA,0.8808135922807914,18,5.119186407719209,1820,1820,train,7
1966,E. coli,KVASVIGGL,3.084460739163673,9,2.915539260836327,1966,1966,train,0
770,E. coli,GIHDILKYAKPS,0.6989700043360189,12,5.301029995663981,770,770,train,7
1338,E. coli,IASKVANTVQKLKRKAKNAVA,1.6989700043360187,21,4.301029995663981,1338,1338,train,3
1967,E. coli,KVDKGSYLPRP,1.6020599913279625,11,4.3979400086720375,1967,1967,train,3
918,E. coli,GLFDIWAWWRWRR,2.1312104057456933,13,3.8687895942543062,918,918,train,0
2975,E. coli,WWHSWWSTW,1.962904297436162,9,4.037095702563838,2975,2975,train,2
2649,E. coli,SAVWRHWRRFWLRKHRKH,0.7958800173440752,18,5.204119982655925,2649,2649,train,7
1374,E. coli,IIPLPLGYFAKKKKKKDPVPLDQ,1.5788554343415888,23,4.421144565658411,1374,1374,train,3
1961,E. coli,KTLTGKTITLE,1.0,11,5.0,1961,1961,train,6
1705,E. coli,KKAAAYAAAAAYAAWAAYAAAKKKK,1.380211241711606,25,4.619788758288394,1705,1705,train,4
1926,E. coli,KRKILIL,1.806179973983887,7,4.1938200260161125,1926,1926,train,2
2686,E. coli,SMWSGMWRRKLKKLRNALKKKLKGE,-0.1191864077192086,25,6.119186407719209,2686,2686,train,9
2569,E. coli,RRWPLKPKKWPLI,1.4639110005938734,13,4.536088999406127,2569,2569,train,4
1488,E. coli,ILPKKKPWWPWRR,1.74685734994581,13,4.253142650054191,1488,1488,train,2
1042,E. coli,GLLSRIKTLL,2.0,10,4.0,1042,1042,train,1
1746,E. coli,KKLALALKKLALLWKKLALALKKA,0.3443922736851107,24,5.655607726314889,1746,1746,train,9
776,E. coli,GIHDILKYGKRS,1.0,12,5.0,776,776,train,6
2321,E. coli,PVIGKLASKVVPSVFSMIKR,2.074455059885349,20,3.925544940114651,2321,2321,train,1
91,E. coli,ALWKTMLKKLGT,1.7323937598229686,12,4.267606240177031,91,91,train,3
988,E. coli,GLKKLISWIKRAAQQG,0.745415116966228,16,5.254584883033772,988,988,train,7
1232,E. coli,GVVDILAGAAKDIAGHLASKVMNKL,2.0,25,4.0,1232,1232,train,1
2596,E. coli,RTHGLLKRIKTLL,0.9030899869919436,13,5.096910013008056,2596,2596,train,6
3012,E. coli,YVLAKRKRAIFI,2.3010299956639813,12,3.6989700043360183,3012,3012,train,0
1629,E. coli,KFFRKLKKSVKKRAK,0.8706670108852113,15,5.129332989114789,1629,1629,train,7
306,E. coli,FKARRWQWRM,1.534026106056135,10,4.465973893943865,306,306,train,3
1943,E. coli,KRLRKFRNKIKEKLKKIG,-0.6575773191777937,18,6.657577319177793,1943,1943,train,9
715,E. coli,GGHKLAKLAKKLAKLAK,-1.2218487496163564,17,7.221848749616356,715,715,train,9
1561,E. coli,INWKKMAATALKMI,0.3818051239478872,14,5.6181948760521125,1561,1561,train,8
1738,E. coli,KKLAKALKLLALLWLKLAKALKKA,1.1156105116742998,24,4.8843894883257,1738,1738,train,5
2404,E. coli,RIKRFWPVVIRTVVAGYN,0.2086711403216044,18,5.791328859678395,2404,2404,train,9
108,E. coli,ANVGFVIQLQARLRGFLVRQKFA,0.2304489213782739,23,5.769551078621726,108,108,train,9
1878,E. coli,KLWKKWKKWLK,1.1613680022349748,11,4.838631997765026,1878,1878,train,5
1422,E. coli,IKWKAILDAVKKVI,0.692223258975494,14,5.307776741024506,1422,1422,train,7
2160,E. coli,LLLLLKKKKKKLLLL,1.4983105537896004,15,4.501689446210399,2160,2160,train,4
2669,E. coli,SKVLRHLRRFLHRAHRKL,2.0,18,4.0,2669,2669,train,1
488,E. coli,FLPLAMALGKLL,2.204119982655925,12,3.795880017344075,488,488,train,0
719,E. coli,GIADILKYGKPS,1.6989700043360187,12,4.301029995663981,719,719,train,3
2361,E. coli,RERSKGSKYLYVG,1.908617976769804,13,4.091382023230196,2361,2361,train,2
1708,E. coli,KKAFAAAAAFAAWAAFAKKKK,1.166331421766525,21,4.833668578233475,1708,1708,train,5
12,E. coli,AFRKQLKW,0.5697516549947793,8,5.430248345005221,12,12,train,8
2612,E. coli,RWFRIQLQIRRWRNRR,1.2041199826559248,16,4.795880017344075,2612,2612,train,5
1226,E. coli,GVSKILHSAGKFGKAFLGEIMKS,2.0,23,4.0,1226,1226,train,1
449,E. coli,FLKLLKKLAAKLF,0.6103390240094371,13,5.389660975990563,449,449,train,8
1895,E. coli,KQIKIWFQNKKMKWKK,1.806179973983887,16,4.1938200260161125,1895,1895,train,2
2742,E. coli,TRSSRAGLQWAVGRVHRLLRK,0.7781512503836436,21,5.221848749616356,2742,2742,train,7
2522,E. coli,RRARIVVIRVAR,0.4362793474401526,12,5.563720652559847,2522,2522,train,8
853,E. coli,GKLIKKFGRKAISYAVKKARGKH,0.7781512503836436,23,5.221848749616356,853,853,train,7
2344,E. coli,QRFSQPTFKLPQGRLTLSRKF,0.9938005380483428,21,5.006199461951657,2344,2344,train,6
2534,E. coli,RRIRPRPPRLPRPRPRPLPYPRP,0.8603380065709937,23,5.139661993429006,2534,2534,train,7
2417,E. coli,RIRKKLR,2.6989700043360187,7,3.3010299956639813,2417,2417,train,0
1595,E. coli,ITIPPIVKDTLKKFIKGAISSVM,1.6020599913279625,23,4.3979400086720375,1595,1595,train,3
626,E. coli,FWQRNIRIRR,1.9371357070907824,10,4.062864292909218,626,626,train,2
2102,E. coli,LKKLLKLLKKLLKLAG,1.3010299956639813,16,4.698970004336019,2102,2102,train,4
111,E. coli,APKGVQGPNG,0.9374120936147348,10,5.062587906385265,111,111,train,6
320,E. coli,FKRIVQRIKDFLRNLV,1.4771212547196626,16,4.522878745280337,320,320,train,4
280,E. coli,FIGAIARLLSKIF,1.5444296176860386,13,4.455570382313962,280,280,train,3
2426,E. coli,RIWVIWRR,0.2275175167054447,8,5.772482483294556,2426,2426,train,9
2255,E. coli,NFLDTLINLAKKFI,2.0,14,4.0,2255,2255,train,1
2307,E. coli,PRPFPGRPKPIFRPR,2.0,15,4.0,2307,2307,train,1
651,E. coli,GEKLKKIGQKIKKFFQKL,1.3979400086720375,18,4.6020599913279625,651,651,train,4
2751,E. coli,VDKGSYLPRPTPPRPIYNRN,1.1318415364735095,20,4.86815846352649,2751,2751,train,5
151,E. coli,DDALHHLLHHLLHHL,2.0,15,4.0,151,151,train,1
315,E. coli,FKKLKKLFKKILKLK,0.9030899869919436,15,5.096910013008056,315,315,train,6
1223,E. coli,GVLSNVIGYLKKLGTGALNAVLKQ,1.1009705721686192,24,4.899029427831381,1223,1223,train,5
2153,E. coli,LLKWLKK,2.333381460092236,7,3.666618539907764,2153,2153,train,0
939,E. coli,GLFDVIKKVASVIGLASP,1.7413213726855288,18,4.258678627314471,939,939,train,2
2040,E. coli,KWKLKKHIGIGKHFLSAKKF,1.505149978319906,20,4.494850021680094,2040,2040,train,3
261,E. coli,FFSMIPHIATGIASLVKNL,2.395513879399536,19,3.604486120600464,261,261,train,0
2193,E. coli,LPFFLLSLIPSAISAIKKI,1.380211241711606,19,4.619788758288394,2193,2193,train,4
2976,E. coli,WWKDWWERW,2.529406009126088,9,3.470593990873912,2976,2976,train,0
1359,E. coli,IGKKFKRIVKRIKKWLRKL,0.6020599913279624,19,5.3979400086720375,1359,1359,train,8
2091,E. coli,LILKRKRKRKRILI,1.806179973983887,14,4.1938200260161125,2091,2091,train,2
2079,E. coli,LGAWLAGKVAGTVATYAWNRYV,1.3979400086720375,22,4.6020599913279625,2079,2079,train,4
1628,E. coli,KFFKKLKKAVKKGFKKFAKV,0.7168688670828337,20,5.283131132917166,1628,1628,train,7
1097,E. coli,GLTRLFSVIK,1.0495479498510885,10,4.950452050148911,1097,1097,train,6
2714,E. coli,SVAGRAQGM,1.971313266196592,9,4.028686733803408,2714,2714,train,2
518,E. coli,FLSLIPAAISAVSALANHF,2.420962505382368,19,3.579037494617632,518,518,train,0
2012,E. coli,KWKLFKKI,1.806179973983887,8,4.1938200260161125,2012,2012,train,2
534,E. coli,FLSLIPSLVGGSISAFK,2.204119982655925,17,3.795880017344075,534,534,train,0
1180,E. coli,GRKLWRKWLKRWLP,0.4771212547196624,14,5.522878745280337,1180,1180,train,8
2646,E. coli,SAVGRHLRRFLLRKHRKH,2.0,18,4.0,2646,2646,train,1
824,E. coli,GIRRILKYGKRS,0.6989700043360189,12,5.301029995663981,824,824,train,7
1714,E. coli,KKFPWWWPFKK,0.7050071529578052,11,5.294992847042195,1714,1714,train,7
2383,E. coli,RGLRRLGRKIAHGVKKY,2.0,17,4.0,2383,2383,train,1
2830,E. coli,VLNENLL,3.096910013008056,7,2.903089986991944,2830,2830,train,0
2979,E. coli,WWKWWKRLRRLFLLV,0.8643324062902091,15,5.13566759370979,2979,2979,train,7
627,E. coli,FWQRNIRKWR,1.619284796384435,10,4.380715203615565,627,627,train,3
2565,E. coli,RRRYIGRYVRFWK,0.7201593034059568,13,5.279840696594043,2565,2565,train,7
1206,E. coli,GVFDIIKDAGRQLVAHAMGKIAEKV,2.477045167563268,25,3.522954832436732,1206,1206,train,0
875,E. coli,GKWMSLLKHIWK,0.6989700043360189,12,5.301029995663981,875,875,train,7
2114,E. coli,LKLLKKLLKKLLKLL,0.9661417327390326,15,5.033858267260968,2114,2114,train,6
95,E. coli,ALWLAIRKR,0.948308322102362,9,5.051691677897638,95,95,train,6
595,E. coli,FSVTWRWWKWWKG,0.8460369030174888,13,5.153963096982511,595,595,train,7
1721,E. coli,KKIRPRPPRLPRPRPRPLPYPRP,1.0,23,5.0,1721,1721,train,6
704,E. coli,GFWGKLFKLGLHGIGLLHLHL,0.6928091773616318,21,5.307190822638368,704,704,train,7
2973,E. coli,WRWNRRTGRWRWTGP,1.591064607026499,15,4.4089353929735005,2973,2973,train,3
2554,E. coli,RRRIKIRWY,1.3621138277103606,9,4.637886172289639,2554,2554,train,4
1911,E. coli,KRIMKLKMR,2.3541084391474008,9,3.6458915608525992,1911,1911,train,0
2070,E. coli,LFGFLIPLLPHIIGAIPQVIGAIR,1.2891755732071717,24,4.710824426792828,2070,2070,train,4
863,E. coli,GKPRPYSPRPTSHPRPIR,1.785114466482428,18,4.214885533517572,863,863,train,2
1129,E. coli,GMATAAGTTLGKLAKFVIGAV,1.9030899869919435,21,4.096910013008056,1129,1129,train,2
2378,E. coli,RGARIVVIRVAR,0.767743136502201,12,5.232256863497799,2378,2378,train,7
2613,E. coli,RWGKWFKKATHVGKHVGKAALTAYL,0.2734765010813956,25,5.7265234989186045,2613,2613,train,9
1694,E. coli,KIWVIRWR,0.8399725151618743,8,5.160027484838126,1694,1694,train,7
879,E. coli,GKWMSLWKHILK,0.9030899869919436,12,5.096910013008056,879,879,train,6
1367,E. coli,IHHQGLPQE,3.397940008672037,9,2.602059991327963,1367,1367,train,0
2046,E. coli,KWKWWWRKI,0.6627578316815741,9,5.337242168318426,2046,2046,train,7
1183,E. coli,GRPNPVNNKPTPHPRPIRV,1.474457619443433,19,4.525542380556567,1183,1183,train,4
1411,E. coli,IKKVASVIGGL,2.9751294715599417,11,3.0248705284400583,1411,1411,train,0
2557,E. coli,RRRRRFRRVIRRIRLPKYLTINTE,0.6020599913279624,24,5.3979400086720375,2557,2557,train,8
92,E. coli,ALWKTMLKKLGTM,1.3560258571931227,13,4.6439741428068775,92,92,train,4
793,E. coli,GILDTLKQFAKGVGKWLVKGAAQ,1.915625867951384,23,4.084374132048616,793,793,train,2
625,E. coli,FWQKMSFA,1.668802507685578,8,4.331197492314422,625,625,train,3
1086,E. coli,GLRKALRKFRNKIKEALKKI,0.0969100130080564,20,5.903089986991944,1086,1086,train,9
3004,E. coli,YQEPVLGPVRGPFPI,-0.5692260760561874,15,6.569226076056188,3004,3004,train,9
2946,E. coli,WKWKWKWKPGKWKWKWKW,0.3979400086720376,18,5.6020599913279625,2946,2946,train,8
1238,E. coli,GVVDILKGAAKDIAGALASKVMNKL,2.0,25,4.0,1238,1238,train,1
1444,E. coli,ILGKIWKPIKKLF,0.3010299956639812,13,5.698970004336019,1444,1444,train,9
2871,E. coli,VRRFPWWWAFLRR,1.027746905823036,13,4.972253094176964,2871,2871,train,6
318,E. coli,FKLFKKIPKFLHLAKKF,0.7962273140294388,17,5.203772685970561,318,318,train,7
1805,E. coli,KKWRKSFFKQVGSFDNSV,1.4660362211028015,18,4.533963778897198,1805,1805,train,4
436,E. coli,FLKALFKVALKVL,1.525804722472885,13,4.474195277527115,436,436,train,3
1368,E. coli,IHQGLPQE,3.397940008672037,8,2.602059991327963,1368,1368,train,0
1814,E. coli,KLAGLKAKWAGLKAKLAGLKA,2.07850285852484,21,3.92149714147516,1814,1814,train,1
1539,E. coli,INMKASAAVAKKLL,1.2554243610001372,14,4.744575638999863,1539,1539,train,5
85,E. coli,ALWKTLLKKV,1.6092385759550858,10,4.390761424044914,85,85,train,3
2694,E. coli,SRWPSPGRPRPFPG,2.0,14,4.0,2694,2694,train,1
1053,E. coli,GLMSVLGHAVGNVLGGLFKPKS,1.36019503865971,22,4.63980496134029,1053,1053,train,4
2140,E. coli,LLIILRRRWRKQARARSK,0.9030899869919436,18,5.096910013008056,2140,2140,train,6
1857,E. coli,KLLLKWKLKLLK,0.9294189257142929,12,5.070581074285707,1857,1857,train,6
57,E. coli,AKLKAYPLKAKLYP,0.8361916244599739,14,5.163808375540026,57,57,train,7
1340,E. coli,IDGLKAIWKKVADLLKNT,0.9542425094393248,18,5.045757490560675,1340,1340,train,6
1519,E. coli,ILPWKWPYLPWRR,1.1399783229093452,13,4.860021677090655,1519,1519,train,5
1916,E. coli,KRIVKRIKKWLR,0.3010299956639812,12,5.698970004336019,1916,1916,train,9
1712,E. coli,KKFGGGKTERARKAMAVE,1.5026730408553313,18,4.497326959144669,1712,1712,train,4
2467,E. coli,RLKLLLRLK,1.239381788879242,9,4.760618211120758,2467,2467,train,5
126,E. coli,ATLHLVLRLRGG,1.0,12,5.0,126,126,train,6
249,E. coli,FFPIVGKLLS,1.4277826981128905,10,4.572217301887109,249,249,train,4
1582,E. coli,IRIKIRIKIRIK,1.906568536317259,12,4.093431463682741,1582,1582,train,2
1904,E. coli,KRFRIRVRV,1.7910766524483253,9,4.208923347551675,1904,1904,train,2
1758,E. coli,KKLIKKILKIL,0.3649632304917264,11,5.6350367695082735,1758,1758,train,8
2492,E. coli,RLWRIVVIRVKR,0.255272505103306,12,5.7447274948966935,2492,2492,train,9
146,E. coli,DAAVEPELYHWGKVWLPN,1.9738033930826224,18,4.026196606917377,146,146,train,2
2109,E. coli,LKLKLFPLKLKLFP,0.4732953553920249,14,5.526704644607975,2109,2109,train,8
1864,E. coli,KLLSHSL,1.8943160626844384,7,4.105683937315561,1864,1864,train,2
687,E. coli,GFLSILKKVL,0.9590413923210936,10,5.040958607678906,687,687,train,6
1991,E. coli,KWKIFRRWW,0.9576198879822152,9,5.042380112017785,1991,1991,train,6
1990,E. coli,KWKARKNFIKGSSLGWLIQLFRKR,0.9544487538236666,24,5.045551246176333,1990,1990,train,6
2986,E. coli,WWWLKKIW,1.0969100130080565,8,4.903089986991944,2986,2986,train,5
2142,E. coli,LLKELWTKIKGAGKAVLGKIKGLL,1.3979400086720375,24,4.6020599913279625,2142,2142,train,4
2875,E. coli,VRRYPWWWPYLRR,1.0145166716433562,13,4.985483328356644,2875,2875,train,6
2663,E. coli,SKFPLAGIFSVPGVKRVVVI,2.0832199389788646,20,3.916780061021136,2663,2663,train,1
2254,E. coli,NFAEIFAAVNKLIKQGVVKG,1.3979400086720375,20,4.6020599913279625,2254,2254,train,4
379,E. coli,FLGGLIKWPWWPWRR,0.5919733504730135,15,5.408026649526986,379,379,train,8
298,E. coli,FIKWKFRWWKWRK,0.1760912590556811,13,5.823908740944319,298,298,train,9
1038,E. coli,GLLSGTSVRGSI,1.497026841191102,12,4.5029731588088975,1038,1038,train,4
1840,E. coli,KLLKFIKKLL,2.507356125048608,10,3.492643874951392,1840,1840,train,0
2712,E. coli,STVKVASKLAVVVSPISKGS,2.116579218767028,20,3.883420781232972,2712,2712,train,0
486,E. coli,FLPKMSTKLRVPYRRGTKDYH,0.7372901361425114,21,5.262709863857489,486,486,train,7
212,E. coli,FFGWLIKGAIHAPKAIHGLIHRRRH,0.5502283530550941,25,5.449771646944906,212,212,train,8
308,E. coli,FKARRWQWRMKKLGA,1.7075701760979365,15,4.292429823902063,308,308,train,3
2302,E. coli,PKVVGLSIVVVKAKVSSALG,2.11789444360229,20,3.88210555639771,2302,2302,train,0
2201,E. coli,LQKYYARVRGGRAAVLS,2.1964948369229607,17,3.8035051630770393,2201,2201,train,0
1118,E. coli,GMASKAGAIAGKIAKVAWKALGGS,1.0969100130080565,24,4.903089986991944,1118,1118,train,5
1588,E. coli,IRVKIRVK,1.7909963598635688,8,4.209003640136431,1588,1588,train,2
1248,E. coli,GVVDILKGAAKDIAGHLASKVMNKL,2.2018066429570218,25,3.798193357042978,1248,1248,train,0
2074,E. coli,LFKVASKVLPSVK,2.150039774945061,13,3.849960225054939,2074,2074,train,0
1286,E. coli,GWGSIFKHGRHAAKHIGHAAVNHYL,0.2634969746520966,25,5.736503025347903,1286,1286,train,9
2752,E. coli,VDKGSYLPRPTPTPRYRPIYNRN,-1.0,23,7.0,2752,2752,train,9
2595,E. coli,RSTEDIIKSISGGGFLNAMNA,1.4674395685154868,21,4.532560431484513,2595,2595,train,4
557,E. coli,FPVTFRFFKFFKG,1.2829565877839293,13,4.717043412216071,557,557,train,4
1703,E. coli,KKAAARAAAAARAAWAARAAAKKKK,1.6812412373755872,25,4.318758762624412,1703,1703,train,3
743,E. coli,GIGKFLHSAGKFGKAFVGEIMKS,1.3211300741671852,23,4.678869925832815,743,743,train,4
2858,E. coli,VQWRIRIAVIRK,1.0171928741029876,12,4.982807125897012,2858,2858,train,6
293,E. coli,FIHHIIGWISHGVRAIHRAIHG,-0.5228787452803376,22,6.522878745280337,293,293,train,9
2690,E. coli,SPGRPRPFPGRPKPIFRPR,2.0,19,4.0,2690,2690,train,1
1370,E. coli,IIGPVLGLIGKALGGLL,2.8055008581584,17,3.1944991418416,1370,1370,train,0
1921,E. coli,KRKGKRK,1.806179973983887,7,4.1938200260161125,1921,1921,train,2
58,E. coli,AKRHHGYKRKFH,1.9127517705466488,12,4.087248229453351,58,58,train,2
632,E. coli,GAKALTKAATAFTKFYKTIW,0.8582354380151801,20,5.14176456198482,632,632,train,7
690,E. coli,GFLSILKKVLKKVMAHMK,0.255272505103306,18,5.7447274948966935,690,690,train,9
822,E. coli,GIRDILKYGKPS,0.6989700043360189,12,5.301029995663981,822,822,train,7
927,E. coli,GLFDVIKASVIGGL,2.566677068659072,14,3.433322931340928,927,927,train,0
1369,E. coli,IIGHLIKTALGFLGL,2.0,15,4.0,1369,1369,train,1
608,E. coli,FVQWFSRFLGRIL,1.4771212547196624,13,4.522878745280337,608,608,train,4
506,E. coli,FLPVILPVIGKLLSGIL,2.0,17,4.0,506,506,train,1
2447,E. coli,RKWKIKWYW,-0.1549019599857432,9,6.154901959985743,2447,2447,train,9
2319,E. coli,PTTKTYFPHF,0.9542425094393248,10,5.045757490560675,2319,2319,train,6
2060,E. coli,KWWVFRVVYPRIVYRRVRWK,0.3096301674258988,20,5.690369832574101,2060,2060,train,9
985,E. coli,GLKKIFKAGLGSLVKGIAAHVAS,1.6283889300503114,23,4.371611069949688,985,985,train,3
97,E. coli,ALWMTLLKKVLK,1.724275869600789,12,4.275724130399211,97,97,train,3
2166,E. coli,LLPKLKGLLFKL,1.9132839017604184,12,4.086716098239582,2166,2166,train,2
1078,E. coli,GLPALISWIKRKRQQG,1.2766139989383716,16,4.723386001061629,1078,1078,train,4
2440,E. coli,RKRKSDVDFEAEFELFEDDD,2.011937812474633,20,3.988062187525367,2440,2440,train,1
402,E. coli,FLGLIFHGLVHAGKLIHGLIHRNRG,0.7201593034059569,25,5.279840696594043,402,402,train,7
2216,E. coli,LRPHPPRPQPIYVPRNNG,1.7729553576045485,18,4.227044642395452,2216,2216,train,2
1743,E. coli,KKLAKLALLKWLLALKLLALKALKK,0.4265112613645752,25,5.573488738635425,1743,1743,train,8
2438,E. coli,RKRKILILIKRK,0.9030899869919436,12,5.096910013008056,2438,2438,train,6
1673,E. coli,KIKEKLKKIGQKIQGLL,-0.0132282657337551,17,6.013228265733755,1673,1673,train,9
1632,E. coli,KFKWWRMLI,-0.2218487496163563,9,6.221848749616356,1632,1632,train,9
2665,E. coli,SKSWLWLW,1.9565248986750965,8,4.043475101324903,2665,2665,train,2
2265,E. coli,NIWKKIFEKVKNLV,1.3979400086720375,14,4.6020599913279625,2265,2265,train,4
1204,E. coli,GVFDIIKDAGKQLVAHAMGKIAEKV,2.4816307668020863,25,3.5183692331979137,1204,1204,train,0
615,E. coli,FWGALAKGALKLIPSLVSSFTKKD,1.1986570869544226,24,4.801342913045577,615,615,train,5
266,E. coli,FGPVIGLLSGILKSLL,2.3010299956639813,16,3.6989700043360183,266,266,train,0
663,E. coli,GFGSLLGKALRLGANVL,0.812710411449526,17,5.187289588550474,663,663,train,7
37,E. coli,AIPWSIWWHLLFKG,1.6989700043360187,14,4.301029995663981,37,37,train,3
545,E. coli,FLWWLFKWAWK,2.093950576468876,11,3.906049423531124,545,545,train,1
2051,E. coli,KWLLKWL,1.6080718742386697,7,4.39192812576133,2051,2051,train,3
1877,E. coli,KLWKKWKKWKK,2.0,11,4.0,1877,1877,train,1
2899,E. coli,WFWKLLWKALRLWWKVL,1.0049248322675737,17,4.995075167732426,2899,2899,train,6
2607,E. coli,RVVRQWPIGRVVRRVVRRVVRF,0.1565513900604616,22,5.843448609939538,2607,2607,train,9
2147,E. coli,LLKKLLKWLKK,0.4525715456210323,11,5.547428454378967,2147,2147,train,8
2138,E. coli,LLIILRRRIRKQAHAHSK,1.1139433523068367,18,4.886056647693163,2138,2138,train,5
1869,E. coli,KLPLLPWLPLK,1.806179973983887,11,4.1938200260161125,1869,1869,train,2
2499,E. coli,RLYRRLYRRLYRRLYR,-0.1549019599857432,16,6.154901959985743,2499,2499,train,9
2906,E. coli,WGRAFRRLVRRLARGLRR,1.5123730580530468,18,4.487626941946953,2906,2906,train,3
456,E. coli,FLKWLFKWLKK,1.5123117626768112,11,4.487688237323189,456,456,train,3
842,E. coli,GKIIKVVK,2.0,8,4.0,842,842,train,1
2623,E. coli,RWRWNRRTGRWRWY,0.9030899869919436,14,5.096910013008056,2623,2623,train,6
990,E. coli,GLLALISWIKRKRQQ,1.592308112633081,15,4.407691887366919,990,990,train,3
1905,E. coli,KRFRIRVRVIRK,-0.0072780871803837,12,6.007278087180384,1905,1905,train,9
2743,E. coli,TSFLNELNKYNEKKFI,1.4974105989218751,16,4.502589401078125,2743,2743,train,4
570,E. coli,FQNRRMKWKK,2.4082399653118496,10,3.5917600346881504,570,570,train,0
2707,E. coli,STLHLVLRARGG,1.6989700043360187,12,4.301029995663981,2707,2707,train,3
319,E. coli,FKRIVQRIKDFLR,1.4471580313422194,13,4.552841968657781,319,319,train,4
2264,E. coli,NIWKKIASIAKEVLKAL,0.7958800173440752,17,5.204119982655925,2264,2264,train,7
1335,E. coli,IAAAGLPQE,3.397940008672037,9,2.602059991327963,1335,1335,train,0
1718,E. coli,KKIMRTFLRR,2.017759066883604,10,3.982240933116396,1718,1718,train,1
2672,E. coli,SKVWRHWRRFWHR,0.7958800173440752,13,5.204119982655925,2672,2672,train,7
294,E. coli,FIHHIVHAIGRLF,1.5058851902918753,13,4.494114809708124,294,294,train,3
1689,E. coli,KISKKIMRTFLRRILTGKK,0.946653900635054,19,5.053346099364946,1689,1689,train,6
1625,E. coli,KFAKKFKWFAKAAFKFFKK,0.6203395756985299,19,5.37966042430147,1625,1625,train,8
2049,E. coli,KWLKKWLKWLKK,1.291874962811863,12,4.708125037188137,2049,2049,train,4
1545,E. coli,INWKKGKEVLKAL,2.0,13,4.0,1545,1545,train,1
2593,E. coli,RSARAGLQFPVGRIHRHLK,0.4771212547196624,19,5.522878745280337,2593,2593,train,8
1861,E. coli,KLLLLWKLLLLK,0.6532125137753437,12,5.346787486224656,1861,1861,train,7
2327,E. coli,QFPVGRVHRLLRK,1.2994231778859358,13,4.700576822114064,2327,2327,train,4
2984,E. coli,WWVFRVVYPRIVYRRVRWTGPKK,2.0,23,4.0,2984,2984,train,1
2137,E. coli,LLIILRRGHYY,2.397940008672037,11,3.602059991327963,2137,2137,train,0
609,E. coli,FVRWFSKFLGRIL,1.255272505103306,13,4.7447274948966935,609,609,train,5
2626,E. coli,RWRWRWRWRW,0.7923916894982539,10,5.207608310501746,2626,2626,train,7
749,E. coli,GIGKFLHSAKKFGKAFVAEIMNS,1.2041199826559248,23,4.795880017344075,749,749,train,5
2118,E. coli,LKRRWKWWI,0.380211241711606,9,5.619788758288394,2118,2118,train,8
877,E. coli,GKWMSLLKKILK,0.4313637641589873,12,5.568636235841012,877,877,train,8
2636,E. coli,RWWVAWRNR,1.6720978579357175,9,4.327902142064282,2636,2636,train,3
2443,E. coli,RKRWWWWFR,0.725046452174146,9,5.274953547825854,2443,2443,train,7
2870,E. coli,VRRFPFFFPFLRR,0.5264774849341548,13,5.473522515065845,2870,2870,train,8
1953,E. coli,KSDVRRWRSRY,2.0,11,4.0,1953,1953,train,1
1995,E. coli,KWKKLLKKLLKLL,0.9030899869919436,13,5.096910013008056,1995,1995,train,6
541,E. coli,FLSTLWNAAKSIF,1.2564141276955378,13,4.743585872304462,541,541,train,5
71,E. coli,ALLLAIRRR,0.2670602571450393,9,5.732939742854961,71,71,train,9
1365,E. coli,IGKLPKWIIKTVNKFTKK,0.3222192947339193,18,5.6777807052660805,1365,1365,train,9
1193,E. coli,GRRPRPRPRPWWW,1.3010299956639813,13,4.698970004336019,1193,1193,train,4
517,E. coli,FLSIIAKVLGSLF,2.204119982655925,13,3.795880017344075,517,517,train,0
1321,E. coli,HLHFPHLHFP,1.5912630180842589,10,4.408736981915741,1321,1321,train,3
1541,E. coli,INSLKLGKKILGAL,2.0,14,4.0,1541,1541,train,1
432,E. coli,FLHHIVGLIHHGKLDMYRSNN,1.0,21,5.0,432,432,train,6
736,E. coli,GIGKFIHSAKRFGRAWVGEIMNS,1.5740312677277188,23,4.425968732272281,736,736,train,3
2837,E. coli,VLPKVMAHMK,2.0,10,4.0,2837,2837,train,1
2919,E. coli,WKIVFWWRR,0.146128035678238,9,5.853871964321762,2919,2919,train,9
2399,E. coli,RIGVLLARLPKLFSLFKLMGKKV,0.6283889300503115,23,5.371611069949688,2399,2399,train,8
2512,E. coli,RPVYIPQPRPPHPRL,1.8360872539086504,15,4.163912746091349,2512,2512,train,2
164,E. coli,DVIKKVASVIGGL,2.8968342902076687,13,3.1031657097923318,164,164,train,0
1885,E. coli,KNLRRIIRKIIHIIKKYG,0.9822712330395684,18,5.017728766960431,1885,1885,train,6
167,E. coli,ELSKAVRLIK,1.3010299956639813,10,4.698970004336019,167,167,train,4
1675,E. coli,KIKGAIKWKGAIKIKGAI,0.6190125628383132,18,5.380987437161687,1675,1675,train,8
718,E. coli,GHGHGHGHGH,2.703787633219848,10,3.296212366780152,718,718,train,0
1425,E. coli,ILAWKWAWWPWRR,1.1760912590556811,13,4.823908740944319,1425,1425,train,5
1023,E. coli,GLLKRIKKLLKKIKKLL,1.0969100130080565,17,4.903089986991944,1023,1023,train,5
2474,E. coli,RLLRRLLRRLLRRLLRRLLR,0.7972475933513224,20,5.202752406648678,2474,2474,train,7
3002,E. coli,YPLPFIP,1.1695277917354987,7,4.830472208264501,3002,3002,train,5
62,E. coli,AKRRLLKKMK,2.0028372512702965,10,3.997162748729704,62,62,train,1
594,E. coli,FSTKTRNWFSEHFKKVKEKLKDTFA,1.9060840608608889,25,4.093915939139111,594,594,train,2
1601,E. coli,IWLTALKFLGKNLGKHLAKQQLAKL,0.8477782423326509,25,5.152221757667349,1601,1601,train,7
636,E. coli,GALFKVASKVL,2.247031937503856,11,3.752968062496144,636,636,train,0
1854,E. coli,KLLLKLKLKLLKGWKRKRFG,2.0,20,4.0,1854,1854,train,1
286,E. coli,FIGKLISAASGLLSHL,1.5843312243675307,16,4.4156687756324695,286,286,train,3
2381,E. coli,RGGRLYRRRFVVGR,0.6020599913279624,14,5.3979400086720375,2381,2381,train,8
304,E. coli,FKALLWQWRM,2.161966616364075,10,3.838033383635925,304,304,train,0
1636,E. coli,KFWKLLKKALRLWAKVL,0.6972638210571676,17,5.302736178942832,1636,1636,train,7
1554,E. coli,INWKKIFEKVKDLV,0.9542425094393248,14,5.045757490560675,1554,1554,train,6
649,E. coli,GEGFLGMLLHGVGHAIHGLIHGK,1.802431626430723,23,4.197568373569277,649,649,train,2
1777,E. coli,KKPKLPWLPKK,0.9030899869919436,11,5.096910013008056,1777,1777,train,6
674,E. coli,GFKEVLKADLGSLVKGIAAHVAN,2.330413773349191,23,3.669586226650809,674,674,train,0
546,E. coli,FLYIVAKLLSGLL,2.709269960975831,13,3.290730039024169,546,546,train,0
2212,E. coli,LRLKKRRWKYRVPP,0.6251749949526701,14,5.37482500504733,2212,2212,train,8
1525,E. coli,ILSLRWRWKWWKK,1.2041199826559248,13,4.795880017344075,1525,1525,train,5
2450,E. coli,RKWVWWRNR,1.954956311486979,9,4.0450436885130205,2450,2450,train,2
1145,E. coli,GMWSKIPGHLIR,1.3979400086720375,12,4.6020599913279625,1145,1145,train,4
1598,E. coli,IWGLIAHGVGHVGRLIHGLIRG,0.4771212547196624,22,5.522878745280337,1598,1598,train,8
373,E. coli,FLGAWFKVASK,2.202908983451111,11,3.797091016548889,373,373,train,0
1409,E. coli,IKKRWWWFR,1.6582896771961286,9,4.341710322803872,1409,1409,train,3
1234,E. coli,GVVDILKGAAADIAGHLASKVMNKL,2.0,25,4.0,1234,1234,train,1
1190,E. coli,GRRPRPRPRPFFF,2.204119982655925,13,3.795880017344075,1190,1190,train,0
2068,E. coli,LEQLLRLKKY,2.8013121287050264,10,3.1986878712949736,2068,2068,train,0
1030,E. coli,GLLKRIKTLL,2.238640271595534,10,3.761359728404466,1030,1030,train,0
581,E. coli,FRKLFRVYSNFLRGKLKL,1.0413926851582251,18,4.958607314841775,581,581,train,6
2149,E. coli,LLKLLKKLLKKLLKL,0.9030899869919436,15,5.096910013008056,2149,2149,train,6
1938,E. coli,KRKLILIKRK,1.806179973983887,10,4.1938200260161125,1938,1938,train,2
206,E. coli,FFGSLLKLLPKLL,1.0969100130080565,13,4.903089986991944,206,206,train,5
477,E. coli,FLPIVAKLLSGLLGRKKRRQRRR,0.3010299956639812,23,5.698970004336019,477,477,train,9
2287,E. coli,PFWRRRIRIRR,1.5850418472136023,11,4.414958152786397,2287,2287,train,3
2013,E. coli,KWKLFKKIFKRIVQRIKDFLRN,0.4118290686404804,22,5.588170931359519,2013,2013,train,8
1128,E. coli,GMASTAGSVLGKLAKAVAIGAL,2.3010299956639813,22,3.6989700043360183,1128,1128,train,0
1646,E. coli,KHQGLPQE,3.096910013008056,8,2.903089986991944,1646,1646,train,0
2233,E. coli,LVKKLLKLAMGFG,1.041392685158225,13,4.958607314841775,2233,2233,train,6
2468,E. coli,RLKRWWKFL,0.0791812460476248,9,5.920818753952375,2468,2468,train,9
1989,E. coli,KWIRWVRWI,0.9030899869919436,9,5.096910013008056,1989,1989,train,6
2869,E. coli,VRRFPAAAPFLRR,1.6139308597427813,13,4.386069140257218,2869,2869,train,3
498,E. coli,FLPLLAGLAAKWF,2.1760912590556813,13,3.823908740944319,498,498,train,0
2912,E. coli,WHWTWLRIRKKLR,1.0969100130080565,13,4.903089986991944,2912,2912,train,5
815,E. coli,GIMSSLMKKLAKIIKK,1.1760912590556811,16,4.823908740944319,815,815,train,5
295,E. coli,FIKELLPHLSGIIDSVANAIK,2.041392685158225,21,3.958607314841775,295,295,train,1
2136,E. coli,LLIILKKKWKKQAKAKSK,0.9030899869919436,18,5.096910013008056,2136,2136,train,6
1166,E. coli,GPIRRPKPRPRPRPE,1.9030899869919435,15,4.096910013008056,1166,1166,train,2
2412,E. coli,RIKRWWWWR,0.4313637641589873,9,5.568636235841012,2412,2412,train,8
659,E. coli,GFGKAFHSVSNFAKKHKTA,2.0,19,4.0,659,659,train,1
1216,E. coli,GVIDIIKGAGKDLIAHAIGKLAEKV,2.4999669596180465,25,3.500033040381953,1216,1216,train,0
2777,E. coli,VGKTWIKVIRGIGKSKIKWQ,2.0,20,4.0,2777,2777,train,1
2963,E. coli,WRKLWRGGLKRWLK,0.4771212547196624,14,5.522878745280337,2963,2963,train,8
2590,E. coli,RRWWWRWRRW,1.0134692323091703,10,4.98653076769083,2590,2590,train,6
1108,E. coli,GLWQKIKSAAGDLASGIVEAIKS,1.3292553474562872,23,4.670744652543712,1108,1108,train,4
1616,E. coli,KALKKLLAKWLAAAKALL,0.785329835010767,18,5.214670164989233,1616,1616,train,7
2905,E. coli,WGRAFRRGVRRLARGGRR,1.5341107555997036,18,4.465889244400296,2905,2905,train,3
1527,E. coli,ILSLRWWRKWWKK,1.2041199826559248,13,4.795880017344075,1527,1527,train,5
2005,E. coli,KWKKLLKKPLLKKLLKKL,1.8494194137969,18,4.1505805862031,2005,2005,train,2
2730,E. coli,TLKQFAKGVGKWLVK,2.06979520180102,15,3.93020479819898,2730,2730,train,1
2459,E. coli,RLARRVVIRVAR,1.038339338768115,12,4.961660661231885,2459,2459,train,6
2333,E. coli,QKKIAVRLSA,1.4585166655412114,10,4.541483334458789,2333,2333,train,4
2632,E. coli,RWWRKIWKW,0.9444826721501688,9,5.055517327849831,2632,2632,train,6
2324,E. coli,PYSLKNGENWLLSEEIIRYP,2.024119426270006,20,3.975880573729994,2324,2324,train,1
1382,E. coli,IISTIGKLVKWIIKTVNKFTKK,0.4313637641589873,22,5.568636235841012,1382,1382,train,8
907,E. coli,GLFDIVKKIAGHIAGSI,1.7596838357068505,17,4.24031616429315,907,907,train,2
550,E. coli,FPFLKLSLKIPKSAIKSAIKRL,0.9030899869919436,22,5.096910013008056,550,550,train,6
2771,E. coli,VFQFLGKIIHHVGNFVAGFSHVF,2.1072099696478683,23,3.892790030352132,2771,2771,train,0
118,E. coli,APRRQLKW,1.1810812345774535,8,4.818918765422547,118,118,train,5
2936,E. coli,WKRWWKKWR,0.7899660486085537,9,5.210033951391447,2936,2936,train,7
1493,E. coli,ILPLKLPWWPWRR,1.4531700322662515,13,4.546829967733748,1493,1493,train,4
1644,E. coli,KHKHKHKHKH,0.8714155170421736,10,5.128584482957827,1644,1644,train,7
1356,E. coli,IGKEFKRIVQRIKDFLRNL,0.9030899869919436,19,5.096910013008056,1356,1356,train,6
365,E. coli,FLGALVKALSKLL,1.339533883507536,13,4.660466116492464,365,365,train,4
162,E. coli,DTGPIRRPKPRPRPRPE,2.3010299956639813,17,3.6989700043360183,162,162,train,0
1610,E. coli,IYYPPNHNFP,2.307392922859308,10,3.692607077140692,1610,1610,train,0
2717,E. coli,SVPSVGAVLFFKRAAVMKLI,2.079118657865573,20,3.920881342134427,2717,2717,train,1
2025,E. coli,KWKLFKKIPHLAKKF,1.0969100130080565,15,4.903089986991944,2025,2025,train,5
1723,E. coli,KKKFFFFFKKK,1.2041199826559248,11,4.795880017344075,1723,1723,train,5
2961,E. coli,WRKIWRPGIKRWIK,0.7781512503836437,14,5.221848749616356,2961,2961,train,7
830,E. coli,GIWDTLKNVGKAVLGKVLENV,1.0910804693473326,21,4.908919530652668,830,830,train,5
2915,E. coli,WIRYKWRRKKVRYWTGP,1.2041199826559248,17,4.795880017344075,2915,2915,train,5
2315,E. coli,PRPRPLPFPRPG,2.6989700043360187,12,3.3010299956639813,2315,2315,train,0
974,E. coli,GLKALKKVFKGIHKAIKLINKHVK,0.6989700043360189,24,5.301029995663981,974,974,train,7
1562,E. coli,INWKSIFEKVKNLV,1.1760912590556811,14,4.823908740944319,1562,1562,train,5
1552,E. coli,INWKKIASIGKEVLKAI,0.7403626894942439,17,5.259637310505756,1552,1552,train,7
2813,E. coli,VKRFKKFFRKLKKSVKK,1.2147130032516376,17,4.785286996748362,2813,2813,train,5
2402,E. coli,RIIDLLWRVRRPQKPKFVTVWVR,0.8234742291703011,23,5.176525770829699,2402,2402,train,7
1051,E. coli,GLMSLVKDIAKLAAKQGAKQ,2.092164898276231,20,3.907835101723769,1051,1051,train,1
2433,E. coli,RKKTRKR,2.4082399653118496,7,3.5917600346881504,2433,2433,train,0
2524,E. coli,RRFKFIRWW,0.7900270855353011,9,5.209972914464699,2524,2524,train,7
1426,E. coli,ILAWKWPWWAWRR,1.3979400086720375,13,4.6020599913279625,1426,1426,train,4
1987,E. coli,KWFRVYRGIYRRR,0.798584340337862,13,5.201415659662138,1987,1987,train,7
2579,E. coli,RRWVAWRNR,1.9822712330395684,9,4.017728766960431,2579,2579,train,2
31,E. coli,AIHKLAHKLTKKTLRAVKKLAN,1.0606978403536118,22,4.939302159646388,31,31,train,6
931,E. coli,GLFDVIKKVAAVIGGL,1.7958924492015516,16,4.204107550798448,931,931,train,2
2351,E. coli,QVFTLIKGATQLIRKTLGEQ,0.2506674729222941,20,5.749332527077706,2351,2351,train,9
2766,E. coli,VDKPPYLPRPTPPRRIYNNR,1.7180774424758474,20,4.281922557524153,2766,2766,train,3
2755,E. coli,VDKPPYLPRPHPPRRIYNNR,1.4107057362388835,20,4.589294263761117,2755,2755,train,4
1288,E. coli,GWKKWFTKGERLSQRHFA,1.523594671111312,18,4.4764053288886885,1288,1288,train,3
2028,E. coli,KWKLFKKIPKFLHLA,0.7958800173440752,15,5.204119982655925,2028,2028,train,7
938,E. coli,GLFDVIKKVASVIGGL,1.791571113582018,16,4.208428886417982,938,938,train,2
2235,E. coli,LVKRFKKFFRKLKKS,1.3904355140196212,15,4.609564485980378,2235,2235,train,4
1342,E. coli,IDWKKIFEKVKNLV,1.1139433523068367,14,4.886056647693163,1342,1342,train,5
2342,E. coli,QPRPPHPRL,1.806179973983887,9,4.1938200260161125,2342,2342,train,2
1397,E. coli,IKKILSKIKKLLK,0.4955443375464484,13,5.504455662453552,1397,1397,train,8
2911,E. coli,WHWTWLPRRRK,1.7958800173440752,11,4.204119982655925,2911,2911,train,2
347,E. coli,FLGAIAAALPHVINAVTNAL,2.3010299956639813,20,3.6989700043360183,347,347,train,0
1684,E. coli,KILRGVSKKIMRTFLRR,0.932507851568981,17,5.067492148431019,1684,1684,train,6
145,E. coli,AWRFKNIRK,2.17426257075748,9,3.82573742924252,145,145,train,0
2045,E. coli,KWKWKWKWKW,1.0969100130080565,10,4.903089986991944,2045,2045,train,5
429,E. coli,FLGWLFKWAKK,0.9434781061385518,11,5.056521893861448,429,429,train,6
523,E. coli,FLSLIPHAINAVSAIAKHN,0.8976270912904415,19,5.102372908709558,523,523,train,6
2544,E. coli,RRPRPRPRPFFF,1.9030899869919435,12,4.096910013008056,2544,2544,train,2
857,E. coli,GKMKEYFKKFGASFKRRFANLKKRL,0.1760912590556811,25,5.823908740944319,857,857,train,9
1670,E. coli,KIGKAIKWGKAIKIGKAI,1.2210725541662757,18,4.778927445833724,1670,1670,train,5
2400,E. coli,RIIDLLARVRRPQKPKFVTVWVR,0.494850021680094,23,5.505149978319906,2400,2400,train,8
922,E. coli,GLFDKLKSLVSDF,2.397940008672037,13,3.602059991327963,922,922,train,0
1198,E. coli,GSGILILIKRK,1.806179973983887,11,4.1938200260161125,1198,1198,train,2
260,E. coli,FFSLLPSLIGGLVSAIK,1.7539597382303966,17,4.246040261769603,260,260,train,2
1154,E. coli,GNNRPVYIPQPRPPHPL,1.8166807002893293,17,4.183319299710671,1154,1154,train,2
1815,E. coli,KLAKGLAKWAKGLAKLAKGLA,0.573352880204934,21,5.426647119795066,1815,1815,train,8
1868,E. coli,KLPLLPWLPKK,1.806179973983887,11,4.1938200260161125,1868,1868,train,2
141,E. coli,AWKLFDDGV,1.4771212547196624,9,4.522878745280337,141,141,train,4
2969,E. coli,WRPGRWWRPGRWWRPGRWWRPGRW,0.7781512503836437,24,5.221848749616356,2969,2969,train,7
1300,E. coli,GWRLLLKKAEVKTVGKLALKHYL,0.4515449934965568,23,5.548455006503443,1300,1300,train,8
1197,E. coli,GRWKRWRKKWKKLWKKLS,0.6020599913279624,18,5.3979400086720375,1197,1197,train,8
2722,E. coli,TESYFVFSVGM,2.127871881008271,11,3.872128118991729,2722,2722,train,0
1225,E. coli,GVLSVIKNALPGIMRFIA,1.5275757503041256,18,4.472424249695875,1225,1225,train,3
2696,E. coli,SRWPSPGRPRPFPGRPKPIFRPR,0.6720978579357175,23,5.327902142064282,2696,2696,train,7
2739,E. coli,TRSRWRRFIRGAGRFARRYGWRIA,-0.0298124060856495,24,6.029812406085649,2739,2739,train,9
2123,E. coli,LKWLKWG,2.1072099696478683,7,3.892790030352132,2123,2123,train,0
1323,E. coli,HLRRINKLLTRIGLYRHAFG,1.595792136693025,20,4.404207863306975,1323,1323,train,3
1120,E. coli,GMASKAGSVAGKIAKFALGAL,1.9030899869919435,21,4.096910013008056,1120,1120,train,2
2104,E. coli,LKKLLKWLLKLLK,2.086930938891701,13,3.913069061108299,2104,2104,train,1
1269,E. coli,GVVVRWGRVVVRGVRR,0.9030899869919436,16,5.096910013008056,1269,1269,train,6
1639,E. coli,KGGGKWGGKGGK,1.3979400086720375,12,4.6020599913279625,1639,1639,train,4
2026,E. coli,KWKLFKKIPKFLH,0.7958800173440752,13,5.204119982655925,2026,2026,train,7
2312,E. coli,PRPPHPPRPPHPPRPPHPRL,-0.3010299956639812,20,6.301029995663981,2312,2312,train,9
252,E. coli,FFPLLFGALSSHLPKLF,0.8897118721750168,17,5.110288127824983,252,252,train,6
2754,E. coli,VDKPDYRPRPRPPNM,1.904053428752724,15,4.095946571247276,2754,2754,train,2
1915,E. coli,KRIVKLILKWLR,0.7781512503836437,12,5.221848749616356,1915,1915,train,7
1887,E. coli,KNNRPVYIPKPRPPHPRL,0.4621167195804711,18,5.537883280419529,1887,1887,train,8
1763,E. coli,KKLKLALAKLAPLWKALALKLKKA,-0.3665315444204134,24,6.366531544420414,1763,1763,train,9
2749,E. coli,VANENLLR,3.397940008672037,8,2.602059991327963,2749,2749,train,0
2487,E. coli,RLWLAIGRG,1.0280287236002434,9,4.971971276399756,2487,2487,train,6
952,E. coli,GLFKGKKKNKKTK,2.397940008672037,13,3.602059991327963,952,952,train,0
2746,E. coli,TWLKKRRWKKVKPP,1.237675311950346,14,4.762324688049654,2746,2746,train,5
2086,E. coli,LIGSLVRGILPLF,2.262811551866448,13,3.737188448133552,2086,2086,train,0
1623,E. coli,KDLHTVVSAILQAL,1.8216640667581137,14,4.178335933241886,1623,1623,train,2
1334,E. coli,HVINLEESFQEPEYENHLA,-0.2218487496163562,19,6.221848749616356,1334,1334,train,9
269,E. coli,FHFHLHF,0.9100453712201554,7,5.089954628779845,269,269,train,6
158,E. coli,DIFGAIWPLALGALKNLIK,2.1072099696478683,19,3.892790030352132,158,158,train,0
2778,E. coli,VGRIHRHLK,1.6812412373755872,9,4.318758762624412,2778,2778,train,3
181,E. coli,FAKKLAKKLKKLAKKLAK,-0.0119258952044743,18,6.011925895204475,181,181,train,9
937,E. coli,GLFDVIKKVASVIGGA,1.803030066594488,16,4.196969933405512,937,937,train,2
1156,E. coli,GNNRPVYIPQPRPPHPRF,1.776304504328747,18,4.223695495671253,1156,1156,train,2
2553,E. coli,RRRIIIIIRRR,0.9030899869919436,11,5.096910013008056,2553,2553,train,6
1866,E. coli,KLPKLPWKPKK,0.9030899869919436,11,5.096910013008056,1866,1866,train,6
1008,E. coli,GLLKFIKWLL,1.3443922736851108,10,4.655607726314889,1008,1008,train,4
357,E. coli,FLGALFKVA,2.316417856915728,9,3.683582143084272,357,357,train,0
2758,E. coli,VDKPPYLPRPRPPRAIYNR,1.1423505503539169,19,4.857649449646083,2758,2758,train,5
1936,E. coli,KRKKWFW,0.9030899869919436,7,5.096910013008056,1936,1936,train,6
910,E. coli,GLFDIVKKLVSDF,2.0,13,4.0,910,910,train,1
1130,E. coli,GMATKAGTAFGKAAKAIIGAAL,1.2041199826559248,22,4.795880017344075,1130,1130,train,5
2029,E. coli,KWKLFKKIPKFLHLAK,0.494850021680094,16,5.505149978319906,2029,2029,train,8
1295,E. coli,GWLDVAKKKGKAAFNVAKNFI,0.9030899869919436,21,5.096910013008056,1295,1295,train,6
551,E. coli,FPFSLIPHAIGGLISAIK,2.0791812460476247,18,3.9208187539523753,551,551,train,1
2390,E. coli,RHRHRHRH,0.923973280559354,8,5.076026719440646,2390,2390,train,6
2031,E. coli,KWKLFKKIPKFLHLAKKF,0.501217114476125,18,5.498782885523875,2031,2031,train,8
1982,E. coli,KWASLWNWFNITNWLWYIK,1.5900747007993052,19,4.409925299200695,1982,1982,train,3
2387,E. coli,RGRKGGRRKK,1.0,10,5.0,2387,2387,train,6
911,E. coli,GLFDIVKKVV,2.05900884279384,10,3.94099115720616,911,911,train,1
579,E. coli,FRIRVRVKWKLFKKI,0.3010299956639812,15,5.698970004336019,579,579,train,9
2650,E. coli,SAVWRRWRRFWLRKRRKR,0.7958800173440752,18,5.204119982655925,2650,2650,train,7
142,E. coli,AWLDKLKSLGKVVG,1.9294189257142929,14,4.070581074285707,142,142,train,2
643,E. coli,GANLAKKFYTYINKFINYAW,1.4213287777498114,20,4.578671222250189,643,643,train,4
1658,E. coli,KIAGKIAKKAGKIAK,2.2249883196610614,15,3.775011680338938,1658,1658,train,0
2699,E. coli,STAHLVLRLRGG,2.0,12,4.0,2699,2699,train,1
829,E. coli,GIWDTIKSMGKVFAGLILQNL,2.0,21,4.0,829,829,train,1
2785,E. coli,VIHRAGLQFPVGRVHRLLRK,0.6020599913279624,20,5.3979400086720375,2785,2785,train,8
2226,E. coli,LRWWWIKRI,1.0074075858458724,9,4.992592414154128,2226,2226,train,6
161,E. coli,DNTDSVVKIQSWFRMATARKSYL,0.0791812460476248,23,5.920818753952375,161,161,train,9
32,E. coli,AIHKLAHKTLKKTLRAVKKLAN,1.1760912590556811,22,4.823908740944319,32,32,train,5
435,E. coli,FLKALFKALSKLL,1.2242000327287863,13,4.7757999672712135,435,435,train,5
2500,E. coli,RLYRRRFVVGR,1.0,11,5.0,2500,2500,train,6
1341,E. coli,IDWKKIFEKVKDLV,1.6766936096248666,14,4.323306390375134,1341,1341,train,3
1950,E. coli,KRWWKWWRR,0.3064250275506873,9,5.693574972449313,1950,1950,train,9
2680,E. coli,SLSRFLRFLKIVYRRAF,1.3979400086720375,17,4.6020599913279625,2680,2680,train,4
1537,E. coli,INLKGLIKKVASLLT,1.3979400086720375,15,4.6020599913279625,1537,1537,train,4
2107,E. coli,LKKWLKKWLKK,1.1252452539835975,11,4.874754746016403,2107,2107,train,5
282,E. coli,FIGALLRPALKLLA,1.3610177773814778,14,4.638982222618522,282,282,train,4
1700,E. coli,KKAAAKAAAAAKAAWAAKAAAKKKK,1.806179973983887,25,4.1938200260161125,1700,1700,train,2
2811,E. coli,VKRFKKFFRKLKKS,1.6381995201443882,14,4.361800479855612,2811,2811,train,3
2202,E. coli,LQKYYWRVRGGRWAVLS,2.14701705694028,17,3.85298294305972,2202,2202,train,0
779,E. coli,GIHRILKYGKPS,0.3424226808222063,12,5.657577319177793,779,779,train,9
768,E. coli,GIHDILAYGKPS,1.1760912590556811,12,4.823908740944319,768,768,train,5
1790,E. coli,KKTWWKTWWTKWSQPKKKRKV,0.3010299956639812,21,5.698970004336019,1790,1790,train,9
1085,E. coli,GLRILLLKV,1.887617300335736,9,4.1123826996642645,1085,1085,train,2
1542,E. coli,INWKALLDAAKKVL,0.6926336608952804,14,5.307366339104719,1542,1542,train,7
2651,E. coli,SAVWRWRRFWLRKRK,0.4955443375464484,15,5.504455662453552,2651,2651,train,8
1935,E. coli,KRKKRFKWW,1.3138672203691537,9,4.686132779630846,1935,1935,train,4
2732,E. coli,TLLKKVLKAAAKAALNAVLVGANA,0.4886109891541221,24,5.511389010845878,2732,2732,train,8
90,E. coli,ALWKTLLKKVLKAAAK,0.3277050282028476,16,5.672294971797152,90,90,train,9
256,E. coli,FFRLLFHGVHHGGGYLNAA,1.5878503494420002,19,4.412149650558,256,256,train,3
618,E. coli,FWGFLGKLAMKAVPSLIGGNKK,1.380211241711606,22,4.619788758288394,618,618,train,4
1690,E. coli,KISKKIMRTFLRRISKDILTGKK,0.4753210579459848,23,5.524678942054015,1690,1690,train,8
339,E. coli,FLFRVASKVFPALIGKFKKK,1.4397771722254382,20,4.560222827774561,339,339,train,4
1348,E. coli,IFGAIWKGISSLL,1.720702565449363,13,4.279297434550637,1348,1348,train,3
2337,E. coli,QKKIRVRLSA,0.7452845089015318,10,5.254715491098469,2337,2337,train,7
1393,E. coli,IKKIIKKI,2.6989700043360187,8,3.3010299956639813,1393,1393,train,0
2268,E. coli,NLLGSLLKTGLKVGSNLL,1.951823035315912,18,4.048176964684088,2268,2268,train,2
2296,E. coli,PKLLKKFLKKWIG,1.380211241711606,13,4.619788758288394,2296,2296,train,4
122,E. coli,ARNFGKEFTPV,1.0791812460476249,11,4.920818753952375,122,122,train,6
2225,E. coli,LRWTPTPSYPRYPTRSRGSRWSR,0.9848356766661682,23,5.015164323333832,2225,2225,train,6
2967,E. coli,WRPGRWWRPGRW,0.6766936096248667,12,5.323306390375134,2967,2967,train,7
721,E. coli,GIGALSAKGALKGLAKGLAEHFAN,0.4771212547196624,24,5.522878745280337,721,721,train,8
2625,E. coli,RWRWRWRW,0.9822712330395684,8,5.017728766960431,2625,2625,train,6
1751,E. coli,KKLALKALLLWLKALLKLAKLALKK,1.1715802019320634,25,4.828419798067936,1751,1751,train,5
337,E. coli,FLFKLIPKVIKGLVKAIRK,0.8593619355548788,19,5.140638064445121,337,337,train,7
1874,E. coli,KLSPSLGPVSKGKLLAGQR,1.5185139398778875,19,4.481486060122112,1874,1874,train,3
2122,E. coli,LKWLKKWLK,1.5077296556155428,9,4.492270344384457,2122,2122,train,3
1940,E. coli,KRKRKILILIKRK,0.9030899869919436,13,5.096910013008056,1940,1940,train,6
950,E. coli,GLFGVLAKVASHVVPAIAEHFQA,1.6267682090630495,23,4.37323179093695,950,950,train,3
2490,E. coli,RLWLAWKRR,0.4771212547196624,9,5.522878745280337,2490,2490,train,8
451,E. coli,FLKPLFNAALKLLP,1.1837904012923617,14,4.816209598707639,451,451,train,5
2624,E. coli,RWRWRWK,1.255272505103306,7,4.7447274948966935,2624,2624,train,5
1973,E. coli,KVLKAAA,1.0969100130080565,7,4.903089986991944,1973,1973,train,5
2247,E. coli,MLLKKLLKKM,2.603547161710301,10,3.396452838289699,2247,2247,train,0
1867,E. coli,KLPKWIIKTVNKFTKK,0.5185139398778874,16,5.481486060122113,1867,1867,train,8
1740,E. coli,KKLAKALKLPALLWLKLAKALKKA,0.0863598306747482,24,5.913640169325252,1740,1740,train,9
716,E. coli,GGHRAGLQFPVGRVHRLLRK,0.9030899869919436,20,5.096910013008056,716,716,train,6
1662,E. coli,KIAKKIAKIAKKIA,2.225257534549853,14,3.774742465450147,1662,1662,train,0
2821,E. coli,VLIKTRLFIKRK,0.4259687322722811,12,5.574031267727719,2821,2821,train,8
1914,E. coli,KRIVKLIKKWLR,0.3010299956639812,12,5.698970004336019,1914,1914,train,9
2436,E. coli,RKLRRLKRKIAHKVKKY,2.0,17,4.0,2436,2436,train,1
1555,E. coli,INWKKIFEKVKNLV,0.7810369386211318,14,5.218963061378869,1555,1555,train,7
782,E. coli,GIIKKIIKKIIKKIIKKI,0.3010299956639812,18,5.698970004336019,782,782,train,9
368,E. coli,FLGALWKVASK,2.2148573791373645,11,3.785142620862636,368,368,train,0
2220,E. coli,LRRWIRIRW,-0.1549019599857432,9,6.154901959985743,2220,2220,train,9
2947,E. coli,WKWKWKWKWKPGKWKWKWKWKW,0.7781512503836437,22,5.221848749616356,2947,2947,train,7
1201,E. coli,GTVRRFPWWWPFLRR,0.9030899869919436,15,5.096910013008056,1201,1201,train,6
1403,E. coli,IKKIVSKIKKVL,0.7958800173440752,12,5.204119982655925,1403,1403,train,7
1281,E. coli,GWGDTFGKVLKNFAKVAGVKAAK,0.9344984512435676,23,5.0655015487564325,1281,1281,train,6
1710,E. coli,KKAKKAKKA,2.903089986991944,9,3.096910013008056,1710,1710,train,0
1514,E. coli,ILPWKWPWWAWRR,1.1760912590556811,13,4.823908740944319,1514,1514,train,5
958,E. coli,GLFLDTLKKFAKAGMEAVINPK,1.9030899869919435,22,4.096910013008056,958,958,train,2
746,E. coli,GIGKFLHSAKKFAKAFVGEIMNS,1.2041199826559248,23,4.795880017344075,746,746,train,5
2580,E. coli,RRWVIWRR,1.1151103344586175,8,4.884889665541382,2580,2580,train,5
2229,E. coli,LSFVGRVASKVVPSLISMIK,2.079529486227918,20,3.920470513772082,2229,2229,train,1
1734,E. coli,KKKLLLLLKKK,1.2041199826559248,11,4.795880017344075,1734,1734,train,5
1256,E. coli,GVVKVSRLKGESLRARL,0.7285692166287056,17,5.271430783371295,1256,1256,train,7
2859,E. coli,VQWRIRVAVIRK,1.1972633509048332,12,4.802736649095166,2859,2859,train,5
190,E. coli,FDIMGLIKKVAGAL,1.4771212547196624,14,4.522878745280337,190,190,train,4
2874,E. coli,VRRVRKWVRRVLKLV,0.4771212547196624,15,5.522878745280337,2874,2874,train,8
2760,E. coli,VDKPPYLPRPRPPRRIYNA,1.1423505503539169,19,4.857649449646083,2760,2760,train,5
464,E. coli,FLPIAGKLLSGLSGLL,-0.1074170596264122,16,6.107417059626412,464,464,train,9
848,E. coli,GKKYRRFRWKFKGKWFWFG,0.7876316048658342,19,5.212368395134166,848,848,train,7
2139,E. coli,LLIILRRRWRKQAKAKSK,0.9030899869919436,18,5.096910013008056,2139,2139,train,6
207,E. coli,FFGSLLSLGSKLLPSVFKLFQRKKE,0.638962719778158,25,5.361037280221842,207,207,train,8
642,E. coli,GANALKKYFTILKKFFKLAW,0.5250732694583694,20,5.474926730541631,642,642,train,8
2671,E. coli,SKVWRHWRRFW,1.0969100130080565,11,4.903089986991944,2671,2671,train,5
688,E. coli,GFLSILKKVLAKVMAHMK,0.2041199826559248,18,5.795880017344075,688,688,train,9
795,E. coli,GILGKLWEGVKSIF,1.8105517421916644,14,4.189448257808335,795,795,train,2
2989,E. coli,WWWLRRIR,1.3979400086720375,8,4.6020599913279625,2989,2989,train,4
2367,E. coli,RFRRLRKKFRKRLKKI,1.806179973983887,16,4.1938200260161125,2367,2367,train,2
851,E. coli,GKLFKKILKFL,0.7776953285714205,11,5.22230467142858,851,851,train,7
2810,E. coli,VKRFKKFFRKFKKSV,1.2788040399475418,15,4.721195960052459,2810,2810,train,4
1565,E. coli,INWLKLGKKIISAL,2.0,14,4.0,1565,1565,train,1
2208,E. coli,LRKFRNKIKEKLKKIGQKIQG,-0.6989700043360187,21,6.698970004336019,2208,2208,train,9
2180,E. coli,LNWGAFLKHFFK,0.6989700043360189,12,5.301029995663981,2180,2180,train,7
2551,E. coli,RRRAAFAAWAAFAARRR,2.0,17,4.0,2551,2551,train,1
1615,E. coli,KALAKALAKLWKALAKAA,0.7781512503836436,18,5.221848749616356,1615,1615,train,7
1800,E. coli,KKWKKWKKWKK,2.0,11,4.0,1800,1800,train,1
443,E. coli,FLKGIVGMLGKLL,0.6532125137753437,13,5.346787486224656,443,443,train,7
1959,E. coli,KTKQQFLIKAQTQLFKVFGYTL,-0.7328282715969863,22,6.732828271596986,1959,1959,train,9
2609,E. coli,RVVRQWPIGRVVRRVVRRVVRY,0.1540674743374583,22,5.845932525662541,2609,2609,train,9
1027,E. coli,GLLKRIKT,1.3940986243773474,8,4.605901375622652,1027,1027,train,4
2024,E. coli,KWKLFKKIPFLHLAKKF,0.7958800173440752,17,5.204119982655925,2024,2024,train,7
1101,E. coli,GLVTGLLKTAGKLLGDLFGSLSG,1.3979400086720375,23,4.6020599913279625,1101,1101,train,4
1153,E. coli,GNNRPVYIPQPRPPHPAL,1.7908496885511374,18,4.209150311448862,1153,1153,train,2
2171,E. coli,LLRHVVKILEKYL,1.7894080650931534,13,4.210591934906846,2171,2171,train,2
2033,E. coli,KWKLFKKIPLAKKF,0.7958800173440752,14,5.204119982655925,2033,2033,train,7
1912,E. coli,KRIRKRIKKWKR,0.3010299956639812,12,5.698970004336019,1912,1912,train,9
1584,E. coli,IRKLKSWKWLRWL,1.2041199826559248,13,4.795880017344075,1584,1584,train,5
2926,E. coli,WKKIWSKIKKLLK,0.7958800173440752,13,5.204119982655925,2926,2926,train,7
2441,E. coli,RKRLKWWIY,0.5422019824550891,9,5.457798017544911,2441,2441,train,8
510,E. coli,FLQHIIGALSHFF,1.2295965276170964,13,4.770403472382903,510,510,train,5
2737,E. coli,TRKKWFW,1.505149978319906,7,4.494850021680094,2737,2737,train,3
1170,E. coli,GRFRRLRKKTRKRLKKIGKV,1.539912084579118,20,4.460087915420882,1170,1170,train,3
683,E. coli,GFLDVIKHVGKAALGVVTHLINQ,1.420599240511634,23,4.579400759488366,683,683,train,4
1122,E. coli,GMASKAGSVLGKLAKVAIGAL,1.3979400086720375,21,4.6020599913279625,1122,1122,train,4
2948,E. coli,WKWRVRVTI,0.1139433523068366,9,5.886056647693163,2948,2948,train,9
2011,E. coli,KWKLFKKGIGAVLKV,0.6020599913279624,15,5.3979400086720375,2011,2011,train,8
198,E. coli,FFFLRRIF,2.0,8,4.0,198,198,train,1
1416,E. coli,IKQVKKLFKK,1.1122697684172709,10,4.887730231582729,1416,1416,train,5
202,E. coli,FFGHLYRGITSVVKHVHGLLSG,1.1760912590556811,22,4.823908740944319,202,202,train,5
1807,E. coli,KKWWKAQKAVNSGPNALQTLAQ,1.4138660368601956,22,4.586133963139805,1807,1807,train,4
1328,E. coli,HRKKWFW,1.380211241711606,7,4.619788758288394,1328,1328,train,4
104,E. coli,ALYKTMLKKLGTMAL,1.6693168805661125,15,4.330683119433887,104,104,train,3
2310,E. coli,PRPLPFPRPGPRPI,2.1072099696478683,14,3.892790030352132,2310,2310,train,0
1569,E. coli,INWLKLGKKMMSAI,1.845098040014257,14,4.154901959985743,1569,1569,train,2
2934,E. coli,WKLLSKAQEKFGKNKSR,0.7634279935629372,17,5.236572006437063,2934,2934,train,7
336,E. coli,FLFKLIPKAIKKLISKFK,0.8750612633917001,18,5.1249387366083,336,336,train,7
1462,E. coli,ILGPVLGLVGDTLGDLL,1.7785910832758032,17,4.221408916724197,1462,1462,train,2
11,E. coli,AFKMALKLLKKVL,0.4548448600085102,13,5.54515513999149,11,11,train,8
2486,E. coli,RLWKRWWIR,1.6601482382724275,9,4.339851761727573,2486,2486,train,3
1776,E. coli,KKPKLPWKPKK,0.9030899869919436,11,5.096910013008056,1776,1776,train,6
351,E. coli,FLGALFKALSKLV,1.550752061729033,13,4.449247938270967,351,351,train,3
1076,E. coli,GLPALISWIKRKRQ,0.7953524769459837,14,5.204647523054017,1076,1076,train,7
2331,E. coli,QKAIRVRLSA,0.8456644849710608,10,5.154335515028939,2331,2331,train,7
1331,E. coli,HRWWRWWRR,0.9030899869919436,9,5.096910013008056,1331,1331,train,6
103,E. coli,ALYKRLFKKLKKF,1.4728513113287365,13,4.527148688671264,103,103,train,4
2334,E. coli,QKKIRARLSA,1.7378423955068645,10,4.262157604493136,2334,2334,train,3
283,E. coli,FIGALLRPALKLLAGK,1.505149978319906,16,4.494850021680094,283,283,train,3
136,E. coli,AWKEKIRQYLKNEIKKKWRKAVIAW,0.0,25,6.0,136,136,train,9
861,E. coli,GKPRPYSPRPSSHPRPIRV,-0.3979400086720375,19,6.3979400086720375,861,861,train,9
600,E. coli,FVKKFWGGVKAIFKGARKGLK,0.1139433523068366,21,5.886056647693163,600,600,train,9
538,E. coli,FLSSIGKILGNLL,1.5440680443502757,13,4.455931955649724,538,538,train,3
2930,E. coli,WKKWWKKW,1.4955443375464486,8,4.504455662453552,2930,2930,train,4
1656,E. coli,KIAGKIAKIAGKIAKIAGKIAKIA,0.2262092047844201,24,5.77379079521558,1656,1656,train,9
2526,E. coli,RRFWHRAH,2.0,8,4.0,2526,2526,train,1
820,E. coli,GINTLKKVIQGLHEVIKLVSNHA,0.8129133566428556,23,5.187086643357144,820,820,train,7
41,E. coli,AKHQGLPQE,3.397940008672037,9,2.602059991327963,41,41,train,0
2096,E. coli,LKHGLLKRIKTLL,0.9030899869919436,13,5.096910013008056,2096,2096,train,6
633,E. coli,GAKYAKIIYNYLKKIANALW,1.4366320083103088,20,4.563367991689692,633,633,train,4
1816,E. coli,KLAKLAKKLAKLAK,1.6964689745803627,14,4.3035310254196375,1816,1816,train,3
1391,E. coli,IKHRGLPQE,3.096910013008056,9,2.903089986991944,1391,1391,train,0
2018,E. coli,KWKLFKKIGIGKFLHSAKKF,1.139616752064113,20,4.860383247935888,2018,2018,train,5
1538,E. coli,INLLKIAKGIIKSL,1.3763388600337758,14,4.623661139966224,1538,1538,train,4
1952,E. coli,KRWWWWRFR,0.4623979978989561,9,5.537602002101044,1952,1952,train,8
689,E. coli,GFLSILKKVLGKVMAHMK,0.255272505103306,18,5.7447274948966935,689,689,train,9
1210,E. coli,GVFRVLRKVTRVVLKVIGKVLKWI,0.4771212547196624,24,5.522878745280337,1210,1210,train,8
1862,E. coli,KLLLPKLKGLLFKL,1.3521825181113625,14,4.647817481888637,1862,1862,train,4
2866,E. coli,VRRFAWWWAFLRR,0.7327860649194038,13,5.267213935080596,2866,2866,train,7
500,E. coli,FLPLVTGLLSGLL,2.1072099696478683,13,3.892790030352132,500,500,train,0
2170,E. coli,LLQWLSKLLGRWL,1.6812412373755872,13,4.318758762624412,2170,2170,train,3
152,E. coli,DDALKHLLKHLLKHL,1.8750612633917,15,4.1249387366083,152,152,train,2
2873,E. coli,VRRFPYYYPFLRR,1.4357733515794096,13,4.564226648420591,2873,2873,train,4
1492,E. coli,ILPLKLPWLPLRR,1.092841307626757,13,4.907158692373243,1492,1492,train,5
1853,E. coli,KLLLKLKLKLLK,1.4548448600085102,12,4.54515513999149,1853,1853,train,4
2981,E. coli,WWSYVRRWRSR,1.2041199826559248,11,4.795880017344075,2981,2981,train,5
2747,E. coli,TWLPAVIKIQAHWRGYRQRKIYL,0.2787536009528289,23,5.721246399047171,2747,2747,train,9
2485,E. coli,RLVRILVSKRPVAIKPYFRL,0.7781512503836437,20,5.221848749616356,2485,2485,train,7
160,E. coli,DLYPWFN,1.5145902863709075,7,4.4854097136290925,160,160,train,3
2069,E. coli,LFGFLIKLIPSLFGALSNIGRNRNQ,1.2534779226619166,25,4.746522077338083,2069,2069,train,5
1587,E. coli,IRRQGLPE,3.397940008672037,8,2.602059991327963,1587,1587,train,0
2126,E. coli,LLAAHLLAIGRR,1.5660972187327171,12,4.433902781267283,2126,2126,train,3
2119,E. coli,LKVVFKVLFK,1.2558535848717949,10,4.744146415128205,2119,2119,train,5
2660,E. coli,SHKWLWLW,1.937286769628312,8,4.062713230371688,2660,2660,train,2
1589,E. coli,IRVKIRVKIRVK,0.8897974513215192,12,5.110202548678481,1589,1589,train,6
2698,E. coli,SSMKLSFRARAYGFRGPGPQL,2.1760912590556813,21,3.823908740944319,2698,2698,train,0
182,E. coli,FAKKLAKLAKKLAKLAL,0.0325923497743208,17,5.967407650225679,182,182,train,9
2159,E. coli,LLKWLLKWLLK,1.7405561673472008,11,4.259443832652799,2159,2159,train,2
1026,E. coli,GLLKRIKSLL,2.0,10,4.0,1026,1026,train,1
2523,E. coli,RRFFFRFRRF,1.2730012720637376,10,4.726998727936262,2523,2523,train,5
288,E. coli,FIGPIISALASLFG,1.7781512503836436,14,4.221848749616356,288,288,train,2
307,E. coli,FKARRWQWRMKK,2.0655797147284485,12,3.934420285271552,307,307,train,1
1968,E. coli,KVFIATLVVSSFLLAKPPRV,2.068650943022032,20,3.931349056977968,1968,1968,train,1
2815,E. coli,VKRWKKFWRKWKKWW,0.9156811961934822,15,5.084318803806518,2815,2815,train,6
1146,E. coli,GNNKPVYIPRPRPPHPRLV,0.46944169464501,19,5.53055830535499,1146,1146,train,8
1717,E. coli,KKIGAIKKWGAIKKIGAI,1.823132545494238,18,4.1768674545057625,1717,1717,train,2
2405,E. coli,RIKRFWPVVIRTVVAGYNL,1.6481601314200012,19,4.351839868579999,2405,2405,train,3
1849,E. coli,KLLKWLKKLLK,0.151541549957051,11,5.848458450042949,1849,1849,train,9
2601,E. coli,RVRRPVYIPQPRPPHPRL,0.1481397365012197,18,5.85186026349878,2601,2601,train,9
598,E. coli,FVDLKKIANIINSIFGK,2.0,17,4.0,598,598,train,1
2817,E. coli,VKRWKKWWRKLKKSV,0.9598626116900448,15,5.040137388309955,2817,2817,train,6
2991,E. coli,WWWLRRRW,0.7923916894982539,8,5.207608310501746,2991,2991,train,7
2559,E. coli,RRRRRRWFWFWF,0.6989700043360189,12,5.301029995663981,2559,2559,train,7
2439,E. coli,RKRKLILILIKRKR,0.9030899869919436,14,5.096910013008056,2439,2439,train,6
1899,E. coli,KQSWQRMRKLALKR,1.6989700043360187,14,4.301029995663981,1899,1899,train,3
2284,E. coli,PEEMNKYLTALRHYINLVTRQRY,0.5362078656039428,23,5.463792134396057,2284,2284,train,8
2980,E. coli,WWRLRRIW,1.3979400086720375,8,4.6020599913279625,2980,2980,train,4
2340,E. coli,QLKVDLWGTRSGI,2.0,13,4.0,2340,2340,train,1
2881,E. coli,VVGRVASKVVPSLIGLFTTK,2.0919539165224275,20,3.908046083477573,2881,2881,train,1
1523,E. coli,ILRWPWWPWRRK,2.0,12,4.0,1523,1523,train,1
787,E. coli,GIKIAKKAITIAKKIAKIYW,0.8504259350957487,20,5.149574064904251,787,787,train,7
1779,E. coli,KKPWWKPWWPKWKK,0.3010299956639812,14,5.698970004336019,1779,1779,train,9
2677,E. coli,SLLSLIRKLIT,1.8034571156484136,11,4.196542884351587,2677,2677,train,2
2603,E. coli,RVVRPVVQGVKQKVR,1.5636067698089624,15,4.436393230191038,2603,2603,train,3
2661,E. coli,SIKILKIYFIQGKRHWSF,1.752197180126025,18,4.247802819873975,2661,2661,train,2
1284,E. coli,GWGSFFKKAAHVG,1.639486489268586,13,4.360513510731414,1284,1284,train,3
1719,E. coli,KKIMRTFLRRISKDILTGKK,0.994066366014233,20,5.005933633985767,1719,1719,train,6
361,E. coli,FLGALFKVWSK,2.188569079137551,11,3.811430920862449,361,361,train,0
441,E. coli,FLKGIVGKLGKLF,0.9542425094393248,13,5.045757490560675,441,441,train,6
972,E. coli,GLHKVMREVLGYERNSYKKFFLR,1.0190330187724352,23,4.9809669812275645,972,972,train,6
2944,E. coli,WKWKPGKWKW,0.6989700043360189,10,5.301029995663981,2944,2944,train,7
1696,E. coli,KKAAAAFAAFAAWFAAFAAAAKKKK,1.0791812460476249,25,4.920818753952375,1696,1696,train,6
1189,E. coli,GRRPRPRPRP,2.204119982655925,10,3.795880017344075,1189,1189,train,0
116,E. coli,APRKNVRW,1.7949279666970357,8,4.205072033302964,116,116,train,2
2506,E. coli,RPKPRPRPRPE,2.3010299956639813,11,3.6989700043360183,2506,2506,train,0
2242,E. coli,LYRRRFVVGR,1.6989700043360187,10,4.301029995663981,2242,2242,train,3
130,E. coli,AVVDILKGAAKDIAGHLASKVMNKL,2.0,25,4.0,130,130,train,1
2368,E. coli,RFRRLRKKIRKRLKKI,2.1072099696478683,16,3.892790030352132,2368,2368,train,0
2366,E. coli,RFRRLRIKTRIRLKKI,1.0791812460476249,16,4.920818753952375,2366,2366,train,6
778,E. coli,GIHKILKYGKPS,0.6989700043360189,12,5.301029995663981,778,778,train,7
1737,E. coli,KKLAGLAKKWAGLAKKLAGLA,0.573352880204934,21,5.426647119795066,1737,1737,train,8
1681,E. coli,KILILIKRK,1.505149978319906,9,4.494850021680094,1681,1681,train,3
2357,E. coli,RAGLQFPVGRVHRLLR,0.9310652319671786,16,5.068934768032822,2357,2357,train,6
1054,E. coli,GLMSVLGHAVGNVLGGLFKS,1.4075319520412926,20,4.5924680479587074,1054,1054,train,4
264,E. coli,FFSMIPKIATGIASLVKNL,1.7953489464102428,19,4.204651053589757,264,264,train,2
119,E. coli,AQKIISTIGKLPKWIIKTVNKFTKK,0.3979400086720376,25,5.6020599913279625,119,119,train,8
2597,E. coli,RTKKWIVWI,1.14071491329578,9,4.8592850867042205,2597,2597,train,5
2215,E. coli,LRPAILVRTK,2.6424001847890595,10,3.3575998152109405,2215,2215,train,0
973,E. coli,GLIGSIGKALGGLLVDVLKPKL,1.665210745244156,22,4.334789254755844,973,973,train,3
2353,E. coli,RAGLQFLVGRVHRLLRK,1.1999178197185918,17,4.800082180281408,2353,2353,train,5
2693,E. coli,SRVPLKSPVKIVGSKVMIFA,2.074455059885349,20,3.925544940114651,2693,2693,train,1
2697,E. coli,SSMKLSFRARAYGFRGPGLQL,2.0,21,4.0,2697,2697,train,1
2260,E. coli,NGVQPKYRWWRWWRRWW,1.2567472512663056,17,4.743252748733695,2260,2260,train,5
1772,E. coli,KKLLKWLKKLL,0.9474215673011264,11,5.052578432698874,1772,1772,train,6
2602,E. coli,RVVRPVVQGVKEKVR,1.5633621808509806,15,4.43663781914902,2602,2602,train,3
2543,E. coli,RRLTLRQLLGLGSRRRRRSR,1.3979400086720375,20,4.6020599913279625,2543,2543,train,4
2475,E. coli,RLNRPVYIPQPRPPHPRL,0.7501225267834001,18,5.2498774732166,2475,2475,train,7
274,E. coli,FHFHLHFPYPFIKHFIHRF,1.687316853910903,19,4.312683146089097,274,274,train,3
2786,E. coli,VINENLLR,3.397940008672037,8,2.602059991327963,2786,2786,train,0
831,E. coli,GIWKSLFTKLLKG,0.5255418517192427,13,5.474458148280757,831,831,train,8
808,E. coli,GILSSWLKKLKKIIAK,1.0413926851582251,16,4.958607314841775,808,808,train,6
2111,E. coli,LKLKSIVSAAKKVL,1.6989700043360187,14,4.301029995663981,2111,2111,train,3
321,E. coli,FKRLEKLF,2.0,8,4.0,321,321,train,1
2735,E. coli,TPFKISIHL,1.1527277083418146,9,4.847272291658186,2735,2735,train,5
1901,E. coli,KRFKKFFKKLKKFVKKGFKKFAKV,-0.0050174354965749,24,6.005017435496575,1901,1901,train,9
242,E. coli,FFIYVWRRR,0.5797835966168101,9,5.42021640338319,242,242,train,8
2275,E. coli,NNRPVYIPQPRPPHPRI,0.280135573198924,17,5.719864426801076,2275,2275,train,9
2301,E. coli,PKVTITIQGSARF,1.505149978319906,13,4.494850021680094,2301,2301,train,3
2638,E. coli,RYRRKKKMKKALQYIKLLKE,1.3424226808222062,20,4.657577319177793,2638,2638,train,4
894,E. coli,GLFAVIKKVAKVIKKL,1.7556533234129386,16,4.244346676587061,894,894,train,2
1933,E. coli,KRKILILILIKRK,0.9030899869919436,13,5.096910013008056,1933,1933,train,6
2931,E. coli,WKKWWKKWWK,1.1931245983544616,10,4.806875401645538,2931,2931,train,5
1093,E. coli,GLRRLFADQLVGRRNI,1.423844618330311,16,4.576155381669689,1093,1093,train,4
2103,E. coli,LKKLLKWLKKL,0.151541549957051,11,5.848458450042949,2103,2103,train,9
559,E. coli,FPVTWKWWKWWKG,0.724275869600789,13,5.275724130399211,559,559,train,7
2121,E. coli,LKWLKKLLKKL,0.4525715456210323,11,5.547428454378967,2121,2121,train,8
448,E. coli,FLKLLKKLAAKFL,0.3093090283454559,13,5.690690971654544,448,448,train,9
1236,E. coli,GVVDILKGAAKDAAGHLASKVMNKL,2.0,25,4.0,1236,1236,train,1
2622,E. coli,RWRRWKWWL,0.3016953731594901,9,5.6983046268405095,2622,2622,train,9
1939,E. coli,KRKLILKRILIKRK,1.2041199826559248,14,4.795880017344075,1939,1939,train,5
2592,E. coli,RRYHWRIYI,0.2041199826559248,9,5.795880017344075,2592,2592,train,9
2032,E. coli,KWKLFKKIPKFLHSAKKF,0.7958800173440752,18,5.204119982655925,2032,2032,train,7
1822,E. coli,KLFAVIKKVAAVIRRL,1.7386575376773228,16,4.261342462322677,1822,1822,train,3
1597,E. coli,IVLNPWDQVK,3.009254375883622,10,2.990745624116378,1597,1597,train,0
1220,E. coli,GVLDILKGAAKDLAGHVATKVINKI,1.0791812460476249,25,4.920818753952375,1220,1220,train,6
2768,E. coli,VFHLLGKIIHHVGNFVYGFSHVF,0.6020599913279624,23,5.3979400086720375,2768,2768,train,8
1736,E. coli,KKKVVVVVKKK,1.806179973983887,11,4.1938200260161125,1736,1736,train,2
203,E. coli,FFGKVLKLIRKIF,2.0,13,4.0,203,203,train,1
2616,E. coli,RWKRWWRLL,1.0580882469444652,9,4.941911753055535,2616,2616,train,6
2757,E. coli,VDKPPYLPRPPPPRRIYNNR,1.7187851225202544,20,4.281214877479746,2757,2757,train,3
1107,E. coli,GLWQKIKQAAGDLASGIVEGIKS,1.3273589343863303,23,4.67264106561367,1107,1107,train,4
1167,E. coli,GPIRRPKPRPRQRPE,1.9030899869919435,15,4.096910013008056,1167,1167,train,2
466,E. coli,FLPIIGKLLSG,0.9247924211697888,11,5.075207578830211,466,466,train,6
941,E. coli,GLFDVIKKVLKKIGGL,0.7993405494535817,16,5.200659450546418,941,941,train,7
1918,E. coli,KRIVQRIKDFLRNLVPRTES,1.806179973983887,20,4.1938200260161125,1918,1918,train,2
960,E. coli,GLFRALLRLLRSLWRLLLRA,1.806179973983887,20,4.1938200260161125,960,960,train,2
1948,E. coli,KRWRIRVRVIRK,-0.0175746953814902,12,6.01757469538149,1948,1948,train,9
1465,E. coli,ILGPVLGLVGSALGGLI,1.809974545359664,17,4.190025454640336,1465,1465,train,2
1325,E. coli,HPLKQYWWRPSI,2.096910013008056,12,3.903089986991944,1325,1325,train,1
2044,E. coli,KWKWKWKW,1.0969100130080565,8,4.903089986991944,2044,2044,train,5
2653,E. coli,SFVFKLASKVVPSVFSALTR,2.069068808907561,20,3.930931191092439,2653,2653,train,1
1094,E. coli,GLRSKIWLWVLLMIWQESNKFKKM,0.4913616938342727,24,5.508638306165727,1094,1094,train,8
210,E. coli,FFGWLIKGAIHAGKAIHGLIHRRRH,0.4232458739368078,25,5.576754126063192,210,210,train,8
2995,E. coli,YIPQPRPPHPRL,1.806179973983887,12,4.1938200260161125,2995,2995,train,2
2629,E. coli,RWWIRIRWH,0.1139433523068366,9,5.886056647693163,2629,2629,train,9
2891,E. coli,VWRRWRRFW,1.0969100130080565,9,4.903089986991944,2891,2891,train,5
2358,E. coli,RAGLQFPVGRVHRLLRK,1.2041199826559248,17,4.795880017344075,2358,2358,train,5
1621,E. coli,KARRAVRWI,1.7434479866610186,9,4.256552013338982,1621,1621,train,2
2003,E. coli,KWKKLLKKPLKLLKKLLK,0.3010299956639812,18,5.698970004336019,2003,2003,train,9
2364,E. coli,RFRRLFRIRVRVLKKI,0.6020599913279624,16,5.3979400086720375,2364,2364,train,8
335,E. coli,FLFKLIPKAIKGLVKAIRK,0.8649053311660041,19,5.135094668833996,335,335,train,7
942,E. coli,GLFDVVIGGL,3.0150311276745936,10,2.9849688723254064,942,942,train,0
2818,E. coli,VKWRWKKWRWKWKWKV,1.6170933132822105,16,4.3829066867177895,2818,2818,train,3
433,E. coli,FLIIRRPIVLGLL,1.2944324156256062,13,4.705567584374394,433,433,train,4
463,E. coli,FLPGLLAGLL,1.089905111439398,10,4.910094888560602,463,463,train,5
1371,E. coli,IIGPVLGLVGKALGGLL,2.206842185453052,17,3.793157814546948,1371,1371,train,0
1782,E. coli,KKRWWWWWR,0.7218809323128302,9,5.27811906768717,1782,1782,train,7
2831,E. coli,VLNENLLA,3.397940008672037,8,2.602059991327963,2831,2831,train,0
711,E. coli,GFWTTAAEGLKKFAKAGLASILNPK,1.9030899869919435,25,4.096910013008056,711,711,train,2
1832,E. coli,KLKLLKLLKLLKLLK,0.6532125137753437,15,5.346787486224656,1832,1832,train,7
1697,E. coli,KKAAAFAAAAAFAAWAAFAAAKKKK,1.2388820889151368,25,4.761117911084863,1697,1697,train,5
759,E. coli,GIGKHVGKALKGLKGLLKGLGES,2.0,23,4.0,759,759,train,1
1730,E. coli,KKKKPLFGLFFGLF,0.4762300507144884,14,5.523769949285511,1730,1730,train,8
1786,E. coli,KKTWWKTWWTKW,0.6020599913279624,12,5.3979400086720375,1786,1786,train,8
1231,E. coli,GVVDIAKGAAKDIAGHLASKVMNKL,2.0,25,4.0,1231,1231,train,1
994,E. coli,GLLGAMFKVASKVLPHVVPAITEHF,1.3979400086720375,25,4.6020599913279625,994,994,train,4
2066,E. coli,LALKSGGWLRLFGLKDKKH,1.5440680443502757,19,4.455931955649724,2066,2066,train,3
975,E. coli,GLKALKKVFKGIHKAIKLINKHVQ,0.6989700043360189,24,5.301029995663981,975,975,train,7
890,E. coli,GLARIVVIRVAR,1.0826765896447428,12,4.917323410355257,890,890,train,6
1424,E. coli,ILAWKWAWWAWRR,1.303250752274816,13,4.696749247725184,1424,1424,train,4
1627,E. coli,KFFKFFKFF,1.5343552581786402,9,4.46564474182136,1627,1627,train,3
2027,E. coli,KWKLFKKIPKFLHL,0.7958800173440752,14,5.204119982655925,2027,2027,train,7
1275,E. coli,GWASKIGQTLGKIAKVGLKELIQPK,0.8699814243317359,25,5.130018575668264,1275,1275,train,7
1778,E. coli,KKPKLPWLPLK,0.9030899869919436,11,5.096910013008056,1778,1778,train,6
1611,E. coli,KAAAKWAAKAAK,2.0,12,4.0,1611,1611,train,1
791,E. coli,GILDPIKAFAKAAG,1.2051878268818654,14,4.794812173118134,791,791,train,5
2541,E. coli,RRLRKKTRKRLKKIGKVLKWI,0.2218487496163563,21,5.778151250383644,2541,2541,train,9
2113,E. coli,LKLKSIVSWAKKVL,1.2101034533810686,14,4.789896546618931,2113,2113,train,5
100,E. coli,ALWMTLLKKVLKAAAKAALN,0.9542425094393248,20,5.045757490560675,100,100,train,6
1383,E. coli,IKAQGLPQE,3.096910013008056,9,2.903089986991944,1383,1383,train,0
2380,E. coli,RGGRLTYTRPRFTVTVGR,0.4784893461716752,18,5.521510653828325,2380,2380,train,8
682,E. coli,GFLDIVKGVGKVALGAVSKLF,1.179109230600457,21,4.820890769399544,682,682,train,5
841,E. coli,GKIIKLKASLKLL,0.5451988459300675,13,5.454801154069933,841,841,train,8
1580,E. coli,IRHQGLPQE,3.096910013008056,9,2.903089986991944,1580,1580,train,0
1178,E. coli,GRKKRRQRRRGGWMWVTNLRTD,1.2318793187821668,22,4.768120681217833,1178,1178,train,5
1404,E. coli,IKKIVSKIKKVLK,0.9719712763997564,13,5.028028723600244,1404,1404,train,6
2702,E. coli,STLALVLRLRGG,1.0,12,5.0,2702,2702,train,6
1413,E. coli,IKKWWSKIKKLLK,0.4955443375464484,13,5.504455662453552,1413,1413,train,8
698,E. coli,GFMSKVANFAKKFAKGGVNAIMNQK,0.0,25,6.0,698,698,train,9
961,E. coli,GLFSKFAGKGIKNFLNKGVKHIGKE,0.1896501580670302,25,5.81034984193297,961,961,train,9
2598,E. coli,RVKRVWPLVIRTVIA,0.8388490907372553,15,5.161150909262744,2598,2598,train,7
1793,E. coli,KKVLKAAA,0.7781512503836436,8,5.221848749616356,1793,1793,train,7
2250,E. coli,MPLSWFFPRTWGKR,1.5487071018557568,14,4.451292898144243,2250,2250,train,3
999,E. coli,GLLGLLGSVVSHVVPAIVGHF,2.0,21,4.0,999,999,train,1
998,E. coli,GLLGLLGSVVSHVLPAITQHL,1.6727381949391231,21,4.327261805060877,998,998,train,3
166,E. coli,ELLKAVRLIK,1.0,10,5.0,166,166,train,6
2115,E. coli,LKLLKWLLKLL,1.558824978269837,11,4.441175021730163,2115,2115,train,3
2200,E. coli,LQFPVGRVHRLLRK,0.6677918024410935,14,5.332208197558907,2200,2200,train,7
2886,E. coli,VWRHWRRFW,1.3979400086720375,9,4.6020599913279625,2886,2886,train,4
2618,E. coli,RWKRWWRWI,1.035993339837252,9,4.964006660162748,2618,2618,train,6
2645,E. coli,SAVGRHLRRFGLRKHRKH,2.0,18,4.0,2645,2645,train,1
296,E. coli,FIKHFIHRF,2.603979116577118,9,3.396020883422882,296,296,train,0
1254,E. coli,GVVGKLASKVVPSVFGSFTK,2.105611410930811,20,3.894388589069189,1254,1254,train,1
766,E. coli,GIHDALKYGKPS,1.3010299956639813,12,4.698970004336019,766,766,train,4
1244,E. coli,GVVDILKGAAKDIAGHLASKVM,2.0570572086374224,22,3.9429427913625776,1244,1244,train,1
2978,E. coli,WWKRWKRIRRIFMMV,0.2610719807808913,15,5.738928019219109,2978,2978,train,9
316,E. coli,FKKLKKLFSKLFSFK,0.3010299956639812,15,5.698970004336019,316,316,train,9
2269,E. coli,NLLKSALKTVNKLLAAS,1.505149978319906,17,4.494850021680094,2269,2269,train,3
1274,E. coli,GWASKIGQALGKVAKVGLQQFIQPK,1.0969100130080565,25,4.903089986991944,1274,1274,train,5
2727,E. coli,TISQAEWFKARRWQWRMKKLGA,1.380211241711606,22,4.619788758288394,2727,2727,train,4
275,E. coli,FHFHLHFSATFIKHFIHRF,1.7042404018203765,19,4.295759598179624,275,275,train,3
1165,E. coli,GPIRRPKPRPRPE,1.9030899869919435,13,4.096910013008056,1165,1165,train,2
980,E. coli,GLKDKFKSMGEKLKQYIQTWKAKF,0.4913616938342727,24,5.508638306165727,980,980,train,8
2063,E. coli,LAAKLTKAATKLTAALTKLAAALT,0.9030899869919436,24,5.096910013008056,2063,2063,train,6
2620,E. coli,RWQWRWQWR,1.2467742211955015,9,4.753225778804499,2620,2620,train,5
2880,E. coli,VVAKKFFVLVKGLAPVLSPS,2.08610346326964,20,3.91389653673036,2880,2880,train,1
2432,E. coli,RKKRWWRRKK,0.7781512503836436,10,5.221848749616356,2432,2432,train,7
916,E. coli,GLFDIVKKVVGAVGSL,1.601537252634878,16,4.398462747365122,916,916,train,3
619,E. coli,FWGFLGKLAMKAVPSLIGGNKSSSK,1.380211241711606,25,4.619788758288394,619,619,train,4
2556,E. coli,RRRREELKQSWQRMRKLALKR,1.6989700043360187,21,4.301029995663981,2556,2556,train,3
828,E. coli,GIWDTIKSMGKVFAGKILQNL,1.1139433523068367,21,4.886056647693163,828,828,train,5
514,E. coli,FLSGIVGMLGKLFGK,1.0,15,5.0,514,514,train,6
1485,E. coli,ILPILSLIGGLL,2.034762106259212,12,3.965237893740788,1485,1485,train,1
1722,E. coli,KKKAAAFAAWAAFAKKK,1.4259687322722812,17,4.574031267727719,1722,1722,train,4
913,E. coli,GLFDIVKKVVGAIGSL,1.8987810832298864,16,4.101218916770113,913,913,train,2
127,E. coli,AVAGEKLWLLPHLLKMLLTPTP,2.2143118774820323,22,3.785688122517968,127,127,train,0
2077,E. coli,LFWKLLLKALRLWAKVL,0.8794874542415185,17,5.120512545758482,2077,2077,train,7
2192,E. coli,LPAVFKLASKVVPSVFGLVK,2.08610346326964,20,3.91389653673036,2192,2192,train,1
244,E. coli,FFLLSLIPSAISAIKKI,1.380211241711606,17,4.619788758288394,244,244,train,4
902,E. coli,GLFDIAKKVIGVIGSL,1.7878176711070664,16,4.212182328892934,902,902,train,2
1188,E. coli,GRRGPRRANQNGTRRRRRRT,1.3979400086720375,20,4.6020599913279625,1188,1188,train,4
1567,E. coli,INWLKLGKKILGAL,1.4747017805962497,14,4.525298219403751,1567,1567,train,4
1951,E. coli,KRWWRKWWR,0.4313637641589873,9,5.568636235841012,1951,1951,train,8
1570,E. coli,INWLKLGKKMMSAL,1.8846065812979305,14,4.1153934187020695,1570,1570,train,2
353,E. coli,FLGALFKAVSKLL,1.4080845581603014,13,4.591915441839698,353,353,train,4
1765,E. coli,KKLLFKLKFK,0.3826577858972435,10,5.617342214102757,1765,1765,train,8
1396,E. coli,IKKILSKIKKLL,0.7958800173440752,12,5.204119982655925,1396,1396,train,7
310,E. coli,FKHHIFRGIKHVGKTIHRLVTG,0.6989700043360189,22,5.301029995663981,310,310,train,7
196,E. coli,FFFDTLKNLAGKVIGALT,1.8044801891059927,18,4.195519810894007,196,196,train,2
764,E. coli,GIGSLLAKAAKLGANLL,1.3979400086720375,17,4.6020599913279625,764,764,train,4
1251,E. coli,GVVDILKGAAKDLAGHLATKVMNKL,1.6989700043360187,25,4.301029995663981,1251,1251,train,3
854,E. coli,GKLNLFLSRLEILKLFVGAL,1.2041199826559248,20,4.795880017344075,854,854,train,5
2901,E. coli,WGEAFSAGVHRLANGGNG,1.852174904420303,18,4.147825095579697,2901,2901,train,2
701,E. coli,GFVALLKKLPLILKHLH,0.4913616938342727,17,5.508638306165727,701,701,train,8
1947,E. coli,KRRWRIWLV,0.7849540468211413,9,5.215045953178858,1947,1947,train,7
279,E. coli,FIFPKKNIINSLFGR,1.8465126671017813,15,4.1534873328982185,279,279,train,2
2520,E. coli,RQWQSKIRRT,2.4771212547196626,10,3.5228787452803374,2520,2520,train,0
1278,E. coli,GWASKIGTQLGKMAKVGLKEFVQS,2.0,24,4.0,1278,1278,train,1
511,E. coli,FLQHIIGALTHIF,1.8917232521061589,13,4.108276747893841,511,511,train,2
1384,E. coli,IKFEPPLPPKKAH,1.3285340611340268,13,4.671465938865973,1384,1384,train,4
407,E. coli,FLGSLIGAAIPAIKQLLGLKK,2.0755469613925306,21,3.924453038607469,407,407,train,1
796,E. coli,GILGKLWKGVKSIF,1.6066962322385387,14,4.393303767761461,796,796,train,3
1215,E. coli,GVIDAAKKVVNVLKNLP,1.7500330957577568,17,4.249966904242243,1215,1215,train,2
1574,E. coli,INWSSIFEKVKNLV,1.5440680443502757,14,4.455931955649724,1574,1574,train,3
1883,E. coli,KNIRRIIRKIIHIIKKYG,1.6989700043360187,18,4.301029995663981,1883,1883,train,3
1106,E. coli,GLWQKIKNAAGDLASGIVEGIKS,1.3268522715832334,23,4.673147728416767,1106,1106,train,4
1412,E. coli,IKKWLSKIKKLLK,0.7958800173440752,13,5.204119982655925,1412,1412,train,7
47,E. coli,AKKVFKRLEKLFSKIQN,1.0969100130080565,17,4.903089986991944,47,47,train,5
1136,E. coli,GMWKKILGKLIR,0.3617278360175928,12,5.638272163982407,1136,1136,train,8
1906,E. coli,KRFWPVVIRTVVAGYNLYRAIKKK,0.8096283597817636,24,5.1903716402182365,1906,1906,train,7
474,E. coli,FLPILINLIHKGLL,2.1760912590556813,14,3.823908740944319,474,474,train,0
836,E. coli,GIWSSLLKKLKKIIAK,0.2041199826559248,16,5.795880017344075,836,836,train,9
914,E. coli,GLFDIVKKVVGAL,1.372036823297034,13,4.627963176702966,914,914,train,4
1491,E. coli,ILPLKLPLLPWRR,1.092841307626757,13,4.907158692373243,1491,1491,train,5
569,E. coli,FPWWNQYVKL,2.2578752853249133,10,3.742124714675087,569,569,train,0
2806,E. coli,VKLYPKVKLYP,1.6765911926698494,11,4.323408807330151,2806,2806,train,3
650,E. coli,GEKLKKIGKKIKNFFQKL,1.0969100130080565,18,4.903089986991944,650,650,train,5
475,E. coli,FLPIPRPILLGLL,1.3122110452744802,13,4.687788954725519,475,475,train,4
2089,E. coli,LILGKLWKGVKSIF,1.6703947394533176,14,4.329605260546682,2089,2089,train,3
1965,E. coli,KVANTVQKLKRKAKNAVA,1.6989700043360187,18,4.301029995663981,1965,1965,train,3
1267,E. coli,GVVVRVPRVVVRWVRR,0.6020599913279624,16,5.3979400086720375,1267,1267,train,8
380,E. coli,FLGGLIKWWPWRR,0.6583734630378769,13,5.341626536962123,380,380,train,7
1606,E. coli,IWRVWRRWK,0.6020599913279624,9,5.3979400086720375,1606,1606,train,8
2083,E. coli,LHLIALRKK,1.768198730429812,9,4.231801269570188,2083,2083,train,2
638,E. coli,GALFSLASKVVPAVIGLIKK,2.104721418157025,20,3.895278581842975,638,638,train,1
735,E. coli,GIGKFIHSAKKFGKLFVGEIMNS,1.2787536009528289,23,4.721246399047171,735,735,train,4
2209,E. coli,LRKKWFW,1.2041199826559248,7,4.795880017344075,2209,2209,train,5
1551,E. coli,INWKKIASIGKEVLKA,1.8750612633917,16,4.1249387366083,1551,1551,train,2
1680,E. coli,KILGVSKKIMRRISKDILTGKK,0.8813844847332215,22,5.118615515266779,1680,1680,train,7
1148,E. coli,GNNRPVYIAQPRPPHPAL,1.7964747781301131,18,4.203525221869887,1148,1148,train,2
1634,E. coli,KFLHLAKKFPKWKLFKKI,0.4955443375464484,18,5.504455662453552,1634,1634,train,8
909,E. coli,GLFDIVKKIAGHIVSSI,1.745416760237121,17,4.254583239762879,909,909,train,2
2087,E. coli,LIKHILHRL,2.6411366417953537,9,3.3588633582046463,2087,2087,train,0
2942,E. coli,WKTLLKKVLKAAA,1.255272505103306,13,4.7447274948966935,2942,2942,train,5
2517,E. coli,RQRRVVIWW,0.1139433523068366,9,5.886056647693163,2517,2517,train,9
1572,E. coli,INWLRLGRRILGAL,2.0,14,4.0,1572,1572,train,1
66,E. coli,ALHKTMLKKLGTMAL,1.6522463410033232,15,4.347753658996677,66,66,train,3
3000,E. coli,YPELQQDLIARLL,1.6117782939476797,13,4.38822170605232,3000,3000,train,3
903,E. coli,GLFDIIKKIAESF,2.0885076402935665,13,3.9114923597064335,903,903,train,1
2305,E. coli,PPRLPRPRPRPLPFPRPG,1.599883072073688,18,4.400116927926312,2305,2305,train,3
731,E. coli,GIGKALKKAKKGIGAVLKVLTTGL,1.1760912590556811,24,4.823908740944319,731,731,train,5
956,E. coli,GLFKVLGSVAKHLLPHVAPVIAEKL,1.5788549238351968,25,4.421145076164804,956,956,train,3
2154,E. coli,LLKWLKKL,1.982393895121959,8,4.017606104878041,2154,2154,train,2
1109,E. coli,GLWQKIKSAAGDLASGIVEGIKS,1.0311210568744054,23,4.968878943125595,1109,1109,train,6
561,E. coli,FPVTWPTKWRKG,2.221050468742161,12,3.778949531257839,561,561,train,0
1859,E. coli,KLLLLLKLLLLK,0.9542425094393248,12,5.045757490560675,1859,1859,train,6
291,E. coli,FIHHIIGGLFSAGKAIHRLIRRRRR,0.6989700043360189,25,5.301029995663981,291,291,train,7
1812,E. coli,KLAGLAKKLAGLAKKLAGLAK,0.5884611005272631,21,5.4115388994727365,1812,1812,train,8
2429,E. coli,RKGLQKLVGRVHRLLRK,0.8907720123166383,17,5.1092279876833615,2429,2429,train,6
1668,E. coli,KIGAIKKWGAIKKIGAIK,2.1241625411582192,18,3.8758374588417808,1668,1668,train,0
1997,E. coli,KWKKLLKKLLKLLKKLLK,0.6020599913279624,18,5.3979400086720375,1997,1997,train,8
1233,E. coli,GVVDILKAAAKDIAGHLASKVMNKL,1.3979400086720375,25,4.6020599913279625,1233,1233,train,4
2514,E. coli,RQIKIWFQNRRLKWKK,1.505149978319906,16,4.494850021680094,2514,2514,train,3
1664,E. coli,KIAKVALKALKIAKGALKAL,0.8044801891059928,20,5.195519810894007,1664,1664,train,7
741,E. coli,GIGKFLHSAGKFGKAFIGEIMKS,1.0969100130080565,23,4.903089986991944,741,741,train,5
305,E. coli,FKARLWQWRM,1.847572659142112,10,4.152427340857888,305,305,train,2
2779,E. coli,VGVGGGFGR,2.49220169636944,9,3.50779830363056,2779,2779,train,0
912,E. coli,GLFDIVKKVVGAAGSL,1.910240036242356,16,4.089759963757644,912,912,train,2
1209,E. coli,GVFRRLRKVTRKVLKKIGKVLKWI,0.6020599913279624,24,5.3979400086720375,1209,1209,train,8
2903,E. coli,WGIRDILKYGKPS,1.1760912590556811,13,4.823908740944319,2903,2903,train,5
675,E. coli,GFKEVLKAGLGSLVKGIPAHVAN,2.3364597338485296,23,3.6635402661514704,675,675,train,0
1579,E. coli,IPWGKVKDFLVGGMKAV,1.6901960800285136,17,4.309803919971486,1579,1579,train,3
915,E. coli,GLFDIVKKVVGALGSL,1.705384965965735,16,4.2946150340342655,915,915,train,3
154,E. coli,DDALRHLLRHLLRHL,2.0,15,4.0,154,154,train,1
2207,E. coli,LRKFRNKIKEKLKKIGQKI,0.8129133566428556,19,5.187086643357144,2207,2207,train,7
522,E. coli,FLSLIPHAINAVSAIAKHFG,0.7781512503836436,20,5.221848749616356,522,522,train,7
2704,E. coli,STLHLALRLRGG,2.0,12,4.0,2704,2704,train,1
88,E. coli,ALWKTLLKKVLKAA,0.3010299956639812,14,5.698970004336019,88,88,train,9
27,E. coli,AIHKLAHKLLKKLLKAVKKLAK,0.3521825181113625,22,5.647817481888637,27,27,train,9
800,E. coli,GILNTIKSIASKLKRKAK,1.4112829130173845,18,4.588717086982616,800,800,train,4
1262,E. coli,GVVVRVARVVVRWVRR,0.6020599913279624,16,5.3979400086720375,1262,1262,train,8
1041,E. coli,GLLSNVAGLLKQFAKGGVNAVLNPK,0.9030899869919436,25,5.096910013008056,1041,1041,train,6
110,E. coli,APKAMRLLRRLLRRLLR,0.8751872813596278,17,5.1248127186403725,110,110,train,7
2863,E. coli,VRLRIRVAVRRA,0.6123706064958339,12,5.387629393504167,2863,2863,train,8
577,E. coli,FRIRVRV,1.9030899869919435,7,4.096910013008056,577,577,train,2
1211,E. coli,GVGDLIRKAVSVIKNIV,1.749300041198657,17,4.250699958801343,1211,1211,train,2
1872,E. coli,KLRRWVRWI,1.2798040685012353,9,4.720195931498765,1872,1872,train,4
338,E. coli,FLFPLITSFLSKVL,2.0,14,4.0,338,338,train,1
2656,E. coli,SGKLYYRRKK,2.0,10,4.0,2656,2656,train,1
68,E. coli,ALLKLAPRLLAGIF,1.0969100130080565,14,4.903089986991944,68,68,train,5
512,E. coli,FLSFPTTKTYFPHF,0.9542425094393248,14,5.045757490560675,512,512,train,6
2035,E. coli,KWKLFKKIPLKKF,1.0969100130080565,13,4.903089986991944,2035,2035,train,5
2701,E. coli,STIGKLVKWIIKTVNKFTKK,0.380211241711606,20,5.619788758288394,2701,2701,train,8
804,E. coli,GILSSLLKKWKKIIAK,0.8750612633917001,16,5.1249387366083,804,804,train,7
1802,E. coli,KKWLKLKLKLKK,2.146128035678238,12,3.853871964321762,1802,1802,train,0
2276,E. coli,NQHGQVVKIFHH,3.505149978319906,12,2.494850021680094,2276,2276,train,0
622,E. coli,FWGLKGLKKFSKKL,1.3979400086720375,14,4.6020599913279625,622,622,train,4
1826,E. coli,KLKFPKLKFP,1.904622202365298,10,4.095377797634702,1826,1826,train,2
1050,E. coli,GLLTRIKTLL,2.3010299956639813,10,3.6989700043360183,1050,1050,train,0
2206,E. coli,LRIVKLILKWLR,1.2041199826559248,12,4.795880017344075,2206,2206,train,5
784,E. coli,GIKDILKYGKPS,1.0,12,5.0,784,784,train,6
3009,E. coli,YRLRVKWKW,0.98858803400118,9,5.01141196599882,3009,3009,train,6
211,E. coli,FFGWLIKGAIHAGKAIHPLIHRRRH,0.5502283530550941,25,5.449771646944906,211,211,train,8
540,E. coli,FLSTIWNGIKSLL,1.662589152555258,13,4.337410847444742,540,540,train,3
2258,E. coli,NGVQPKYKWWKWWKKWW,0.6549224892257347,17,5.345077510774265,2258,2258,train,7
248,E. coli,FFPIVGKLLFGLSGLL,-0.1377892255664572,16,6.137789225566458,248,248,train,9
2716,E. coli,SVKVAKSVIPSAVFAGGKVF,2.1090867402088267,20,3.890913259791173,2716,2716,train,0
381,E. coli,FLGGLLASLLGKI,1.3444599879736592,13,4.655540012026341,381,381,train,4
3006,E. coli,YQWQRRMRKLGAPSIT,2.0018882857418934,16,3.998111714258106,3006,3006,train,1
2562,E. coli,RRRVVVVVRRR,1.505149978319906,11,4.494850021680094,2562,2562,train,3
2890,E. coli,VWRKWRRFWKR,0.4955443375464484,11,5.504455662453552,2890,2890,train,8
1240,E. coli,GVVDILKGAAKDIAGHLAAKVMNKL,1.3979400086720375,25,4.6020599913279625,1240,1240,train,4
1596,E. coli,ITIPPIVKNTLKKFIKGAVSALMS,1.6020599913279625,24,4.3979400086720375,1596,1596,train,3
568,E. coli,FPWFNQYVKL,2.270331882538233,10,3.729668117461767,568,568,train,0
532,E. coli,FLSLIPKIATGIAALAKHL,0.9030899869919436,19,5.096910013008056,532,532,train,6
769,E. coli,GIHDILKAGKPS,1.3010299956639813,12,4.698970004336019,769,769,train,4
610,E. coli,FVRWFSRFLGRIL,1.5563025007672873,13,4.443697499232712,610,610,train,3
2705,E. coli,STLHLVARLRGG,2.0,12,4.0,2705,2705,train,1
1724,E. coli,KKKIIIIIIKKK,0.9030899869919436,12,5.096910013008056,1724,1724,train,6
501,E. coli,FLPLVTMLLGKLF,2.204119982655925,13,3.795880017344075,501,501,train,0
953,E. coli,GLFKKLRRKIKKGFKKIFKRL,1.4852851841240005,21,4.514714815875999,953,953,train,4
578,E. coli,FRIRVRVFKRIVQRIKDFLR,0.4771212547196624,20,5.522878745280337,578,578,train,8
125,E. coli,ASVVNKLTGGVAGLLK,0.6989700043360189,16,5.301029995663981,125,125,train,7
186,E. coli,FALKALKKLKKALKKAL,0.320459728330739,17,5.679540271669261,186,186,train,9
2112,E. coli,LKLKSIVSWAKAVL,1.3979400086720375,14,4.6020599913279625,2112,2112,train,4
1102,E. coli,GLVTGLLKTAGKLLGDLFGSLTG,1.3979400086720375,23,4.6020599913279625,1102,1102,train,4
1980,E. coli,KWAKKWKWFAKAAWKWYKK,1.5902186865852233,19,4.4097813134147765,1980,1980,train,3
1433,E. coli,ILGEIWKGIKDIL,1.9138138523837167,13,4.086186147616283,1433,1433,train,2
2970,E. coli,WRRRYRRWRRRRRWRRRPRR,0.4955443375464484,20,5.504455662453552,2970,2970,train,8
521,E. coli,FLSLIPHAINAVSAIAKHF,0.8388490907372553,19,5.161150909262744,521,521,train,7
2756,E. coli,VDKPPYLPRPKPPRRIYNNR,0.810215174085547,20,5.189784825914453,2756,2756,train,7
696,E. coli,GFMKYIKPLIPHAVKAIKKLI,0.9208187539523752,21,5.079181246047625,696,696,train,6
634,E. coli,GAKYAKYIYNFYKYIAKYIW,1.3967561693581274,20,4.603243830641873,634,634,train,4
762,E. coli,GIGSALAKAAKLVAGIV,1.6989700043360187,17,4.301029995663981,762,762,train,3
729,E. coli,GIGHFLHKVKSFGKSWIGEIMNS,1.2787536009528289,23,4.721246399047171,729,729,train,4
620,E. coli,FWGKLWEGVKNAI,1.5172710567381855,13,4.482728943261814,620,620,train,3
1677,E. coli,KIKLFKKWPKFLHLAKKF,0.3010299956639812,18,5.698970004336019,1677,1677,train,9
2682,E. coli,SLWETIKNAGKGFIQNILDKIR,1.1684974835230326,22,4.831502516476967,2682,2682,train,5
645,E. coli,GAWKNFWSSLRKGFYDGEAGRAIRR,1.5899496013257075,25,4.410050398674293,645,645,train,3
1279,E. coli,GWASSIGSILGKFAKGGAQAFLQPK,1.505149978319906,25,4.494850021680094,1279,1279,train,3
1282,E. coli,GWGDTFLKTMAKIAKVGPKLLHS,0.6580113966571125,23,5.341988603342887,1282,1282,train,7
168,E. coli,EMLKKKKEVKMERKT,2.020824782611274,15,3.979175217388726,168,168,train,1
1550,E. coli,INWKKIASIGKEVLK,2.0,15,4.0,1550,1550,train,1
2503,E. coli,RPKHPIKHQGLPQEVLNENLLRF,1.5235067489520713,23,4.476493251047929,2503,2503,train,3
1984,E. coli,KWFKKIPKFLHLAKKF,1.0969100130080565,16,4.903089986991944,1984,1984,train,5
2444,E. coli,RKSKEKIGKEFKRIVQRIKDF,-0.8185773450942496,21,6.8185773450942495,2444,2444,train,9
1132,E. coli,GMLKRIKTLL,2.3010299956639813,10,3.6989700043360183,1132,1132,train,0
860,E. coli,GKPRPYSPKPTSHPRPIRV,0.4522976709946303,19,5.54770232900537,860,860,train,8
509,E. coli,FLQHIIGALGHLF,1.49182842626168,13,4.50817157373832,509,509,train,4
892,E. coli,GLFAVIKKVAAVIKKL,1.7700145647855554,16,4.229985435214445,892,892,train,2
1119,E. coli,GMASKAGSIVGKIAKIALGAL,1.3979400086720375,21,4.6020599913279625,1119,1119,train,4
1161,E. coli,GNNRPVYIPRPRPPHPRLV,0.5432578071180525,19,5.456742192881947,1161,1161,train,8
1844,E. coli,KLLKLLLKLWLKLLKLLL,1.6569898596155477,18,4.343010140384452,1844,1844,train,3
84,E. coli,ALWKNMLKGIGKLAGKAALG,0.3010299956639812,20,5.698970004336019,84,84,train,9
1121,E. coli,GMASKAGSVLGKITKIALGAL,1.0969100130080565,21,4.903089986991944,1121,1121,train,5
1651,E. coli,KIAGKIAKIAGKIAK,2.229285624929102,15,3.770714375070898,1651,1651,train,0
1401,E. coli,IKKIVSKIKKLL,0.4941545940184428,12,5.505845405981558,1401,1401,train,8
2401,E. coli,RIIDLLWRVRRPQKPKFVTVAVR,0.7958800173440752,23,5.204119982655925,2401,2401,train,7
790,E. coli,GILDAIKAIAKAAG,1.3873898263387294,14,4.61261017366127,790,790,train,4
458,E. coli,FLNALKNFAKTAGKRLKSLLN,0.8061799739838872,21,5.1938200260161125,458,458,train,7
2824,E. coli,VLNEALLR,3.397940008672037,8,2.602059991327963,2824,2824,train,0
2854,E. coli,VPYPQRDMPIQAFL,2.692449638155665,14,3.307550361844335,2854,2854,train,0
2155,E. coli,LLKWLKKLLKK,0.4525715456210323,11,5.547428454378967,2155,2155,train,8
1083,E. coli,GLPWILLRWLFFRG,2.3010299956639813,14,3.6989700043360183,1083,1083,train,0
2674,E. coli,SKVWRHWRRFWHRAHRLH,0.5916210382133191,18,5.408378961786681,2674,2674,train,8
1319,E. coli,HKVVFKVKFH,1.1754455320090955,10,4.824554467990905,1319,1319,train,5
1224,E. coli,GVLSVIKNALPGIMRF,1.5314789170422551,16,4.468521082957745,1224,1224,train,3
1748,E. coli,KKLALAPKKLALLWKKLALALKKA,-0.2041199826559246,24,6.204119982655925,1748,1748,train,9
1169,E. coli,GRFRRLRKKTRK,2.1072099696478683,12,3.892790030352132,1169,1169,train,0
1685,E. coli,KILRGVSKRILTGKK,1.954978597819136,15,4.045021402180864,1685,1685,train,2
2343,E. coli,QQRFEWEFEQQ,2.517646464689385,11,3.482353535310615,2343,2343,train,0
1558,E. coli,INWKKIFQKVKNLV,0.9030899869919436,14,5.096910013008056,1558,1558,train,6
705,E. coli,GFWGKLLEGVKKAI,1.1760912590556811,14,4.823908740944319,705,705,train,5
1498,E. coli,ILPWKLPWWPWRR,1.1344892943894895,13,4.865510705610511,1498,1498,train,5
2420,E. coli,RIVFAVLSIVNRVRQ,0.1881574845154339,15,5.811842515484566,2420,2420,train,9
987,E. coli,GLKKIFKKGLGSLVKGIAAHVAS,0.8750612633917001,23,5.1249387366083,987,987,train,7
2373,E. coli,RFRRLRPKTRPRLKKI,1.9030899869919435,16,4.096910013008056,2373,2373,train,2
1801,E. coli,KKWLKKWLK,1.5025133876876198,9,4.497486612312381,1801,1801,train,4
1766,E. coli,KKLLKKLKKLLK,0.9815165943059868,12,5.018483405694013,1766,1766,train,6
1141,E. coli,GMWSKILGHLIR,1.4089180208467798,12,4.59108197915322,1141,1141,train,4
2082,E. coli,LHAHKLRVDPVNFKLLSHSLLVTL,1.0413926851582251,24,4.958607314841775,2082,2082,train,6
33,E. coli,AIHNLAHKLLKKLTRAVKKLAN,0.290034611362518,22,5.709965388637482,33,33,train,9
278,E. coli,FIFHIIKGLFHAGKMIHGLVTRRRH,0.3979400086720376,25,5.6020599913279625,278,278,train,8
2452,E. coli,RKWWRWIKW,0.0969100130080564,9,5.903089986991944,2452,2452,train,9
144,E. coli,AWLLAIRRR,0.4147608359866984,9,5.585239164013301,144,144,train,8
2953,E. coli,WLRRIGKGVKIIGGAALDHL,1.6123893909628195,20,4.38761060903718,2953,2953,train,3
2940,E. coli,WKSYVRRWRS,1.806179973983887,10,4.1938200260161125,2940,2940,train,2
2527,E. coli,RRIIIRWRRI,0.6711728427150833,10,5.328827157284917,2527,2527,train,7
2428,E. coli,RKFRWWVIR,1.4313637641589874,9,4.568636235841012,2428,2428,train,4
30,E. coli,AIHKLAHKLLPKTLRAVKKLAN,1.3569814009931311,22,4.643018599006869,30,30,train,4
1907,E. coli,KRFWQLVPLAIKIYRAWKRR,0.3010299956639812,20,5.698970004336019,1907,1907,train,9
641,E. coli,GANAAKKLATFAKKIFTAYW,1.1626129154470095,20,4.83738708455299,641,641,train,5
177,E. coli,EWFKARRWQWRMKKLGA,0.7781512503836436,17,5.221848749616356,177,177,train,7
150,E. coli,DANVENGEDAEDLTDKFIGLMG,1.9293210337427165,22,4.070678966257283,150,150,train,2
1116,E. coli,GMASKAGAIAGKIAKVAWKAL,1.0969100130080565,21,4.903089986991944,1116,1116,train,5
798,E. coli,GILKSLLKKLKKIIAK,1.0,16,5.0,798,798,train,6
1888,E. coli,KNVNSIVKIQAFFRARKAQDDYR,0.5440680443502757,23,5.455931955649724,1888,1888,train,8
1767,E. coli,KKLLKKLLKWL,0.151541549957051,11,5.848458450042949,1767,1767,train,9
174,E. coli,EQHSSGKSDV,2.0,10,4.0,174,174,train,1
2726,E. coli,TIAMRAINNYRWRSKNQNTFLR,0.8450980400142568,22,5.154901959985743,2726,2726,train,7
2655,E. coli,SGKLWWRRKK,1.3979400086720375,10,4.6020599913279625,2655,2655,train,4
560,E. coli,FPVTWPTKWLKG,2.233666999020904,12,3.766333000979096,560,560,train,0
1355,E. coli,IGGIISFFKRLF,0.9514944942388812,12,5.048505505761119,1355,1355,train,6
2949,E. coli,WLGALFKVASK,2.2148573791373645,11,3.785142620862636,2949,2949,train,0
214,E. coli,FFGWLIKPAIHAGKAIHGLIHRRRH,0.568201724066995,25,5.431798275933005,214,214,train,8
591,E. coli,FSEAIKKIIDFLG,2.237759455833689,13,3.762240544166311,591,591,train,0
75,E. coli,ALRSAVRTVARVGRAVLPHVAI,0.7993405494535817,22,5.200659450546418,75,75,train,7
360,E. coli,FLGALFKVVSKLL,1.445266686135237,13,4.554733313864763,360,360,train,4
1806,E. coli,KKWWKAKKFANSGPNALQTLAQ,1.4054851315936812,22,4.594514868406319,1806,1806,train,4
1811,E. coli,KLAGKLAKWAGKLAKLAGKLA,0.5733528802049339,21,5.426647119795066,1811,1811,train,8
112,E. coli,APKKQLKW,1.2047776939059878,8,4.795222306094012,112,112,train,5
2493,E. coli,RLWRRWRRWLR,0.7781512503836437,11,5.221848749616356,2493,2493,train,7
1732,E. coli,KKKLFWKIPKFLHLAKKF,0.3010299956639812,18,5.698970004336019,1732,1732,train,9
2507,E. coli,RPPHPRL,1.806179973983887,7,4.1938200260161125,2507,2507,train,2
480,E. coli,FLPIVGKLLSGLSGLS,0.4943749628239701,16,5.50562503717603,480,480,train,8
2116,E. coli,LKLLLLKLLL,1.928257615047929,10,4.071742384952071,2116,2116,train,2
504,E. coli,FLPVILPVIGKLLNGIL,1.6989700043360187,17,4.301029995663981,504,504,train,3
1781,E. coli,KKRWVWIRY,1.0314965827643543,9,4.968503417235645,1781,1781,train,6
1759,E. coli,KKLIKVFAKGFKKAKKLFKGIG,0.3048409244614254,22,5.695159075538575,1759,1759,train,9
734,E. coli,GIGKFIHAVKKWGKTFIGEIAKS,0.7993405494535817,23,5.200659450546418,734,734,train,7
1096,E. coli,GLTFLKKILNFAKKIYTAIW,1.1306035620449613,20,4.869396437955039,1096,1096,train,5
1863,E. coli,KLLNLLPGLLAGIF,1.0969100130080565,14,4.903089986991944,1863,1863,train,5
2835,E. coli,VLNENLRR,3.397940008672037,8,2.602059991327963,2835,2835,train,0
1998,E. coli,KWKKLLKKLLKLLKKLLKKLK,1.2041199826559248,21,4.795880017344075,1998,1998,train,5
2826,E. coli,VLNENALR,3.096910013008056,8,2.903089986991944,2826,2826,train,0
1152,E. coli,GNNRPVYIPQPRPHPRL,2.1072099696478683,17,3.892790030352132,1152,1152,train,0
73,E. coli,ALRLAIRKR,0.5621015407135665,9,5.4378984592864335,73,73,train,8
2100,E. coli,LKKLLKKLLKKL,1.460972973711134,12,4.539027026288866,2100,2100,train,4
2630,E. coli,RWWKIWVIRWWR,0.3299304060264037,12,5.670069593973596,2630,2630,train,9
140,E. coli,AWKKTIRQYLKNKIKKKGRKAVIAW,0.9030899869919436,25,5.096910013008056,140,140,train,6
1576,E. coli,INWSSIFESVSNLV,2.0,14,4.0,1576,1576,train,1
171,E. coli,EPFKLSLHL,1.1413505339741965,9,4.858649466025804,171,171,train,5
1566,E. coli,INWLKLGKKILGAI,1.8293037728310249,14,4.170696227168975,1566,1566,train,2
2355,E. coli,RAGLQFPVGRLLRRLLRRLLR,-0.4082650891994917,21,6.4082650891994914,2355,2355,train,9
1500,E. coli,ILPWKWAWWPWRR,1.0,13,5.0,1500,1500,train,6
3005,E. coli,YQWQRRMRKL,2.482873583608754,10,3.517126416391246,3005,3005,train,0
1841,E. coli,KLLKKLLKLWKKLLKKLK,1.645308402970483,18,4.354691597029517,1841,1841,train,3
2346,E. coli,QRKIRVRLSA,0.212371189295012,10,5.787628810704988,2346,2346,train,9
442,E. coli,FLKGIVGMLGKLF,0.4771212547196624,13,5.522878745280337,442,442,train,8
2135,E. coli,LLGSLLKLLPKLL,1.0969100130080565,13,4.903089986991944,2135,2135,train,5
1932,E. coli,KRKILILIKRKRK,1.2041199826559248,13,4.795880017344075,1932,1932,train,5
2152,E. coli,LLKRIKTLL,1.7377714542057254,9,4.262228545794274,2152,2152,train,3
213,E. coli,FFGWLIKGAIHAPKAIHPLIHRRRH,1.2148438480476975,25,4.785156151952302,213,213,train,5
1838,E. coli,KLLAKAALKWLLKALKAA,0.7923916894982539,18,5.207608310501746,1838,1838,train,7
1490,E. coli,ILPLKLPLLPLRR,1.2098534381423192,13,4.79014656185768,1490,1490,train,5
189,E. coli,FAVTWATKWWKG,2.096910013008056,12,3.903089986991944,189,189,train,1
2753,E. coli,VDKGSYLPRPTPYSPRPPIYNRN,-1.0,23,7.0,2753,2753,train,9
1427,E. coli,ILAWKWPWWPWRR,1.5440680443502757,13,4.455931955649724,1427,1427,train,3
2181,E. coli,LNWGAGLKHGGK,2.0,12,4.0,2181,2181,train,1
783,E. coli,GIIPIISIIGKII,1.5314789170422551,13,4.468521082957745,783,783,train,3
597,E. coli,FVDLKKIANIINSIF,2.0,15,4.0,597,597,train,1
2621,E. coli,RWRRKWWWW,0.146128035678238,9,5.853871964321762,2621,2621,train,9
289,E. coli,FIHHIFRGIVHAGRSIGRFLTG,1.4502698120477733,22,4.5497301879522265,289,289,train,4
1698,E. coli,KKAAAHAAAAAHAAWAAHAAAKKKK,1.806179973983887,25,4.1938200260161125,1698,1698,train,2
1266,E. coli,GVVVRVGRVVVRWVRRRR,0.6020599913279624,18,5.3979400086720375,1266,1266,train,8
2311,E. coli,PRPLPRP,2.187083981223648,7,3.812916018776352,2311,2311,train,0
2288,E. coli,PGKYGFYTHVFRLKKWIQKVI,1.2730012720637376,21,4.726998727936262,2288,2288,train,5
2004,E. coli,KWKKLLKKPLLKK,1.0969100130080565,13,4.903089986991944,2004,2004,train,5
525,E. coli,FLSLIPHAINAVSTLVHHF,1.421055228778014,19,4.578944771221986,525,525,train,4
2708,E. coli,STLHLVLRLAGG,2.0,12,4.0,2708,2708,train,1
1150,E. coli,GNNRPVYIPKPRPPHPRI,0.8473532915117283,18,5.152646708488271,1150,1150,train,7
1813,E. coli,KLAGLAKKWAGLAKKLAGLAK,0.5733528802049339,21,5.426647119795066,1813,1813,train,8
2054,E. coli,KWRRAVRAI,1.7434479866610186,9,4.256552013338982,2054,2054,train,2
2117,E. coli,LKRIKTLL,1.4982430773745206,8,4.501756922625479,2117,2117,train,4
2525,E. coli,RRFPWWWPFRR,0.9762420668124108,11,5.023757933187589,2525,2525,train,6
1894,E. coli,KQFRIRVRVIRK,0.2732774354233031,12,5.726722564576697,1894,1894,train,9
714,E. coli,GGHGLLKRIKTLL,0.6020599913279624,13,5.3979400086720375,714,714,train,8
1669,E. coli,KIGAKIKWGAKIKIGAKI,0.6190125628383131,18,5.380987437161687,1669,1669,train,8
1635,E. coli,KFRRFVRFI,0.6020599913279624,9,5.3979400086720375,1635,1635,train,8
437,E. coli,FLKALFKVASKVL,0.6338446547600783,13,5.366155345239922,437,437,train,8
2382,E. coli,RGKRWWRRKK,1.0791812460476249,10,4.920818753952375,2382,2382,train,6
1969,E. coli,KVFKRLEKLFS,2.0,11,4.0,1969,1969,train,1
1227,E. coli,GVSSPIVAVKFKGAVASLIK,2.11346825320948,20,3.88653174679052,1227,1227,train,0
434,E. coli,FLKALFKALKKLL,0.8936402527129867,13,5.106359747287013,434,434,train,6
1400,E. coli,IKKILSKIKKWWK,1.0,13,5.0,1400,1400,train,6
2904,E. coli,WGIRRILKYGKRS,1.0,13,5.0,2904,2904,train,6
2050,E. coli,KWLLKLKLKLLK,1.0,12,5.0,2050,2050,train,6
1773,E. coli,KKLLKWLLKLL,0.6544986872383896,11,5.345501312761611,1773,1773,train,7
132,E. coli,AVWKFVKRV,2.146029329157342,9,3.853970670842658,132,132,train,0
1783,E. coli,KKRYKKKYKAYKPYKKKKKF,1.0969100130080565,20,4.903089986991944,1783,1783,train,5
172,E. coli,EPILGIITSLLKSL,1.8248275791646933,14,4.175172420835307,172,172,train,2
180,E. coli,FAKGIAGMAGKLF,2.3010299956639813,13,3.6989700043360183,180,180,train,0
2994,E. coli,WWYNWWQDW,2.5317835094286467,9,3.4682164905713533,2994,2994,train,0
2496,E. coli,RLWWWWRRK,0.6127838567197355,9,5.3872161432802645,2496,2496,train,8
686,E. coli,GFLSALKKYLPIVLKHV,0.290591042549338,17,5.709408957450662,686,686,train,9
1337,E. coli,IASKVANTVQKLKRKAKNAV,1.5740312677277188,20,4.425968732272281,1337,1337,train,3
1250,E. coli,GVVDILKGAAKDILGHLASKVMNKL,0.7958800173440752,25,5.204119982655925,1250,1250,train,7
2939,E. coli,WKSYVRRWR,1.806179973983887,9,4.1938200260161125,2939,2939,train,2
1716,E. coli,KKIASIGKEVLKAL,2.0,14,4.0,1716,1716,train,1
1934,E. coli,KRKILILILIL,1.806179973983887,11,4.1938200260161125,1934,1934,train,2
1418,E. coli,IKSIASKVANTVQKLKRKAKNAV,1.2730012720637376,23,4.726998727936262,1418,1418,train,5
1163,E. coli,GNNRVYIPQPRPHPRL,2.1072099696478683,16,3.892790030352132,1163,1163,train,0
1179,E. coli,GRKKRRQRRRPPQ,0.3010299956639812,13,5.698970004336019,1179,1179,train,9
2643,E. coli,SAVGKLASKVFPAVFSMVTK,2.092795833470896,20,3.907204166529104,2643,2643,train,1
2511,E. coli,RPVRPVYIPQPRPPHPRL,0.5160724085929419,18,5.483927591407058,2511,2511,train,8
2922,E. coli,WKKILSKIKKLLK,0.4955443375464484,13,5.504455662453552,2922,2922,train,8
2892,E. coli,VWRRWRRFWRR,0.4955443375464484,11,5.504455662453552,2892,2892,train,8
1357,E. coli,IGKEFKRIVQRIKDFLRNLVPRTES,1.9030899869919435,25,4.096910013008056,1357,1357,train,2
2062,E. coli,KYKKALKKLAKLL,0.4131291182512892,13,5.586870881748711,2062,2062,train,8
2430,E. coli,RKGWFKAMKSIAKFIAKEKLKEHL,1.3979400086720375,24,4.6020599913279625,2430,2430,train,4
917,E. coli,GLFDIVKKVVGTIAGL,1.7878176711070664,16,4.212182328892934,917,917,train,2
739,E. coli,GIGKFLHKVGSFIKSWKGEIMNS,0.6989700043360189,23,5.301029995663981,739,739,train,7
2448,E. coli,RKWVAWRNR,1.9926018460314727,9,4.007398153968527,2448,2448,train,1
328,E. coli,FKRLKKLISWIKRKRQQ,0.0,17,6.0,328,328,train,9
867,E. coli,GKWKKILGHLIR,0.4313637641589873,12,5.568636235841012,867,867,train,8
2648,E. coli,SAVLRHLRRFLLRKHRKH,2.0,18,4.0,2648,2648,train,1
64,E. coli,ALFKVASKVLPSV,2.167916808676372,13,3.832083191323628,64,64,train,0
1483,E. coli,ILPILGNLLNGLL,2.0,13,4.0,1483,1483,train,1
79,E. coli,ALWKKLLKKLLKSAKKLG,0.2730012720637376,18,5.726998727936262,79,79,train,9
923,E. coli,GLFDKWAWWRWRR,1.525636322340529,13,4.474363677659471,923,923,train,3
2249,E. coli,MMRVMRRKTKVIWEKKDFIGLYSID,-0.0062341265733972,25,6.006234126573397,2249,2249,train,9
2561,E. coli,RRRRWFWF,0.7781512503836436,8,5.221848749616356,2561,2561,train,7
2460,E. coli,RLGRLVSLHTLG,2.0,12,4.0,2460,2460,train,1
826,E. coli,GIRRILRYGRRS,0.4771212547196624,12,5.522878745280337,826,826,train,8
3,E. coli,AAHHIARPIVHVGKTIHRLVTG,1.2041199826559248,22,4.795880017344075,3,3,train,5
1870,E. coli,KLRKLFRKLLKLIRKLLR,0.710698331199793,18,5.289301668800207,1870,1870,train,7
1986,E. coli,KWFKRLEKLFSKI,0.494850021680094,13,5.505149978319906,1986,1986,train,8
1217,E. coli,GVIKSVLKGVAKTVALGML,1.0969100130080565,19,4.903089986991944,1217,1217,train,5
2494,E. coli,RLWRRWRRWRR,0.9030899869919436,11,5.096910013008056,2494,2494,train,6
2338,E. coli,QKRIRVRLSA,1.416491171950937,10,4.583508828049063,2338,2338,train,4
378,E. coli,FLGGLIKWKWPWWPWRR,0.5285203913132455,17,5.471479608686755,378,378,train,8
2369,E. coli,RFRRLRKKKRKRLKKI,2.1072099696478683,16,3.892790030352132,2369,2369,train,0
1960,E. coli,KTLLKKVLKAAA,0.9542425094393248,12,5.045757490560675,1960,1960,train,6
2227,E. coli,LSAVGKIASKVVPSVIGAFK,2.11346825320948,20,3.88653174679052,2227,2227,train,0
502,E. coli,FLPPSPWKETFRTS,1.3997278802257445,14,4.600272119774256,502,502,train,4
1333,E. coli,HTGRSGPATGHSGHSSTHGS,2.126092505379673,20,3.873907494620327,1333,1333,train,0
2422,E. coli,RIWFQNRRMRWRR,1.505149978319906,13,4.494850021680094,2422,2422,train,3
2285,E. coli,PFKISIHL,0.4183160714810542,8,5.581683928518946,2285,2285,train,8
1842,E. coli,KLLKKLLKWLK,0.151541549957051,11,5.848458450042949,1842,1842,train,9
1218,E. coli,GVLDILKGAAKDLAGH,1.0043213737826426,16,4.995678626217357,1218,1218,train,6
1200,E. coli,GTAWRWHYRARS,1.9178058496376496,12,4.0821941503623504,1200,1200,train,2
2983,E. coli,WWVAARAARR,1.3010299956639813,10,4.698970004336019,2983,2983,train,4
1252,E. coli,GVVDILKGALKDIAGHLASKVMNKL,1.0969100130080565,25,4.903089986991944,1252,1252,train,5
1270,E. coli,GVVVRWGRVWVRGVRR,0.6020599913279624,16,5.3979400086720375,1270,1270,train,8
1329,E. coli,HRVKRNGFRKFMRRLKKFFAGG,0.0398009991957994,22,5.9601990008042005,1329,1329,train,9
2921,E. coli,WKKIASIGKEVLKAL,1.792391689498254,15,4.207608310501746,2921,2921,train,2
2505,E. coli,RPKPQQFFGLM,0.6259869986670964,11,5.374013001332903,2505,2505,train,8
300,E. coli,FIPLVSGLFSRLL,0.7550967951916726,13,5.244903204808328,300,300,train,7
2143,E. coli,LLKKALRLWKKVL,1.1736290165715717,13,4.826370983428428,2143,2143,train,5
1242,E. coli,GVVDILKGAAKDIAGHLASKAMNKL,2.0,25,4.0,1242,1242,train,1
628,E. coli,FWRIRKWR,1.4091108513674058,8,4.590889148632594,628,628,train,4
665,E. coli,GFGVLAKVAAHVVPAIAEHF,1.806179973983887,20,4.1938200260161125,665,665,train,2
2982,E. coli,WWSYWWTQW,1.9420150539057888,9,4.057984946094211,2982,2982,train,2
722,E. coli,GIGAVLKVLALISWIKRKR,1.0746336182969043,19,4.925366381703096,722,722,train,6
1487,E. coli,ILPIRSLIKKLL,1.3979400086720375,12,4.6020599913279625,1487,1487,train,4
855,E. coli,GKLQAFLAKMKEIAAQTL,0.505149978319906,18,5.494850021680094,855,855,train,8
587,E. coli,FRRFRKWFRRFLKLF,0.7781512503836436,15,5.221848749616356,587,587,train,7
1592,E. coli,ISSPLFKTLLSAVGSALSSSGGQE,2.0,24,4.0,1592,1592,train,1
730,E. coli,GIGKALHSAKKFGKAFVGEIMNS,2.1072099696478683,23,3.892790030352132,730,730,train,0
1955,E. coli,KSLRRVWRSWR,1.4771212547196624,11,4.522878745280337,1955,1955,train,4
1241,E. coli,GVVDILKGAAKDIAGHLASAVMNKL,2.0,25,4.0,1241,1241,train,1
83,E. coli,ALWKNMLKGIGKLAGK,0.3010299956639812,16,5.698970004336019,83,83,train,9
1831,E. coli,KLKKLLKKWLKLLKKLLK,0.6020599913279624,18,5.3979400086720375,1831,1831,train,8
2959,E. coli,WRKAWRPGAKRWAK,1.505149978319906,14,4.494850021680094,2959,2959,train,3
135,E. coli,AWKEKIRKKLKNEIKKKWRKAVIAW,0.3010299956639812,25,5.698970004336019,135,135,train,9
2723,E. coli,THIHMNARLLIRSPFTDPQL,2.0351925976557164,20,3.964807402344284,2723,2723,train,1
1663,E. coli,KIAKVALKAL,1.35002875786127,10,4.64997124213873,1663,1663,train,4
251,E. coli,FFPIVGKLLSGLSGLL,0.1782695977722549,16,5.821730402227745,251,251,train,9
2832,E. coli,VLNENLLH,3.397940008672037,8,2.602059991327963,2832,2832,train,0
2957,E. coli,WQRRMRKLGAPSIT,1.7695458160263595,14,4.230454183973641,2957,2957,train,2
2689,E. coli,SPEEARVKILTAIPEMREEDLSEE,2.0,24,4.0,2689,2689,train,1
259,E. coli,FFSLIPSLVGGLISAFK,2.143014800254095,17,3.856985199745905,259,259,train,0
131,E. coli,AVVKVPLKKFKSIRE,1.4578828137911886,15,4.542117186208811,131,131,train,4
314,E. coli,FKKFFKKLKNSVKKR,0.8121642197615448,15,5.187835780238455,314,314,train,7
1352,E. coli,IFGLLLHGAIHVGKLIHGLVRRH,1.15051499783104,23,4.84948500216896,1352,1352,train,5
2894,E. coli,WFKKIPKFLHLAKKF,1.0969100130080565,15,4.903089986991944,2894,2894,train,5
748,E. coli,GIGKFLHSAKKFGKAFAGEIMNS,1.806179973983887,23,4.1938200260161125,748,748,train,2
962,E. coli,GLFSKFAGKGIVNFLIEGVE,1.205899718475648,20,4.7941002815243525,962,962,train,5
2909,E. coli,WHWRIRKKLR,2.0,10,4.0,2909,2909,train,1
1578,E. coli,IPPFIKKVLTTVF,1.3979400086720375,13,4.6020599913279625,1578,1578,train,4
349,E. coli,FLGALAKIISGIF,2.0,13,4.0,349,349,train,1
1704,E. coli,KKAAAWAAAAAWAAWAAWAAAKKKK,1.0791812460476249,25,4.920818753952375,1704,1704,train,6
2418,E. coli,RIRRWKFRW,0.724275869600789,9,5.275724130399211,2418,2418,train,7
2169,E. coli,LLQWLSKLLGRLL,0.9542425094393248,13,5.045757490560675,2169,2169,train,6
2654,E. coli,SGIQPEQHSS,2.0,10,4.0,2654,2654,train,1
43,E. coli,AKKIRVRLSA,1.1466780812380335,10,4.853321918761966,43,43,train,5
2303,E. coli,PLPFPRPGPRPIPRP,2.6989700043360187,15,3.3010299956639813,2303,2303,train,0
2076,E. coli,LFRLIKSLIKRLVSAFK,0.788866574329259,17,5.211133425670741,2076,2076,train,7
1620,E. coli,KARRAVRAI,1.78903515223857,9,4.21096484776143,1620,1620,train,2
1327,E. coli,HRHRHRHRHR,0.8283787548637092,10,5.171621245136291,1327,1327,train,7
547,E. coli,FMKVLAVFGSVVTSAPKASK,2.092795833470896,20,3.907204166529104,547,547,train,1
843,E. coli,GKKLAKTIAKEVAKQGAKFA,1.4865517630560157,20,4.513448236943985,843,843,train,4
247,E. coli,FFPIVGKLLFGLL,1.0105959280547334,13,4.989404071945266,247,247,train,6
908,E. coli,GLFDIVKKIAGHIASSI,1.7522494832224746,17,4.247750516777526,908,908,train,2
1496,E. coli,ILPWKKPKKPWRR,0.4601322240700587,13,5.539867775929942,1496,1496,train,8
935,E. coli,GLFDVIKKVASVIG,1.6460883650988467,14,4.353911634901153,935,935,train,3
1974,E. coli,KVLKAAAKAALNAVLVGANA,1.8129133566428557,20,4.187086643357144,1974,1974,train,2
1608,E. coli,IWSFLIKAATKLLPSLFGG,1.792817044205537,19,4.207182955794464,1608,1608,train,2
14,E. coli,AGLQFPVGRIGRLLRK,0.7993405494535817,16,5.200659450546418,14,14,train,7
2388,E. coli,RGRKVVRRKK,1.0,10,5.0,2388,2388,train,6
2042,E. coli,KWKSFIKKLTKKFLHSAKKF,-0.6979392435932199,20,6.69793924359322,2042,2042,train,9
1695,E. coli,KKAAAAAAAAAAAAWAAAAAAKKKK,1.806179973983887,25,4.1938200260161125,1695,1695,train,2
1775,E. coli,KKPKKPWKPKK,1.0,11,5.0,1775,1775,train,6
2232,E. coli,LVIRTVIAGYNLYRAIKKK,2.0,19,4.0,2232,2232,train,1
2205,E. coli,LRFILWWKR,0.505149978319906,9,5.494850021680094,2205,2205,train,8
2006,E. coli,KWKKLPKKLLKLL,2.0,13,4.0,2006,2006,train,1
1979,E. coli,KVYLPRYKVYSTAAGRYQLL,2.1760912590556813,20,3.823908740944319,1979,1979,train,0
2600,E. coli,RVMFKWA,1.232305358467347,7,4.767694641532653,2600,2600,train,5
847,E. coli,GKKLLKKWKKLWKKW,1.5685172450218972,15,4.431482754978103,847,847,train,3
444,E. coli,FLKGIVGMLGKLW,0.4771212547196624,13,5.522878745280337,444,444,train,8
1886,E. coli,KNLRRITRKIIHIIKKYG,1.8494194137969,18,4.1505805862031,1886,1886,train,2
143,E. coli,AWLLAIRKR,0.6472783264383809,9,5.352721673561619,143,143,train,7
484,E. coli,FLPKLFAGIISKNF,0.8183359798872567,14,5.181664020112743,484,484,train,7
1780,E. coli,KKRLKKIFKKPMVIGVTIPF,0.2402989419215519,20,5.7597010580784485,1780,1780,train,9
94,E. coli,ALWKTMLKKLGTMALHAGK,0.255272505103306,19,5.7447274948966935,94,94,train,9
760,E. coli,GIGKLFLHAAKKFAKAFVAEKMNS,0.3797184463815959,24,5.620281553618404,760,760,train,8
1158,E. coli,GNNRPVYIPQPRPPHPRL,1.0652114289610246,18,4.934788571038975,1158,1158,train,6
2685,E. coli,SMLSVLKNLGKVGLGFVAAKIAKQA,1.3010299956639813,25,4.698970004336019,2685,2685,train,4
1499,E. coli,ILPWKWAWWAWRR,1.1760912590556811,13,4.823908740944319,1499,1499,train,5
2248,E. coli,MLTAEEKAAVTAF,0.6020599913279624,13,5.3979400086720375,2248,2248,train,8
2223,E. coli,LRWLRWG,2.1072099696478683,7,3.892790030352132,2223,2223,train,0
2434,E. coli,RKKTRKRLKKIGKVLKWI,0.2218487496163563,18,5.778151250383644,2434,2434,train,9
2023,E. coli,KWKLFKKILKFLHLAKKF,1.0969100130080565,18,4.903089986991944,2023,2023,train,5
1071,E. coli,GLNTLKKVIQGLHEVIKLVNNHA,0.7781512503836436,23,5.221848749616356,1071,1071,train,7
1213,E. coli,GVGKFLHSAKKFGQALVSEIMKS,1.6989700043360187,23,4.301029995663981,1213,1213,train,3
2411,E. coli,RIKRFWPVVIRTVVAGYNLYRAIKK,0.0620783186003734,25,5.937921681399627,2411,2411,train,9
2513,E. coli,RPWAGNGSVHRYTVLSPRLKTQ,-0.0604807473813814,22,6.060480747381382,2513,2513,train,9
1586,E. coli,IRPRPPRLPRPRPRPLPYPRP,1.3010299956639813,21,4.698970004336019,1586,1586,train,4
1726,E. coli,KKKKKKAAAFAAAAAFAAWAAFAAA,1.1249387366083,25,4.8750612633917,1726,1726,train,5
1810,E. coli,KKYRYHLKPFSKK,2.1072099696478683,13,3.892790030352132,1810,1810,train,0
208,E. coli,FFGSMIGALAKGLPSLISLIKK,1.0969100130080565,22,4.903089986991944,208,208,train,5
2825,E. coli,VLNENAAR,3.397940008672037,8,2.602059991327963,2825,2825,train,0
469,E. coli,FLPILASLAAKFGPKLFSLVTKKS,1.6989700043360187,24,4.301029995663981,469,469,train,3
979,E. coli,GLKDIFKAGLGSLVKGIAAHVAN,1.3979400086720375,23,4.6020599913279625,979,979,train,4
2177,E. coli,LNLKGLFKKVASLLT,1.4771212547196624,15,4.522878745280337,2177,2177,train,4
1513,E. coli,ILPWKWPWLPYRR,1.4410083185733265,13,4.558991681426674,1513,1513,train,4
2266,E. coli,NKKAGLFVVQFPKKY,1.7209857441537388,15,4.279014255846262,2266,2266,train,3
585,E. coli,FRRFFKWPRRFFKFF,0.7032913781186614,15,5.296708621881338,585,585,train,7
2036,E. coli,KWKLFKKISKFLHLAKKF,1.3979400086720375,18,4.6020599913279625,2036,2036,train,4
191,E. coli,FDLLGLVKKVASAL,2.0,14,4.0,191,191,train,1
677,E. coli,GFKMALKLLKKVL,0.4623979978989561,13,5.537602002101044,677,677,train,8
80,E. coli,ALWKNMLKGI,1.146128035678238,10,4.853871964321762,80,80,train,5
1115,E. coli,GMASKAGAIAGKIAKVALKAL,0.954242509439325,21,5.045757490560675,1115,1115,train,6
2309,E. coli,PRPLPFPRPG,2.6989700043360187,10,3.3010299956639813,2309,2309,train,0
106,E. coli,ALYLAIRRR,0.4235149839085104,9,5.57648501609149,106,106,train,8
1735,E. coli,KKKLLLLLLLLLKKK,1.59659709562646,15,4.403402904373539,1735,1735,train,3
1745,E. coli,KKLALALAKKWLPLAKKLALALAKK,-0.1643094285075743,25,6.164309428507575,1745,1745,train,9
2316,E. coli,PRPRPRP,2.1651854385646807,7,3.8348145614353193,2316,2316,train,0
944,E. coli,GLFGVLAKVAAHVVPAIAE,1.806179973983887,19,4.1938200260161125,944,944,train,2
2724,E. coli,THSWLWLW,1.9475828406935225,8,4.0524171593064775,2724,2724,train,2
1339,E. coli,IDGLKAIVKKVADLLKNT,0.9542425094393248,18,5.045757490560675,1339,1339,train,6
930,E. coli,GLFDVIKKV,3.002445708486075,9,2.997554291513925,930,930,train,0
362,E. coli,FLGALFWVASK,2.208142505904372,11,3.791857494095628,362,362,train,0
2740,E. coli,TRSSRAGLQFPVGRVHR,2.1239955781328868,17,3.876004421867113,2740,2740,train,0
121,E. coli,ARKKWFW,1.505149978319906,7,4.494850021680094,121,121,train,3
905,E. coli,GLFDIIKKVASVVGGL,1.791571113582018,16,4.208428886417982,905,905,train,2
878,E. coli,GKWMSLLKQILK,0.3979400086720376,12,5.6020599913279625,878,878,train,8
1650,E. coli,KIAGKIAKIAGKIA,2.26781077493494,14,3.73218922506506,1650,1650,train,0
1131,E. coli,GMATKAGTALGKVAKAVIGAAL,1.977723605288848,22,4.022276394711152,1131,1131,train,2
55,E. coli,AKKVFKRLRKLFKKI,0.7958800173440752,15,5.204119982655925,55,55,train,7
1618,E. coli,KALWKTMLKKLGTMAL,-0.0969100130080562,16,6.096910013008056,1618,1618,train,9
2277,E. coli,NRLARHFRDIAGRVNQRL,1.0413926851582251,18,4.958607314841775,2277,2277,train,6
276,E. coli,FHPSLWVLIPQYIQLIRKILKSG,1.6989700043360187,23,4.301029995663981,276,276,train,3
1977,E. coli,KVVKQWPIGKVVKKVVKKVVK,-0.08244514143272,21,6.08244514143272,1977,1977,train,9
1733,E. coli,KKKLKKLKKKLK,1.6989700043360187,12,4.301029995663981,1733,1733,train,3
258,E. coli,FFSALLSGIKSLF,0.6020599913279624,13,5.3979400086720375,258,258,train,8
1830,E. coli,KLKKLLKKLLKL,1.9307776128017973,12,4.069222387198202,1830,1830,train,2
1406,E. coli,IKKIWSKIKKLWK,0.4955443375464484,13,5.504455662453552,1406,1406,train,8
405,E. coli,FLGMLLHGVGHAIHGLIHGKQNVE,1.6532125137753435,24,4.346787486224656,405,405,train,3
1315,E. coli,HIQKEDVPSERYLGYLEQLLRLK,2.6410312200113704,23,3.3589687799886296,1315,1315,train,0
1528,E. coli,INFLKLGKKILGAL,2.0,14,4.0,1528,1528,train,1
2839,E. coli,VLSAADKGNVKAAWGKVGGHAAE,1.7323937598229686,23,4.267606240177031,2839,2839,train,3
1594,E. coli,ITIPPIVKDTLKKFIKGAISGVM,1.9030899869919435,23,4.096910013008056,1594,1594,train,2
1214,E. coli,GVIDAAKKVVNVLKNLF,1.7379757015114694,17,4.26202429848853,1214,1214,train,3
1640,E. coli,KGIRGYKGGYKGAFKQTKY,1.7466456362333609,19,4.253354363766639,1640,1640,train,2
403,E. coli,FLGLLFHGVHHVGKWIHGLIHGHH,1.1862626458999863,24,4.813737354100014,403,403,train,5
2272,E. coli,NLLNKALGTVNGLLGRS,1.806179973983887,17,4.1938200260161125,2272,2272,train,2
2977,E. coli,WWKRWKKLRRIFLML,0.2674616602680805,15,5.73253833973192,2977,2977,train,9
2783,E. coli,VIHGLLKRIKTLL,0.3010299956639812,13,5.698970004336019,2783,2783,train,9
483,E. coli,FLPIVTNLLSGLLGK,2.2392994791268928,15,3.7607005208731072,483,483,train,0
2164,E. coli,LLPIVGNLLKSLLGWKRKAFG,2.0,21,4.0,2164,2164,train,1
2615,E. coli,RWKKWWRWL,1.04433374250476,9,4.95566625749524,2615,2615,train,6
391,E. coli,FLGKVFKKASKVFPAVVGKV,1.774839850840835,20,4.225160149159165,391,391,train,2
1482,E. coli,ILPILAPLIGGLL,2.0,13,4.0,1482,1482,train,1
780,E. coli,GIIKKIIKKI,2.096910013008056,10,3.903089986991944,780,780,train,1
1930,E. coli,KRKILILIKR,1.2041199826559248,10,4.795880017344075,1930,1930,train,5
2224,E. coli,LRWQNEMRKV,2.4771212547196626,10,3.5228787452803374,2224,2224,train,0
159,E. coli,DKGRYLEAPTRPRPERNRK,1.3010299956639813,19,4.698970004336019,159,159,train,4
2052,E. coli,KWLLLLKLLLLK,0.8129133566428556,12,5.187086643357144,2052,2052,train,7
2676,E. coli,SLKDKVKSMGEKLKQYIQTWKAKF,0.6434526764861874,24,5.356547323513812,2676,2676,train,8
2362,E. coli,RFIYMKGFGKPRFGKR,1.7014948040027509,16,4.298505195997249,2362,2362,train,3
2547,E. coli,RRPRPRPRPWWW,1.6020599913279625,12,4.3979400086720375,2547,2547,train,3
673,E. coli,GFKDWIKGAAKKLIKTVASSIANQ,0.4771212547196624,24,5.522878745280337,673,673,train,8
2093,E. coli,LKAKSIVSWAKKVL,1.6989700043360187,14,4.301029995663981,2093,2093,train,3
1501,E. coli,ILPWKWKFFPWRR,2.0,13,4.0,1501,1501,train,1
1962,E. coli,KTRNWFSEHFKKVKEKLKDTFA,1.955746466553528,22,4.044253533446472,1962,1962,train,2
1546,E. coli,INWKKIAEIGKQVLSAL,0.621763104049232,17,5.378236895950768,1546,1546,train,8
1768,E. coli,KKLLKLKLKLKK,1.9030899869919435,12,4.096910013008056,1768,1768,train,2
2713,E. coli,STVLTSKYR,0.9030899869919436,9,5.096910013008056,2713,2713,train,6
1614,E. coli,KAKRRARNLNQKKRK,1.8295394771634284,15,4.170460522836572,1614,1614,train,2
2772,E. coli,VFQFLGKIIHHVGNFVHGFSAVF,1.505149978319906,23,4.494850021680094,2772,2772,train,3
1928,E. coli,KRKILILIGSG,1.806179973983887,11,4.1938200260161125,1928,1928,train,2
2363,E. coli,RFRPPIRRPPIRPPFRPPFRPPVR,-0.0692702701310294,24,6.06927027013103,2363,2363,train,9
377,E. coli,FLGGLIKPWWPWRR,1.236651492595865,14,4.763348507404135,377,377,train,5
485,E. coli,FLPKLFAKITKKNMAHIR,0.1822016752021696,18,5.81779832479783,485,485,train,9
571,E. coli,FQWQRNIRKVR,2.213027796658156,11,3.786972203341844,571,571,train,0
199,E. coli,FFFLSRIF,1.9251401277350175,8,4.074859872264982,199,199,train,2
215,E. coli,FFGWLIRGAIHAGKAIHGLIHRRRH,-0.6020599913279624,25,6.6020599913279625,215,215,train,9
555,E. coli,FPVGRVHRLLRK,1.3355338752787858,12,4.664466124721214,555,555,train,4
2259,E. coli,NGVQPKYKWWKWWKKWWW,0.6229176113630412,18,5.377082388636959,2259,2259,train,8
2974,E. coli,WRWWKIWKR,0.4529976165685709,9,5.547002383431429,2974,2974,train,8
2425,E. coli,RIWVIRWR,0.5285475123694259,8,5.471452487630574,2425,2425,train,8
2204,E. coli,LRALLRALLRAL,1.2584539477386307,12,4.741546052261369,2204,2204,train,5
245,E. coli,FFPIVGKLLFGKLL,0.9740509027928772,14,5.025949097207123,245,245,train,6
1687,E. coli,KIRVRLSA,1.883207650002737,8,4.116792349997263,1687,1687,train,2
1715,E. coli,KKFWEDDG,2.397904511638244,8,3.602095488361756,1715,1715,train,0
2530,E. coli,RRIRPRPPRLPRPRP,1.768391413094487,15,4.231608586905512,2530,2530,train,2
852,E. coli,GKLFKKILKIL,0.3771786771147193,11,5.62282132288528,852,852,train,8
1809,E. coli,KKWWWKWKKW,0.9719712763997564,10,5.028028723600244,1809,1809,train,6
2297,E. coli,PKLLKTFLKWIG,1.3979400086720375,12,4.6020599913279625,2297,2297,train,4
205,E. coli,FFGSIIGALAKGLPSLISLIKK,0.7781512503836436,22,5.221848749616356,205,205,train,7
1770,E. coli,KKLLKLLLKLLK,0.7533276666586115,12,5.2466723333413885,1770,1770,train,7
1410,E. coli,IKKVASV,3.1387651402797907,7,2.8612348597202093,1410,1410,train,0
1600,E. coli,IWLTALKFLGKHAAKHLAKQQLSKL,1.2916145217307045,25,4.708385478269296,1600,1600,train,4
2010,E. coli,KWKLFKKGAVLKVLT,0.4771212547196624,15,5.522878745280337,2010,2010,train,8
1417,E. coli,IKRFWPVVIRTVVAGYNLYRAIKKK,0.492011087328714,25,5.507988912671286,1417,1417,train,8
1297,E. coli,GWMSKIASGIGTFLSGIQQ,1.0,19,5.0,1297,1297,train,6
2108,E. coli,LKLASIVSWAKKVL,1.6989700043360187,14,4.301029995663981,2108,2108,train,3
1835,E. coli,KLKLLLLL,1.3217978970163564,8,4.678202102983644,1835,1835,train,4
1203,E. coli,GVAKFGKAAAHFGKGWIKEMLNS,1.880813592280792,23,4.119186407719209,1203,1203,train,2
1280,E. coli,GWFDVVKHIAKRF,1.0969100130080565,13,4.903089986991944,1280,1280,train,5
2199,E. coli,LPVVFRVASKVFPALISKLT,2.068650943022032,20,3.931349056977968,2199,2199,train,1
1688,E. coli,KISKKIMRTFLRR,1.3580690882433304,13,4.64193091175667,1688,1688,train,4
204,E. coli,FFGRLKSVWSAVKHGWKAAKSR,0.5588669443935872,22,5.441133055606413,204,204,train,8
1964,E. coli,KVALGVAQNYLNPQQ,2.1931245983544616,15,3.8068754016455375,1964,1964,train,0
440,E. coli,FLKGIKGMLGKLL,0.9542425094393248,13,5.045757490560675,440,440,train,6
2692,E. coli,SRSEKAGLQFPVGRIGRMLKK,0.6989700043360189,21,5.301029995663981,2692,2692,train,7
2945,E. coli,WKWKWKPGKWKWKW,0.1760912590556812,14,5.823908740944319,2945,2945,train,9
495,E. coli,FLPLIGRVLSGILGWKRKRFG,1.0,21,5.0,495,495,train,6
7,E. coli,ADADDDDDK,2.929418925714293,9,3.070581074285707,7,7,train,0
2550,E. coli,RRPWRWPWWPWRR,1.1892108877487375,13,4.810789112251262,2550,2550,train,5
1521,E. coli,ILPYKYPYYPYRR,1.7466412013845396,13,4.25335879861546,1521,1521,train,2
1638,E. coli,KFWSLLKKALRLWANVL,0.7597490780214067,17,5.2402509219785935,1638,1638,train,7
1818,E. coli,KLALKLALKALKAALKLA,1.16070190627326,18,4.83929809372674,1818,1818,train,5
1326,E. coli,HQFRFRFRVRRK,0.9030899869919436,12,5.096910013008056,1326,1326,train,6
1075,E. coli,GLPALISWIKRKRGG,1.6757527969244186,15,4.324247203075581,1075,1075,train,3
2519,E. coli,RQRWLWLW,1.859610410715584,8,4.140389589284416,2519,2519,train,2
1619,E. coli,KARQWQSKIRRTNPIFAIRR,1.6467918803660375,20,4.353208119633963,1619,1619,train,3
644,E. coli,GAVDILKGAAKDIAGHLASKVMNKL,2.0,25,4.0,644,644,train,1
1123,E. coli,GMASKAGSVLGKVAKVALKAAL,1.3187587626244126,22,4.681241237375588,1123,1123,train,4
2591,E. coli,RRWYRWAWRMR,0.7637095302055721,11,5.236290469794428,2591,2591,train,7
2043,E. coli,KWKSFIKKLTSAAKKVTTAAKPLTK,-0.1422921770132311,25,6.142292177013231,2043,2043,train,9
2571,E. coli,RRWPLLPWKWPLI,1.1521400366022705,13,4.847859963397729,2571,2571,train,5
1289,E. coli,GWKKWLRKGAKHLGQAAIK,0.2916332387895727,19,5.708366761210427,1289,1289,train,9
2502,E. coli,RNSVRNRVMLWRTKR,1.8122308294560936,15,4.187769170543906,2502,2502,train,2
1245,E. coli,GVVDILKGAAKDIAGHLASKVMAKL,1.6989700043360187,25,4.301029995663981,1245,1245,train,3
1602,E. coli,IWNKIAKSIGKVLEKAL,1.1760912590556811,17,4.823908740944319,1602,1602,train,5
2790,E. coli,VKKFPWWWPFLKK,1.048128248795271,13,4.951871751204729,2790,2790,train,6
1548,E. coli,INWKKIASIGKEV,2.0,13,4.0,1548,1548,train,1
1205,E. coli,GVFDIIKDAGKQLVAHATGKIAEKV,2.486611180449731,25,3.513388819550269,1205,1205,train,0
2071,E. coli,LFGLIPSLIGGLVSAFK,1.6116613581619756,17,4.388338641838025,2071,2071,train,3
954,E. coli,GLFKVIKKVAKVIKKL,1.74175181731978,16,4.25824818268022,954,954,train,2
1937,E. coli,KRKLIKRK,1.806179973983887,8,4.1938200260161125,1937,1937,train,2
694,E. coli,GFMKYIGPLIPHAVKAISKLI,1.2218487496163564,21,4.778151250383644,694,694,train,5
865,E. coli,GKPRPYTPRPTSHPRPIRV,0.3540751243057795,19,5.64592487569422,865,865,train,9
2895,E. coli,WFKKIPKFLHLLKKF,0.494850021680094,15,5.505149978319906,2895,2895,train,8
2691,E. coli,SPRRRTPSPRRRRSQSPRRR,1.3979400086720375,20,4.6020599913279625,2691,2691,train,4
1207,E. coli,GVFDIIKGAGKQLIAHAMGKIAEKV,1.8950577025896884,25,4.104942297410312,1207,1207,train,2
2446,E. coli,RKWIWRWFL,-0.1018338054879015,9,6.101833805487901,2446,2446,train,9
346,E. coli,FLFSLIPSVIAGLVSAIRN,2.404475145926017,19,3.595524854073983,346,346,train,0
2495,E. coli,RLWWKIWLK,0.4471580313422192,9,5.552841968657781,2495,2495,train,8
489,E. coli,FLPLIGKILGTIL,2.146128035678238,13,3.853871964321762,489,489,train,0
2053,E. coli,KWRQWQSKWRRTNPWFWIRR,0.2642524307851444,20,5.735747569214856,2053,2053,train,9
1526,E. coli,ILSLRWRWWKWKK,0.9030899869919436,13,5.096910013008056,1526,1526,train,6
2552,E. coli,RRRFFFFFRRR,0.6020599913279624,11,5.3979400086720375,2552,2552,train,8
2461,E. coli,RLGTALPALLKTLLAGLNG,1.230448921378274,19,4.769551078621726,2461,2461,train,5
1622,E. coli,KARRWVRAI,1.7434479866610186,9,4.256552013338982,1622,1622,train,2
1707,E. coli,KKAAHVGKHVGKAAL,1.2068258760318498,15,4.79317412396815,1707,1707,train,5
684,E. coli,GFLDVVKHIGKAALGAVTHLINQ,1.1246124145500842,23,4.875387585449916,684,684,train,5
93,E. coli,ALWKTMLKKLGTMA,1.3117538610557542,14,4.688246138944246,93,93,train,4
45,E. coli,AKKVFKRLEKLFSKI,0.7958800173440752,15,5.204119982655925,45,45,train,7
794,E. coli,GILGKLWEGFKSIV,1.836602640889383,14,4.163397359110617,794,794,train,2
2228,E. coli,LSFPTTKTYFPHF,0.9542425094393248,13,5.045757490560675,2228,2228,train,6
1946,E. coli,KRRWPWWPWRLI,0.5276995554934063,12,5.472300444506594,1946,1946,train,8
2473,E. coli,RLLRPLLQLLKQKLR,1.22905741243985,15,4.77094258756015,2473,2473,train,5
271,E. coli,FHFHLHFGGGFIKHFIHRF,1.4189857945246234,19,4.581014205475377,271,271,train,4
2451,E. coli,RKWVYWRNR,1.962232161242345,9,4.037767838757655,2451,2451,train,2
2341,E. coli,QPEWFKARRWQWRMKKLGA,1.380211241711606,19,4.619788758288394,2341,2341,train,4
699,E. coli,GFRDVLKGAAKAFVKTVAGHIAN,0.6532125137753437,23,5.346787486224656,699,699,train,7
447,E. coli,FLKLLAGLLKNFA,1.8392898678738567,13,4.160710132126143,447,447,train,2
2197,E. coli,LPVLFSSAIAKVGIKLGAKV,2.104721418157025,20,3.895278581842975,2197,2197,train,1
1845,E. coli,KLLKQWPIGKLLKKLLKKLLK,-0.7042050491301658,21,6.704205049130166,1845,1845,train,9
462,E. coli,FLPFVGRIASKVVPSVIGKV,2.0832199389788646,20,3.916780061021136,462,462,train,1
2546,E. coli,RRPRPRPRPFFFFF,1.0,14,5.0,2546,2546,train,6
2289,E. coli,PKAMRLLRRLLRLQKKG,1.4886112228222896,17,4.511388777177711,2289,2289,train,4
1385,E. coli,IKHAGLPQE,3.397940008672037,9,2.602059991327963,1385,1385,train,0
2095,E. coli,LKFLKFG,2.1072099696478683,7,3.892790030352132,2095,2095,train,0
2176,E. coli,LNLKGIFKKVASLLT,0.7781512503836436,15,5.221848749616356,2176,2176,train,7
2744,E. coli,TTSIRRRYQVSLIRRHRGKR,1.380211241711606,20,4.619788758288394,2744,2744,train,4
2251,E. coli,MVVFSVPKFKSTVAKLLSSA,2.0779075587702667,20,3.922092441229733,2251,2251,train,1
2299,E. coli,PKLLKTFLSKWKKIG,1.3424226808222062,15,4.657577319177793,2299,2299,train,4
2583,E. coli,RRWWKWWWR,0.4313637641589873,9,5.568636235841012,2583,2583,train,8
2462,E. coli,RLKKHLKKIK,1.996056850124704,10,4.003943149875296,2462,2462,train,1
1364,E. coli,IGKLFKRIVQRILKFLRNL,0.9030899869919436,19,5.096910013008056,1364,1364,train,6
1764,E. coli,KKLKLAPAKLALLWKALALKLKKA,-0.2041199826559246,24,6.204119982655925,1764,1764,train,9
299,E. coli,FILGKLWKGVKSIF,1.3602397391739631,14,4.639760260826037,299,299,train,4
2748,E. coli,VALNENLLR,3.397940008672037,9,2.602059991327963,2748,2748,train,0
2741,E. coli,TRSSRAGLQFPVGRVHRLLRK,1.3889546179788337,21,4.611045382021167,2741,2741,train,4
2058,E. coli,KWWKIWRWR,1.6463937338327226,9,4.353606266167278,2058,2058,train,3
2279,E. coli,NVWKKILGKIIKVAK,0.0413926851582249,15,5.958607314841775,2279,2279,train,9
3011,E. coli,YSKSLPLSVLNP,0.7833296389754536,12,5.216670361024546,3011,3011,train,7
332,E. coli,FKVVISKPGLSVRVGTALVT,1.7909239208584462,20,4.209076079141553,332,332,train,2
1312,E. coli,HFLGTLVNLAKKKL,2.1072099696478683,14,3.892790030352132,1312,1312,train,0
1892,E. coli,KNWKGIAGMAKKLLGKNWKLM,0.6414741105040995,21,5.3585258894959,1892,1892,train,8
801,E. coli,GILSKLLKKLKKIIAK,1.255272505103306,16,4.7447274948966935,801,801,train,5
576,E. coli,FRFKFRFK,1.1229291206930831,8,4.877070879306917,576,576,train,5
531,E. coli,FLSLIPKIAGGIAALAKHL,1.2188321052073847,19,4.781167894792615,531,531,train,5
2,E. coli,AAGRYQLLSRYWDAYR,2.1760912590556813,16,3.823908740944319,2,2,train,0
201,E. coli,FFGHLFRGIINVGKHIHGLLSG,0.6989700043360189,22,5.301029995663981,201,201,train,7
2715,E. coli,SVKKFWGGVKAIFKGARKGLK,-0.2218487496163563,21,6.221848749616356,2715,2715,train,9
2962,E. coli,WRKKWFW,0.9030899869919436,7,5.096910013008056,2962,2962,train,6
2972,E. coli,WRWKWRWK,1.068760302788664,8,4.931239697211336,2972,2972,train,6
2966,E. coli,WRNGRWWRNGRWWRNGRW,0.6532125137753437,18,5.346787486224656,2966,2966,train,7
496,E. coli,FLPLILRKIVTAL,1.5490770755801306,13,4.450922924419869,496,496,train,3
2908,E. coli,WGRAFSRGVRRLARGGRG,1.6269559514354472,18,4.3730440485645525,2908,2908,train,3
515,E. coli,FLSHIAGFLSNLF,2.206825876031849,13,3.793174123968151,515,515,train,0
2270,E. coli,NLLNDALGTVNGLLGRS,1.806179973983887,17,4.1938200260161125,2270,2270,train,2
1731,E. coli,KKKLFKKL,1.0791812460476249,8,4.920818753952375,1731,1731,train,6
1350,E. coli,IFGAIWPLALGALKNLIK,2.1072099696478683,18,3.892790030352132,1350,1350,train,0
1865,E. coli,KLLSHSLL,1.8325089127062364,8,4.167491087293763,1865,1865,train,2
323,E. coli,FKRLEKLFSKIQNDK,2.0,15,4.0,323,323,train,1
2151,E. coli,LLKLLLPKLKGLLFKL,1.0863598306747482,16,4.913640169325252,2151,2151,train,6
2703,E. coli,STLHAVLRLRGG,0.6989700043360189,12,5.301029995663981,2703,2703,train,7
866,E. coli,GKSDVRRWRSRY,2.0,12,4.0,866,866,train,1
1692,E. coli,KIWFQNKKMKWKK,2.4082399653118496,13,3.5917600346881504,1692,1692,train,0
1642,E. coli,KGRGKQGGKVRAKAK,-0.1955867923950679,15,6.195586792395068,1642,1642,train,9
176,E. coli,EWFKARRWGWRMKKLQA,0.7781512503836436,17,5.221848749616356,176,176,train,7
1246,E. coli,GVVDILKGAAKDIAGHLASKVMNAL,2.0,25,4.0,1246,1246,train,1
42,E. coli,AKKFFKKPRVIGVSIPF,0.2512748215780062,17,5.748725178421994,42,42,train,9
2896,E. coli,WFKKLLKKALRLWKKVL,0.7369905206704412,17,5.263009479329559,2896,2896,train,7
2141,E. coli,LLIILRRRWRRQARARSR,0.9030899869919436,18,5.096910013008056,2141,2141,train,6
479,E. coli,FLPIVGKLLSGLSGLL,0.2657285500718098,16,5.73427144992819,479,479,train,9
1195,E. coli,GRRPRPRPRPWWWWW,0.6989700043360189,15,5.301029995663981,1195,1195,train,7
1039,E. coli,GLLSKFGRLARKLARVIPKV,0.0,20,6.0,1039,1039,train,9
2902,E. coli,WGIHRILKYGKPS,0.9030899869919436,13,5.096910013008056,2902,2902,train,6
2262,E. coli,NGVQPKYRWWRWWRRWWWW,1.4937608649719416,19,4.506239135028059,2262,2262,train,4
888,E. coli,GLADVIKKVASVIGGL,1.812519410955872,16,4.187480589044128,888,888,train,2
1506,E. coli,ILPWKWPLLPWRR,1.1521400366022705,13,4.847859963397729,1506,1506,train,5
1219,E. coli,GVLDILKGAAKDLAGHVATKVI,1.3434085938038574,22,4.656591406196142,1219,1219,train,4
257,E. coli,FFRLLFHGVHHVGKIKPRA,1.3385835752281177,19,4.661416424771883,257,257,train,4
1978,E. coli,KVVVKWVVKVVK,2.0,12,4.0,1978,1978,train,1
2078,E. coli,LGALFRVASKVFPAVISMVK,2.079118657865573,20,3.920881342134427,2078,2078,train,1
1176,E. coli,GRIKRIRKKIKKLIKKLS,0.6020599913279624,18,5.3979400086720375,1176,1176,train,8
1229,E. coli,GVVAILKGAAKDIAGHLASKVMNKL,1.6989700043360187,25,4.301029995663981,1229,1229,train,3
2999,E. coli,YLEQLLR,2.14771049637164,7,3.85228950362836,2999,2999,train,0
2606,E. coli,RVVRQWPIGRVVRRVVRRVVR,-0.7229976727435322,21,6.722997672743532,2606,2606,train,9
2938,E. coli,WKSYVRRW,1.806179973983887,8,4.1938200260161125,2938,2938,train,2
1713,E. coli,KKFLHSAKKWLKAFVKLFKNW,0.3729224467314317,21,5.627077553268569,1713,1713,train,8
1184,E. coli,GRPNPVNNKPTSHPRPIRV,1.7775233550315686,19,4.222476644968431,1184,1184,train,2
995,E. coli,GLLGGLLGPLLGGGGGGGGGLL,1.6989700043360187,22,4.301029995663981,995,995,train,3
2614,E. coli,RWKIFKKIPKFLHSAKKF,0.4259687322722811,18,5.574031267727719,2614,2614,train,8
1792,E. coli,KKVLFKLKFK,0.3873959142991757,10,5.612604085700824,1792,1792,train,8
904,E. coli,GLFDIIKKVASVIGGL,1.787817671107066,16,4.212182328892935,904,904,train,2
582,E. coli,FRPALIVRTKGTRL,1.4771212547196624,14,4.522878745280337,582,582,train,4
2335,E. coli,QKKIRVALSA,1.15748666987723,10,4.84251333012277,2335,2335,train,5
117,E. coli,APRKQLKW,0.8916902534164528,8,5.108309746583547,117,117,train,6
193,E. coli,FDVMGIIKKIAGAL,1.4771212547196624,14,4.522878745280337,193,193,train,4
2578,E. coli,RRWSFRVSYRGFSYRKSR,0.2228093849272232,18,5.777190615072777,2578,2578,train,9
2306,E. coli,PQPRPPHPRL,1.806179973983887,10,4.1938200260161125,2306,2306,train,2
1162,E. coli,GNNRPVYLPQPRPPHPRI,1.1801898539048583,18,4.819810146095142,1162,1162,train,5
262,E. coli,FFSMIPKIAGGIASLVKNL,1.804780913621035,19,4.195219086378965,262,262,train,2
1253,E. coli,GVVDILKGLAKDIAGHLASKVMNKL,1.0969100130080565,25,4.903089986991944,1253,1253,train,5
34,E. coli,AINPKSVQSLL,2.3010299956639813,11,3.6989700043360183,34,34,train,0
859,E. coli,GKPRPYPPRPPPHPRPIRV,2.0005786736124684,19,3.999421326387532,859,859,train,1
589,E. coli,FRRWWKWFK,0.6376054184561163,9,5.362394581543883,589,589,train,8
1239,E. coli,GVVDILKGAAKDIAGHASKVMNKL,2.0,24,4.0,1239,1239,train,1
2780,E. coli,VIAFAKTKEAKAKLKGQAKG,2.088611754383978,20,3.911388245616022,2780,2780,train,1
2221,E. coli,LRVRLASHLRKLRKRLL,0.9719712763997564,17,5.028028723600244,2221,2221,train,6
1399,E. coli,IKKILSKIKKWLK,0.3979400086720376,13,5.6020599913279625,1399,1399,train,8
1447,E. coli,ILGKLLSTAAGLLKNL,1.505149978319906,16,4.494850021680094,1447,1447,train,3
2804,E. coli,VKLVKYPKLKVKLYP,0.9449277610146924,15,5.055072238985307,2804,2804,train,6
2917,E. coli,WIVYKWPRKVVRYWTGKR,1.6434526764861874,18,4.356547323513812,2917,2917,train,3
1230,E. coli,GVVDALKGAAKDIAGHLASKVMNKL,2.0,25,4.0,1230,1230,train,1
1725,E. coli,KKKIIIIIKKK,0.9030899869919436,11,5.096910013008056,1725,1725,train,6
1711,E. coli,KKAKRRLLKK,2.0038711241108245,10,3.996128875889176,1711,1711,train,1
1407,E. coli,IKKIWSKIKKWLK,0.3979400086720376,13,5.6020599913279625,1407,1407,train,8
2878,E. coli,VRWRIRVAVIRA,0.0295275963986697,12,5.97047240360133,2878,2878,train,9
537,E. coli,FLSMIPKIAGGIASLVKNL,1.812206806972226,19,4.187793193027774,537,537,train,2
1791,E. coli,KKVADKVLLLKQLRIMRL,1.2041199826559248,18,4.795880017344075,1791,1791,train,5
2998,E. coli,YKWKIRFKR,0.6127838567197355,9,5.3872161432802645,2998,2998,train,8
2943,E. coli,WKVFKSFIKKASSFAQSVLD,0.6765238987901946,20,5.323476101209805,2943,2943,train,7
742,E. coli,GIGKFLHSAGKFGKAFLGEVMKS,1.6989700043360187,23,4.301029995663981,742,742,train,3
724,E. coli,GIGGALLSAGKAALKGLAKVLV,1.2716127119434577,22,4.728387288056543,724,724,train,5
1900,E. coli,KQWRIRVAVIRA,1.330271571703967,12,4.6697284282960325,1900,1900,train,4
2106,E. coli,LKKWLKK,2.326412574532254,7,3.673587425467746,2106,2106,train,0
2950,E. coli,WLLKRWKKLL,1.6020599913279625,10,4.3979400086720375,2950,2950,train,3
67,E. coli,ALKYRLFKKLKKF,1.5520325573763614,13,4.447967442623638,67,67,train,3
992,E. coli,GLLDFVTGVGKDIFAQLIKQI,1.806179973983887,21,4.1938200260161125,992,992,train,2
1468,E. coli,ILGPVLGLVSNTLDDVLGIL,1.6943484261505437,20,4.305651573849456,1468,1468,train,3
163,E. coli,DVIKKVASVIG,2.957851504704338,11,3.042148495295662,163,163,train,0
2445,E. coli,RKVAPALIKSFVFLFKFKKG,2.0418371635534007,20,3.9581628364465993,2445,2445,train,1
170,E. coli,EPFKISIHL,1.1413505339741965,9,4.858649466025804,170,170,train,5
2673,E. coli,SKVWRHWRRFWHRAHRKK,0.7958800173440752,18,5.204119982655925,2673,2673,train,7
656,E. coli,GFFALIPKIIS,2.0,11,4.0,656,656,train,1
1235,E. coli,GVVDILKGAAKAIAGHLASKVMNKL,0.4941545940184428,25,5.505845405981558,1235,1235,train,8
2336,E. coli,QKKIRVRASA,1.7430785759569674,10,4.256921424043033,2336,2336,train,2
1362,E. coli,IGKKWKRIVKRIKKFLRKL,0.6020599913279624,19,5.3979400086720375,1362,1362,train,8
2061,E. coli,KWWVFRVVYRGIVYRRVRWK,0.8129133566428556,20,5.187086643357144,2061,2061,train,7
1503,E. coli,ILPWKWPFFPWRR,0.3010299956639812,13,5.698970004336019,1503,1503,train,9
2611,E. coli,RWFKIQMQIRRWKNKK,1.505149978319906,16,4.494850021680094,2611,2611,train,3
2345,E. coli,QRFSQPTFKLPQGRLTLSRKFR,0.9678442068584346,22,5.032155793141565,2345,2345,train,6
2834,E. coli,VLNENLLR,3.253110478567057,8,2.746889521432943,2834,2834,train,0
438,E. coli,FLKALWNVAKSVF,0.1931245983544616,13,5.806875401645538,438,438,train,9
