,bacterium,Sequence,value,length,Activity,Idx,ID,dataset,label_binned,SVM-pred,LR-pred,L1-pred,L2-pred,ElasticNet-pred,RF-pred,GB-pred,XGBoost-pred,GP-pred
0,S. aureus,AAGMGFFGAR,1.404833717,10,4.595166283,0,0,train,4,4.695256678296392,3.8629108383000617,4.410499124714052,3.834867153970135,4.278027612846112,4.364067970330006,4.053254480234138,4.5336814,4.595166282961018
1,S. aureus,AAHHIARPIVHVGKTIHRLVTG,1.806179974,22,4.193820026,1,1,train,2,4.293942465754149,4.475504482843058,4.789460341716117,4.710438195437766,4.88346308061032,4.3808472375800065,4.564587999814369,4.2575746,4.193820026226411
2,S. aureus,AAKHAAHRA,2.729534801,9,3.270465199,2,2,train,0,3.370129438800343,3.4992922157270026,4.3079516835161655,3.532766343922697,4.1294105672806385,3.5580265344499997,3.648547838861067,3.284236,3.270465198968631
4,S. aureus,ADADDDDDK,3.255272505,9,2.744727495,4,4,train,0,2.8446075664271695,2.783510012558901,3.5616192927455517,2.8791724779030394,3.3192987551493256,3.0306371800200025,3.1367485426568034,2.785656,2.744727494957253
8,S. aureus,AFKMALKLLKKVL,0.511883361,13,5.488116639,8,8,train,8,5.388015402797232,5.099205690654109,4.8459917530759515,4.998725589398461,4.8434070563581555,5.373977624069998,5.0488151728706585,5.4374795,5.488116638862076
9,S. aureus,AGLQFPVGRIGRLLRK,1.22184875,16,4.77815125,9,9,train,4,4.7322767256214355,4.9305132626612025,4.6847816715199,5.063404416911512,4.69669766708895,4.783306807990003,4.791241240203071,4.7892375,4.778151250186673
14,S. aureus,AGYLLPKINLKPLAKLPKKIL,1.739487737,21,4.260512263,14,14,train,2,4.3605812050753645,4.949942596920517,4.777376493755573,5.060237258536739,4.817103962656775,4.547378690480003,4.740043357125371,4.3028502,4.260512263234626
15,S. aureus,AIFIFIRWLLK,1.204119983,11,4.795880017,15,15,train,4,4.732276719585632,5.1360244944362305,4.986764856273787,5.0932292419748,5.0314240821465885,4.937180049950001,5.029652115031268,4.8142805,4.795880016939964
16,S. aureus,AIFIFIRWLLKLGHHGRAPP,0.301029996,20,5.698970004,16,16,train,9,5.598995610604204,5.682414693208657,4.849994886628345,5.5315668127503335,4.936391756829445,5.336898307879997,5.121218804063683,5.6404066,5.6989700038303965
22,S. aureus,AIHDILKYGKPS,1.0,12,5.0,22,22,train,6,4.900104870318418,4.806368585045962,4.351782243535576,4.931460162217911,4.372381060860499,4.902554047750001,4.603729193747283,4.8876724,4.999999999976329
23,S. aureus,AIHKLAHKLLKKLLKAVKKLAK,1.397940009,22,4.602059991,23,23,train,4,4.702178788293417,5.073594506070558,4.887273171628309,4.985974974768852,4.944863183588566,4.713292294559995,4.953982943067027,4.659719,4.602059990951646
24,S. aureus,AIHKLAHKLLKKLLRAVKKLAN,1.477121255,22,4.522878745,24,24,train,3,4.62272108045304,5.0448123288735545,4.875926412316804,5.088729045276992,4.916482627047211,4.622032508920004,4.862750967978327,4.5419683,4.522878745076138
25,S. aureus,AIHKLAHKLLKKTLRAVKKLAN,1.477121255,22,4.522878745,25,25,train,3,4.623184525614317,4.686775156565802,4.836205413590071,4.632470612769426,4.875688162008719,4.583299710570007,4.878608223400449,4.5248036,4.522878744971811
26,S. aureus,AIHNLAHKLLKKLTRAVKKLAN,1.740362689,22,4.259637311,26,26,train,2,4.359602491814747,4.187194124215314,4.804167747705144,4.104115616044673,4.833015506856577,4.476926739520003,4.9445475785685495,4.3163023,4.259637311038911
27,S. aureus,AILTTLANWARKFL,1.597969275,14,4.402030725,27,27,train,3,4.501870395330721,4.580452594494147,4.755703583930458,4.529280230607973,4.730637946654387,4.508079496449994,4.831326212479457,4.476214,4.402030725031559
28,S. aureus,AINPKSVQSLL,2.301029996,11,3.698970004,28,28,train,0,3.798850950077761,3.61090912157322,4.5002775426830315,3.5932818769058095,4.36838312618133,3.8871323360399948,3.8947003349021747,3.7125518,3.6989700040312967
31,S. aureus,AIPWSIWWHLLFKG,0.822821645,14,5.177178355,31,31,train,6,5.077062886418387,5.1598914193483285,4.8986489109564,5.321884293823763,4.968324052708753,5.026923065380005,4.973656751783586,5.1173067,5.177178355000311
32,S. aureus,AIPWSIWWRLLFKG,0.77815125,14,5.22184875,32,32,train,7,5.122004375374317,5.239414487702798,4.914229905159131,5.37458241119139,5.001730989518321,5.099198216409999,4.990006480157471,5.1922317,5.221848750051635
33,S. aureus,AIRRWRIRK,1.534986227,9,4.465013773,33,33,train,3,4.564783607568325,4.109160827273695,4.679525507551484,3.989746609556331,4.5610675599607475,4.508969336310003,4.591818612805566,4.508072,4.465013772990348
34,S. aureus,AKAKAYPAKAKAYP,2.13142941,14,3.86857059,34,34,train,1,3.9687319090265945,3.9823332881874305,4.497426336018601,3.8488439732956214,4.2706646500515255,3.995957432509997,4.057690174953997,3.8867,3.868570589920758
35,S. aureus,AKHQGLPQE,3.397940009,9,2.602059991,35,35,train,0,2.7019017993296535,2.747083138857958,3.9047314745159127,2.8626792455756918,3.3326002523327456,2.7462225239900007,2.7418502599243966,2.6537104,2.602059991137973
36,S. aureus,AKKFFKKPRVIGVSIPF,1.122180125,17,4.877819875,36,36,train,5,4.7776634136138405,4.765910339319465,4.793070131100885,4.720645565137447,4.812105932881482,4.74938995759,4.6357516838703745,4.8382564,4.877819875014148
37,S. aureus,AKKFGKAFVKIL,2.153062243,12,3.846937757,37,37,train,1,3.946782297414757,3.9271061716344593,4.702704164578864,3.93805694035827,4.67235491008066,3.9542953125199984,4.126153093260413,3.8284526,3.8469377570485905
38,S. aureus,AKKIRVRLSA,1.748738073,10,4.251261927,38,38,train,2,4.351375085303155,4.2431468156077115,4.534791458683078,4.274925261308568,4.404264925020546,4.243423002189996,4.060991498656456,4.21621,4.251261927061718
39,S. aureus,AKKVFKRLEKLFS,2.0,13,4.0,39,39,train,1,4.100107374553856,4.281255091461039,4.633113763927714,4.268508007859515,4.539831723579094,4.23176916438,4.531895228785775,4.070907,3.999999999907555
40,S. aureus,AKKVFKRLEKLFSKI,2.0,15,4.0,40,40,train,1,4.099885520518203,4.609094268793699,4.682300224844188,4.55692633234971,4.633964094782863,4.15773805362,4.720879624846629,4.081255,4.000000000486058
42,S. aureus,AKKVFKRLEKLFSKIQN,2.0,17,4.0,42,42,train,1,4.100141259243751,4.208941570564217,4.684500974723985,4.121703014523783,4.62415492770074,4.19701582804,4.458825568471699,4.0644116,4.0000000000130385
48,S. aureus,AKKVFKRLEKSFSKIQNDK,1.714462064,19,4.285537936,48,48,train,2,4.385656398554912,4.006454875712215,4.53771807737403,4.054454856742331,4.442679460868174,4.3761721157900055,4.389290601723168,4.261618,4.285537935965672
49,S. aureus,AKKVFKRLGIGAVLKVLKKG,0.193124598,20,5.806875402,49,49,train,9,5.7068253392652295,4.910053628925629,4.794933532674564,5.009572803126148,4.83619325479196,5.520005397019998,5.1424599961028274,5.658918,5.806875401293152
51,S. aureus,AKKVFKRLGIGAVLWVLTTG,0.494154594,20,5.505845406,51,51,train,8,5.406016882379606,5.0545623823116665,4.841050065249816,5.009341076136877,4.872932023608416,5.377285008369999,4.922983003097559,5.5070376,5.505845406050783
52,S. aureus,AKKVFKRLGIGAVLWVLTWG,0.494154594,20,5.505845406,52,52,train,8,5.406016510982005,4.762838863509809,4.900797126308548,4.785969410717522,4.963707747139224,5.3720920093599975,5.012720492127169,5.4293523,5.505845406009867
54,S. aureus,AKKVFKRLRKLFKKI,2.0,15,4.0,54,54,train,1,4.100095501858314,4.827811104103258,4.84853556913865,4.842957697140142,4.8887377238728105,4.268473423869999,4.969682880246123,4.161652,4.0000000004863665
55,S. aureus,AKKVSKRLEKLFSKIQNDK,1.714691003,19,4.285308997,55,55,train,2,4.385423109662892,4.050805559241217,4.529433317799511,4.2216109578371395,4.430380071643233,4.2886209654300025,4.405947513304437,4.3159814,4.285308996967835
56,S. aureus,AKLKAYPLKAKLYP,2.095828935,14,3.904171065,56,56,train,1,4.004052124026493,4.348717002937148,4.69010006300951,4.457080873935158,4.598156915877266,4.117153501180003,4.4090777577083005,3.9805095,3.9041710651200097
57,S. aureus,AKLWLKAAKLWLKA,1.204119983,14,4.795880017,57,57,train,4,4.732276719585632,4.639736183235584,4.794195494294452,4.683417548365309,4.7974733061569825,4.82057056297,4.929435308236541,4.810949,4.795880016946084
58,S. aureus,AKRHHGYKRKFH,1.912751771,12,4.087248229,58,58,train,2,4.187036604969979,4.410401025150288,4.570351122798649,4.320752197649739,4.4145901967394385,4.346404383360005,4.332220022130306,4.0912137,4.087248229013842
62,S. aureus,ALFKTMLKKLGTMAL,1.537819095,15,4.462180905,62,62,train,3,4.562256433334046,4.745390286262398,4.777443878588754,4.788423669390309,4.742130874255141,4.450308185100004,4.648983161484969,4.449808,4.462180905170347
63,S. aureus,ALFKVASKVLPSV,2.167916809,13,3.832083191,63,63,train,1,3.932200728406947,4.287682705359239,4.650243700198682,4.267318200461268,4.402649059323657,3.9348131549399983,4.333727118981197,3.8521397,3.832083191269313
64,S. aureus,ALGALFKVASKVL,0.977446003,13,5.022553997,64,64,train,6,4.922104774882172,4.767748008712021,4.617081841746111,4.78188604777749,4.396808851839461,4.836931370199996,4.594586525771461,4.8727756,5.022553996290239
65,S. aureus,ALHKTMLKKLGTMAL,1.653212514,15,4.346787486,65,65,train,3,4.446628957335968,4.19207413223433,4.720716618833187,4.230668225529541,4.660598722443654,4.403276420239997,4.56893375915181,4.3683434,4.346787486004571
66,S. aureus,ALKYRLFKKLKKF,-0.226118693,13,6.226118693,66,66,train,9,6.125882875407838,5.228662171188191,4.850386093709593,5.1904059981636195,4.8696281017296155,5.768086054759994,5.139939333077256,6.0764627,6.2261186926797
67,S. aureus,ALLKLAPRLLAGIF,1.096910013,14,4.903089987,67,67,train,5,4.802946279184337,5.043987495493247,4.726176629293329,4.934651249178493,4.737692107683271,4.891542811069993,4.828673648419658,4.9119997,4.903089987088704
69,S. aureus,ALLLAIRKR,1.579489271,9,4.420510729,69,69,train,3,4.520349296902788,4.636168614123279,4.718379947618477,4.7607689205780135,4.700217942194575,4.506602391459999,4.589801587724211,4.505473,4.420510729189123
70,S. aureus,ALLLAIRRR,1.196479183,9,4.803520817,70,70,train,5,4.732276705080023,4.667868462997731,4.7319506205779955,4.758117305407035,4.725036707087217,4.716130997439996,4.588651863022178,4.7832894,4.803520816937016
72,S. aureus,ALRLAIRKR,1.641282787,9,4.358717213,72,72,train,3,4.458838379908082,4.182544236451721,4.641233168611901,4.3231528102140455,4.538527872164391,4.467484665319995,4.379515771799853,4.3813734,4.358717213016118
73,S. aureus,ALRLAIRRR,1.347024309,9,4.652975691,73,73,train,4,4.726356745103138,4.1666879745453045,4.64814829962906,4.267006835330405,4.545955267839219,4.581235294699997,4.390317632190522,4.608304,4.652975690912124
74,S. aureus,ALRSAVRTVARVGRAVLPHVAI,0.799340549,22,5.200659451,74,74,train,6,5.1002114238824365,5.227758045370924,4.764081703200963,5.06174507168314,4.803869132586074,4.950847414809996,4.702880436816046,5.2016363,5.200659450985081
75,S. aureus,ALWHHLLHHLLHSAHHLG,1.176091259,18,4.823908741,75,75,train,5,4.732276719585632,4.864677119238919,4.772063098010427,4.905593270420005,4.800672300193145,4.866086660930008,4.857633525614317,4.886177,4.823908740980499
78,S. aureus,ALWKKLLKKLLKSAKKLG,0.273001272,18,5.726998728,78,78,train,9,5.627113042950739,5.375878927977897,4.780637895434382,5.271822458497782,4.833695678258548,5.360429483260005,5.084824144790861,5.567194,5.726998727670229
79,S. aureus,ALWKNMLKGI,2.176091259,10,3.823908741,79,79,train,0,3.9238808814111126,4.666758337772547,4.659645416347199,4.498894996770831,4.5972216780684,3.9882189820000065,4.309935524430357,3.910413,3.8239087409051065
80,S. aureus,ALWKNMLKGIGK,2.176091259,12,3.823908741,80,80,train,0,3.9238823056977106,3.854054891766317,4.616825669097976,4.047513427089165,4.576888255654728,4.032499185250004,4.296602145887812,3.8448865,3.8239087410095656
81,S. aureus,ALWKNMLKGIGKLAG,2.176091259,15,3.823908741,81,81,train,0,3.9239984701914516,4.642605088671576,4.6342961837052705,4.699241413351705,4.608365943472215,4.095593399600005,4.580255231676658,3.9532218,3.823908741609062
82,S. aureus,ALWKNMLKGIGKLAGK,1.77815125,16,4.22184875,82,82,train,2,4.3214719970406135,4.434243996159847,4.630088917664804,4.534123073327732,4.629279705351514,4.336574397039999,4.640352749293222,4.225075,4.221848749942351
83,S. aureus,ALWKNMLKGIGKLAGKAALG,0.903089987,20,5.096910013,83,83,train,6,4.996795681570796,4.917312055471406,4.660798492051748,4.756598012170168,4.670295069664062,4.942470462440006,4.701154892134744,5.0508537,5.09691001256621
84,S. aureus,ALWKTLLKKV,1.698970004,10,4.301029996,84,84,train,2,4.401147843900855,3.8815832518689737,4.757938438748045,4.060094521118714,4.7147836279552,4.447585607770005,4.4189993361566735,4.3111143,4.301029995963781
86,S. aureus,ALWKTLLKKVLKAAA,0.653212514,15,5.346787486,86,86,train,7,5.2468100841052845,5.11090294617242,4.752081397232779,5.02472550808803,4.730657746770573,5.193581128989996,4.899672968094978,5.205493,5.346787485036174
87,S. aureus,ALWKTLLKKVLKAAAK,1.146968071,16,4.853031929,87,87,train,5,4.783746887420804,4.767231909030086,4.761053218863873,4.844876623120337,4.758513625149591,4.989124822849998,4.995952476427472,4.9776325,4.853031929870229
88,S. aureus,ALWKTMLKKLGT,1.73239376,12,4.26760624,88,88,train,2,4.367725715890858,4.571424039100138,4.694211176208746,4.547306758379403,4.633763084321492,4.336169079980003,4.4393747307858895,4.306052,4.267606240149393
89,S. aureus,ALWKTMLKKLGTM,1.704150517,13,4.295849483,89,89,train,2,4.395689295524265,4.332404102319636,4.755505828237263,4.241719497473831,4.713115598316725,4.4062810785199975,4.692969828040191,4.390704,4.295849483028664
90,S. aureus,ALWKTMLKKLGTMA,1.451786436,14,4.548213564,90,90,train,3,4.64823749827378,3.9482790843355433,4.742544755711688,3.9952791850658964,4.701196027261654,4.572272820099998,4.625705027009558,4.5146775,4.548213563693186
91,S. aureus,ALWKTMLKKLGTMALHAGK,1.029383778,19,4.970616222,91,91,train,5,4.8709923203499494,4.866598873018691,4.753514061045563,4.849765713427336,4.764432425935187,4.870622915099996,4.689218153171108,4.925912,4.970616221991704
92,S. aureus,ALWLAIRKR,1.550368313,9,4.449631687,92,92,train,3,4.549771120691532,4.5518184297782485,4.7469069906294985,4.689481869326458,4.745595947594878,4.511444289950005,4.632008748395515,4.5405755,4.4496316869117445
93,S. aureus,ALWLAIRRR,1.168088503,9,4.831911497,93,93,train,5,4.7322405842492,4.578437033336251,4.756926822256033,4.648564602900523,4.761136130338896,4.7664090841500055,4.783235076411397,4.7980967,4.831911497024513
95,S. aureus,ALWRRLLRRLLRSARRLG,0.574031268,18,5.425968732,95,95,train,8,5.326123979545334,5.280302118862583,4.84029017442201,5.1879252221246155,4.9334908123528995,5.371024507630002,5.112311638971934,5.3953815,5.425968731918609
96,S. aureus,ALYKTMLKKLGTMAL,1.653212514,15,4.346787486,96,96,train,3,4.446639076761081,4.651821007773827,4.7797619926990516,4.626086535794861,4.727717446753142,4.372328734549996,4.6069139833124355,4.458012,4.34678748603129
97,S. aureus,ALYLAIRKR,1.434403704,9,4.565596296,97,97,train,4,4.665694568047584,4.9299015154374155,4.733675026722985,4.958116814697615,4.693723728323794,4.570963532750007,4.641358870316438,4.579787,4.565596295959497
98,S. aureus,ALYLAIRRR,1.213565458,9,4.786434542,98,98,train,4,4.730891580863307,4.924096332416316,4.744020321664283,4.9190523577129825,4.710114368133956,4.716274704129999,4.606701980950479,4.761783,4.786434542017351
99,S. aureus,ANLDAIIKIQAWARMWAARRQYL,1.041392685,23,4.958607315,99,99,train,5,4.858769432963104,4.705713623695753,4.79121384330954,4.608158597044415,4.835920116634932,4.937107854799996,5.069761043123942,4.984435,4.958607314970891
100,S. aureus,ANVGFVIQLQARLRGFLVRQKFA,0.230448921,23,5.769551079,100,100,train,9,5.6696983712507425,5.491216735954188,4.926602986107764,5.565029991014276,4.976716087830605,5.452214913320001,5.130835032515781,5.6763215,5.769551078906999
101,S. aureus,APKAMRLLRRLLRLQKKGI,-0.05343728,19,6.05343728,101,101,train,9,5.953592483962528,5.132658876821813,4.822486709900621,5.155135160931959,4.873636566462301,5.651372798000007,5.032652715150798,5.9583726,6.053437279699607
102,S. aureus,APKAMRLLRRLLRRLLR,0.676793101,17,5.323206899,102,102,train,7,5.22330711632361,5.173345610123501,4.8538842308479255,4.993604631202933,4.90575261692376,5.193898229340005,5.037972223230105,5.293187,5.323206898966714
103,S. aureus,APKGVQGPNG,1.539472085,10,4.460527915,103,103,train,3,4.560411433730856,3.9175059979911615,4.231798770196157,3.963444794917624,3.957678997852271,4.19705958843,3.7510553802039284,4.4555326,4.460527914951049
104,S. aureus,AQKIISTIGKLVKWIIKTVNKFTKK,1.012837225,25,4.987162775,104,104,train,5,4.8872407992576195,5.240575988618356,4.959301571746541,5.3572113876533765,5.052280244753165,5.072376880300001,5.125488646453441,4.993837,4.987162775092595
105,S. aureus,ARRARKWARRALKLA,1.193820026,15,4.806179974,105,105,train,5,4.732276719585631,4.681219409845688,4.678095716028131,4.739602569238337,4.589200128461505,4.821558565569995,4.753205073663718,4.824746,4.806179973973
106,S. aureus,ARWWWKIKS,1.297401259,9,4.702598741,106,106,train,4,4.732276719585632,4.61649249294765,4.757653260636171,4.75610234950985,4.777458328333983,4.755078210519994,4.808769755365673,4.6979837,4.702598741064913
107,S. aureus,ASPTVFRSSVFLSLFVVAKK,2.069068809,20,3.930931191,107,107,train,1,4.031102129879956,3.9582120026226146,4.804350743011301,3.9504942428268297,4.703628031501304,4.096775044310006,4.535429547490989,3.9669263,3.930931190948662
108,S. aureus,ASVVNKLTGGVAGLLK,1.131475391,16,4.868524609,108,108,train,5,4.768689809560287,3.9868310528316036,4.595267828496633,3.842059675985036,4.372670261093102,4.673043528290005,4.458524585256926,4.8183684,4.868524608851667
109,S. aureus,AVAGEKLWLLPHLLKMLLTPTP,2.214311877,22,3.785688123,109,109,train,0,3.885852589489226,4.4373634613176955,4.797587483055844,4.633705142842191,4.789632152967502,4.072111565739998,4.523415099745093,3.8444903,3.785688123067183
110,S. aureus,AVDLAKIANKVLSSLF,2.176091259,16,3.823908741,110,110,train,0,3.923341359597824,4.503124400696159,4.517604368328539,4.3148546705956194,4.51752260331372,4.1251302237300065,4.565474163648865,3.9057114,3.823908741060483
111,S. aureus,AVNIPFKVHFR,2.876940771,11,3.123059229,111,111,train,0,3.2226202613887747,3.6812072909823748,4.764710595317729,3.7545374982334,4.688040468758411,3.8567574408299983,4.024581306689431,3.1933515,3.123059229003635
112,S. aureus,AVVDILKGAAKDIAGHLASKVMNKL,2.0,25,4.0,112,112,train,1,4.100089878251481,3.940647578740635,4.575415261153204,3.9618630092664002,4.417234472910071,4.0248413117099995,4.023010024888013,3.9899507,4.0000000003230785
113,S. aureus,AVVKVPLKKFKSIRE,1.457882814,15,4.542117186,113,113,train,3,4.642006872787682,4.275878599318123,4.668312766486324,4.299199475517654,4.528236680534136,4.616835153819998,4.657038344378804,4.527215,4.542117185979706
114,S. aureus,AVWKFVKRV,2.270282518,9,3.729717482,114,114,train,0,3.829885976142223,3.659788389413798,4.819595987449377,3.7276714376191418,4.8229876095747635,3.9804349455600057,4.530830458503595,3.7780933,3.7297174820825365
116,S. aureus,AWASFFKKAAHVGKHVGKAALTHYL,0.465469177,25,5.534530823,116,116,train,8,5.434275205062054,5.045984339244642,4.840777338408489,5.0964119657607885,4.798800981252077,5.258599443950004,4.808924364959632,5.464882,5.534530823010023
118,S. aureus,AWLDKLKSLGKVVG,2.230448921,14,3.769551079,118,118,train,0,3.869668232905072,4.415863085673682,4.504354199668506,4.462884779055815,4.5065035562026585,4.152210094929997,4.378146467430731,3.8300786,3.7695510791164133
119,S. aureus,AWLLAIRKR,1.346248331,9,4.653751669,119,119,train,4,4.732276719260648,4.63459159786751,4.743509738725953,4.678097285972763,4.736718704735896,4.670409737959993,4.597636768627829,4.682156,4.653751668949
120,S. aureus,AWLLAIRRR,0.979032266,9,5.020967734,120,120,train,6,4.921247596335632,4.8262979007713165,4.756915851582502,4.818782291047202,4.761107463246778,4.869325095910004,4.748863096643711,4.942732,5.02096773394558
121,S. aureus,AWRFKNIRK,2.174262571,9,3.825737429,121,121,train,1,3.925579190622183,4.2396662073774465,4.632184468900349,4.116561781462663,4.479413147547003,4.028027590200004,4.152693239378513,3.8272228,3.8257374289943926
122,S. aureus,DAAVEPELYHWGKVWLPN,1.973803393,18,4.026196607,122,122,train,1,4.126200720202436,4.713161118711117,4.386433536325319,4.7935122826017995,4.352637452903604,4.136557931009995,4.5458954414005195,4.060744,4.026196607004522
123,S. aureus,DANVENGEDAEDLTDKFIGLMG,1.929321034,22,4.070678966,123,123,train,2,4.170837883560733,3.7726392423129225,4.12629934242712,3.785883759625294,4.0319563648531815,4.164758020330001,4.268217121177106,4.073605,4.070678965956974
124,S. aureus,DDALHHLLHHLLHHL,2.0,15,4.0,124,124,train,1,4.099632677266689,4.485960755718455,4.641663617805475,4.477498959754156,4.585480551518795,4.1548159142999985,4.545832455897831,4.041539,3.9999999999482174
125,S. aureus,DDALKHLLKHLLKHL,1.342422681,15,4.657577319,125,125,train,4,4.732276719585632,4.466828371453094,4.648293807775114,4.421848680459836,4.60722808749903,4.513366882499997,4.660775443669741,4.603065,4.65757731901053
126,S. aureus,DDALKKLLKKLLKKL,1.397940009,15,4.602059991,126,126,train,4,4.702179404325995,4.519381773108152,4.645222265451851,4.401985731771156,4.603624358350224,4.5738170842699954,4.6978937551180175,4.5930543,4.602059991053055
127,S. aureus,DDALRHLLRHLLRHL,2.0,15,4.0,127,127,train,1,4.100119325975973,4.61373921627905,4.67743799999206,4.557925439963749,4.6577709057863625,4.2098160687699995,4.653327258005417,4.059395,4.000000000031284
128,S. aureus,DDALRRLLRRLLRRL,1.491361694,15,4.508638306,128,128,train,3,4.608615526120531,4.548892595633483,4.699206488970271,4.496088655604865,4.693462939117546,4.5132351306100045,4.6732814863201835,4.514666,4.508638305995926
129,S. aureus,DDDDDDD,2.973127854,7,3.026872146,129,129,train,0,3.1267185982658448,3.0178055465852793,3.9140989868074545,3.0043996816339495,3.331734946935923,3.2505678127699995,3.3521076527228817,3.0358312,3.0268721459461476
131,S. aureus,DIFGAIWPLALGALKNLIK,0.903089987,19,5.096910013,131,131,train,6,4.996751413607348,5.29996294616078,4.696363501898827,5.07637213149613,4.735711042544791,4.959374917720007,5.014794781536443,5.1270638,5.096910013147998
132,S. aureus,DKGRYLEAPTRPRPERNRK,1.301029996,19,4.698970004,132,132,train,4,4.732276719585632,4.266249412567888,4.261911654974519,4.1654721395238585,4.135766123093971,4.623811096039995,4.499127211025826,4.6644177,4.69897000400429
133,S. aureus,DLYPWFN,2.168421013,7,3.831578987,133,133,train,1,3.931448612352851,3.832853146655608,4.535676517806801,3.8162059617343966,4.484890334803176,3.91702187631,3.8703260865348423,3.8356261,3.83157898694287
134,S. aureus,DNGEAGRAAR,1.531478917,10,4.468521083,134,134,train,3,4.5686389728294845,3.959476042831837,3.82491233422948,3.9799846103401864,3.649341495357442,4.302595300879998,4.017210074676796,4.4324636,4.4685210829431075
135,S. aureus,DNTDSVVKIQSWFRMATARKSYL,1.414973348,23,4.585026652,135,135,train,4,4.684986561912204,4.820272688578225,4.710528228896062,4.7575089864435585,4.721339087713611,4.588067925050003,4.5137766226075415,4.6156216,4.585026651988469
136,S. aureus,DSHAKRHHGYKRKFHEKHHSHRGY,-0.783373731,24,6.783373731,136,136,train,9,6.683528881300456,5.487946466976054,4.601838866983092,5.480708077411737,4.47820228889598,5.850685400479997,5.723246660264936,6.6500225,6.783373730887263
137,S. aureus,DVIKKVASVIG,2.957851505,11,3.042148495,137,137,train,0,3.1422469733051153,3.215328613752035,4.515333886176188,3.2923560969497014,4.182833530091233,3.352735054889999,3.457346732778073,3.040227,3.042148494877565
138,S. aureus,DVIKKVASVIGGL,2.89683429,13,3.10316571,138,138,train,0,3.2032910963858887,3.3262800185714627,4.54452908972924,3.460426188408885,4.2705866852496595,3.569160448029999,3.5718520957465336,3.1854973,3.1031657103930645
139,S. aureus,EEEEWWW,2.088444507,7,3.911555493,139,139,train,1,4.011312417373633,3.6219996661618756,4.40297808434449,3.60762687282703,4.10991431469857,3.949094481659996,3.883820293009046,3.915835,3.9115554929235508
140,S. aureus,EEEEWWWW,2.091680987,8,3.908319013,140,140,train,1,4.008177899854305,4.313331062894023,4.546725949778949,4.350008128275695,4.3615491783376426,4.283987941509994,4.495230530670896,3.9307868,3.9083190130207806
142,S. aureus,EIEKFDKSKLK,3.882032364,11,2.117967636,142,142,train,0,2.217881097879142,2.6414840703004545,4.12258294163748,2.577910227442234,3.9122873425115463,2.801983862100002,2.8247245097260327,2.1634555,2.1179676359856305
144,S. aureus,ELLKAVRLIK,1.301029996,10,4.698970004,144,144,train,4,4.73227624342313,4.466240115074211,4.62491521227423,4.422755874167998,4.59088343148479,4.6125912876599955,4.529458801574248,4.684442,4.698970003916089
145,S. aureus,ELLVDLL,1.895567254,7,4.104432746,145,145,train,2,4.204603657821025,3.8703290868640723,4.171702567173954,3.9806157069526202,4.066994667548168,4.052381351459994,3.922522453362115,4.123924,4.104432745943568
146,S. aureus,ELSKAVRLIK,1.602059991,10,4.397940009,146,146,train,3,4.498043624255712,4.347070625243422,4.4792944721243035,4.384444144967784,4.4480473047278375,4.409364301190005,4.3236303672635135,4.4094086,4.397940009029143
147,S. aureus,EMLKKKKEVKMERKT,2.020824783,15,3.979175217,147,147,train,1,4.079017627115666,3.9435639154837734,4.418707095250826,3.888125392532543,4.263908332553787,4.048653953519995,4.065895383987193,3.9704607,3.9791752169559023
148,S. aureus,ENMFNIKSSVESDSFWG,2.004998987,17,3.995001013,148,148,train,1,4.094842484337924,3.976911828431713,4.304286058805585,3.960503213594921,4.0805384353139855,4.046562759209996,4.039398138954371,3.9547613,3.9950010129736913
149,S. aureus,EPFKISIHL,1.44238053,9,4.55761947,149,149,train,4,4.657786950987879,4.6659359494575465,4.49798857797191,4.716136249701674,4.399283898623133,4.540273107940007,4.29081375516121,4.5563097,4.5576194699827655
150,S. aureus,EPFKLSLHL,1.44238053,9,4.55761947,150,150,train,4,4.657790948878146,4.680408028190777,4.424285211014002,4.712756462818105,4.352740862281204,4.605563129190005,4.40367038695632,4.5935626,4.557619469994298
151,S. aureus,EPILGIITSLLKSL,1.620707597,14,4.379292403,151,151,train,3,4.479497972960714,4.947436345204883,4.569628631890783,4.921177903881542,4.555499828940113,4.395036398130004,4.4942623681216745,4.4144087,4.379292403021983
152,S. aureus,EQEENVVKIQAFWKGYKQRKEYM,1.505149978,23,4.494850022,152,152,train,3,4.594748473342195,4.583010884339162,4.699737150200818,4.714809565060532,4.619952092893959,4.569939536029995,4.607620893125316,4.490468,4.494850021993516
153,S. aureus,EQHSSGKSDV,2.0,10,4.0,153,153,train,1,4.100268828196405,3.8211925592888125,3.8819631676074744,3.7005409988231643,3.571248910003014,4.01048126594,3.8530462470702442,4.0046887,3.999999999952261
154,S. aureus,EWKRWVQRWKDWLRNLV,0.823908741,17,5.176091259,154,154,train,6,5.076070021764876,4.761584367678594,4.756475724541697,4.744981438828723,4.759733225765634,5.022066173279994,4.94382455276467,5.1449933,5.17609125899903
157,S. aureus,FAKGIAGMAGKLF,2.301029996,13,3.698970004,157,157,train,0,3.7988097052353047,4.292194604354718,4.533846721800857,4.286026280552767,4.503025815149932,3.9206522623199946,4.169678818076691,3.7966623,3.6989700040708695
158,S. aureus,FAKKLAKKLKKLAKKLAK,1.794254079,18,4.205745921,158,158,train,2,4.305751104132196,5.021020521659054,4.755307859001948,5.002365329700049,4.782391378773892,4.488857864890001,4.694219237796571,4.3199906,4.205745921642603
159,S. aureus,FAKKLAKLAKKLAKLAL,0.634652341,17,5.365347659,159,159,train,7,5.265533114471198,5.300561817984452,4.76657486759931,5.267244799215357,4.783882156994118,5.297798270690001,5.0824984699015205,5.373185,5.365347658830243
160,S. aureus,FAKLLAKALKKLL,0.438630248,13,5.561369752,160,160,train,8,5.461534884767713,5.143126147732279,4.778145052109649,5.112690036609479,4.779815522830256,5.436609710670004,5.150842373523532,5.532717,5.561369751586959
163,S. aureus,FALKALKKLKKALKKAL,0.621489724,17,5.378510276,163,163,train,7,5.278642923426544,5.263817637710188,4.782149276816416,5.166542108481559,4.808004251295158,5.152376619589996,5.175051375431676,5.3542004,5.378510275952301
165,S. aureus,FASGIAGMAGKLF,2.301029996,13,3.698970004,165,165,train,0,3.798893624082071,4.068959286258891,4.507357412782599,3.9472602019582412,4.2468188129578355,4.066927746309997,4.114910497441486,3.7225907,3.6989700039553366
166,S. aureus,FAVTWATKWWKG,2.0,12,4.0,166,166,train,1,4.099913442065223,4.255838242601828,4.72737707664864,4.191188402702705,4.725921910363051,4.13652988693,4.49760040717745,4.0543776,4.000000000015204
167,S. aureus,FDIMGLIKKVAGAL,1.477121255,14,4.522878745,167,167,train,3,4.623008186491721,3.8692564241485377,4.5176417236475155,3.8420801603502297,4.530497958845402,4.554235749510006,4.521504854965451,4.5281277,4.522878744921484
168,S. aureus,FDLLGLVKKVASAL,1.698970004,14,4.301029996,168,168,train,2,4.401194809162046,4.615701494374071,4.485669912905142,4.680408177532004,4.322552552105208,4.347875462620005,4.434545417931622,4.3303328,4.301029996173588
169,S. aureus,FDLLGLVKSVVSAL,1.397940009,14,4.602059991,169,169,train,4,4.702174102726487,4.772560689042449,4.532769357682092,4.677385658330112,4.551972137871578,4.519392002409996,4.591985815442721,4.590497,4.60205999091701
170,S. aureus,FDVMGIIKKIAGAL,1.477121255,14,4.522878745,170,170,train,3,4.6229973780273514,4.5853162635284495,4.540234818814815,4.595443749824482,4.544764495785676,4.556103051590007,4.628774593094047,4.514298,4.522878744960448
173,S. aureus,FFFDTLKNLAGKVIGALT,1.675319983,18,4.324680017,173,173,train,3,4.424344256800342,3.9084771139041625,4.594705921280733,4.053213368315527,4.59545358248734,4.435381803119997,4.746409774407658,4.346527,4.324680016969683
174,S. aureus,FFFFFFF,0.456663883,7,5.543336117,174,174,train,8,5.443181096117604,5.449497885922472,5.126851020169856,5.546911119798409,5.186160560079633,5.146739805970007,4.838443927658106,5.5148134,5.543336116918494
176,S. aureus,FFFLRRIF,2.0,8,4.0,176,176,train,1,4.100171013388116,4.840263814222841,4.977341754791687,4.933105769410092,5.027722001098466,4.3291270111200015,4.465983518729538,4.105868,4.000000000158304
177,S. aureus,FFFLSRIF,1.640978057,8,4.359021943,177,177,train,3,4.459136257951762,5.046411392085674,4.867584600569726,5.213825133803736,4.940994445668662,4.285498126110003,4.417024457195185,4.3503904,4.359021943003279
178,S. aureus,FFGAIAAALPHVISAIKNAL,1.204119983,20,4.795880017,178,178,train,4,4.732276719585645,4.873815580189085,4.69788480791754,4.89746053840426,4.702655276301211,4.84809809376,4.830380859075496,4.838453,4.795880017222774
179,S. aureus,FFGHLFRGIINVGKHIHGLLSG,0.698970004,22,5.301029996,179,179,train,7,5.201010355464162,6.071056224550888,4.837641638218775,5.875583405246703,4.9122677804568635,5.206185078070004,5.073077572389998,5.312989,5.301029996065468
180,S. aureus,FFGKVLKLIRKIF,0.491361694,13,5.508638306,180,180,train,8,5.40875715585464,5.267363952271672,4.915874484184994,4.915112082612761,4.988131499766022,5.451289038490006,5.157052100821062,5.4254255,5.508638305947524
181,S. aureus,FFGRLKSVWSAVKHGWKAAKSR,0.477121255,22,5.522878745,181,181,train,8,5.42304006402443,5.070767921557586,4.779313988262576,5.167351516394516,4.886727429718263,5.220650405530005,4.9053128530788594,5.3986506,5.522878744980274
182,S. aureus,FFGSIIGALAKGLPSLISLIKK,1.096910013,22,4.903089987,182,182,train,5,4.802929718852911,5.2379232806134475,4.8011293647083555,5.01329463145467,4.87699872979123,4.911084907749991,4.944492057536403,4.9375057,4.903089986901525
183,S. aureus,FFGSLLKLLPKLL,-0.107905397,13,6.107905397,183,183,train,9,6.008076140077275,5.249013368623981,4.817799276878751,5.209903321160681,4.85660434941477,5.8183590088300035,5.200272688533332,5.9704432,6.107905396925075
184,S. aureus,FFGSLLSLGSKLLPSVFKLFQRKKE,0.63896272,25,5.36103728,184,184,train,7,5.260877076222637,4.848155747215854,4.87207433668661,4.969343100097547,4.875915716250576,5.236622826570002,5.229153812708761,5.3289657,5.361037279910331
185,S. aureus,FFGSMIGALAKGLPSLISLIKK,1.096910013,22,4.903089987,185,185,train,5,4.803048129492934,4.791642121589027,4.791268116132222,4.805719927551938,4.862320769555219,4.948045960609994,4.908634057393034,4.945835,4.903089987022193
186,S. aureus,FFGSTIGALANFLPSLISKIRN,1.432026689,22,4.567973311,186,186,train,4,4.667814089242214,4.802611435450879,4.786178291005064,4.757326846414708,4.817955179865144,4.72508114536,4.763364620515113,4.614873,4.56797331108911
187,S. aureus,FFGSVLKLIPKIL,0.494154594,13,5.505845406,187,187,train,8,5.40600986121758,5.131290797531402,4.862818042603261,5.173193068463971,4.882049572743444,5.4866049837699995,5.004336037699542,5.4312515,5.505845405980261
188,S. aureus,FFGWLIKGAIHAGKAIHGLIHRRRH,0.315270435,25,5.684729565,188,188,train,9,5.584884638359551,5.305165844818193,4.8755081346298645,5.2037342304120076,5.005699730031496,5.636997413139998,5.4178858589646826,5.631256,5.684729564988871
189,S. aureus,FFGWLIKGAIHAGKAIHPLIHRRRH,0.531478917,25,5.468521083,189,189,train,8,5.3685625913091215,5.6136952932029685,4.8850513888400195,5.556390047775792,5.014114928826856,5.5115403346599985,5.46537733528984,5.5437956,5.468521083009399
190,S. aureus,FFGWLIKGAIHAPKAIHGLIHRRRH,0.315270435,25,5.684729565,190,190,train,9,5.584932845927532,5.319457234545214,4.886854236190341,5.167219896912025,5.01882588763146,5.68888137898,5.46537733528984,5.6739163,5.684729565008965
191,S. aureus,FFGWLIKGAIHAPKAIHPLIHRRRH,0.441956838,25,5.558043162,191,191,train,8,5.458251964707145,5.644416401092239,4.895688053512135,5.5553424834905005,5.025382299247086,5.537010005249994,5.457848195468898,5.5795336,5.558043161949709
192,S. aureus,FFGWLIKPAIHAGKAIHGLIHRRRH,0.230448921,25,5.769551079,192,192,train,9,5.6693931695816335,5.428881988702872,4.8869566291433,5.2685571029323235,5.019093447157888,5.752621958400002,5.46537733528984,5.696596,5.769551078862565
219,S. aureus,FFIYVWRRR,0.278753601,9,5.721246399,219,219,train,9,5.621307330904061,5.95859404185132,4.9873471223023165,5.846064740075073,5.060116833922795,5.485878833200001,5.371896581425625,5.658985,5.721246398931985
221,S. aureus,FFLLSLIPSAISAIKKI,0.698970004,17,5.301029996,221,221,train,7,5.200848962422234,4.919697004691499,4.800001897799342,4.922610282236344,4.841990852670967,5.189250923650003,4.832607932306546,5.272415,5.301029996098187
222,S. aureus,FFPFLLGALGSLLPKIF,1.096910013,17,4.903089987,222,222,train,5,4.802931057232539,4.9340673302330025,4.811612826448889,4.963654807907401,4.8786958491456875,4.980968176309996,5.031440982587863,4.9177446,4.9030899869579665
223,S. aureus,FFPIVGKLLFGKLL,0.673020907,14,5.326979093,223,223,train,7,5.227157255488936,5.343627442597203,4.868248666616221,5.355860964532168,5.002052824229642,5.207357479729994,5.11815148479483,5.3033977,5.3269790927145015
224,S. aureus,FFPIVGKLLFGLFGLL,0.146128036,16,5.853871964,224,224,train,9,5.753720042201371,5.3918661446180245,4.922875705047299,5.457942374763752,5.0853282517202825,5.699679017489999,5.450025638630078,5.896145,5.853871963681811
225,S. aureus,FFPIVGKLLFGLL,0.709565932,13,5.290434068,225,225,train,7,5.190523038819737,5.259744377696738,4.884785736878971,5.333879526749307,5.0379504320361175,5.307716878520004,5.219097003543345,5.309966,5.290434068753698
226,S. aureus,FFPIVGKLLFGLSGLL,-0.137789226,16,6.137789226,226,226,train,9,6.03768206012542,5.65793609620107,4.840082215364217,5.54314429630717,4.981213696040164,5.846986993149995,5.44287277575597,6.023197,6.137789225665491
227,S. aureus,FFPIVGKLLS,1.126752702,10,4.873247298,227,227,train,5,4.7731287646104725,4.834154234090398,4.742895071713573,4.74928368528609,4.896715731581156,4.754657579190006,4.613574831419412,4.86833,4.87324729802191
230,S. aureus,FFPIVGKLLSGLSGLL,0.178269598,16,5.821730402,230,230,train,9,5.721898775791776,5.535153670304891,4.758525905377745,5.474734413804346,4.8797477774954965,5.689243790960005,5.473806414842286,5.8832593,5.821730402165777
231,S. aureus,FFPLLFGALSSHLPKLF,0.366733199,17,5.633266801,231,231,train,9,5.533412445969431,5.667860227669678,4.782522290477793,5.583930920254877,4.843513082308045,5.533326603829995,5.124415902129463,5.586577,5.633266800894805
232,S. aureus,FFPLLFGALSSMMPKLF,0.108703584,17,5.891296416,232,232,train,9,5.791142344621443,5.73099284712924,4.8262018251473995,5.839094447225497,4.865013313824629,5.525133377639998,5.072465790819944,5.8123713,5.891296415951872
233,S. aureus,FFPLVLGALGSILPKIF,1.038085385,17,4.961914615,233,233,train,5,4.862033053594007,4.859896446838729,4.797113901929972,4.919564492049822,4.855304468458117,5.052869894080003,4.935515199440346,5.003468,4.961914615108474
234,S. aureus,FFPLVLGALGSILPKVFGK,0.973127854,19,5.026872146,234,234,train,6,4.9268378027369115,4.721226193383499,4.772956485018887,4.467769980125221,4.834587171846896,4.890081815870004,4.928406885925625,5.011704,5.026872145991989
235,S. aureus,FFPMLADLVSKIF,2.176091259,13,3.823908741,235,235,train,0,3.923750353343795,3.728121774912963,4.591062803732832,3.685903863847699,4.592687727522452,4.052114193100007,4.424240133893258,3.8662422,3.8239087409546895
236,S. aureus,FFPVIGRILNGIL,1.079181246,13,4.920818754,236,236,train,5,4.82071164116064,4.9510948512429875,4.8333590730830975,4.865766774290139,4.781796986541509,4.9862267566699945,4.860131203967444,4.934306,4.9208187540162145
237,S. aureus,FFRHIKSFWKGAKAIFRGARQG,1.150514998,22,4.849485002,237,237,train,5,4.749616801340332,5.079093662073395,4.805639226401906,5.0518592584696105,4.926934303866494,4.914234565789997,4.959037179438766,4.894488,4.849485002082454
238,S. aureus,FFRLLFHGVHHGGGYLNAA,1.481202196,19,4.518797804,238,238,train,3,4.618644260968606,4.425065474635902,4.7688928749862995,4.256702890945921,4.745788520955641,4.589969857969992,4.767725186792045,4.535497,4.518797803994504
239,S. aureus,FFRLLFHGVHHVGKIKPRA,1.452128977,19,4.547871023,239,239,train,3,4.64789362655039,4.684972531177007,4.82288777666216,4.838249958186563,4.896770176121523,4.723015846510006,4.903576218194215,4.6481986,4.5478710230447446
240,S. aureus,FFSALLSGIKSLF,0.602059991,13,5.397940009,240,240,train,7,5.2980581965777125,5.4433660275290165,4.710946342607838,5.388641620099748,4.748906526645779,5.159496915320005,4.980200930447473,5.3212557,5.397940008987417
241,S. aureus,FFSLIPSLVGGLISAFK,1.638489257,17,4.361510743,241,241,train,3,4.46146923990104,4.816267933360867,4.78176627324966,4.913448799924471,4.81959824703164,4.456499753769998,4.819725499284681,4.4012103,4.361510743061711
242,S. aureus,FFSLLPSLIGGLVSAIK,1.35601973,17,4.64398027,242,242,train,4,4.73227672637844,4.675318666556933,4.752739001391971,4.741551761968788,4.789724879005663,4.568213003549993,4.850838358892239,4.652305,4.643980269985462
243,S. aureus,FFSMIPHIATGIASLVKNL,1.191393897,19,4.808606103,243,243,train,5,4.732277227572431,4.791486357361547,4.758121193159071,4.628830789641171,4.6291035258673565,4.906003532309994,4.836808787738257,4.84908,4.8086061030917575
244,S. aureus,FFSMIPKIAGGIASLVKNL,0.600660931,19,5.399339069,244,244,train,8,5.299254324171741,5.004465393210791,4.736022493358185,4.882047509494089,4.619870325666362,5.289634202060003,4.848042745153317,5.345782,5.39933906913715
245,S. aureus,FFSMIPKIAGGIASLVKNLG,0.588484546,20,5.411515454,245,245,train,8,5.311357900366456,4.813105327863966,4.714073378271806,4.826433710066265,4.606871744546617,5.141656741039997,4.8814890321335485,5.2980204,5.41151545387861
246,S. aureus,FFSMIPKIATGIASLVKNL,0.591228964,19,5.408771036,246,246,train,8,5.308614145905181,4.7233677494986095,4.763111425222935,4.709141957906484,4.644576275633259,5.311419420890004,4.859522174263444,5.3809166,5.4087710358825545
247,S. aureus,FFWHHIGHALDAAKRVHGMLSG,1.397940009,22,4.602059991,247,247,train,4,4.702163606255712,4.9329284077147815,4.6650138500360905,4.8989398606867915,4.706816505692012,4.684358713729995,4.648462686515708,4.6925454,4.602059991148709
248,S. aureus,FGPVIGLLSGILKSLL,1.698970004,16,4.301029996,248,248,train,2,4.401232336597802,4.735279617621293,4.763540288407541,4.926023075922335,4.767240088132268,4.514817453590004,4.629374176307145,4.3497424,4.30102999614574
249,S. aureus,FGVLAKVAAHVVPAIAEHF,1.806179974,19,4.193820026,249,249,train,2,4.294093359149285,4.340681869341764,4.626210087340075,4.141810833128493,4.5281452072119075,4.382526558100006,4.479473774412359,4.1916375,4.193820025937725
250,S. aureus,FHEAIAPVVHAAVKALVGFLG,1.668262653,21,4.331737347,250,250,train,3,4.431617862339568,4.774519663040516,4.687216631436879,4.84553616239841,4.688792421138544,4.43500726522,4.610119430362242,4.390069,4.331737347014094
251,S. aureus,FHFHLHF,1.512105363,7,4.487894637,251,251,train,3,4.587739616117604,4.119148079050395,4.803368411579733,4.083500932073211,4.715574037808851,4.594224948030005,4.4591201633024715,4.476518,4.487894636934465
253,S. aureus,FHFHLHFGGGFIKHFIHRF,1.72001579,19,4.27998421,253,253,train,2,4.379834972302567,4.101706360317101,4.953708543226181,4.1217553441283314,4.994047715636615,4.4629878479600045,4.512461191317389,4.2755637,4.2799842099658685
256,S. aureus,FHFHLHFPYPFIKHFIHRF,2.289376845,19,3.710623155,256,256,train,0,3.8106421681072176,4.842828661781745,5.0348125603741245,4.634461500284773,5.074157196597052,4.279194952200004,4.3172467022777,3.7658625,3.7106231551398223
257,S. aureus,FHFHLHFSATFIKHFIHRF,1.704240402,19,4.295759598,257,257,train,2,4.3956014988685235,4.0820761012723885,4.9556884770968335,4.372098374762203,5.005509257904787,4.485434759590004,4.5400892504454005,4.303772,4.295759598003623
258,S. aureus,FHPSLWVLIPQYIQLIRKILKSG,1.397940009,23,4.602059991,258,258,train,4,4.702160924172668,4.480666553742087,4.93600070454618,4.507307032297755,4.947760251346418,4.777631299479994,5.048503772293977,4.6295958,4.602059990998578
259,S. aureus,FIFHIIKGLF,0.704378369,10,5.295621631,259,259,train,7,5.195717772203422,5.269205307941734,4.856691009205344,5.316025705866224,4.91502286771306,5.017735782470004,4.817419133160879,5.224834,5.295621630986019
260,S. aureus,FIFHIIKGLFH,0.658630599,11,5.341369401,260,260,train,7,5.241527357340726,5.280880191934086,4.840720596585608,5.262663897999189,4.8945174134766285,5.242504276380004,5.052896861430254,5.3440905,5.341369400971626
261,S. aureus,FIFHIIKGLFHA,0.636689777,12,5.363310223,261,261,train,7,5.263204929092385,5.010696990835267,4.814835464552216,5.1370610324915535,4.860371522151874,5.182991214449998,4.961832180319857,5.271075,5.363310223002627
262,S. aureus,FIFHIIKGLFHAG,0.619847102,13,5.380152898,262,262,train,7,5.279925603246289,5.266596245162285,4.759049652945616,4.995863299422502,4.794974863347907,5.225019228130003,4.963979601413018,5.323604,5.380152897798492
263,S. aureus,FIFHIIKGLFHAGKMI,1.176711434,16,4.823288566,263,263,train,5,4.732276719681805,5.288124128449532,4.8389845495253105,5.201251904301743,4.897663979463495,4.9187065388199915,4.976470744380337,4.92399,4.823288566147019
265,S. aureus,FIFHIIKGLFHAGKMIHGLVTRRRH,0.096910013,25,5.903089987,265,265,train,9,5.8030590397596304,5.796626393585093,4.95581793075082,5.8560759569545,5.1043285506836105,5.714671718439998,5.354062523360596,5.805612,5.903089987017386
266,S. aureus,FIFPKKNIINSLFGR,1.02893484,15,4.97106516,266,266,train,5,4.871170213868417,4.964457093553751,4.750642996813178,5.139506274367036,4.736683293317979,4.892698282960007,4.95202289620235,4.992393,4.971065159987292
267,S. aureus,FIGAIARLLSKIF,0.690327733,13,5.309672267,267,267,train,7,5.209790991928707,4.941674919364656,4.756864547004281,4.6862517901814265,4.8106232018490624,5.13583358882,4.968898292670753,5.2770104,5.309672266843457
269,S. aureus,FIGALLRPALKLLA,0.977367371,14,5.022632629,269,269,train,6,4.9222891728360905,5.065403600105873,4.726176629293329,5.071430898155891,4.737784352284784,4.981980093319994,4.974210357773441,5.012446,5.0226326291237005
270,S. aureus,FIGALLRPALKLLAGK,1.204119983,16,4.795880017,270,270,train,4,4.732326188613649,4.428129869994786,4.676309299159215,4.778294920661476,4.704028855186717,4.81039522181,4.8515109839695985,4.841805,4.795880017024588
271,S. aureus,FIGGIISFFKRLF,0.306649924,13,5.693350076,271,271,train,9,5.59318760378233,5.426496607680444,4.911464343374494,5.220635147108243,4.954630573577122,5.6280480274,5.276862703030419,5.6274095,5.693350075623586
272,S. aureus,FIGGIISFIKKLF,0.32444735,13,5.67555265,272,272,train,9,5.575716983798295,5.106185718988535,4.887488207557413,5.091427437669618,4.911950519639612,5.567756617479995,5.225947682392376,5.597212,5.675552650170856
273,S. aureus,FIGKLISAASGLLSHL,0.977723605,16,5.022276395,273,273,train,6,4.922111055835632,5.371625519818231,4.621794525228334,5.307752049311724,4.466326060899787,4.987735484160001,4.809647830315839,5.044839,5.022276395036116
274,S. aureus,FIGPIISALASLFG,1.77815125,14,4.22184875,274,274,train,2,4.321693956529851,4.554207036840441,4.6747394915329386,4.484935485665152,4.457124470822122,4.326955248269997,4.362967361034896,4.229684,4.221848750025411
275,S. aureus,FIHHIFRGIVHAGRSIGRFLTG,0.336863136,22,5.663136864,275,275,train,9,5.562983320968607,5.165102582530308,4.841284632849136,5.024703151861963,5.0092067523090735,5.394019929180003,5.037278849814114,5.566108,5.66313686392846
276,S. aureus,FIHHIIGALGHLF,1.220108088,13,4.779891912,276,276,train,4,4.732276719585632,4.731688577476873,4.746125523243152,4.638333398428165,4.776260262963696,4.838323463889995,5.029346341684072,4.8017774,4.779891912019123
277,S. aureus,FIHHIIGGLFSAGKAIHRLIRRRRR,0.698970004,25,5.301029996,277,277,train,7,5.200872709289894,5.278186610108408,4.926988902701334,5.336241242112275,5.06632674768231,5.3233368547700035,5.241285690579616,5.2809777,5.301029996055323
278,S. aureus,FIHHIIGGLFSVGKHIHGLIHGH,0.698970004,23,5.301029996,278,278,train,7,5.200917426192274,5.186820298870541,4.839896023266722,5.285520504280898,4.937289429028627,5.144048868840006,4.8561026136797265,5.263306,5.301029995928893
279,S. aureus,FIHHIVHAIGRLF,0.302459524,13,5.697540476,279,279,train,9,5.597710509150068,5.105792102755963,4.8298145894143065,4.882245564301983,4.988295831947505,5.461688175749993,5.215939915207485,5.6620784,5.697540475910112
280,S. aureus,FIITGLVRGLTKLF,0.898793817,14,5.101206183,280,280,train,6,5.0013462420894905,4.490593763432924,4.807985089262958,4.553433513516157,4.867254678224133,5.087524808949994,4.935130226508406,5.0804667,5.1012061829443835
281,S. aureus,FIKELLPHLSGIIDSVANAIK,1.740362689,21,4.259637311,281,281,train,2,4.359721397547915,4.888301949765157,4.591835948844452,4.89102936149345,4.567841689822701,4.306777494540004,4.458137084612438,4.3361764,4.259637311021648
282,S. aureus,FIKHFIHRF,2.603979117,9,3.396020883,282,282,train,0,3.4961392717918245,3.902088605677271,4.829913978779672,3.859181051332281,4.795278452693602,4.048849553720003,4.037899000495051,3.4301708,3.396020883032329
283,S. aureus,FIKHFIHRFGGGFKKFWKWFRRF,0.716466178,23,5.283533822,283,283,train,7,5.183643557045942,5.095829078062503,5.114221541108095,4.927486418404897,5.291038355787449,5.238342964239994,5.204803287730639,5.270743,5.2835338218692955
284,S. aureus,FIKHFIHRFGGGIKQLLHFFQRF,1.337333977,23,4.662666023,284,284,train,4,4.732276719585632,5.116572440304087,5.050496980955375,5.2539175841894155,5.160399279797478,4.822727636779995,4.792029997371089,4.6982656,4.66266602309091
285,S. aureus,FIKHFIHRFGGGRWRWRWF,1.091849711,19,4.908150289,285,285,train,5,4.807590533086802,4.701777792246271,5.000662313930428,4.790635996455636,5.115196810212649,4.872809379389997,4.948149550679536,4.8917923,4.908150289034965
286,S. aureus,FIKHFIHRFSATRWRWRWF,1.669081894,19,4.330918106,286,286,train,3,4.430831807464982,4.558427246859677,5.018252119004692,4.665113540851852,5.134739616652149,4.558987711650007,4.887579697916339,4.4950504,4.330918106102003
287,S. aureus,FIKHFIHRFSGGRWRWRWF,1.08684388,19,4.91315612,287,287,train,5,4.812996898234503,5.075277560612191,5.006316510480049,5.188658050357876,5.121294111848247,4.865784979229999,4.936650021120139,4.8944783,4.913156119983423
288,S. aureus,FIKRIARLLRKIF,0.396346746,13,5.603653254,288,288,train,8,5.503494292560224,5.294224360845284,4.915993465984248,5.264848878240167,4.9984439450017195,5.47096743679,5.173154441414547,5.4494605,5.6036532539624275
289,S. aureus,FIKWKFRWWKWRK,-0.15490196,13,6.15490196,289,289,train,9,6.0552627446674085,5.395403303426509,4.993465342789146,5.32135950770004,5.091613159218031,5.87581497913,5.39828633741304,6.1138616,6.154901959924991
290,S. aureus,FILGKLWKGVKSIF,0.728216524,14,5.271783476,290,290,train,7,5.171626189301587,4.989555352238769,4.803988744991446,4.9807816966671945,4.881603262947695,5.199819934889998,5.054944438138296,5.247146,5.271783476109019
291,S. aureus,FILPLIASFLSKFL,1.079181246,14,4.920818754,291,291,train,5,4.820661152458533,4.549945804430716,4.800906392344996,4.766343243420745,4.661263110210158,4.862386253409995,4.721944353282036,4.855385,4.920818753788245
292,S. aureus,FIPLVSGLFSRLL,0.550473621,13,5.449526379,292,292,train,8,5.34964422692326,5.30674781102122,4.796989507414326,5.178931405298311,4.814961184690158,5.290552937090005,4.985528783044832,5.3905787,5.44952637905494
293,S. aureus,FIRSLFFF,2.0,8,4.0,293,293,train,1,4.100166112157909,4.737152955858137,4.867584600569726,4.971002621798909,4.940994445668662,4.10470648958,4.324410296080033,4.0461054,4.000000000085449
294,S. aureus,FISAIASFLGKFL,2.113943352,13,3.886056648,294,294,train,1,3.986220748270909,4.42643397526463,4.698608500004016,4.320389266631032,4.516752552212498,4.081904472630003,4.343497825792559,3.957016,3.8860566482237338
295,S. aureus,FISAIASMLGKFL,2.0,13,4.0,295,295,train,1,4.100072298271208,4.0239068741985085,4.665528003536876,4.062702756493091,4.464662306222594,4.018803996529999,4.483489356453702,3.9983795,3.9999999998495857
296,S. aureus,FISGLIGGLMKAL,1.397940009,13,4.602059991,296,296,train,4,4.702174305890344,4.691582968922981,4.718540170783533,4.600595109071962,4.682441594600594,4.540594349339994,4.76062800903247,4.5732656,4.602059990925397
297,S. aureus,FISQIISTARI,-2.397408385,11,8.397408385,297,297,train,9,8.297246785416489,7.044627775304165,4.692906537700354,7.014284474567708,4.801534449695232,6.766641534059994,7.253206872295813,8.2420225,8.397408384852492
298,S. aureus,FITGLIGGLMKAL,2.0,13,4.0,298,298,train,1,4.09997808537082,4.332285427948742,4.724065269627068,4.34458764570774,4.691405990524743,4.2222294136799965,4.703029173407679,4.0517817,4.000000000005799
299,S. aureus,FKAFRWAWRMKKLAAPS,1.491827041,17,4.508172959,299,299,train,3,4.607836633122954,4.622018372314399,4.812812435530905,4.695269643637742,4.849544606579449,4.586902544069997,5.012070250539998,4.575841,4.508172959162086
300,S. aureus,FKAFRWAWRWKKLAAPS,1.186167883,17,4.813832117,300,300,train,5,4.73227671578975,4.240542975259456,4.832638291346187,4.310883699820415,4.895603990825476,4.800093736160003,5.007882649611487,4.7812324,4.813832116863173
301,S. aureus,FKARRWQWRMKKLGA,0.602059991,15,5.397940009,301,301,train,7,5.298059126898803,5.002881018077614,4.755327334320409,4.974475760067071,4.776080579675469,5.175769128530006,4.894496871364747,5.3231783,5.3979400089332605
302,S. aureus,FKAWRWAWRMKKLAAPS,1.227196663,17,4.772803337,302,302,train,4,4.732276719585632,4.695274479593574,4.82337143903148,4.713188446017386,4.865308623426765,4.700059804060007,5.010358315115564,4.7678323,4.772803336910918
303,S. aureus,FKHHIFRGIKHVGKTIHRLVTG,0.795880017,22,5.204119983,303,303,train,6,5.104289877283963,5.271216012061547,4.873506034826058,5.237774779471744,4.939341515790161,5.14403084786,5.004866808940049,5.232903,5.204119982972888
306,S. aureus,FKKALHLFKPIKKFLKWK,0.193124598,18,5.806875402,306,306,train,9,5.706657867511016,5.5772747425111575,4.92643411326595,5.506457693138542,5.001951285745167,5.6846393019299954,5.378092246766294,5.730239,5.806875402015928
307,S. aureus,FKKFFKKLKNSVKKR,1.095465448,15,4.904534552,307,307,train,5,4.804277963893211,5.142279529303781,4.774554402865298,5.064058305174959,4.791296290485516,4.819975788309993,4.7948818727230975,4.8628683,4.904534551962701
308,S. aureus,FKKFWKWFRRFGGGFIKHFIHRF,1.017496174,23,4.982503826,308,308,train,5,4.882382959606436,5.176682311532228,5.114426327014014,5.1022653937546005,5.282061421789985,4.947566512520007,5.13408573358939,5.0165186,4.98250382594406
309,S. aureus,FKKLKKLFKKILKLK,1.204119983,15,4.795880017,309,309,train,4,4.732310272133927,4.9405078145495,4.8924227703360295,4.950732978303333,4.961315849886981,4.942421947650002,5.155331064049832,4.8652787,4.795880016805467
310,S. aureus,FKKLKKLFSKLFSFK,0.0,15,6.0,310,310,train,9,5.899844314202661,4.924758932930124,4.856109748072915,4.8480932225919675,4.917872793778946,5.74778065233,5.137273404518513,5.7974195,5.999999999876793
312,S. aureus,FKLFKKIPKFLHLAKKF,0.494850022,17,5.505149978,312,312,train,8,5.4052780995282514,5.403277508886003,4.914340735913311,5.524496763877737,4.994148175691017,5.435356823920005,5.330996677952077,5.52953,5.505149977823311
313,S. aureus,FKRIVQRIKDFLR,1.204119983,13,4.795880017,313,313,train,4,4.732276719585632,4.727920998126035,4.704272390941434,4.858482106426846,4.804012244643451,4.999608516510003,4.989451590998166,4.848687,4.795880016932776
314,S. aureus,FKRLEKLF,2.0,8,4.0,314,314,train,1,4.100170033150066,4.6639756051164944,4.593620783694306,4.629687139238702,4.543512429450577,3.8158632832199997,4.12237037198972,4.0632358,3.9999999999634275
316,S. aureus,FKRLEKLFSKIQNDK,2.0,15,4.0,316,316,train,1,4.1001665566968954,4.150634807798961,4.492892219250769,4.085868411266923,4.393267235709749,4.05935626739,4.204752409023904,4.0225034,3.9999999999420672
320,S. aureus,FKRLKKLISWIKRKRQQ,0.176091259,17,5.823908741,320,320,train,9,5.723915838373113,5.7213510123088955,4.88637645435847,5.700341689671986,4.9621976202448055,5.505416923690006,5.295889612022346,5.783744,5.823908740983078
321,S. aureus,FKVKFKVKVK,0.902875533,10,5.097124467,321,321,train,6,4.997325818917909,4.740702255011019,4.810272777809079,4.617599796756178,4.84421463644443,4.900927005070006,4.732867443168412,5.0350046,5.097124466847574
323,S. aureus,FKVTWKTKWWKG,0.792391689,12,5.207608311,323,323,train,7,5.107726757586589,5.080047130376974,4.766631194360114,5.125478057193485,4.784682123731384,5.052262091190001,4.731041511292935,5.234358,5.207608310995007
325,S. aureus,FLFKLIPKAIKGLVKAIRK,0.26284534,19,5.73715466,325,325,train,9,5.637215588403727,4.845310328437918,4.8695724239228175,4.806660074378184,4.9554261621058036,5.628227453139994,5.111721580473762,5.633789,5.737154659592191
326,S. aureus,FLFKLIPKAIKKLISKFK,0.698970004,18,5.301029996,326,326,train,7,5.200887883168084,4.996839834777378,4.904806275002388,5.189887926711727,4.986356714547935,5.257952379750003,5.160235229024789,5.288659,5.301029996185152
327,S. aureus,FLFKLIPKVIKGLVKAIRK,0.257301944,19,5.742698056,327,327,train,9,5.642736114221959,5.004643003664457,4.915147266273648,5.093402015550996,5.016250343734217,5.609243300679997,5.094468050349236,5.6743608,5.742698056201312
328,S. aureus,FLFPLITSFLSKVL,2.041392685,14,3.958607315,328,328,train,1,4.058786120655185,4.963981086515122,4.85569225149319,5.087101010503966,4.893633210569393,4.213392211869997,4.633371840375646,4.0431347,3.958607315126736
329,S. aureus,FLFRVASKVFPALIGKFKKK,0.837717181,20,5.162282819,329,329,train,6,5.061802526753611,4.797449321304837,4.857096574746375,4.853938370099267,4.8180405539323745,5.038214237769996,4.7604256586222915,5.0606036,5.1622828189703
332,S. aureus,FLFSLIPSAIAGLVSAIRN,1.079954832,19,4.920045168,332,332,train,5,4.819897469803531,5.020637286293631,4.7459649866971265,5.0464939813085286,4.769512699721648,4.941102376700001,4.913207364510035,4.9671583,4.920045168010831
336,S. aureus,FLFSLIPSVIAGLVSAIRN,1.077929929,19,4.922070071,336,336,train,5,4.822246285519754,5.292277548793875,4.8076422300817345,5.031137066847941,4.840282798322006,4.933902786820003,4.862313388617769,4.9035244,4.922070070972699
337,S. aureus,FLGAIAAALPHVINAVTNAL,1.204119983,20,4.795880017,337,337,train,4,4.732276719585632,5.11438406893917,4.680795445128707,5.0559021890420714,4.640271759631511,4.8335831147400015,4.844071472033451,4.811875,4.795880016992829
339,S. aureus,FLGALAKIISGIF,0.602059991,13,5.397940009,339,339,train,7,5.2980585771528155,5.089904440478054,4.737609092382128,5.017073710413351,4.7472817404663115,5.189944142950009,4.999865026285866,5.361289,5.397940008922107
341,S. aureus,FLGALFKALSKLV,0.893174743,13,5.106825257,341,341,train,6,5.0070697659683745,4.878175326187528,4.707540216456674,4.850799926684505,4.739071729744526,5.098399125320008,5.0018292495933405,5.116398,5.106825256850481
342,S. aureus,FLGALFKALSKVL,0.96572541,13,5.03427459,342,342,train,6,4.934397933356376,5.288282852406309,4.708187486195024,5.197521623197032,4.740763088179445,5.082505320120001,4.98310066502432,5.0714912,5.034274589870863
343,S. aureus,FLGALFKAVSKLL,0.930963303,13,5.069036697,343,343,train,6,4.968888666121094,5.149801944556356,4.731895522261455,5.042639816061782,4.754225574269711,5.046247270960002,5.067811973055108,5.1747365,5.06903669703461
344,S. aureus,FLGALFKFASK,1.609601596,11,4.390398404,344,344,train,3,4.490246964330975,4.31418715555948,4.59331215109089,4.346935675658141,4.349700391509169,4.328647885439999,4.266775948000385,4.2919,4.390398403916603
347,S. aureus,FLGALFKVA,2.316417857,9,3.683582143,347,347,train,0,3.783583577946823,4.1626514553522265,4.656250848295858,4.365874626124236,4.621509091447311,3.9765664598000052,4.192999081467397,3.7120383,3.683582143101598
349,S. aureus,FLGALFKVASKV,2.193966252,12,3.806033748,349,349,train,0,3.906387241974598,4.373905838632536,4.6369610179057394,4.512630863603203,4.419456991966276,3.992075247130001,4.311950852120151,3.8504345,3.806033748739431
350,S. aureus,FLGALFKVVSKLL,0.746296682,13,5.253703318,350,350,train,7,5.153542169504044,5.414803208432143,4.796943998704622,5.426575784252946,4.832173863062951,5.276311537640007,5.08715915440158,5.2007833,5.253703317811976
351,S. aureus,FLGALFKVWSK,2.188569079,11,3.811430921,351,351,train,0,3.91130245826627,4.955270568751519,4.727041908849777,4.916785040997454,4.7716988918757,4.0916800366500015,4.67376266213709,3.8984632,3.8114309211966906
352,S. aureus,FLGALFWVASK,2.208142506,11,3.791857494,352,352,train,0,3.891942135227238,4.294570728736418,4.650900322561423,4.21416054534936,4.411775721329895,3.9993549741799983,4.203453664006992,3.8077564,3.791857494015494
353,S. aureus,FLGALIKGAIHGGRFIHGMIQNHH,1.086010115,24,4.913989885,353,353,train,5,4.813880461447697,4.884932699336869,4.763659872742815,5.207235838674761,4.8397618348043,5.048268663829996,4.810753871794071,4.950673,4.913989885019642
355,S. aureus,FLGALVKALSKLL,0.707510669,13,5.292489331,355,355,train,7,5.192576951256096,5.029932896176025,4.698663619820464,4.885015971626172,4.7268244472825645,5.183529574580004,5.114034380971904,5.286637,5.292489331019242
358,S. aureus,FLGALWKVASK,1.913827383,11,4.086172617,358,358,train,2,4.185846030742238,3.935281516052754,4.587331262023748,3.9299780667300688,4.33736919205822,4.165165194909994,4.1624112557696336,4.083802,4.086172617007487
363,S. aureus,FLGAWFKVASK,2.202908983,11,3.797091017,363,363,train,0,3.8969374692658425,3.9610875633426925,4.6015529026854045,3.916553371538013,4.3626630111609295,3.963155334750004,4.174749219506035,3.842608,3.7970910170641052
367,S. aureus,FLGGILNTITGLL,1.477121255,13,4.522878745,367,367,train,3,4.622995280904144,4.639212068637902,4.694848282323622,4.694150501828534,4.589380921977408,4.522879432210004,4.669040000756249,4.5233097,4.522878744991393
368,S. aureus,FLGGLIKPWWPWRR,1.236651493,14,4.763348507,368,368,train,4,4.735122301363867,4.949918581988129,4.833130010998696,5.128941589451845,4.998415502733962,4.868000913849996,5.231361706378601,4.9054875,4.763348507667617
369,S. aureus,FLGGLIKWKWPWWPWRR,0.528520391,17,5.471479609,369,369,train,8,5.3716279823291,5.642311450124412,4.978528448336947,5.61629181872233,5.168775373345579,5.404392009640007,5.244094682394134,5.4285393,5.471479608826242
370,S. aureus,FLGGLIKWPWWPWRR,0.59197335,15,5.40802665,370,370,train,8,5.307878882055071,5.338851167401385,4.914566954516352,5.492954289265462,5.082084916972448,5.252156879330005,5.243317796091196,5.3002367,5.408026649871733
371,S. aureus,FLGGLIKWWPWRR,0.658373463,13,5.341626537,371,371,train,7,5.241789652560402,5.488933798422307,4.865033051634793,5.444075134860591,4.995030717622047,5.312198628230009,5.332020868291972,5.39463,5.341626536788284
372,S. aureus,FLGGLLASLLGKI,0.437881673,13,5.562118327,372,372,train,8,5.4622583860894895,4.688217429574075,4.605910131336729,4.550974105674707,4.409401094249981,4.977093140980002,4.677897312612992,5.415494,5.562118326767474
379,S. aureus,FLGKVFKGAVKVFPAVFGKV,1.777072853,20,4.222927147,379,379,train,2,4.322883642457775,4.436126877233399,4.810487441307703,4.403913590381421,4.891703876756444,4.366868489800002,4.696366297297548,4.2605505,4.222927146916978
382,S. aureus,FLGKVFKKASKVFPAVVGKV,1.774839851,20,4.225160149,382,382,train,2,4.3252556328518725,4.428292312875685,4.775806807802512,4.545144640626053,4.717349562570975,4.318218789559995,4.505642529580668,4.2215104,4.225160149008021
393,S. aureus,FLGLIFHGLVHAGKLIHGLIHRNRG,0.176091259,25,5.823908741,393,393,train,9,5.7237538870870965,5.011025332036981,4.833146760266676,5.0077212836877,4.953241494944032,5.501505329400003,5.246273122003193,5.777306,5.8239087408947725
394,S. aureus,FLGLIGSLL,2.137720904,9,3.862279096,394,394,train,1,3.9623970843111156,4.237913144588529,4.692199506723357,4.310677483749329,4.67308464507304,4.009438215110004,4.331397742701288,3.892452,3.8622790959926645
395,S. aureus,FLGLLFHGVHHVGKWIHGLIHGHH,0.463886132,24,5.536113868,395,395,train,8,5.435967335490892,5.293232320279436,4.879240610134591,5.226272435787657,5.010638007740094,5.405144700359996,5.149612123408345,5.463009,5.536113867914493
399,S. aureus,FLGMIPGLIGGLISAFK,0.698970004,17,5.301029996,399,399,train,7,5.200872331445556,4.963019221872986,4.746303822208129,5.092163520914608,4.7651512853094395,5.059839457320004,4.921524843079728,5.1837864,5.301029995935823
400,S. aureus,FLGSIVGALASALPSLISKIRN,1.397940009,22,4.602059991,400,400,train,4,4.702143904258736,4.751558697151035,4.714144977240288,4.984571953241711,4.696611058917927,4.707514453429994,4.824525846998891,4.624445,4.602059991071404
401,S. aureus,FLGSLIGAAIPAIKQLLGLKK,1.176091259,21,4.823908741,401,401,train,5,4.732276719585943,4.594245528699648,4.74977221765862,4.7614528094889454,4.7933730121726,4.872100150240006,4.911901896665319,4.8440385,4.823908740943446
423,S. aureus,FLGWLFKWAKK,0.943478106,11,5.056521894,423,423,train,6,4.95641778385436,5.074022485243555,4.844958594126287,5.08716132701738,4.912900745002765,5.0876438862300075,5.015057090102296,5.1035295,5.056521894015848
425,S. aureus,FLGWLFKWAWK,0.628556352,11,5.371443648,425,425,train,7,5.271506674931704,5.100320561333293,4.9257274206715165,5.147398604560263,5.016878461627166,5.3002426602600075,5.001087463042075,5.3199716,5.371443647943349
426,S. aureus,FLHHIVGLIHHGKLDMYRSNN,1.0,21,5.0,426,426,train,6,4.899879133606435,5.000000000013966,4.690794896537927,5.0004744709885,4.723928968109274,4.953315547000001,4.862955088981965,5.0059443,4.999999999911577
427,S. aureus,FLIIRRPIVLGLL,0.817311161,13,5.182688839,427,427,train,6,5.08253258226341,5.049063433276782,4.887034239539375,5.103625039769178,5.058636335942093,5.168440638559996,5.187828026074923,5.154004,5.182688838830608
428,S. aureus,FLKALFKALKKLL,0.768701516,13,5.231298484,428,428,train,7,5.131462855028063,5.488251337698628,4.85734463429082,5.449119570016044,4.887787034151365,5.272641531259995,5.269896749455808,5.34031,5.231298485445308
429,S. aureus,FLKALFKALSKLL,0.604411274,13,5.395588726,429,429,train,7,5.2957055475038,5.428987872401893,4.790320060176429,5.390931212460574,4.8265966360324875,5.340477310230008,5.23150471539977,5.431553,5.395588726375453
430,S. aureus,FLKALFKVALKVL,0.318196412,13,5.681803588,430,430,train,9,5.58193330588813,5.40643941557054,4.891892540687569,5.351753799670767,4.912474489141618,5.489835457709994,5.255001865677382,5.5917435,5.681803587806635
431,S. aureus,FLKALFKVASKVL,0.325865799,13,5.674134201,431,431,train,9,5.574299334658107,4.7913388793719935,4.769305145711574,4.748071880164437,4.58059654302541,5.349534423150005,4.925842641401,5.4749227,5.674134200059954
432,S. aureus,FLKALWNVAKSVF,0.494154594,13,5.505845406,432,432,train,8,5.406012100393668,4.990056608439948,4.816504335736848,4.827212782628046,4.811692145366917,5.2889311761099975,5.029109079201489,5.357701,5.505845405941657
433,S. aureus,FLKGIKGMLGKLF,0.77815125,13,5.22184875,433,433,train,7,5.121939092534018,4.910670656419285,4.6927596899253405,4.885241226094695,4.721501590501766,5.164555930089997,4.883503508355434,5.1785455,5.221848749502267
434,S. aureus,FLKGIKGMLGKLL,1.079181246,13,4.920818754,434,434,train,5,4.820499044873627,4.953164894020676,4.68237279723298,4.918748464695013,4.699525431832016,5.022164226459995,4.98987323161338,4.977571,4.920818754464407
435,S. aureus,FLKGIVGKLGKLF,0.77815125,13,5.22184875,435,435,train,7,5.121963064889513,5.409055040039037,4.710970408842065,5.307317970146954,4.868932686479312,5.223469707609999,5.235630895836485,5.2858844,5.221848749834252
436,S. aureus,FLKGIVGMLGKLF,0.477121255,13,5.522878745,436,436,train,8,5.422812376076877,5.306014538688034,4.764718690382843,5.281122005653077,4.909262647986235,5.4491303188400035,5.241553997699921,5.5095105,5.522878745168983
437,S. aureus,FLKGIVGMLGKLL,0.477121255,13,5.522878745,437,437,train,8,5.42296450277399,5.133585430585485,4.75437202349343,5.175754024518909,4.887361806100525,5.376309844980004,5.252103839732052,5.4551554,5.5228787445555385
438,S. aureus,FLKGIVGMLGKLW,0.477121255,13,5.522878745,438,438,train,8,5.422888064958869,5.153460803835773,4.777835129352085,5.107787230173261,4.930779881676682,5.488231645130005,5.244787544080423,5.5108414,5.52287874493437
439,S. aureus,FLKKAKKFGKAF,2.559200679,12,3.440799321,439,439,train,0,3.540677255060701,3.829361860281084,4.673179466314254,3.7188682472533143,4.685991019341843,3.5958028983899952,3.8793516519304934,3.4983597,3.440799321052828
441,S. aureus,FLKLIPRKIVTAL,0.996558023,13,5.003441977,441,441,train,6,4.90356830962326,5.123610307158379,4.819646100572061,4.957544663180633,4.949440433363004,5.004167227250005,5.054239549936597,5.0470924,5.003441977047728
442,S. aureus,FLKLLKKLL,0.84509804,9,5.15490196,442,442,train,6,5.054859789001919,5.174578283410211,4.8962056391163555,5.160696606790923,4.92673309365664,4.8800654057900035,4.816493429881271,5.1051645,5.154901959451562
443,S. aureus,FLKPLFNAALKLLP,1.346517699,14,4.653482301,443,443,train,4,4.732276719585632,4.910330925156758,4.722282550292517,4.930467572828721,4.702776417589824,4.837768323069999,4.792453793763402,4.8155437,4.653482301028945
447,S. aureus,FLKWLFKWAKK,0.624738576,11,5.375261424,447,447,train,7,5.275391224369133,5.3560471891694394,4.899371642328296,5.264435656698225,4.967915342839389,5.341227318069994,5.261358024286235,5.384546,5.3752614237665
448,S. aureus,FLKWLFKWLKK,0.910251771,11,5.089748229,448,448,train,6,4.989762918605063,5.172965564931404,4.97582497410196,5.144734046722241,5.064005057415642,5.192990378420003,5.302112360456373,5.177313,5.089748229077967
449,S. aureus,FLNALKNFAKTAGKRLKSLLN,0.72427587,21,5.27572413,449,449,train,7,5.17561659962122,4.5560287164259075,4.712420697853617,4.656697485791689,4.69642411710272,5.129710836460007,4.830103157056755,5.213552,5.275724129926047
450,S. aureus,FLPAALAGIGGILGKLF,0.795880017,17,5.204119983,450,450,train,6,5.104281302024428,5.094533294782641,4.679357806211499,5.220454868770161,4.684736900418911,5.0046994818499995,4.915736181170309,5.175193,5.204119982977936
453,S. aureus,FLPFLAGLFGKIF,2.176091259,13,3.823908741,453,453,train,0,3.9238773549724915,4.491668557654802,4.777529923088499,4.422028008231387,4.814635234165871,4.361955611380006,4.688288525760118,3.9368963,3.823908741268708
454,S. aureus,FLPFLASLLSKVL,1.903089987,13,4.096910013,454,454,train,2,4.197051108552223,4.580949857004514,4.7343921419707256,4.634818437273854,4.550780972457915,4.208265526750005,4.390935134310602,4.1106215,4.096910013163096
455,S. aureus,FLPFLATLLSKVL,2.0,13,4.0,455,455,train,1,4.099956388962387,4.527398521011735,4.79671773450649,4.449398486908917,4.8125368116580285,4.197269777920002,4.602442916278992,4.044393,4.000000000034395
456,S. aureus,FLPFLIPALTSLISSL,1.698970004,16,4.301029996,456,456,train,2,4.401193725053794,4.594633117210559,4.78471143593806,4.545014436292428,4.775370722633997,4.4034881476800045,4.606591317220874,4.3410926,4.301029995994577
458,S. aureus,FLPFVGNLLKGLL,0.954242509,13,5.045757491,458,458,train,6,4.945895250463458,4.467242530521289,4.764206204282889,4.408631746583067,4.751470920669075,5.071608039670005,4.979707503941569,5.006919,5.045757490911745
459,S. aureus,FLPGLIAGIAKML,1.015674605,13,4.984325395,459,459,train,5,4.884300148268117,4.826885195087917,4.706099704497831,4.75176316381793,4.680974096036315,4.823199242049998,4.89557980082314,4.830413,4.984325394962023
460,S. aureus,FLPGLLAGLL,1.432434775,10,4.567565225,460,460,train,4,4.667406722717173,4.566861151921935,4.622408443296115,4.440921222217436,4.570275924122844,4.369173561360005,4.310147695617881,4.5678563,4.567565224970644
461,S. aureus,FLPIAGKLLSGLSGLL,-0.10741706,16,6.10741706,461,461,train,9,6.007541764201448,5.043533211945866,4.654753762510113,5.1378551025469745,4.668388938056443,5.911733885259995,5.240065319385437,5.9372435,6.107417059612066
462,S. aureus,FLPIALKALGSIFPKIL,0.939329318,17,5.060670682,462,462,train,6,4.96033632374417,5.0052929376192425,4.8164559858987745,5.103973695923489,4.844006641129035,5.070270501640006,5.033689492117977,5.063509,5.060670682145945
463,S. aureus,FLPIASLLGKYL,2.301029996,12,3.698970004,463,463,train,0,3.799023062523042,4.66708980691161,4.681965570333078,4.531247751460761,4.460549737124795,3.9990831335299952,4.4678244326827725,3.8167226,3.6989700041131375
465,S. aureus,FLPIIAKVLSGLL,1.176091259,13,4.823908741,465,465,train,5,4.732277704694285,4.9828143792556245,4.777946714343098,5.026445277827618,4.778766340649771,4.8439793651200045,4.856245458287928,4.872884,4.823908741411323
466,S. aureus,FLPIIGKLLSG,0.543440729,11,5.456559271,466,466,train,8,5.356660883205722,4.9336882339351975,4.6692360780064694,4.890383795585101,4.6466802847036615,5.16824914947,4.639332183364461,5.3807015,5.456559270862276
470,S. aureus,FLPIITNLLGKLL,0.77815125,13,5.22184875,470,470,train,7,5.122007667560734,4.89746275501294,4.768299012928726,4.884092001794786,4.755097362073664,5.162706575479997,4.96325505378798,5.1680293,5.2218487498923345
471,S. aureus,FLPILASLAAKFGPKLFSLVTKKS,0.477121255,24,5.522878745,471,471,train,8,5.423032079568054,4.982476595804433,4.836795445076191,5.050540240012225,4.814577019815166,5.218955945030006,4.868718610488184,5.3827405,5.522878744870698
476,S. aureus,FLPILINLIHKGLL,2.096910013,14,3.903089987,476,476,train,1,4.003265514924191,4.8593395600556875,4.82707948727935,5.061539575601175,4.834947352605774,4.264912973739995,4.8547297783676,4.065818,3.903089987122957
477,S. aureus,FLPIPRPILLGLL,0.710151054,13,5.289848946,477,477,train,7,5.1896875968958325,5.534871950539332,4.759936432502476,5.412732029697236,4.778126239829343,5.138037543410005,5.058945231262095,5.220102,5.289848946022205
479,S. aureus,FLPIVAKLLSGLLGRKKRRQRRR,0.176091259,23,5.823908741,479,479,train,9,5.723868650912207,5.847579160588858,4.864099804623527,5.769399843757843,5.0408420767576345,5.547834873780005,5.475873038337582,5.729254,5.823908740990984
482,S. aureus,FLPIVGKLLSGLSGLL,0.089637291,16,5.910362709,482,482,train,9,5.810352091266005,5.527847262721603,4.7284529933195385,5.500142401490789,4.850305004450266,5.716175203780007,5.4817468943387535,5.9414587,5.910362708967897
483,S. aureus,FLPIVGKLLSGLSGLS,0.193344967,16,5.806655033,483,483,train,9,5.706861562203912,5.155322639166633,4.653902409147809,5.163391770410712,4.763557020694757,5.6307459473900074,5.389881459339414,5.8329797,5.806655033016912
486,S. aureus,FLPIVTNLLSGLLGK,1.763427994,15,4.236572006,486,486,train,2,4.336672814198483,5.11291851426046,4.688909717189293,5.2937734293739735,4.789035452301744,4.4698691146000025,4.643232675589627,4.2961183,4.236572006136062
487,S. aureus,FLPKLFAGIISKNF,1.119530908,14,4.880469092,487,487,train,5,4.78036830350558,4.834979038987766,4.701928027381927,4.920385467517098,4.7105592919017845,4.901199107259998,4.967254732474096,4.9279265,4.880469091977445
488,S. aureus,FLPKLFAKITKKNMAHIR,0.011694568,18,5.988305432,488,488,train,9,5.888140092835632,4.9114749472190224,4.779473469451588,4.903420068070968,4.807526776685321,5.567995581280001,5.066024213136547,5.828856,5.988305431880133
489,S. aureus,FLPKMSTKLRVPYRRGTKDYH,0.158119229,21,5.841880771,489,489,train,9,5.741794497607429,5.724843016412144,4.715672589109789,5.604931096800281,4.679263262556098,5.385320783919996,5.005236807579033,5.783591,5.841880770952706
492,S. aureus,FLPLAMALGKLL,1.602059991,12,4.397940009,492,492,train,3,4.498027629259901,5.2406274326989095,4.698205643076212,5.031488369831042,4.679542990314413,4.4474585398700075,4.531546788611806,4.4039016,4.3979400090557474
493,S. aureus,FLPLFASLIGKLL,2.146128036,13,3.853871964,493,493,train,1,3.953988537796387,4.295139787284182,4.733679244739103,4.340712990395671,4.55359983745365,4.124105648860004,4.703587884447489,4.0629926,3.853871964284954
494,S. aureus,FLPLIGKILGTIL,0.698970004,13,5.301029996,494,494,train,7,5.20113133520892,4.549147199763206,4.7628428794913376,4.539276888111323,4.782418433275938,5.042709423490006,4.988011975719781,5.2076645,5.301029995919208
501,S. aureus,FLPLIGRVLSGILGWKRKRFG,1.0,21,5.0,501,501,train,6,4.899756976800928,5.138245947376814,4.884242890281096,5.279040809378515,5.000266019229908,5.00130794042,5.204379861571797,5.0277524,5.000000000032823
502,S. aureus,FLPLILPSIVTALSSFLKQG,1.248570124,20,4.751429876,502,502,train,4,4.732276719585632,5.229694633444289,4.812273129673668,5.256691139285328,4.924206175572987,4.770765453779993,4.803105269038235,4.7863545,4.751429876013376
503,S. aureus,FLPLKKLRFGLL,0.495544338,12,5.504455662,503,503,train,8,5.4043693955452445,5.073822596384782,4.791517304490789,5.010988273644505,4.830988922222608,5.386107724660002,5.021398188587273,5.4561534,5.504455661987107
504,S. aureus,FLPLLAGLAAKWF,1.274157849,13,4.725842151,504,504,train,4,4.732276719585281,4.790121009647162,4.723018455585369,4.6082337568291685,4.761808440763503,4.759582766559998,4.85107471029212,4.7532153,4.725842151025481
507,S. aureus,FLPLLASLFSRLL,0.301029996,13,5.698970004,507,507,train,9,5.598808448114155,4.882133713527961,4.751897451821047,4.844182906173113,4.582131415603637,5.234870842219997,5.017749485022906,5.621686,5.698970003782891
508,S. aureus,FLPLLFGAISHLL,1.488056526,13,4.511943474,508,508,train,3,4.61190388249839,5.2048022628123025,4.759019738536224,5.174382626486647,4.771133263577617,4.609695001450003,4.802954709265947,4.5010695,4.5119434740479285
509,S. aureus,FLPLLFGALSTLLPKIF,1.397940009,17,4.602059991,509,509,train,4,4.702174768461578,4.923846342950524,4.8082583368373975,5.05651821815226,4.8659064124349625,4.816460480109993,4.961935921711493,4.7337456,4.602059991073037
511,S. aureus,FLPLLVGAISSILPKIF,1.096910013,17,4.903089987,511,511,train,5,4.802940749302521,4.664590036195064,4.810366024324601,4.834725670266249,4.853843466616908,4.923830614619995,4.954514291782489,4.899594,4.9030899869605555
513,S. aureus,FLPLVLGALSGILPKIL,0.424703786,17,5.575296214,513,513,train,8,5.475414468566527,5.119790101097182,4.755077239841408,5.2856061939710495,4.797538091411429,5.2997515410999965,4.960675022779086,5.366775,5.575296213743035
514,S. aureus,FLPLVTGLLSGLL,1.806179974,13,4.193820026,514,514,train,2,4.293903216023056,4.744491285950579,4.704328765436357,4.6572472023459595,4.683715362230264,4.381164362800006,4.596128113338009,4.220242,4.193820026095448
515,S. aureus,FLPLVTMLLGKLF,0.875061263,13,5.124938737,515,515,train,6,5.024872614085652,4.690824721452365,4.830282787811738,4.657775054492578,4.848325695548634,5.0990803629399934,4.871202768856631,5.090837,5.124938736946328
516,S. aureus,FLPPSPWKETFRTS,1.098697885,14,4.901302115,516,516,train,5,4.801419211226327,4.763789400212789,4.545693675044608,4.7997440756700875,4.465745132684557,4.720178210670005,4.423107743254034,4.8080673,4.9013021149524105
519,S. aureus,FLPVILPVIGKLLNGIL,1.397940009,17,4.602059991,519,519,train,4,4.702177416620082,4.851173551736902,4.87265016955287,4.589534543962294,4.860383569447815,4.733070884809993,4.71171831250638,4.6501455,4.602059990874074
520,S. aureus,FLPVILPVIGKLLNGILGK,1.397940009,19,4.602059991,520,520,train,4,4.702177033000771,4.574130395384368,4.827678153221014,4.529140109785852,4.84492210652018,4.621026136289993,4.793256465992541,4.640064,4.602059991091416
521,S. aureus,FLPVILPVIGKLLSGIL,1.522878745,17,4.477121255,521,521,train,3,4.577250320562248,4.764521064541998,4.865073361311498,4.864029240421987,4.9013375857828665,4.681457592979996,4.713628576267056,4.493526,4.477121255178146
522,S. aureus,FLPVLAGVLSRA,1.529982483,12,4.470017517,522,522,train,3,4.570175168053381,4.345380142242295,4.630517933213083,4.255368910840602,4.626343605355812,4.421285712599993,4.407576099595005,4.4836736,4.470017517000698
523,S. aureus,FLPVLGKVIKLVGGLL,0.491361694,16,5.508638306,523,523,train,8,5.408478072966758,4.657754584456788,4.832466049286376,4.591057221181488,4.879354937949369,5.179013445310006,5.059919005982609,5.4358807,5.508638305617333
525,S. aureus,FLQHIIGALGHLF,1.222716471,13,4.777283529,525,525,train,4,4.7322767195856414,4.294587700524856,4.742369369246671,4.447794360466612,4.760351409486339,4.888699542409992,5.002000352984219,4.82125,4.777283529012636
526,S. aureus,FLQHIIGALSHFF,1.103803721,13,4.896196279,526,526,train,5,4.796286674296393,4.961892942598371,4.764984245762314,4.981324617009247,4.78128375590003,4.8408371407999935,4.935277014519603,4.8676248,4.896196278978996
527,S. aureus,FLQHIIGALTHIF,1.509874285,13,4.490125715,527,527,train,3,4.589998914289754,4.706119405641078,4.804709240754002,4.587030989758522,4.810269813682186,4.649279348409993,4.947362311572774,4.56858,4.490125714973808
528,S. aureus,FLSAIASMLGKFL,2.301029996,13,3.698970004,528,528,train,0,3.7988121873514764,3.9926312596368962,4.6407082725526,4.068563429787421,4.448224122899348,3.893767483259996,4.22840268706073,3.742665,3.698970004136351
529,S. aureus,FLSAITSLLGKLL,0.77815125,13,5.22184875,529,529,train,7,5.121978467886473,5.105532944907838,4.6624768955697835,5.093614349208515,4.6823079647450605,4.929520424429995,4.883396128385756,5.1732335,5.221848749981294
530,S. aureus,FLSGIVGMLGKLF,0.632023215,13,5.367976785,530,530,train,7,5.268092507500736,5.3837022685682925,4.748219696380611,5.348491801951995,4.881000163568649,5.201551154139999,5.12178088008799,5.3479495,5.367976785059252
531,S. aureus,FLSGIVGMLGKLFGK,0.477121255,15,5.522878745,531,531,train,8,5.4230505340588016,4.782444078841432,4.713157105180616,4.986008607968211,4.8375790678692505,5.304885389580004,5.152855704750441,5.5045824,5.522878744899246
532,S. aureus,FLSGLIGGLAKMLGK,0.973127854,15,5.026872146,532,532,train,6,4.926837192545052,4.759083213516518,4.647900251751442,4.872464711879896,4.653007798489465,4.912132010860005,4.7925039638361415,4.9201164,5.02687214600815
533,S. aureus,FLSHIAGFLSNLF,1.0,13,5.0,533,533,train,6,4.900201504770256,4.83363921571166,4.691864480942675,4.726003794512994,4.704066398941241,4.906929760349999,4.854072010455773,4.987945,4.999999999986874
534,S. aureus,FLSHIAGFLSNLFGK,0.782274918,15,5.217725082,534,534,train,7,5.117567142145423,4.712501945621662,4.664518158646599,4.8626609195829555,4.6819547325209,5.059203711590003,4.852688852630997,5.113428,5.217725081890954
535,S. aureus,FLSIIAKVLGSLF,0.875061263,13,5.124938737,535,535,train,6,5.02489523245776,5.090450836557829,4.786152948104781,4.928701217162996,4.820540063808723,5.039798869049997,4.872550592740122,5.0949864,5.1249387369113135
536,S. aureus,FLSLIPAAISAVSALANHF,1.517872518,19,4.482127482,536,536,train,3,4.581936897585631,4.680383846112815,4.672181540242145,4.798847472748117,4.665417667856145,4.632219831620005,4.629591193067228,4.5692368,4.482127482018553
537,S. aureus,FLSLIPHAIKAVGVHAKHF,1.788000754,19,4.211999246,537,537,train,2,4.311845992928088,3.8521149586772383,4.783194305970385,4.060272934532907,4.803506476748918,4.257462809500003,4.503472595725215,4.1725984,4.211999245810138
538,S. aureus,FLSLIPHAINAVGVHAKHF,2.393000622,19,3.606999378,538,538,train,0,3.7073582164341987,4.40558678724689,4.7582038683374694,4.353953889054507,4.753332774812111,4.013343467950006,4.240918357617637,3.8219185,3.606999378239709
539,S. aureus,FLSLIPHAINAVSAIAKHF,0.62324929,19,5.37675071,539,539,train,7,5.276533194635972,4.970976716265506,4.73915105106217,4.824172568638378,4.742450851007927,5.2204607177400035,4.917739110778357,5.2871656,5.37675070977866
540,S. aureus,FLSLIPHAINAVSAIAKHFG,0.77815125,20,5.22184875,540,540,train,7,5.121815635524771,4.5923979407005495,4.733335193384411,4.6167304034319425,4.733893113107094,5.061471857809998,4.882362734882934,5.1501174,5.22184875007593
541,S. aureus,FLSLIPHAINAVSAIAKHN,0.897627091,19,5.102372909,541,541,train,6,5.002490065251988,5.088316268202636,4.67352709562076,4.831152569067508,4.656505587614192,5.003155915439998,4.857594210204341,5.063432,5.102372908972563
542,S. aureus,FLSLIPHAINAVSALANHG,0.788875116,19,5.211124884,542,542,train,7,5.111116625574895,5.186816251879582,4.616362957986978,5.10177941481926,4.594369011902332,5.020852270640005,4.788278338743049,5.1599092,5.211124883968836
543,S. aureus,FLSLIPHAINAVSTLVHHF,0.67669361,19,5.32330639,543,543,train,7,5.223158322815602,4.144750762681108,4.807814438507041,4.258243199141753,4.8197339041166485,5.06899163653001,5.025054990521499,5.231197,5.323306389952354
544,S. aureus,FLSLIPHIATGIAALAKHL,0.278753601,19,5.721246399,544,544,train,9,5.621309785541355,4.996036053831135,4.755901841603447,5.188231556167486,4.770646353548217,5.41393765328,5.227784387085828,5.6169324,5.721246398828341
545,S. aureus,FLSLIPHIVSGVAALAKHLG,1.091080469,20,4.908919531,545,545,train,5,4.808456057998544,5.476043944645668,4.768931225757007,5.443243427192865,4.8730213563627345,4.848155175389994,4.907205754901023,4.9439774,4.908919531191971
549,S. aureus,FLSLIPKAIKAVGVKAKKF,2.129431306,19,3.870568694,549,549,train,1,3.970733823078268,4.515492657471814,4.782857255694549,4.7794504254475605,4.818665488183803,4.177531163729999,4.676911965228071,3.9719112,3.8705686944234245
550,S. aureus,FLSLIPKIAGGIAALAKHL,0.616772114,19,5.383227886,550,550,train,7,5.283184168503866,5.5127056373152925,4.733559280572439,5.3341339561914785,4.759142471607371,5.287775544649994,5.188447336113018,5.461339,5.383227886063431
551,S. aureus,FLSLIPKIATGIAALAKHL,0.301029996,19,5.698970004,551,551,train,9,5.598816436337265,5.154783465850769,4.760277715949555,5.107355366106733,4.783608696086162,5.557097872489994,5.229368723306272,5.6608343,5.698970003967189
552,S. aureus,FLSLIPKLVKKIIKAFK,0.397940009,17,5.602059991,552,552,train,8,5.502177236557539,4.832716803677598,4.87506112856543,4.579232455913169,4.961287417212046,5.414526930929994,5.1017570308595515,5.4801292,5.602059990550358
553,S. aureus,FLSLIPSLVGGSISAFK,2.079181246,17,3.920818754,553,553,train,1,4.02090886354608,4.601711591755722,4.715910486060745,4.771498461286283,4.722093180553587,4.218526778669996,4.52791266873363,4.018968,3.9208187540716217
554,S. aureus,FLSMIPHIAGGIASLVKNL,1.208176921,19,4.791823079,554,554,train,4,4.7322772278402265,4.775425229213098,4.705997830947672,4.652365738473484,4.580378972579245,4.900888060399995,4.880176370413214,4.8583446,4.7918230790298955
555,S. aureus,FLSMIPHIVSGVAALAKHL,0.795880017,19,5.204119983,555,555,train,6,5.1042838704759514,5.588533297314945,4.798221353590533,5.660322926791773,4.892168796694693,5.127651027239998,5.038463623995838,5.205759,5.204119982931386
556,S. aureus,FLSMIPKIAGGIASLVKNL,0.608086824,19,5.391913176,556,556,train,7,5.292041447939908,4.925065866805181,4.710190860734925,4.783562861404998,4.593723886487373,5.270433822820001,4.883490419305198,5.332321,5.391913175834138
557,S. aureus,FLSSIGKILGNLL,1.403335041,13,4.596664959,557,557,train,4,4.696637099411197,4.84964333254457,4.6985882396209036,4.757297679857155,4.684631314269587,4.690817942790004,4.920556711751941,4.640641,4.596664959019157
558,S. aureus,FLSTIWNGIKGLL,0.977723605,13,5.022276395,558,558,train,6,4.922011597027063,5.363464566555057,4.748344339883118,5.411612150977094,4.744798069953545,4.970641613290002,4.9109604970248855,5.0049176,5.022276395002357
559,S. aureus,FLSTIWNGIKSLF,0.903089987,13,5.096910013,559,559,train,6,4.997064724048969,5.130135097898565,4.768183635995326,5.116946846938141,4.78395695892287,5.033461715360008,4.931870603971048,5.0621552,5.096910013002598
560,S. aureus,FLSTIWNGIKSLL,1.079181246,13,4.920818754,560,560,train,5,4.820660844762997,5.321781217053637,4.754962652640696,5.322328938389847,4.752041679013394,4.960521572849998,4.916803072086786,4.959777,4.920818753980794
561,S. aureus,FLSTLWNAAKSIF,1.056169428,13,4.943830572,561,561,train,5,4.843950130208542,4.964995623484902,4.701546333031807,4.913047362687132,4.692494895814244,4.8333786713200055,4.789354436890276,4.8780603,4.943830571980276
562,S. aureus,FLTGLIGGLMKALGK,2.176091259,15,3.823908741,562,562,train,0,3.92345190397946,3.7311743374569417,4.669571390328522,3.8896898184389435,4.662960213452555,4.200709597710007,4.768726074624491,3.98455,3.823908741073797
564,S. aureus,FLWGLIPGAISAVTSLIKK,0.637851065,19,5.362148935,564,564,train,7,5.2623041833879665,5.322719801734174,4.789364850744757,5.108978184704079,4.833338166915078,5.186141069239998,4.996750558945981,5.254984,5.362148934942467
565,S. aureus,FLWWLFKWAWK,0.59226113,11,5.40773887,565,565,train,8,5.307704975105914,5.5276510254037055,5.055310595026581,5.473997851103365,5.1512844163846,5.361030361230002,5.21086266583949,5.37833,5.407738870082348
566,S. aureus,FLYIVAKLLSGLL,0.176091259,13,5.823908741,566,566,train,9,5.723753043067319,5.15269895852901,4.877335837639222,5.0647600424216535,5.007357197868161,5.599734065980004,5.079270945609532,5.74975,5.823908740927151
567,S. aureus,FMPIIGRLMSGSL,-0.064693135,13,6.064693135,567,567,train,9,5.96453494332933,5.8529098076790875,4.705322842440989,5.7071992380273056,4.679487579064026,5.499294864650006,4.9115742783222505,5.949881,6.064693134909516
568,S. aureus,FPFSLIPHAIGGLISAIK,1.681241237,18,4.318758763,568,568,train,3,4.418719178439924,4.678137401006726,4.731553283890298,4.691291275998151,4.733597193128477,4.499202490590003,4.691156103150872,4.4057355,4.318758763115636
569,S. aureus,FPISTLLKWWKG,1.927890158,12,4.072109842,569,569,train,2,4.172277554544623,4.700879540021137,4.796981279247878,4.605797999688088,4.817234370817554,4.281935658489995,4.718592282009597,4.18622,4.07210984203368
571,S. aureus,FPVGRVHRLLRK,1.335533875,12,4.664466125,571,571,train,4,4.7319378848308595,4.391816664149422,4.742904242341252,4.48976214493099,4.755975641970154,4.622036371049996,4.655597703998814,4.609671,4.664466124914673
572,S. aureus,FPVKLKFPKVKL,1.986603041,12,4.013396959,572,572,train,1,4.1133657683142815,4.245331105583849,4.7711066570481995,4.215694390317484,4.7450853789910665,4.329691281319996,4.303623281532866,4.0086927,4.013396958992101
573,S. aureus,FPVTFRFFKFFKG,1.702085896,13,4.297914104,573,573,train,2,4.397958706253772,4.373002741643122,4.875406135930228,4.332334205950259,4.935848242521507,4.559714210290005,4.749002916463438,4.3463182,4.297914103951552
575,S. aureus,FPVTWKWWKWWKG,1.301029996,13,4.698970004,575,575,train,4,4.732276721399891,4.742861018617742,4.9325114215173365,4.800316683289413,5.027290173875018,4.7252125129999945,4.884363857046588,4.7041206,4.6989700041598175
576,S. aureus,FPVTWPTKWLKG,2.233666999,12,3.766333001,576,576,train,0,3.8661753994916777,3.98473331602929,4.722830638317571,3.9820863480791573,4.708770762412367,3.8338621401000044,4.093250711295709,3.77834,3.766333001059173
577,S. aureus,FPVTWPTKWRKG,2.221050469,12,3.778949531,577,577,train,0,3.8791226652828406,3.731446100132332,4.683277382253454,3.7845473066537654,4.670450072120993,3.922117401440006,4.23423206884611,3.8285897,3.778949530981657
578,S. aureus,FPVTWPTKWWEG,2.212192342,12,3.787807658,578,578,train,0,3.8879732876768784,3.6351427754030414,4.496595313141025,3.806447210592837,4.396541956239748,3.8472164187700026,3.9191156179011966,3.7592711,3.7878076579757693
580,S. aureus,FPVTWPTKWWKS,2.204033855,12,3.795966145,580,580,train,0,3.89580819838091,3.504399287403743,4.7506605326783795,3.5307632200149985,4.745865727142508,3.938413970010002,4.182712823885986,3.8283918,3.795966145031143
583,S. aureus,FPVTWRWWTWWKG,1.241253198,13,4.758746802,583,583,train,4,4.732276719585632,4.6893914367330884,4.931970872397503,4.68799123986719,5.027874285283992,4.7265781698700025,4.766475223344144,4.7037315,4.758746801947459
584,S. aureus,FQNRRMKWKK,2.408239965,10,3.591760035,584,584,train,0,3.6918768565247877,3.7811340419287793,4.6173716581140605,3.5712458673203473,4.4458879428550455,3.843989669679997,3.7632231021228386,3.582019,3.5917600349042327
587,S. aureus,FQWQRNMRKVRGPPVS,2.698970004,16,3.301029996,587,587,train,0,3.4010093879941454,3.165266276523469,4.7167074494263685,3.196838116546515,4.685983237826963,3.699021171150006,3.8385283193425166,3.3287468,3.301029996053997
589,S. aureus,FRFKFRFK,2.327744531,8,3.672255469,589,589,train,0,3.772234989874086,5.021825120211515,4.847531555630776,4.989187115406862,4.912593885769959,4.049147313289998,4.566723749866065,3.7213132,3.6722554691376854
590,S. aureus,FRIRVRV,2.10720997,7,3.89279003,590,590,train,1,3.992746882077313,4.255326457908798,4.835159501253885,4.278423815219831,4.875185932398696,4.048966966730002,4.362740601420114,3.9246519,3.8927900301064677
591,S. aureus,FRIRVRVFKRIVQRIKDFLR,0.602059991,20,5.397940009,591,591,train,7,5.298106466652487,5.227685508622082,4.935578270007471,5.232247545547396,5.060577516340883,5.2714660546800065,5.10416575234909,5.3654585,5.397940009036762
592,S. aureus,FRIRVRVKWKLFKKI,0.602059991,15,5.397940009,592,592,train,7,5.297696892790797,5.4013206838005265,4.982033575872149,5.394969264998794,5.082251958092565,5.337556601230006,5.214056842789247,5.4050517,5.3979400090993455
593,S. aureus,FRKLFRVYSNFLRGKLKL,1.041392685,18,4.958607315,593,593,train,5,4.858771590016547,5.344428410241107,4.942505084237978,5.407254161012798,5.007675189459802,5.074705631729998,5.195927017454289,5.021906,4.958607314931747
594,S. aureus,FRPALIVRTKGTRL,1.477121255,14,4.522878745,594,594,train,3,4.622998069136365,4.7337173901465235,4.6564548645916615,4.693592062240564,4.766331063439349,4.545007165560005,4.783739492082472,4.4951644,4.522878744947813
597,S. aureus,FRRFFKWPRRFFKFF,0.957447649,15,5.042552351,597,597,train,6,4.942671968873644,5.811185509861449,5.020361896034803,5.872735894958319,5.159631987924115,5.110885554519997,5.259512754866062,5.0426335,5.042552350938883
598,S. aureus,FRRFFKWPRRPFKFF,0.806632129,15,5.193367871,598,598,train,6,5.092866446403926,5.440803065106261,4.934145878438036,5.376995165284321,5.068759668816343,5.1960246025000085,5.17903873549899,5.1977634,5.193367870796371
599,S. aureus,FRRFRKWFRRFLKLF,1.193820026,15,4.806179974,599,599,train,5,4.7322767196207955,4.872718066001857,5.038909958476103,4.907357653229584,5.168057204968435,5.024165871129994,5.267422503329799,4.9379168,4.806179974333585
600,S. aureus,FRRPFKWPRRFFKFF,0.7981901,15,5.2018099,600,600,train,6,5.1017753770830545,5.387853862802999,4.934602989835176,5.311259341683581,5.069954130987895,5.195581847450001,5.192299116756925,5.217365,5.20180990059458
601,S. aureus,FRRWWKWFK,0.032057099,9,5.967942901,601,601,train,9,5.868098214459414,5.47879942942456,4.95430305916114,5.386425819944038,5.06373900419152,5.699887507790005,5.3260808398946855,5.8517394,5.967942900654849
602,S. aureus,FRVTWRTKWWKG,0.477121255,12,5.522878745,602,602,train,8,5.422978956935978,4.48131942670381,4.788662499136763,4.643454055850825,4.8235976196957076,5.301777819590005,4.781184999638844,5.4355054,5.5228787449475165
603,S. aureus,FSEAIKKIIDFLG,2.237759456,13,3.762240544,603,603,train,0,3.8624962645272314,3.710682459310175,4.326858329017993,3.6789649800515782,4.305613808380343,4.033542922550003,4.292393181433268,3.8499868,3.7622405439778
604,S. aureus,FSFLSRIF,2.0,8,4.0,604,604,train,1,4.1001715343287195,4.879930324728137,4.754673786320484,4.933693899521556,4.793795450529859,4.060855996700002,4.215139008422402,4.027113,4.0000000000125135
605,S. aureus,FSIARLLKWWKG,1.144735173,12,4.855264827,605,605,train,5,4.755107096234534,4.574919253035077,4.80918241987053,4.722145648758693,4.848734743839743,4.890203558719996,4.994315601130797,4.8911457,4.855264826986038
606,S. aureus,FSTKTRNWFSEHFKKVKEKLKDTFA,1.906084061,25,4.093915939,606,606,train,2,4.193761990283587,4.0030256642766915,4.706726031959508,4.041832348893815,4.701781865312315,4.384935158959999,4.6479399808298645,4.1718287,4.093915939027283
607,S. aureus,FSVTWRWWKWWKG,0.846036903,13,5.153963097,607,607,train,6,5.054080253251981,5.3932504121147335,4.939140448942881,5.3601277512231995,5.050235425614029,4.950606938759991,5.0419286806792,5.0911927,5.153963096946269
608,S. aureus,FTVATFI,0.850606277,7,5.149393723,608,608,train,6,5.049236875469875,4.949999901146975,4.710205896625096,5.0068367099958015,4.623888646674071,4.809496805630002,4.852272873102491,5.131907,5.1493937229188464
609,S. aureus,FVDLKKIANIINSIF,1.158362492,15,4.841637508,609,609,train,5,4.741539179269126,4.826424084075466,4.660655657722421,4.58466319553484,4.647643273375383,4.8174359402300055,4.70369903005666,4.8170247,4.841637507963224
610,S. aureus,FVDLKKIANIINSIFGK,1.158362492,17,4.841637508,610,610,train,5,4.741530909291622,4.6349506646720435,4.648632939146596,4.703431131179617,4.645423837339458,4.822860153660005,4.690798908754633,4.77499,4.841637508011202
611,S. aureus,FVGAIAAALPHVISAIKNAL,1.204119983,20,4.795880017,611,611,train,4,4.7322767195856335,4.697513474643937,4.683362208323537,4.739898103741672,4.678314122560676,4.7502176921000006,4.789521800797619,4.760677,4.795880016854223
613,S. aureus,FVKKFWGGVKAIFKGARKGLK,0.892094603,21,5.107905397,613,613,train,6,5.008045583870518,4.750466468728544,4.819000780911578,4.886122752505199,4.912432365587908,5.092718786540007,4.926195058749674,5.093688,5.10790539695827
614,S. aureus,FVPWFSKFLGRIL,0.977723605,13,5.022276395,614,614,train,6,4.922042163121552,5.182938874906893,4.859585428519751,5.130171337325869,4.968793430914563,5.072963190810003,5.194803049209115,5.037869,5.022276394935765
615,S. aureus,FVPWFSKFLKRIL,0.971971276,13,5.028028724,615,615,train,6,4.9281480510450715,5.0730027005466996,4.93456308067137,4.963794972287725,5.040715267634225,5.135870761940006,5.169421321044773,5.1055183,5.028028723980165
618,S. aureus,FVQWFSKFLGKIL,0.954242509,13,5.045757491,618,618,train,6,4.945890105439341,5.0590403758630895,4.858533733172569,5.08965852798647,4.923888151306361,5.098819355660003,5.075159350490979,5.053601,5.0457574909883505
621,S. aureus,FVQWFSRFLGRIL,0.77815125,13,5.22184875,621,621,train,7,5.1218282708740785,5.539134313622308,4.882428331144954,5.5468339302464,4.968279671987398,5.230759666289997,5.207111942366393,5.2196584,5.221848749986422
622,S. aureus,FVRWFSKFLGRIL,0.77815125,13,5.22184875,622,622,train,7,5.121224997704827,5.550199347036253,4.882665910362226,5.637420162686356,4.976429111619971,5.206859434769998,5.227122539123747,5.1986637,5.221848750043298
623,S. aureus,FVRWFSRFLGRIL,0.77815125,13,5.22184875,623,623,train,7,5.122105150118632,5.569610953966339,4.896251496595768,5.591926409697752,5.002905824383335,5.216554339139996,5.225060193475771,5.2313786,5.221848750110897
624,S. aureus,FVVKKKKKVF,1.902875533,10,4.097124467,624,624,train,2,4.197016492689296,4.47656580220816,4.80881002133823,4.37493079177805,4.8403923574954595,4.267964013510006,4.652965005114624,4.095795,4.097124467040358
628,S. aureus,FWGALAKGALKLIPSLVSSFTKKD,0.748188027,24,5.251811973,628,628,train,7,5.151905107142182,5.120448559666372,4.76715537782593,5.090893836327499,4.725529160762975,5.121237795039992,4.843752538061795,5.1420436,5.251811972980424
631,S. aureus,FWGFLGKLAMKAVPSLIGGNKK,0.698970004,22,5.301029996,631,631,train,7,5.200867044001636,4.823922559989596,4.822017695578667,4.924566666300726,4.864866314093084,5.126214593260005,4.869397909593909,5.26263,5.3010299959074985
632,S. aureus,FWGFLGKLAMKAVPSLIGGNKSSSK,1.0,25,5.0,632,632,train,6,4.900171692037843,4.8380380944628865,4.803647911308129,4.7510840050227205,4.860198445274745,4.962500725370001,4.804790712390217,4.9190955,5.00000000007409
633,S. aureus,FWGKLWEGVKNAI,1.505149978,13,4.494850022,633,633,train,3,4.595020333969223,4.531336767906187,4.488605981586907,4.5577451042765205,4.451670219589649,4.595612967289996,4.586990205826679,4.4972897,4.494850022085976
634,S. aureus,FWGLKGLKGPGKFSKKL,1.903089987,17,4.096910013,634,634,train,2,4.197039126451139,4.50654305560838,4.656911175437876,4.520394761678356,4.706517000584271,4.3553474505700045,4.728031647176719,4.1714787,4.096910012960011
635,S. aureus,FWGLKGLKKFSKKL,2.477121255,14,3.522878745,635,635,train,0,3.622787797231899,4.4867708159247055,4.715421611806824,4.723806673057725,4.774995157877642,4.019696148710005,4.697340584335694,3.710984,3.5228787452613255
638,S. aureus,FWQKMSFA,1.374036408,8,4.625963592,638,638,train,4,4.726131661913779,4.628552886582134,4.701560975054373,4.6947436178024144,4.632301556134049,4.457472748980003,4.08509673322099,4.5890536,4.625963591950829
640,S. aureus,GAARKSIRLHRLYTWKATIYTR,1.302220212,22,4.697779788,640,640,train,4,4.732276719585632,4.963917116543723,4.857563500628549,4.981306432229967,4.895156149015275,4.7002104920699965,4.854326127424736,4.6764026,4.697779787992139
641,S. aureus,GAHDILKYGKPS,1.477121255,12,4.522878745,641,641,train,3,4.622992143246929,4.15441103992468,4.244451772412975,4.111556775710376,4.192887109231545,4.568124215690005,4.5016829418002775,4.538221,4.522878744976992
642,S. aureus,GAKALTKAATAFTKFYKTIW,1.761325425,20,4.238674575,642,642,train,2,4.3385184479884895,3.995867961997745,4.764311052332058,4.081739938278289,4.767023183394001,4.472562956480001,4.459981971167446,4.319988,4.238674574993269
643,S. aureus,GAKYAKIIYNYLKKIANALW,0.70963328,20,5.29036672,643,643,train,7,5.190205697255831,5.347869148106467,4.877496820529177,5.410197402231077,4.866189090761046,5.038355300250004,4.963318885096568,5.1790476,5.290366720033037
644,S. aureus,GAKYAKYIYNFYKYIAKYIW,1.697786165,20,4.302213835,644,644,train,3,4.4023789678247605,4.670142410637131,5.038458106614528,4.631655119105571,5.052862238729888,4.517987465209995,4.931016947050077,4.3502626,4.302213834974553
645,S. aureus,GALFKVASKVL,2.247031938,11,3.752968062,645,645,train,0,3.853138748183019,4.558658703003835,4.585108713123712,4.529140317123456,4.278850388540032,3.963158053569996,4.09747276953205,3.7895615,3.752968062522371
646,S. aureus,GALFKVASKVLPS,2.181580169,13,3.818419831,646,646,train,0,3.918262037479815,3.8946177208274646,4.550176887003344,3.8851946902985057,4.272993972928972,4.040491395230004,4.236062191803445,3.8131893,3.818419830802497
648,S. aureus,GANAAKKFATIAKKFINYLW,0.850846749,20,5.149153251,648,648,train,6,5.049005589067097,5.041604011021929,4.782307453801275,5.170561061123947,4.7567383501669775,5.048616935159991,4.875848995704914,5.112717,5.149153250989343
649,S. aureus,GANAAKKLATFAKKIFTAYW,1.463642911,20,4.536357089,649,649,train,3,4.6362061480690056,4.715769410267222,4.730129465968813,4.773685697002877,4.706094445921801,4.603818578409995,4.623985320334708,4.5497327,4.5363570890341895
650,S. aureus,GANALKKYFTILKKFFKLAW,0.826103265,20,5.173896735,650,650,train,6,5.0739005460689555,5.314750603134278,4.8950972195463525,5.259339508729939,4.9369810877305875,5.0272206628899925,4.943203959271002,5.1258655,5.173896735018184
651,S. aureus,GANLAKKFYTYINKFINYAW,1.722358773,20,4.277641227,651,651,train,2,4.377759880292862,4.754670568141484,4.88071731814441,4.604862587245546,4.8577349863705965,4.463016976600001,4.74219190118006,4.35224,4.277641226999479
652,S. aureus,GATAIKQVKKLFKKKGG,0.301029996,17,5.698970004,652,652,train,9,5.598576780628655,5.18381312077761,4.618415930658288,5.1534398515153494,4.57169914715881,5.441050864519996,4.730465752315635,5.561546,5.698970003392142
653,S. aureus,GATAIKQVKKLWKKKGG,0.908485019,17,5.091514981,653,653,train,6,4.991359420361692,5.151487679461519,4.6321637432653135,5.066045807613505,4.595643028193707,5.177191291519994,4.744874752569214,5.1581917,5.091514981597583
654,S. aureus,GAVDILKGAAKDIAGHLASKVMNKL,2.0,25,4.0,654,654,train,1,4.100061078143191,3.7452603113803553,4.5233620438054,3.7804516854352137,4.347156694555184,4.061032421409999,4.005433355383492,4.0289235,3.9999999996685376
655,S. aureus,GAWKNFWSSLRKGFYDGEAGRAIRR,1.589949601,25,4.410050399,655,655,train,3,4.51019604396943,4.372336790188616,4.5992605518518435,4.409594500944916,4.638864341051634,4.5091999613999985,4.684172823234044,4.4501643,4.410050398973172
659,S. aureus,GEKLKKIGKKIKNFFQKL,1.096910013,18,4.903089987,659,659,train,5,4.803023816875834,4.466982379152194,4.683659274922446,4.514224272481925,4.681911718945841,4.804256170069993,4.676577680370925,4.6723695,4.90308998699771
660,S. aureus,GEKLKKIGQKIKKFFQKL,1.397940009,18,4.602059991,660,660,train,4,4.702158212384856,4.152244986069329,4.7041605864234235,4.178169006979635,4.714353366634355,4.616627188469994,4.766337743617415,4.664626,4.602059990956684
664,S. aureus,GFFALIPKI,1.997724881,9,4.002275119,664,664,train,1,4.102430269300454,4.81311993239238,4.723878848018936,4.809256155122592,4.684834712509272,4.139847366469996,4.3083915434595745,4.057232,4.002275119032242
665,S. aureus,GFFALIPKIISSPLFKTLLSA,1.64517004,21,4.35482996,665,665,train,3,4.454493634122954,4.905451845142702,4.842029773459107,4.935512850500321,4.886651787622029,4.516236362790002,4.833956605923333,4.4670687,4.354829960218297
666,S. aureus,GFGKAFHSVSNFAKKHKTA,2.0,19,4.0,666,666,train,1,4.100201416881462,4.070189989345441,4.647009397114037,4.142755455668313,4.61691236096728,4.1994454145999995,4.497702466416093,4.044862,4.0000000000123945
667,S. aureus,GFGKALKLLKKVL,1.0,13,5.0,667,667,train,6,4.900105810792036,4.662097657208567,4.740363033077765,4.6882740374806104,4.737267192190547,5.04321054601,4.926075550969701,4.969905,4.9999999999962315
669,S. aureus,GFGSKPLDSFGLNFF,1.264185151,15,4.735814849,669,669,train,4,4.732276719585632,4.759228463102361,4.421170351287126,4.741946816089501,4.328555420317478,4.600364984090002,4.404918832158323,4.683594,4.735814848985155
670,S. aureus,GFGSLLGKALKIGTNLL,0.77815125,17,5.22184875,670,670,train,7,5.122020190005221,4.54079765020072,4.675964858299394,4.560545012684238,4.65255895172931,5.108884615709996,4.870835639463791,5.1683135,5.22184874992761
671,S. aureus,GFGSLLGKALRLGANVL,0.924308038,17,5.075691962,671,671,train,6,4.975809100705413,4.607855849460149,4.637622422778037,4.599597099465948,4.63100644601908,5.028532213240002,4.904442168663385,5.106422,5.075691961961737
672,S. aureus,GFGSVLGKALKFGANLL,1.096910013,17,4.903089987,672,672,train,5,4.803163372688144,4.625073392157784,4.656099897077573,4.666904903997309,4.643014102672299,4.8811291643499946,4.887121717881838,4.9623485,4.903089986975322
673,S. aureus,GFGVLAKVAAHVVPAIAEHF,1.806179974,20,4.193820026,673,673,train,2,4.2939779829845355,4.139380360639959,4.622420251297253,4.127889362752708,4.515260989154028,4.306040921830006,4.38992404410488,4.2279305,4.193820026056686
674,S. aureus,GFIFHIIKGLFHAGK,1.171334407,15,4.828665593,674,674,train,5,4.732276972896204,4.793250355723407,4.725436150952127,4.824971248914748,4.7654577233231175,4.866736054969995,4.893935134027634,4.859502,4.828665593127377
683,S. aureus,GFKDWIKGAAKKLIKTVASSIANQ,1.397940009,24,4.602059991,683,683,train,4,4.702182498177596,4.4776281143667225,4.681582971714377,4.3408174711335095,4.588918573135042,4.533962017589996,4.309656086953348,4.4477854,4.6020599909290505
684,S. aureus,GFKEVLKADLGSLVKGIAAHVAN,2.330413773,23,3.669586227,684,684,train,0,3.769432278282656,3.5591663069604387,4.549760347847221,3.6146641156097377,4.52664192663042,3.7442484031400016,4.172121089673391,3.7023308,3.6695862269866772
685,S. aureus,GFKEVLKAGLGSLVKGIPAHVAN,2.63748973,23,3.36251027,685,685,train,0,3.462218036509383,3.777910271248855,4.641925985517173,3.7805098623908844,4.627279669126688,3.545296095149995,4.220437419420238,3.4973018,3.362510270042784
687,S. aureus,GFKMALKLLKKVL,0.982271233,13,5.017728767,687,687,train,6,4.9180752013262055,5.341967290329629,4.841823360859129,5.254625794826056,4.838047415933293,5.024851233039998,4.983145845270673,5.081617,5.01772876716594
692,S. aureus,GFLDIVKGVGKVALGAVSKLF,0.577049239,21,5.422950761,692,692,train,8,5.323115403898872,4.941139850768236,4.659496305440674,4.935917360753048,4.791949213629584,5.086432610309996,4.6565347834549105,5.1780005,5.422950760865558
693,S. aureus,GFLDVIKHVGKAALGVVTHLINQ,0.818539249,23,5.181460751,693,693,train,6,5.081306954618636,5.098657240621212,4.733983764815713,5.1543212892200625,4.769487245603207,4.930812542529995,4.69519849656599,5.108774,5.181460750998617
694,S. aureus,GFLDVVKHIGKAALGAVTHLINQ,1.124612415,23,4.875387585,694,694,train,5,4.77522949794609,4.762331392767783,4.681259994931916,4.898785950314709,4.708064425609863,4.72909540473,4.500430947844321,4.7850165,4.8753875850072035
695,S. aureus,GFLGSLLKTGLKVGSNLL,1.551754873,18,4.448245127,695,695,train,3,4.548203622489368,4.450053168484509,4.720941546032289,4.438827755988532,4.704103385568326,4.580435168420002,4.768098905886156,4.531185,4.448245127123364
696,S. aureus,GFLSILKKVL,1.037426498,10,4.962573502,696,696,train,5,4.8626906407052255,5.074432783096913,4.777665067805887,5.058184172050941,4.765984028572424,4.7945476430600005,4.600950279602768,4.960912,4.962573501983255
697,S. aureus,GFLSILKKVLAKVMAHMK,0.672097858,18,5.327902142,697,697,train,7,5.227434657513347,5.323992713587344,4.872370670930152,5.333398773083069,4.8899959460278195,5.253044659990007,4.964361790592055,5.2651415,5.327902141912682
698,S. aureus,GFLSILKKVLGKVMAHMK,0.633468456,18,5.366531544,698,698,train,7,5.266508763646919,5.2628184710668675,4.834839791275048,5.163954742660342,4.865180170754587,5.26739934753,4.960857473978429,5.227555,5.36653154372711
699,S. aureus,GFLSILKKVLKKVMAHMK,1.139879086,18,4.860120914,699,699,train,5,4.760285882486622,4.966375725829843,4.891353194162418,4.97479941569074,4.921891743411448,5.035599528109999,5.002553905396333,4.99961,4.860120914296954
700,S. aureus,GFLSILKKVLPKVMAHMK,0.832508913,18,5.167491087,700,700,train,6,5.067831690937558,5.099752602475095,4.844582598023645,4.954158484492767,4.869869167674553,5.1627160854299925,5.009167501838063,5.144949,5.167491087008833
701,S. aureus,GFMKYIGPLIPHAVKAIKKLI,1.830652814,21,4.169347186,701,701,train,2,4.269509954460067,4.094652683892881,4.900235683105188,4.4421614024700755,4.9393246866306955,4.4089109069399965,4.666452225325088,4.1955075,4.1693471860280304
702,S. aureus,GFMKYIGPLIPHAVKAISDLI,1.725298943,21,4.274701057,702,702,train,2,4.374865673242454,4.494966792996015,4.716096006268195,4.481783179079892,4.654722765627962,4.2813849567,4.455117534338849,4.2562857,4.27470105689299
703,S. aureus,GFMKYIGPLIPHAVKAISKLI,1.920818754,21,4.079181246,703,703,train,2,4.179148196620618,4.291892154468953,4.8718088787296185,4.280299639832216,4.907005203578601,4.2627402789400035,4.5619986739493665,4.130966,4.079181246123017
704,S. aureus,GFMKYIGPLIPHKVKAISDLI,2.301029996,21,3.698970004,704,704,train,0,3.7988166645441224,4.087315346118104,4.733147949721596,4.2151971376071815,4.682572347504385,3.979449626689995,4.524702181023244,3.8142521,3.6989700040811724
705,S. aureus,GFMKYIKPLIPHAVKAIKKLI,1.920818754,21,4.079181246,705,705,train,2,4.1791101091884375,4.66199757109179,4.905046440421025,4.578765825735834,4.959765524189877,4.338901798010002,4.844923851326901,4.2612095,4.079181246411759
706,S. aureus,GFMKYIKPLIPHAVKAISKLI,1.397940009,21,4.602059991,706,706,train,4,4.701905310539692,4.746631949190572,4.8766452342836955,4.804554775235669,4.927524104477036,4.578038020869994,4.630052641173407,4.5264177,4.6020599905704405
707,S. aureus,GFMSKVANFAKKFAKGGVNAIMNQK,2.10720997,25,3.89279003,707,707,train,1,3.992908268575833,4.31055330498136,4.782399223834935,4.339507269869425,4.74092625449983,4.123818936550001,4.4450171716235936,4.008889,3.8927900300276925
708,S. aureus,GFRDVLKGAAKAFVKTVAGHIAN,1.782950133,23,4.217049867,708,708,train,2,4.317161488421991,4.110179628200569,4.647139410321375,4.249422355118565,4.664663353810869,4.251107721040006,4.191621084865675,4.1891575,4.217049866950822
709,S. aureus,GFRDVLKGAAKAFVKTVAGHIANI,1.698970004,24,4.301029996,709,709,train,2,4.401080256607363,4.320595695865651,4.694661230101335,4.428141154514152,4.713571788145239,4.3268494084400055,4.295036759972573,4.310735,4.301029996078158
710,S. aureus,GFSPNLPGKGLRIS,1.840835588,14,4.159164412,710,710,train,2,4.259330868964856,4.006948268518239,4.4976035934656196,4.054803422712602,4.412783671741019,4.266729870139998,4.352152551324363,4.1581926,4.159164411986369
711,S. aureus,GFVALLKKLPLILKHLH,0.204119983,17,5.795880017,711,711,train,9,5.696040921903018,5.138283690801216,4.870714320730259,4.97995674414956,4.922480409699659,5.616320498259999,5.121160918286386,5.642972,5.795880016902594
712,S. aureus,GFVALLKKLPLILKHLP,0.492760389,17,5.507239611,712,712,train,8,5.407085348516725,4.998262511668989,4.841128615726038,4.998852609297392,4.881963542296198,5.4091618921099975,5.141500429612293,5.4840164,5.507239611001631
713,S. aureus,GFVDFLKKVAGTIANVVT,1.726026326,18,4.273973674,713,713,train,2,4.37411716704344,4.336801201509166,4.6338715916216735,4.418742955730184,4.60430749493868,4.387618296549995,4.536937061196148,4.358795,4.273973674037555
714,S. aureus,GFWGKLFKLGLHGIGLLHLHL,0.229727569,21,5.770272431,714,714,train,9,5.670405094114455,5.68255782386717,4.886163634641256,5.678586648116132,4.977840641612128,5.531690816510005,5.225472900238242,5.6579247,5.770272430953677
715,S. aureus,GFWGKLWEGVKNAI,1.002144011,14,4.997855989,715,715,train,6,4.898056886601645,4.424218843298879,4.484920593429244,4.513255059604535,4.426910917002509,4.867668000560001,4.615257510661444,4.9154506,4.997855988872862
718,S. aureus,GFWSSALEGLKKFAKGGLEALTNPK,2.0,25,4.0,718,718,train,1,4.099846746930137,4.7757092529478475,4.535785644626779,4.684087446159906,4.5240602461746695,4.09662972539,4.34406139134958,4.0629845,4.000000000033544
719,S. aureus,GFWTTAAEGLKKFAKAGLASILNPK,1.903089987,25,4.096910013,719,719,train,2,4.196988130441542,4.34255725950345,4.621951031949049,4.302168892348571,4.521544675385502,4.139048052910003,4.306131944740394,4.121163,4.096910013008238
720,S. aureus,GGHGGHGGHGGHGGHGGH,1.816597268,18,4.183402732,720,720,train,2,4.283485922023056,4.373715001462439,4.191684030208087,4.393070437207259,4.136880712621412,4.361533521099997,4.381870567597144,4.178834,4.183402731937551
721,S. aureus,GGLRSLGRKILRAWKKYG,0.477121255,18,5.522878745,721,721,train,8,5.422806578028458,5.235875852598778,4.703300680346325,5.345881645882921,4.805073607727878,5.257244077250005,4.929404010244809,5.4099584,5.522878744840163
722,S. aureus,GIADILKYGKPS,1.301029996,12,4.698970004,722,722,train,4,4.732276719585632,4.839696759831931,4.330622538425233,4.837373576813398,4.346003509870229,4.750248669099994,4.843042786711869,4.7456274,4.6989700040142
724,S. aureus,GIGALSAKGALKGLAKGLAEHFAN,1.146128036,24,4.853871964,724,724,train,5,4.754037098427571,4.316411242108734,4.463260667383305,4.4548495297221535,4.396168719291433,4.709947922970003,4.563634436716109,4.802202,4.853871963969137
725,S. aureus,GIGAVLKVLALISWIKRKR,0.770852012,19,5.229147988,725,725,train,7,5.129266556152816,5.496921198388421,4.881067160268945,5.519654269546432,4.930907131139633,5.148033802010006,5.191876357333891,5.272781,5.229147988249084
726,S. aureus,GIGDILKNLAKAAGKAALHAVGESL,1.278753601,25,4.721246399,726,726,train,4,4.732276719585632,4.9742706645598265,4.458414589425756,4.890565135914837,4.402733964950143,4.504563527509998,4.373383100121323,4.6593056,4.721246399035183
727,S. aureus,GIGGALLSAGKAALKGLAKVLV,0.671289823,22,5.328710177,727,727,train,7,5.228826118555479,4.739493694002741,4.648961531723585,4.825846497768457,4.650095897875692,5.099095099150002,4.78753130441431,5.2739425,5.328710177019785
729,S. aureus,GIGGALLSAGKSALKGLAKGLAEHL,0.907389595,25,5.092610405,729,729,train,6,4.992456142445047,4.998277505784405,4.479739811616995,4.887077917314642,4.437713846465235,4.926109988530003,4.598057179234735,5.0329065,5.092610404982199
731,S. aureus,GIGGKPVQTAFVDNDGIYD,0.405362634,19,5.594637366,731,731,train,8,5.494801861027706,5.622922572639725,4.319901394527083,5.593934958512856,4.178129106207814,5.179093215829991,4.712893742619591,5.544106,5.594637365918196
732,S. aureus,GIGHFLHKVKSFGKSWIGEIMNS,1.880813592,23,4.119186408,732,732,train,2,4.219284884715638,3.4940893003076985,4.684679080915124,3.449612843343772,4.575128274709861,4.247236058550003,4.425317004741918,4.1762924,4.11918640795904
733,S. aureus,GIGKALKKAKKGIGAVLKVLTTGL,0.602059991,24,5.397940009,733,733,train,7,5.297789348937767,5.130507981327693,4.762752382097469,5.127182309374039,4.797204437921269,5.191574993980005,4.891601055941297,5.399651,5.397940009441348
735,S. aureus,GIGKFIHSAKKFGKLFVGEIMNS,1.579783597,23,4.420216403,735,735,train,3,4.5200595554619225,4.433667315415512,4.6692534518212145,4.400617323187233,4.560577009012406,4.385059353689999,4.408472625100592,4.3796844,4.420216402931717
736,S. aureus,GIGKFIHSAKRFGRAWVGEIMNS,1.875061263,23,4.124938737,736,736,train,2,4.224991031563756,4.405512789606896,4.654936843685977,4.614291947143924,4.5517521406205566,4.257107209909996,4.403266122827669,4.233893,4.124938737160713
739,S. aureus,GIGKFLHKVGSFIKSWKGEIMNS,1.86332286,23,4.13667714,739,739,train,2,4.236566079368036,4.457836871333052,4.700141643420181,4.483917760513785,4.599959248486575,4.257694328910002,4.519618821563377,4.1893063,4.136677140060391
741,S. aureus,GIGKFLHSAGKFGKAFIGEIMKS,1.698970004,23,4.301029996,741,741,train,2,4.4004654329251185,4.5586267477192255,4.588357528235887,4.52651578514063,4.55544067877526,4.205186346990005,4.179688623469439,4.194169,4.301029995761834
742,S. aureus,GIGKFLHSAGKFGKAFLGEVMKS,2.301029996,23,3.698970004,742,742,train,0,3.7988058314671145,4.442784156013456,4.570733193782612,4.379974250896045,4.53980563024168,3.8650887558499964,4.207658130312632,3.8085666,3.6989700041074713
743,S. aureus,GIGKFLHSAGKFGKAFVGEIMKS,2.06400391,23,3.93599609,743,743,train,1,4.036229053678744,4.490706328586616,4.584556817499134,4.452343246374959,4.549672420979935,3.9938792258700015,4.179688623469439,4.02551,3.9359960902761313
747,S. aureus,GIGKFLHSAKKPGKAFVGEIMNS,2.024992317,23,3.975007683,747,747,train,1,4.075192923529869,4.04522922277918,4.569321667810787,3.735597404899842,4.442937347777011,4.04565817295,4.140104282430837,3.9991865,3.975007683073732
748,S. aureus,GIGKFLHSAKKWGKAFVGEIMNS,1.572615558,23,4.427384442,748,748,train,3,4.527143838734708,4.126880625586072,4.637859721823946,4.169132094634328,4.52132971072933,4.361855443760003,4.304806797622155,4.297189,4.427384441812684
750,S. aureus,GIGKFLKKAKKF,2.574226373,12,3.425773627,750,750,train,0,3.5256158392213974,4.148069449060427,4.65413374715472,4.242427076508702,4.6440678469669,3.797344186840005,4.314175015523415,3.4670851,3.42577362707591
753,S. aureus,GIGKFLKKAKKGIGAVLKVLTTGL,0.301029996,24,5.698970004,753,753,train,9,5.598763111792686,5.197516442794792,4.81251185433667,5.156085729191701,4.870978409311672,5.401278391119995,4.994483125975695,5.5542865,5.69897000342232
754,S. aureus,GIGKLFLHAAKKFAKAFVAEKMNS,1.583838429,24,4.416161571,754,754,train,3,4.516007647510486,4.423155086797786,4.747713377991389,4.331787263074203,4.609840941632512,4.453719713549994,4.407682975155724,4.4251986,4.416161571030615
756,S. aureus,GIGSALAKAAKLVAGIV,1.096910013,17,4.903089987,756,756,train,5,4.803187261072504,4.934943429241061,4.621404425437783,4.855349864308013,4.659477880277849,4.738238533769994,4.841084592421092,4.878238,4.903089986871165
758,S. aureus,GIGSLLAKAAKLGANLL,1.096910013,17,4.903089987,758,758,train,5,4.802936419337296,5.057620374905868,4.586766256417812,4.8860757171746405,4.5398163266085,4.8801885381199925,4.702412482674083,4.9290237,4.903089987180499
760,S. aureus,GIHDALKYGKPS,1.301029996,12,4.698970004,760,760,train,4,4.732276719586372,5.027239208438584,4.24459804806006,5.068208564037265,4.193269337126442,4.670120020209996,4.753156660443559,4.704094,4.698970003996844
762,S. aureus,GIHDILAYGKPS,1.0,12,5.0,762,762,train,6,4.900139133050482,4.903227350970319,4.319213223918719,4.907872749089431,4.314779918858426,4.862437307579999,4.800024032307716,4.9717326,4.999999999965594
763,S. aureus,GIHDILKAGKPS,1.0,12,5.0,763,763,train,6,4.90002520606107,4.5170130960686645,4.234364269573327,4.49483609746175,4.126660167680483,4.8214328349399995,4.657363256060432,4.9749703,4.9999999999440785
764,S. aureus,GIHDILKYAKPS,1.0,12,5.0,764,764,train,6,4.900166892135041,4.67290910475073,4.37957691709445,4.694300608645035,4.298306813850626,4.984258956509999,4.840548572674889,5.003528,4.999999999936942
765,S. aureus,GIHDILKYGAPS,1.301029996,12,4.698970004,765,765,train,4,4.7322767195857285,4.949282405491231,4.321846185566246,4.914905068110636,4.315654404742688,4.7426436814399935,4.751015333697257,4.7372856,4.698970003983989
766,S. aureus,GIHDILKYGKAS,1.0,12,5.0,766,766,train,6,4.900154714471519,4.9746411472379215,4.327646346550766,5.07073051570571,4.115136234625565,4.91285735039,4.6520590364621,4.9720964,4.999999999895003
767,S. aureus,GIHDILKYGKKS,1.477121255,12,4.522878745,767,767,train,3,4.622994658669043,5.030131209848482,4.363850123953095,4.877412602656413,4.411068384550053,4.683881016730005,4.81090817555017,4.6350226,4.522878745202339
769,S. aureus,GIHDILKYGKPS,1.0,12,5.0,769,769,train,6,4.900163157038655,5.292114181238341,4.347571110459833,5.428141409040912,4.366969063135887,4.95660151214,4.849804983056837,4.966793,5.000000000106577
770,S. aureus,GIHDILKYGKRS,1.0,12,5.0,770,770,train,6,4.899968590673458,5.1163601689671365,4.375364941987097,4.94352185987998,4.431830485223552,4.88999535998,4.796925470950564,4.9411683,4.999999999927825
772,S. aureus,GIHKILKYGKPS,1.0,12,5.0,772,772,train,6,4.899961356923554,4.5829902998209775,4.601962527522583,4.464931668498577,4.629367845729798,4.973391754430001,4.821181824341063,5.0028334,4.999999999960267
773,S. aureus,GIHRILKYGKPS,1.0,12,5.0,773,773,train,6,4.900117602210563,4.880430566767502,4.613879603586068,4.787373607376198,4.651181073114262,5.00092256242,4.834914807343884,5.0532627,5.000000000090755
774,S. aureus,GIIKVIKSLIEQFTGK,1.806179974,16,4.193820026,774,774,train,2,4.293733752607428,3.9397746926030703,4.561465807296442,4.062910178164838,4.514883501151344,4.268789229720007,4.5357192954667696,4.208524,4.193820025930515
775,S. aureus,GIIPIISIIGKII,1.531478917,13,4.468521083,775,775,train,3,4.568674312138755,4.260255244476319,4.814311490068108,4.3563005185945975,4.78985005069948,4.907368849629998,4.788262808151476,4.5302343,4.468521082949996
776,S. aureus,GIKDILKYGKPS,1.176091259,12,4.823908741,776,776,train,5,4.732276719585632,4.8211302045382585,4.438443190001672,4.870369280639212,4.4382775871510445,4.889699885180007,4.827582275678998,4.8728857,4.823908741017369
777,S. aureus,GIKDWIKGAAKKLIKTVASHIANQ,1.698970004,24,4.301029996,777,777,train,2,4.401200349519132,4.941530730205281,4.672797987172328,4.80529769943047,4.593151041503001,4.366805659110005,4.370033994378739,4.3506107,4.3010299961050675
778,S. aureus,GIKDWIKGAAKKLIKTVASNIANQ,1.698970004,24,4.301029996,778,778,train,2,4.401151176433814,3.9728037948748396,4.678906953543318,4.061790951241393,4.565056899605024,4.345497166130005,4.252750815147016,4.289215,4.301029996038301
779,S. aureus,GIKIAKKAITIAKKIAKIYW,1.151455931,20,4.848544069,779,779,train,5,4.748661111001431,4.90169632017349,4.872906157684922,5.097008036928035,4.913289642008994,4.962600668230005,5.020935730293116,4.8866525,4.848544069071624
780,S. aureus,GIKKILKYGKKS,0.698970004,12,5.301029996,780,780,train,7,5.200875171693922,5.280485961727102,4.620632961879579,5.255232865186725,4.681126408435369,5.077251793170006,4.785264979221525,5.204177,5.301029995964892
781,S. aureus,GILDAIKAFANALG,0.602503672,14,5.397496328,781,781,train,7,5.2976151292699125,4.669314112233432,4.352262606549803,4.734315924092571,4.287806208944154,5.0948325865099955,4.865277145988711,5.3038077,5.3974963279684625
782,S. aureus,GILDAIKAIAKAAG,0.785329835,14,5.214670165,782,782,train,7,5.114710391700302,4.929931993852193,4.328103529111661,4.8759221750212225,4.257272488035122,5.035927598409992,4.587982441869463,5.194939,5.214670164962943
783,S. aureus,GILDPIKAFAKAAG,0.603127836,14,5.396872164,783,783,train,7,5.296728161589696,4.836108199510439,4.372533050831741,4.888225605623543,4.299559151684438,5.1454070881,4.534467322536363,5.3204155,5.3968721639555435
784,S. aureus,GILDTLKQFAKGVGKWLVKGAAQ,1.614595872,23,4.385404128,784,784,train,3,4.485243798330722,5.311430904120151,4.6695220766980805,5.19922212668072,4.723670336036374,4.4146927139800045,4.5304517341642585,4.4351635,4.385404128064074
785,S. aureus,GILGKLWEGFKSIV,1.204119983,14,4.795880017,785,785,train,4,4.73227736968303,5.109368592437774,4.522638860194407,5.099484870093691,4.6179837046530166,4.81495472206,4.951236426444543,4.900571,4.795880017095896
786,S. aureus,GILGKLWEGVKSIF,0.932765995,14,5.067234005,786,786,train,6,4.967093464729997,4.885848370881447,4.524701346818303,4.817141387557942,4.519387187344485,4.9540797798499945,4.870140044004332,5.0310397,5.067234004928978
787,S. aureus,GILGKLWKGVKSIF,0.685877478,14,5.314122522,787,787,train,7,5.214468134945654,4.7240741508284,4.725765176730839,4.8971624301641326,4.7756931952357675,5.252502408439995,5.008544842941799,5.220334,5.314122522164365
788,S. aureus,GILKKFMLHRGTKVYKMRTLSKRSH,-0.558710188,25,6.558710188,788,788,train,9,6.45886784347508,5.406284964052005,4.907940031316222,5.397413894124568,4.999998658158881,5.9764575487300045,5.564678899743293,6.4787016,6.558710187854065
789,S. aureus,GILKSLLKKLKKIIAK,1.130333768,16,4.869666232,789,789,train,5,4.769837460265744,4.527254176677497,4.774132209547511,4.58536808024208,4.804108844278607,4.851526216939996,5.00468219255375,4.8501635,4.869666231492093
790,S. aureus,GILKTIKSIASKLKRKAK,1.401540339,18,4.598459661,790,790,train,4,4.698301561868524,4.868611726114647,4.672087981744437,4.855048061286965,4.544564682497039,4.672027686589996,4.479288044082284,4.6370373,4.598459661172219
791,S. aureus,GILSKLLKKLKKIIAK,1.217483944,16,4.782516056,791,791,train,4,4.7326053012881015,4.7306189607585285,4.779284769216075,4.804376678773833,4.817572821876353,4.820582921220005,4.994249095490379,4.805778,4.782516056290784
794,S. aureus,GILSSLLKKWKKIIAK,1.301029996,16,4.698970004,794,794,train,4,4.743220076761566,4.868332513792956,4.791291658365155,4.929606763644505,4.84148521067398,4.838466456519995,4.9695996155175575,4.774858,4.698970004715666
796,S. aureus,GILSSLWKKLKKWIAK,0.352182518,16,5.647817482,796,796,train,9,5.54768848589891,4.932581938031793,4.808266658097955,5.052632472898462,4.8635829217190025,5.410788547249999,5.010079020959156,5.449706,5.647817481145667
798,S. aureus,GILSSWLKKLKKIIAK,1.204119983,16,4.795880017,798,798,train,4,4.732285385702166,4.739448966787307,4.80970324232435,4.840830338577368,4.851039031255104,4.906272614770001,5.010079020959156,4.9066505,4.795880017187291
799,S. aureus,GIMISLMKKLAAHIAK,1.73239376,16,4.26760624,799,799,train,2,4.3674917859513425,4.500932197081302,4.768112032037798,4.482697173438696,4.746222358781114,4.432234355810003,4.670246364807266,4.307179,4.267606240033073
805,S. aureus,GIMSSLMKKLAKIIKK,1.397940009,16,4.602059991,805,805,train,4,4.702164448206975,4.226139357903889,4.773905913837127,4.252559988510549,4.779252402716675,4.701208873119994,4.741344826759826,4.581495,4.602059991171555
808,S. aureus,GIMSSLMKKLKKIIAK,1.322219295,16,4.677780705,808,808,train,4,4.730516901448065,3.9867510862255804,4.76979922504522,4.0028160259440115,4.768331405787447,4.689703594049995,4.70082825707716,4.587858,4.677780704782986
810,S. aureus,GIRDILKYGKPS,1.0,12,5.0,810,810,train,6,4.900131799340333,4.928946555341431,4.447120260482227,4.9444965616165275,4.451624466663541,4.941707659910003,4.8135995710793935,5.00201,4.999999999984482
811,S. aureus,GIRRILKYGKRS,0.342422681,12,5.657577319,811,811,train,9,5.557428112732954,5.280095870470069,4.651151178795573,5.316200797647218,4.732891887648823,5.3739719671999975,4.981032226791831,5.5284834,5.657577318845844
812,S. aureus,GIRRILRYGRPS,0.698970004,12,5.301029996,812,812,train,7,5.200884285279935,5.042801371400046,4.64945145814274,4.9089797709482825,4.7175623413062455,5.153249692310004,4.905728133130204,5.273452,5.30102999593551
813,S. aureus,GIRRILRYGRRS,1.0,12,5.0,813,813,train,6,4.899769834566453,5.405181315836111,4.675398559625556,5.571021276306872,4.777598136220837,5.05366900539,5.089812029237246,5.076227,5.000000000108309
815,S. aureus,GIWDTIKSMGKVFAGKILQNL,1.397940009,21,4.602059991,815,815,train,4,4.702066862532962,4.576652431064827,4.647230769485769,4.598734023817043,4.687898645317085,4.555044725299994,4.641444287362912,4.5681467,4.602059990959667
816,S. aureus,GIWDTIKSMGKVFAGLILQNL,1.397940009,21,4.602059991,816,816,train,4,4.701958754795251,4.5690772560971515,4.678264428477281,4.486098546771689,4.723056543919441,4.623560519589993,4.71652723725991,4.603631,4.602059991007247
817,S. aureus,GIWDTLKNVGKAVLGKVLENV,1.698970004,21,4.301029996,817,817,train,2,4.401185244387966,4.3769028411981035,4.530144624109163,4.495479851540169,4.375289638593798,4.542121016100003,4.5130461980633445,4.341282,4.301029995978786
818,S. aureus,GIWGTLAKIGIKAVPRVISMLKKKQ,0.903089987,25,5.096910013,818,818,train,6,4.997074641937984,5.170741508296851,4.918909515035092,5.28327923782786,4.998289822143995,5.051368937480006,5.009178550492532,5.113428,5.09691001303712
819,S. aureus,GIWKSLFTKLLKG,0.826571847,13,5.173428153,819,819,train,6,5.073525924652291,5.560277732004842,4.695867933573755,5.47504118361179,4.697992633863726,5.000522952599993,4.870894667901159,5.0741315,5.173428152999939
824,S. aureus,GIWSSLLKKLKKIIAK,1.102090526,16,4.897909474,824,824,train,5,4.797996421790466,4.3822971017945695,4.804675016955808,4.56257387290842,4.837899947368021,4.950998046840003,5.017035725462958,4.9172435,4.897909473970524
826,S. aureus,GKFLHSAGKFGKAFLGEVMIG,2.0,21,4.0,826,826,train,1,4.099964641581872,4.201742491810807,4.5466010266497,4.139436698564209,4.4999982349910645,4.03836875541,4.238852349271177,4.010624,3.9999999999627267
827,S. aureus,GKFLKKAKKFGK,2.569474343,12,3.430525657,827,827,train,0,3.5305984698920323,3.97074686857649,4.573989351836254,4.0484652454663665,4.4882917966013585,3.6156321396299966,4.037787883317844,3.4392555,3.430525657034966
829,S. aureus,GKGRWLERIGKAGGIIIGGALDHL,1.410347054,24,4.589652946,829,829,train,4,4.689823950746064,4.552430708312501,4.545808264954315,4.5408375404643175,4.524181407533087,4.470217945080001,4.517879649191295,4.5782194,4.589652946018954
830,S. aureus,GKIIKLKASLKLL,1.459012698,13,4.540987302,830,830,train,3,4.640879771605876,4.141683556010641,4.675375971183694,4.09601835898553,4.450292215304638,4.680366029790004,4.6800877439137585,4.655034,4.540987301925006
831,S. aureus,GKIIKVVK,2.0,8,4.0,831,831,train,1,4.0997883762473535,4.056849470939255,4.662452800022749,4.142759322933559,4.6127186092629415,4.09055263613,4.140334352050687,4.0206757,3.999999999907484
835,S. aureus,GKKLLKKWKKLWKKW,2.699285525,15,3.300714475,835,835,train,0,3.400804478121878,4.504367208719016,4.856952923059691,4.532375220966475,4.923681066965891,3.9836184179700025,4.432371366264092,3.5129676,3.3007144761565206
836,S. aureus,GKKYRRFRWKFKGKWFWFG,0.787631605,19,5.212368395,836,836,train,7,5.112333987267454,4.809865662941629,4.949692437943108,4.783705084014878,5.05823743115038,5.089319097389997,4.944653763451762,5.1668353,5.212368394777581
837,S. aureus,GKKYRRFRWKFRKGRFWFWG,0.758004733,20,5.241995267,837,837,train,7,5.142097350484526,4.864595045220937,4.9709525763960265,4.886111321977051,5.091639219249565,5.149667438369993,5.0858211692418145,5.249301,5.241995266833753
838,S. aureus,GKKYRRFWKFKGKWFWFWG,2.125085155,19,3.874914845,838,838,train,1,3.9750800430053004,4.800162069839881,5.003119794549778,4.802413677496292,5.138842283432225,4.2733947340099965,4.861752939824922,4.031583,3.8749148453178393
839,S. aureus,GKLFKKILKFL,1.370149679,11,4.629850321,839,839,train,4,4.729821067717311,4.790551281680184,4.813860551839797,4.906711522520612,4.838168051026154,4.716333722929998,4.8671050919487495,4.7576923,4.629850321376514
840,S. aureus,GKLFKKILKIL,0.982726996,11,5.017273004,840,840,train,6,4.917566621573001,5.021152875811549,4.802312098628617,4.979580314177343,4.816583492239029,4.93554055603,4.890090372699458,4.9720993,5.017273003497131
841,S. aureus,GKLIKKFGRKAISYAVKKARGKH,1.556302501,23,4.443697499,841,841,train,3,4.543814008870625,4.453213398395665,4.769044960394894,4.614925686889623,4.829421132800493,4.539699438519998,4.674076600847197,4.4739637,4.443697499079961
842,S. aureus,GKLNLFLSRLEILKLFVGAL,0.451544993,20,5.548455007,842,842,train,8,5.448303019272699,5.17397533605365,4.726633956432351,5.058363252871692,4.7088931259498255,5.29139122141999,4.9115801395135765,5.408944,5.548455006944725
844,S. aureus,GKLWLKGGKLWLKGGKLWLKG,1.505149978,21,4.494850022,844,844,train,3,4.594967265246624,5.027964674733027,4.822536512983762,4.877762422293209,4.921108702309066,4.6124964152099945,5.0134499884793495,4.5761046,4.494850022055054
845,S. aureus,GKMKEYFKKFGASFKRRFANLKKRL,0.477121255,25,5.522878745,845,845,train,8,5.422787837666181,5.666748608915509,4.849268668338256,5.5455058365010785,4.818714999323332,5.421053922310006,5.307032674349935,5.4884706,5.522878744945867
846,S. aureus,GKSDVRRWRSRY,2.0,12,4.0,846,846,train,1,4.100207827746695,4.099261889335271,4.337362735842627,3.9978871328358516,4.2228387230348705,4.089165222579999,4.228593974227571,3.976568,4.0000000000242055
847,S. aureus,GKWKKILGHLIR,1.451786436,12,4.548213564,847,847,train,3,4.648291588257662,4.380942315071066,4.680979867328278,4.503657873901508,4.701936082493016,4.636503162259995,4.704906721392884,4.6067142,4.548213563914979
848,S. aureus,GKWKSLLKHILK,1.301029996,12,4.698970004,848,848,train,4,4.732276719588493,4.842228613412754,4.675897227800199,4.764400665665619,4.6875740822157335,4.715753977179997,4.844180841975822,4.6589594,4.6989700038767905
850,S. aureus,GKWMHLLKHILK,1.096910013,12,4.903089987,850,850,train,5,4.803094063838444,4.543706083222854,4.804614746765407,4.594401050505109,4.801356318871535,4.929249906469994,4.927112999531714,4.941571,4.903089986916331
855,S. aureus,GKWMSLLKHIWK,1.086359831,12,4.913640169,855,855,train,5,4.813755119920723,4.726972708239174,4.759666972716479,4.774458913244225,4.784517946561989,4.8436104386400025,4.871638050319165,4.822441,4.913640168863561
856,S. aureus,GKWMSLLKHWLK,1.139879086,12,4.860120914,856,856,train,5,4.760226786843568,4.494701387471321,4.761714831775667,4.577929925655592,4.790021841011719,4.841873847929996,4.886756429747418,4.8151875,4.860120913960485
857,S. aureus,GKWMSLLKKILK,0.799340549,12,5.200659451,857,857,train,6,5.100053737230412,4.908072257930715,4.735833581371526,4.878964157303802,4.748991711021982,5.060179095239993,4.92226821480218,5.154901,5.200659450966166
858,S. aureus,GKWMSLLKQILK,1.033423755,12,4.966576245,858,858,train,5,4.866428441087104,5.101562491651837,4.731406433721437,4.935929666531324,4.728481882433344,4.951786219039999,4.824885111494656,4.930555,4.9665762449683335
859,S. aureus,GKWMSLWKHILK,1.431363764,12,4.568636236,859,859,train,4,4.668804110423648,4.818918250392954,4.762906978299409,4.896273990088,4.793323222649242,4.691139887589995,4.886756429747418,4.689924,4.5686362361758155
863,S. aureus,GKWSKILGHLIR,1.367355921,12,4.632644079,863,863,train,4,4.732276719466647,4.449499459678088,4.639532979137162,4.4066372246131085,4.663890611667517,4.587708752029994,4.607562433482811,4.6126857,4.632644079037375
867,S. aureus,GLADFLNKAVGKVVDFVKS,2.0,19,4.0,867,867,train,1,4.100003137803624,4.088361080726512,4.4376511687458375,4.056743807518117,4.375805769566474,4.171099112669999,4.326391258661846,4.0447593,3.999999999994219
868,S. aureus,GLADVIKKVASVIGGL,1.812519411,16,4.187480589,868,868,train,2,4.287430526061754,4.076520347650393,4.48922093710131,4.079647620802658,4.296141316422574,4.329364603320002,4.342185985675849,4.2866874,4.187480589029913
870,S. aureus,GLARIVVIRVAR,1.677897156,12,4.322102844,870,870,train,3,4.421955040087105,4.9591808882446395,4.727773678381876,4.978807026359767,4.826694288499498,4.484564404590004,4.618175388664354,4.3401523,4.322102844212945
871,S. aureus,GLASTIGSLLGKFAKGGAQAFLQPK,2.0,25,4.0,871,871,train,1,4.100119624994066,4.190971667456894,4.666606904167999,4.184491759598965,4.612130351447114,4.0209139792899995,4.330033173975243,3.9974422,3.9999999999873777
872,S. aureus,GLEETVYIYGANMAS,1.393142113,15,4.606857887,872,872,train,4,4.70674355557915,4.807636278992072,4.416923976232944,4.821605600910453,4.180951298637973,4.522430687359996,4.293317666751882,4.578311,4.606857886970232
873,S. aureus,GLFAVIKKVAAVIKKL,1.167954573,16,4.832045427,873,873,train,5,4.732544179843604,4.7878315902446476,4.8141209645229415,4.700197656014334,4.83500209620445,4.867464966900005,4.93466691102876,4.804968,4.832045426724548
874,S. aureus,GLFAVIKKVAAVIRRL,1.15385756,16,4.84614244,874,874,train,5,4.745984339007922,4.718504209979563,4.832775935617143,4.692700132299116,4.867068140050265,4.8848539940499975,4.831406906343896,4.8279686,4.846142439874312
875,S. aureus,GLFAVIKKVAKVIKKL,1.153593332,16,4.846406668,875,875,train,5,4.746304721493549,4.633313635196188,4.8388756640609705,4.688310743772854,4.880518476138749,4.905914295289994,4.883308149202192,4.831253,4.846406668052548
883,S. aureus,GLFDIAKKVIGVIGSL,1.486787675,16,4.513212325,883,883,train,3,4.613083647512383,4.266685744951966,4.606395609520125,4.339325564219664,4.5906652364432246,4.588070278529998,4.58169438150697,4.5359797,4.513212325003799
884,S. aureus,GLFDIIKKIAESF,1.744948841,13,4.255051159,884,884,train,2,4.355021904617596,4.071528566081821,4.323779431884218,4.012079961350963,4.291294528703899,4.303785148080003,4.349155665870209,4.2398825,4.2550511589719
885,S. aureus,GLFDIIKKVASVIGGL,1.185968961,16,4.814031039,885,885,train,5,4.73228204773785,4.183844178195651,4.581923936931717,4.130642171268487,4.404255413340302,4.772585929949993,4.465981607940039,4.7365203,4.814031039100033
886,S. aureus,GLFDIIKKVASVVGGL,1.18978482,16,4.81021518,886,886,train,5,4.732276735709188,4.410456902208254,4.577134960976749,4.364596176678948,4.396608058673715,4.777207862489998,4.465981607940039,4.774469,4.810215179987233
887,S. aureus,GLFDIIKNIFSGL,1.843868762,13,4.156131238,887,887,train,2,4.255971004966755,4.154758013466978,4.54024734183945,4.145739202303276,4.515720073402379,4.2445101452100005,4.398645475650267,4.180579,4.156131238040322
888,S. aureus,GLFDIVKKIAGHIAGSI,1.45865384,17,4.54134616,888,888,train,3,4.641192820544226,4.430344385274489,4.534190505729344,4.429216009580889,4.624212027035601,4.503757174679995,4.61347624140754,4.563119,4.541346159942687
889,S. aureus,GLFDIVKKIAGHIASSI,1.451219488,17,4.548780512,889,889,train,4,4.648737755335888,4.172720864282555,4.535411923606082,4.252899779641601,4.466940107389797,4.469034396130001,4.476308052085096,4.490999,4.548780511695678
890,S. aureus,GLFDIVKKIAGHIVSSI,1.74541676,17,4.25458324,890,890,train,2,4.354751573449071,4.426857952913941,4.610852606820644,4.557270338647592,4.79831518494919,4.365656746779994,4.661983565016957,4.347143,4.254583240349329
891,S. aureus,GLFDIVKKVVGAFGSL,1.481494009,16,4.518505991,891,891,train,3,4.618348401115669,4.593941825520251,4.5927696487765255,4.717180547696084,4.697220611996977,4.608944340099997,4.7664851936295625,4.557766,4.518505990947731
892,S. aureus,GLFDIVKKVVGALGSL,1.189511122,16,4.810488878,892,892,train,5,4.73225476397061,5.072107052939532,4.563234299721355,5.0125099302742235,4.657921545606475,4.75443326569,4.8865564141915705,4.7990074,4.810488878076286
893,S. aureus,GLFDIVKKVVGTIAGL,1.18575768,16,4.81424232,893,893,train,5,4.732276719583143,4.688635404273229,4.585719259443547,4.603573083430298,4.672668615592762,4.736994613900001,4.671413579963017,4.834803,4.814242319980864
894,S. aureus,GLFDIVKKVVGTLAGL,1.18575768,16,4.81424232,894,894,train,5,4.73227671957709,4.761865335401057,4.585134156855208,4.650013997675713,4.671139704013175,4.764844852410002,4.808134747160315,4.843658,4.814242320009218
895,S. aureus,GLFDIWAWWRWRR,1.40444324,13,4.59555676,895,895,train,4,4.69562954004197,4.816010765854002,4.734326221270826,4.827405152106098,4.824731086242345,4.658488087980005,4.73869111820665,4.608435,4.595556760049232
896,S. aureus,GLFDIWKKLRWRR,1.722987771,13,4.277012229,896,896,train,2,4.376887676354058,4.339882145744633,4.650012451767175,4.426193720338383,4.698933003910135,4.539455633029996,4.648523025300056,4.321373,4.277012229084104
899,S. aureus,GLFDKWAWWRWRR,1.701727581,13,4.298272419,899,899,train,2,4.398234159793604,4.675554467232423,4.730840432300541,4.695313118910447,4.776991280236253,4.51742199443,4.661585948405339,4.337973,4.2982724190100825
902,S. aureus,GLFDVIK,3.112152958,7,2.887847042,902,902,train,0,2.9875648516929223,3.171268580311321,4.2912063332182235,3.093745227596216,4.2426859837538275,3.1614424817399986,3.2562787223491134,2.9171095,2.8878470419416162
903,S. aureus,GLFDVIKASVIGGL,2.867707064,14,3.132292936,903,903,train,0,3.2324671465482395,3.772338377737842,4.487285614439186,3.8531110035191327,4.248205631411954,3.5932666588099993,3.898904157305092,3.254158,3.132292936754035
905,S. aureus,GLFDVIKKLLKKIKGL,0.491361694,16,5.508638306,905,905,train,8,5.408796197070483,4.681743687893481,4.650056301633902,4.492531513436196,4.694531600740343,5.2202074802500045,4.863538154136182,5.254632,5.508638305656028
906,S. aureus,GLFDVIKKV,3.002445708,9,2.997554292,906,906,train,0,3.097724978229925,3.3380881958615367,4.437912582240392,3.443348501470286,4.416776449054549,3.3645813888100014,3.2652757341586502,3.0171525,2.9975542921218974
907,S. aureus,GLFDVIKKVAAVIGGL,1.193832458,16,4.806167542,907,907,train,5,4.732279592663494,4.641283585292139,4.599665673555201,4.4704421547991995,4.5823264114694835,4.743362251790006,4.552320898550863,4.759113,4.806167542253293
911,S. aureus,GLFDVIKKVASVIG,1.646088365,14,4.353911635,911,911,train,3,4.4539829934316035,3.766752251741762,4.543221326965997,3.8053584083003753,4.331611188822442,4.274921150679994,4.263880090895709,4.3253365,4.35391163519994
913,S. aureus,GLFDVIKKVASVIGGA,1.803030067,16,4.196969933,913,913,train,2,4.297117399249006,4.07495627594121,4.518836737762377,4.298461393567158,4.324389627296252,4.358466151349997,4.402991960193381,4.3164487,4.1969699334826815
914,S. aureus,GLFDVIKKVASVIGGL,1.131753784,16,4.868246216,914,914,train,5,4.768089367229178,4.284401014894358,4.5771313040855715,4.184094247581754,4.396598502976342,4.785392228129995,4.4319403624482545,4.722768,4.868246214084169
915,S. aureus,GLFDVIKKVASVIGLASP,1.741321373,18,4.258678627,915,915,train,2,4.358522165512252,3.83262185321963,4.56959784552761,3.610569079074318,4.255054155107153,4.265461165879998,4.351453585750895,4.2500386,4.258678626938649
917,S. aureus,GLFDVIKKVLKKIGGL,1.096910013,16,4.903089987,917,917,train,5,4.8032082019742335,4.551750208670324,4.6405432579661925,4.498594939869,4.654938117132766,4.859259757819993,4.760257696224801,4.8762527,4.903089987026026
918,S. aureus,GLFDVVIGGL,3.015031128,10,2.984968872,918,918,train,0,3.085257527898123,3.5617557787512175,4.417580971808479,3.603868617790824,4.344898113098505,3.2176368190200004,3.440424245230888,3.004559,2.9849688720586447
921,S. aureus,GLFGVLAKVAAHVVPAIAE,1.806179974,19,4.193820026,921,921,train,2,4.29400465114392,4.390252790063182,4.6278961787721995,4.329545550368799,4.490191390104024,4.342766154190007,4.50957150894231,4.259477,4.1938200260336
927,S. aureus,GLFGVLAKVASHVVPAIAEHFQA,1.325738213,23,4.674261787,927,927,train,4,4.732276719579688,4.5104020926057435,4.650125440317013,4.534812979790298,4.474656916186996,4.6529950372899975,4.466346978483232,4.6335716,4.674261786996782
929,S. aureus,GLFKGKKKNKKTK,2.397940009,13,3.602059991,929,929,train,0,3.7022265787022626,4.478112130419283,4.443586918351356,4.554703806151067,4.384026025364729,3.8719209600699953,4.386206863356096,3.6525316,3.602059991082021
930,S. aureus,GLFKKLRRKIKKGFKKIFKRL,1.026647335,21,4.973352665,930,930,train,5,4.873293913403491,5.252727716095677,4.925470153271381,5.28402495507162,5.043902352395462,4.9994094715399955,5.053135018624738,4.9839435,4.973352664960123
931,S. aureus,GLFKVIKKVAKVIKKL,1.440721822,16,4.559278178,931,931,train,4,4.65939774833822,5.16840865382568,4.85895685667464,5.119890823788867,4.913814890628771,4.76323316361,4.914100510578385,4.678342,4.559278178245688
933,S. aureus,GLFKVLGSVAKHLLPHVAPVIAEKL,1.070216618,25,4.929783382,933,933,train,5,4.829901807945626,4.4998716535679835,4.782985032497414,4.563269970653685,4.756435292788048,4.796682738269996,4.729261820175939,4.8777246,4.929783381912939
935,S. aureus,GLFLDTLKKFAKAGMEAVINPK,1.903089987,22,4.096910013,935,935,train,2,4.196867531127731,3.7725543358402036,4.537824975042133,3.802084047918636,4.515554137235933,4.176731180170006,4.279421657765134,4.0849338,4.09691001299281
936,S. aureus,GLFLDTLKKFAKAGMEAVTNPK,1.903089987,22,4.096910013,936,936,train,2,4.197028261473436,4.153983300906147,4.500649172574677,3.9111741782693636,4.471286248677537,4.187512153270005,4.272476459162344,4.115448,4.096910012978864
937,S. aureus,GLFRALLRLLRSLWRLLLRA,1.806179974,20,4.193820026,937,937,train,2,4.293659090123637,5.364982983043018,4.9885741409924735,5.349181808345863,5.128596118647085,4.434553289190006,5.149077155370909,4.3721128,4.193820026704664
938,S. aureus,GLFSKFAGKGIKNFLNKGVKHIGKE,0.189650158,25,5.810349842,938,938,train,9,5.710508439395937,4.961863648453452,4.696876692145786,4.796767736550831,4.624806355843211,5.389991756779998,4.832180264275072,5.679481,5.8103498418438395
939,S. aureus,GLFSKFAGKGIVNFLIEGVE,1.029485795,20,4.970514205,939,939,train,5,4.870393686795841,4.312773641525148,4.537422563203147,4.245299387706769,4.539327572198163,4.806212072189993,4.821001109876878,4.926473,4.970514204960307
945,S. aureus,GLGKFLHSAKRFGKAFVGEAMNS,1.875061263,23,4.124938737,945,945,train,2,4.224787768723278,4.133003418415015,4.565628789838945,4.079702481052174,4.457649560203327,4.184983361429997,4.224233171837102,4.090886,4.124938737049474
946,S. aureus,GLGSLVGNALRIGAKLL,1.096910013,17,4.903089987,946,946,train,5,4.803104225256216,5.126751822958704,4.6434574855989466,4.884118804044397,4.627685004589687,4.849366387439995,4.858600340218253,4.9370027,4.903089986971467
947,S. aureus,GLGSVFGRLARILGRVIPKV,0.452297671,20,5.547702329,947,947,train,8,5.447858394719193,5.469621419164441,4.779684165130474,5.446534748708915,4.851157440448788,5.289551698480002,4.955279409478232,5.5178046,5.547702328949258
948,S. aureus,GLGSVLGKALKIGANLL,0.784141614,17,5.215858386,948,948,train,7,5.115816308648879,4.533239878557192,4.59675582671036,4.430378033710116,4.5789465514369,5.053606929379993,4.823346854325992,5.069624,5.2158583858106535
949,S. aureus,GLHKVMREVLGYERNSYKKFFLR,0.110113488,23,5.889886512,949,949,train,9,5.789728438910705,5.711521643151759,4.827030149339586,5.861504584318026,5.469186566252493,5.439143139019994,5.413525799162926,5.8598623,5.889886511938301
950,S. aureus,GLIGSIGKALGGLLVDVLKPKL,1.665210745,22,4.334789255,950,950,train,3,4.4346605550001055,4.866999713311837,4.628870571756062,4.624421622103844,4.605626012540498,4.441608574719994,4.597530255348475,4.430684,4.334789255074284
951,S. aureus,GLKALKKVFKGIHKAIKLINKHVK,1.301029996,24,4.698970004,951,951,train,4,4.732276719585894,4.917943209742374,4.898952584482055,5.092410217606393,4.985558521121658,4.804333705399994,5.016231519634133,4.7459035,4.6989700041658296
952,S. aureus,GLKALKKVFKGIHKAIKLINKHVQ,1.301029996,24,4.698970004,952,952,train,4,4.732276719585644,5.48805316036067,4.896503141176086,5.438173597045856,4.972166610015508,4.791073635289994,4.980145202969635,4.6962843,4.69897000393602
956,S. aureus,GLKDIFKAGLGSLVKGIAAHVAN,2.301029996,23,3.698970004,956,956,train,0,3.7988111636583466,3.7452724145297074,4.623886556038508,3.853917266903164,4.625597160092169,3.753428827439995,4.267538293768862,3.762571,3.69897000386143
957,S. aureus,GLKEIFKAGLGSLVKGIAAHVAN,2.301029996,23,3.698970004,957,957,train,0,3.7993039494264838,3.8498736199020627,4.641526668535237,3.883027348875663,4.635057630659941,3.7281427906399953,4.217802574567707,3.688333,3.698970004169255
958,S. aureus,GLKEIFKAGLGSLVKGIAAHVAS,2.243038049,23,3.756961951,958,958,train,0,3.8571339360857344,3.8792958163404148,4.6290847691168935,3.9203834543153846,4.518710333809291,3.760146845459996,4.084236862362433,3.6900043,3.7569619508550995
959,S. aureus,GLKEVAHSAKKFAKGFISGLTGS,2.408239965,23,3.591760035,959,959,train,0,3.691878382750164,3.684696413498939,4.617537574223872,3.79041283496204,4.619401113955653,3.794838363119996,4.140514431768964,3.6348512,3.5917600350646155
960,S. aureus,GLKKIFKAGLGSLKKGIAAHVAS,2.397940009,23,3.602059991,960,960,train,0,3.7020835510933927,3.817474083791067,4.675574500399879,4.021312879000153,4.606153276860351,3.7732374216999944,4.157851206874517,3.7181053,3.602059991179638
961,S. aureus,GLKKIFKAGLGSLVKGIAAHVAS,2.397940009,23,3.602059991,961,961,train,0,3.702205559740813,4.0789576808707775,4.6963022874448015,4.277775433912438,4.612663271519639,3.668801247539995,4.21627716135784,3.6147072,3.6020599911687228
962,S. aureus,GLKKIFKAGLGSLVKGIKAHVAS,2.397940009,23,3.602059991,962,962,train,0,3.701596301913031,4.036219317932237,4.713842004393511,4.124540392156367,4.641821064283396,3.745716086529996,4.300030047885706,3.6116304,3.602059990874318
963,S. aureus,GLKKIFKKGLGSLVKGIAAHVAS,2.397940009,23,3.602059991,963,963,train,0,3.7021425487703192,4.310861923610092,4.710700734872363,4.445454579018219,4.6336127202404835,3.8163721710899963,4.262442267622289,3.6860893,3.6020599912175033
964,S. aureus,GLKKLISWIKRAAQQG,0.444385121,16,5.555614879,964,964,train,8,5.455622494610347,5.050532507084045,4.691063995916436,5.157136733445275,4.68307124738901,5.189829371140004,4.763785892462366,5.4698772,5.555614878905028
965,S. aureus,GLKKLLGKLLKKLGKLLLK,2.204119983,19,3.795880017,965,965,train,0,3.896043685947417,4.818311552495492,4.812747842449171,4.830199923887304,4.882553535107197,4.35468196495,4.921399400126742,4.0293264,3.7958800180883125
966,S. aureus,GLLALISWIKRKRQQ,-0.178543899,15,6.178543899,966,966,train,9,6.078633736876766,5.721683929971926,4.786161572308685,5.495929314297138,4.799089433903937,5.790164173929996,5.327268429523945,6.028997,6.17854389882685
968,S. aureus,GLLDFVTGVGKDIFAQLIKQI,1.806179974,21,4.193820026,968,968,train,2,4.293952706011929,5.137246990018252,4.645708727054965,5.011780583780372,4.65293344524667,4.282220643590007,4.559350509941251,4.2560945,4.193820026035532
969,S. aureus,GLLDTLKGAAKNVVGSLASKVMEKL,2.301029996,25,3.698970004,969,969,train,0,3.798621926876117,4.21982275851756,4.565795086167419,4.258181047935882,4.410753703544135,3.8609205800299957,4.094621033291158,3.8550208,3.6989700040658677
970,S. aureus,GLLGKLLKIAAKVGKKLL,0.477121255,18,5.522878745,970,970,train,8,5.42232609069796,4.960304750211666,4.746478573243954,5.002175643326151,4.782797830382559,5.338300272950004,4.918897739936233,5.3894696,5.522878743597714
972,S. aureus,GLLGLLGSVVSHVLPAITQHL,1.371708199,21,4.628291801,972,972,train,4,4.7283922829683585,4.9953500985228265,4.754297853985916,5.159184851821114,4.7936553160324875,4.670526571589996,4.660632123551654,4.6533484,4.628291801052865
973,S. aureus,GLLGLLGSVVSHVVPAIVGHF,0.792391689,21,5.207608311,973,973,train,7,5.107726103205556,4.512924621504811,4.775664731558799,4.561888777431544,4.889291355401079,4.917589034889999,5.054449122064891,5.162626,5.207608310939679
981,S. aureus,GLLKFIKWLL,0.86923172,10,5.13076828,981,981,train,6,5.03061987481432,5.2441648576409445,4.892449376648409,5.249008270936368,4.9241624986727075,5.020198270389998,5.119943122964065,5.1171994,5.130768280238607
985,S. aureus,GLLKKLLKIAAKVGKKLL,0.77815125,18,5.22184875,985,985,train,7,5.122019755315444,5.347909064625163,4.803763580169697,5.3368333637427465,4.841246318743833,5.183882822579999,5.006826407845413,5.1777205,5.2218487511854175
986,S. aureus,GLLKKWLKKWKEFKRIVGY,1.473341366,19,4.526658634,986,986,train,3,4.626753093964986,4.904335803725866,4.8715459569206585,4.873408626268728,4.978956795784102,4.65842707066,4.958425478345441,4.6076493,4.526658634023656
991,S. aureus,GLLKRIK,1.529615921,7,4.470384079,991,991,train,3,4.5705501876573855,4.490130633189563,4.600708071072159,4.499811676798585,4.47640008777873,4.404379237859999,4.239370550544983,4.4470677,4.4703840789946065
996,S. aureus,GLLKRIKKLLKKIKKLL,1.096910013,17,4.903089987,996,996,train,5,4.803209918279759,5.4164977341528635,4.891541766304334,5.2011946682031445,4.96472055148102,4.997472765879993,5.059276799534155,5.0026174,4.9030899873188165
999,S. aureus,GLLKRIKT,1.394098624,8,4.605901376,999,999,train,4,4.705545849477461,4.573385024935043,4.574194585125476,4.53703971864903,4.437870094546539,4.492634957740004,4.161118846654073,4.5730977,4.6059013759482985
1001,S. aureus,GLLKRIKTL,1.615879575,9,4.384120425,1001,1001,train,3,4.484239145196735,4.354955018514646,4.6543288956117115,4.340626531315308,4.6031112843125355,4.424275560469997,4.350533779060186,4.37849,4.384120424971218
1008,S. aureus,GLLPLLSLLGKLL,0.193124598,13,5.806875402,1008,1008,train,9,5.70665512252514,4.681338454606991,4.6649300349166465,4.624272220447898,4.6916039014345134,5.436810071649997,5.032028884197375,5.668824,5.806875401907571
1009,S. aureus,GLLRKWGKKWKEFLRRVWK,1.104602008,19,4.895397992,1009,1009,train,5,4.795503985946511,4.735272716381266,4.839644323985697,4.711820202328667,4.882367072817152,4.949854426660007,5.010105564581807,4.9235444,4.895397991976334
1010,S. aureus,GLLSGTSVRGSI,1.19595075,12,4.80404925,1010,1010,train,5,4.732276719585632,4.59646050435228,4.490212212454864,4.683396954367893,4.400434248853068,4.588086853579997,4.27028215932732,4.7601132,4.80404924996129
1011,S. aureus,GLLSKFGRLARKLARVIPKV,0.56427143,20,5.43572857,1011,1011,train,8,5.3358686785626475,5.505719042152131,4.796467719102834,5.497562273839783,4.887246647795412,5.263529968749996,4.973924690414001,5.408643,5.43572856995514
1012,S. aureus,GLLSLLSLLGKLL,0.494154594,13,5.505845406,1012,1012,train,8,5.406011203741164,4.72947725838664,4.661151314541567,4.735729925338332,4.696376341426796,5.361043700439996,5.063745525406441,5.5242357,5.505845405867323
1013,S. aureus,GLLSNVAGLLKQFAKGGVNAVLNPK,2.10720997,25,3.89279003,1013,1013,train,1,3.992635349380935,4.840481300823278,4.752657044450379,4.805098571025051,4.753876678470443,4.091370156000001,4.524287967409708,4.0067463,3.892790030062565
1022,S. aureus,GLMSSIGKALGGLIVDVLKPKTPAS,1.610311233,25,4.389688767,1022,1022,train,3,4.4896766642462245,4.840029670338156,4.594399688917989,4.797225304796214,4.527119110419865,4.329758456229997,4.268905343164375,4.3854785,4.389688767002172
1023,S. aureus,GLMSVLGHAVGNVLGGLFKPKS,1.661225034,22,4.338774966,1023,1023,train,3,4.438518377268701,4.54148708922977,4.691587267534833,4.553467808804538,4.708611822835857,4.431814022390002,4.612464742841047,4.376805,4.3387749660516075
1040,S. aureus,GLNTLKKVIQGLHEVIKLVNNHA,0.77815125,23,5.22184875,1040,1040,train,7,5.121981469345,5.102921895208254,4.705398563478098,5.054448255239335,4.642668770059052,5.004956465189998,4.842351138792824,5.150736,5.221848749967236
1043,S. aureus,GLPALISWIKRKR,-0.072982853,13,6.072982853,1043,1043,train,9,5.972825295144772,5.052400740565172,4.678841421317638,5.164448026194839,4.702447500444938,5.791997578689997,5.125718418451044,6.0132866,6.072982852721448
1044,S. aureus,GLPALISWIKRKRGG,0.196964383,15,5.803035617,1044,1044,train,9,5.702949081153029,5.671323850356315,4.629975069997548,5.559791584592131,4.640024231845574,5.456253342529994,5.039882743478085,5.7164826,5.803035616935397
1045,S. aureus,GLPALISWIKRKRQ,0.193292486,14,5.806707514,1045,1045,train,9,5.706546109922652,5.3609375675368645,4.685167185556475,5.393597174830677,4.699999215606725,5.638507056809995,5.250537353457187,5.8255925,5.8067075139999496
1047,S. aureus,GLPALISWIKRKRQQG,1.130485963,16,4.869514037,1047,1047,train,5,4.769685021180944,5.109363093867425,4.667313410334824,5.1043393278498135,4.67875937491258,5.065313879549994,5.001435174323672,5.027661,4.869514037196253
1051,S. aureus,GLPGPLGPAGPK,2.973127854,12,3.026872146,1051,1051,train,0,3.12671389823873,3.7002924791680165,4.243167884610916,3.6277781919589493,4.082327245911209,3.5992710092999998,3.574320350676038,3.0852787,3.026872145983734
1053,S. aureus,GLPWILLRWLFFRG,1.146128036,14,4.853871964,1053,1053,train,5,4.754004644011929,4.9955501179826545,4.90162817949105,4.996933272934036,4.989014635238146,4.965366602670002,5.02241178816465,4.907002,4.8538719641042505
1055,S. aureus,GLRILLLKV,0.477121255,9,5.522878745,1055,1055,train,8,5.423041652639078,4.51296882265789,4.787225973424528,4.571576330977689,4.748067333393706,5.077925132880006,4.634369472124482,5.4485574,5.5228787445846805
1056,S. aureus,GLRKALRKFRNKIKEALKKI,0.301029996,20,5.698970004,1056,1056,train,9,5.598815932621444,4.541341441934636,4.695190394831868,4.462454445035092,4.6612143415940075,5.161970744019997,4.799575775407389,5.616978,5.698970003856209
1062,S. aureus,GLRRALLRLLRSLRRLLLRA,1.505149978,20,4.494850022,1062,1062,train,3,4.594693764942462,5.081870873235486,4.90277532535137,5.065814937974428,4.9883095801839294,4.644654082539995,5.016173450803449,4.5010166,4.494850022002308
1063,S. aureus,GLRRLFADQLVGRRNI,1.423844618,16,4.576155382,1063,1063,train,4,4.675607993474081,4.429495833759344,4.5016903637085415,4.390751591685025,4.448324888994004,4.585955753640007,4.867125341365633,4.5723634,4.57615538194563
1065,S. aureus,GLTFLKKILNFAKKIYTAIW,0.829573566,20,5.170426434,1065,1065,train,6,5.07057945706328,5.144830325735971,4.939897644487408,5.238214317301621,4.979893370460043,5.050005719619993,5.067262183593831,5.1832433,5.170426434037137
1066,S. aureus,GLTRLFSVIK,1.175454279,10,4.824545721,1066,1066,train,5,4.732276719585632,4.050846636799394,4.717790758159334,4.055629283565974,4.7084363081604215,4.703384949869997,4.528330458481235,4.8040457,4.824545720904852
1069,S. aureus,GLVSSIGRALGGLLADVVKSKGQPA,1.620915675,25,4.379084325,1069,1069,train,3,4.478931259281797,4.319154600429619,4.533934928492236,4.197987016208125,4.524296249308533,4.429562222640003,4.47594363992873,4.3766484,4.37908432499634
1070,S. aureus,GLVTGLLKTAGKLLGDLFGSLSG,1.096910013,23,4.903089987,1070,1070,train,5,4.803223555765656,5.015189646712129,4.575399480239545,4.990639199942661,4.562489321578669,4.874630110129994,4.559684025234917,4.909217,4.903089987254486
1071,S. aureus,GLVTGLLKTAGKLLGDLFGSLTG,1.096910013,23,4.903089987,1071,1071,train,5,4.802959612349088,4.550260021576418,4.592377695433215,4.565871131423029,4.575777333383257,4.855387132959994,4.55298453397696,4.896542,4.903089986793508
1072,S. aureus,GLVTSLIKGAGKLLGGLFGSVTG,0.795880017,23,5.204119983,1072,1072,train,6,5.104278494920591,4.632496224972721,4.686874505146637,4.641477450583255,4.726044730865462,5.035541757549998,4.581086281545433,5.0767694,5.204119982967469
1073,S. aureus,GLWEKIKEKASELVSGIVEGVK,1.619828534,22,4.380171466,1073,1073,train,3,4.4798013669252805,4.61696485904144,4.4872639327917225,4.475831259975644,4.462755282087641,4.394795812559997,4.313543467051018,4.373513,4.3801714659698945
1074,S. aureus,GLWEKVKEKANELVSGIVEGVK,1.617482474,22,4.382517526,1074,1074,train,3,4.48235730807918,4.918801019913908,4.496103755650545,4.857748453054383,4.578215087353251,4.4365639118799995,4.522141356869692,4.39849,4.382517526020952
1075,S. aureus,GLWSKIKEAAKTAGLMAMGFVNDMV,1.342422681,25,4.657577319,1075,1075,train,4,4.732276719585632,4.657577319020596,4.65492472463431,4.655988411940843,4.6066512985699095,4.549619266339997,4.273741024911866,4.532421,4.657577318950091
1076,S. aureus,GLWSKIKEVGKEAAKAAAKAAGK,2.0,23,4.0,1076,1076,train,1,4.100171571324088,4.409831878734374,4.481391732472472,4.326152669588034,4.436208981805674,4.21618262357,4.318991360121169,4.0529532,4.000000000033942
1080,S. aureus,GMASKAGAIAGKIAKVALKAL,1.458611969,21,4.541388031,1080,1080,train,3,4.641483548164438,4.13229677313681,4.5811758092969335,4.268115465504024,4.447480218383723,4.486562315289999,4.294328558739671,4.4924164,4.5413880308890855
1081,S. aureus,GMASKAGSIVGKIAKIALGAL,1.698970004,21,4.301029996,1081,1081,train,2,4.400882261823333,4.801110654711769,4.610428204291605,4.672345905831398,4.549413038341267,4.299119718280005,4.336593192356079,4.2799664,4.301029996135349
1082,S. aureus,GMASKAGSVAGKIAKFALGAL,1.903089987,21,4.096910013,1082,1082,train,2,4.197080552230936,4.189495307573484,4.559009305049354,4.302137118609837,4.421912668518782,4.140485647330006,4.231468236960587,4.107469,4.096910012902657
1083,S. aureus,GMASKAGSVLGKITKIALGAL,2.0,21,4.0,1083,1083,train,1,4.100099903989374,4.426361127044183,4.603270838098466,4.480538148218629,4.478758558011096,4.119673532680001,4.30696100994072,4.015232,4.000000000146524
1084,S. aureus,GMASKAGSVLGKLAKVAIGAL,2.0,21,4.0,1084,1084,train,1,4.099841044953721,4.231059338627816,4.605077073297668,4.166004989637275,4.466956707963689,4.088510144520002,4.154148723839467,4.022692,4.000000000094589
1085,S. aureus,GMASKAGSVLGKVAKVALKAAL,1.574031268,22,4.425968732,1085,1085,train,3,4.525822844103568,4.527155082159525,4.640958061210822,4.598505642536348,4.521514928747169,4.347106544670001,4.33021235758222,4.442245,4.4259687320462335
1090,S. aureus,GMASTAGSVLGKLAKAVAIGAL,2.301029996,22,3.698970004,1090,1090,train,0,3.798811824039398,4.155715924328808,4.614267413140073,4.2216454424142,4.469718229899634,3.955149804909995,4.178032877079664,3.8075056,3.698970004094251
1091,S. aureus,GMATAAGTTLGKLAKFVIGAV,1.903089987,21,4.096910013,1091,1091,train,2,4.19702725751932,4.005453777423304,4.649114865062682,4.055173919759949,4.63710318404802,4.218781148910006,4.386388260384121,4.141842,4.096910013011428
1092,S. aureus,GMATKAGTAFGKAAKAIIGAAL,2.408239965,22,3.591760035,1092,1092,train,0,3.691764155948857,3.9790708148585496,4.593009774991839,4.106213414347033,4.551554949031543,3.8821327668599963,4.129597941912061,3.6738799,3.591760034997163
1093,S. aureus,GMATKAGTALGKVAKAVIGAAL,2.0,22,4.0,1093,1093,train,1,4.09995638896347,4.366411383086886,4.605313752119366,4.492468582446046,4.572387425445243,4.0873317687999995,4.107109193320288,3.9628024,4.0000000000361595
1095,S. aureus,GMWKKILGKLIR,1.176091259,12,4.823908741,1095,1095,train,5,4.73227671958563,4.499152163137022,4.730369746744787,4.621739041497189,4.7462370336318775,4.838144318910007,4.703206587597236,4.793741,4.823908740950795
1100,S. aureus,GMWSKILGHLIR,1.487986331,12,4.512013669,1100,1100,train,3,4.611954910494843,4.584748334655715,4.693559982532364,4.5795375549684465,4.717479342743632,4.506928606869998,4.545536511649964,4.414061,4.512013668984048
1104,S. aureus,GMWSKIPGHLIR,2.0,12,4.0,1104,1104,train,1,4.099836328201611,4.341113598971094,4.651376527994027,4.217006218140436,4.62876422796789,4.16688418532,4.418749025938337,4.076792,4.000000000008976
1105,S. aureus,GNNRPVYIPQPRPPHPRI,2.0,18,4.0,1105,1105,train,1,4.100119327047597,3.8628962155870856,4.47039089732019,3.87088180625483,4.267194237264002,4.15812004631,4.306297391851662,4.0267067,3.9999999999827907
1106,S. aureus,GPIRRPEPRPRPE,1.301029996,13,4.698970004,1106,1106,train,4,4.732276719585632,4.187323499460181,3.9780919794106313,4.177293024650803,3.788087989443037,4.590572678209994,4.4304001674879085,4.694452,4.698970003951173
1107,S. aureus,GPIRRPKPRPRPE,1.301029996,13,4.698970004,1107,1107,train,4,4.732276719585632,4.6065584820885075,4.1706484687726855,4.608396967516234,3.971764281790291,4.653901821989994,4.4145411814958635,4.7055597,4.698970004001975
1108,S. aureus,GPIRRPKPRPRPRPE,1.301029996,15,4.698970004,1108,1108,train,4,4.732276719585632,4.702062898451568,4.2162275869197785,4.658192899929683,4.055561291207478,4.629464962599995,4.44786514350707,4.64213,4.6989700039587
1109,S. aureus,GPIRRPKPRPRQRPE,1.301029996,15,4.698970004,1109,1109,train,4,4.732276719585632,5.2066063580932775,4.265339148215459,5.138177536270845,4.091521606666424,4.663069269809994,4.549461096487408,4.6772194,4.698970004037875
1110,S. aureus,GRFKRFRKKFKKLFKKLS,0.522878745,18,5.477121255,1110,1110,train,8,5.377124618457258,5.231677704998542,4.836878002314538,5.175508745823728,4.911854377304876,5.269386762069997,5.099794200760421,5.388686,5.477121254753846
1111,S. aureus,GRFRRLRKKTRK,2.10720997,12,3.89279003,1111,1111,train,1,3.992992719106811,4.440825198158646,4.595154627749887,4.534246492896843,4.5270888146541886,4.158664943600001,4.39996419278229,3.9574895,3.8927900300003975
1112,S. aureus,GRFRRLRKKTRKRLKKIGKV,1.669006781,20,4.330993219,1112,1112,train,3,4.430841231274918,4.7214787506479325,4.803859959081319,4.553084913423137,4.8731184243621195,4.419283931579996,4.594230607196413,4.389905,4.330993219150836
1118,S. aureus,GRIKRIRKKIKKLIKKLS,0.602059991,18,5.397940009,1118,1118,train,7,5.2982524323015,5.152968166003108,4.798322980788461,5.098975646155782,4.849274203688883,5.178904180270006,4.910643279762004,5.2979784,5.397940008870873
1119,S. aureus,GRILSFIKGLAEHL,1.80859197,14,4.19140803,1119,1119,train,2,4.291580015916009,4.747860694190405,4.465443183437702,4.879331127348864,4.406771052837755,4.370167010109996,4.654659509893864,4.2569222,4.191408030002334
1120,S. aureus,GRKKRRQRRRGGWMWVTNLRTD,1.657848051,22,4.342151949,1120,1120,train,3,4.441532185919655,4.792861333046748,4.72160975936004,4.892355978672964,4.6215631972764815,4.569254962990005,4.734142107412882,4.364435,4.342151949014989
1121,S. aureus,GRKKRRQRRRPPQ,0.602059991,13,5.397940009,1121,1121,train,7,5.2980587213877115,4.826345295700695,4.334941584975281,4.830319643526156,4.116009362399176,5.063653359120007,4.5654219520594514,5.2894835,5.397940008934772
1122,S. aureus,GRKLWRKWLKRWLP,0.726998728,14,5.273001272,1122,1122,train,7,5.172874192664776,5.381919209647228,4.833148340501119,5.5212676623132255,4.875277300511383,5.163631054379994,5.108755043646113,5.239449,5.273001272139488
1123,S. aureus,GRPRPFPGRPKPIFRPR,2.0,17,4.0,1123,1123,train,1,4.100204925698439,4.1634002619462125,4.492353425058561,4.189986122911105,4.428521848788885,4.00486555952,4.16613899460396,4.024441,3.9999999999993316
1124,S. aureus,GRRGPRRANQNGTRRRRRRT,2.0,20,4.0,1124,1124,train,1,4.100163944839802,4.0376497388905275,4.543818711962497,3.9723711013346206,4.537112139088129,4.31212422398,4.341394651600787,4.0860295,4.000000000002975
1125,S. aureus,GRRPRPRPRP,2.204119983,10,3.795880017,1125,1125,train,0,3.896033188611591,4.1017735419609895,4.1602159944554815,4.077011976134731,4.10557126930843,4.02435325081,3.94808057599381,3.8287954,3.7958800170190763
1126,S. aureus,GRRPRPRPRPFFF,1.602059991,13,4.397940009,1126,1126,train,3,4.498014387855992,4.602666376357614,4.482093033060877,4.658160670177535,4.4073565310435,4.501382661170006,4.3993502280282915,4.4433656,4.397940012725777
1127,S. aureus,GRRPRPRPRPFFFF,1.0,14,5.0,1127,1127,train,6,4.959383120930955,4.763928028607055,4.570722593167294,4.764173242216763,4.551794033774167,4.843464402330002,4.533048091535654,4.935067,4.999999998852137
1128,S. aureus,GRRPRPRPRPFFFFF,0.397940009,15,5.602059991,1128,1128,train,8,5.5022689686803705,5.080547945635713,4.644533450955846,4.956982931260784,4.652103872589853,5.2896300525199935,4.8417133852559,5.358087,5.602059988359297
1129,S. aureus,GRRPRPRPRPWWW,1.602059991,13,4.397940009,1129,1129,train,3,4.49809553851703,4.648676065064816,4.522586956907043,4.673202282771672,4.514998683969603,4.453752181780007,4.50908881064162,4.448146,4.397940005304054
1130,S. aureus,GRRPRPRPRPWWWW,1.602059991,14,4.397940009,1130,1130,train,3,4.4975775490505345,4.672659880928789,4.621154622010864,4.660782532187828,4.670500859950273,4.580792673040006,4.674796212951335,4.5202003,4.397940011683346
1131,S. aureus,GRRPRPRPRPWWWWW,1.301029996,15,4.698970004,1131,1131,train,4,4.692122127386165,5.213647724600686,4.706792813392026,4.939460190914653,4.787823505324245,4.851645620419994,4.949816547650016,4.7321844,4.698970005009115
1132,S. aureus,GRRYKKFRWKFKGRWFWFG,0.481963504,19,5.518036496,1132,1132,train,8,5.417877962464345,5.1558177224346,4.95588745764372,5.245925900395412,5.066552433887195,5.354165380409994,5.052976053790404,5.4974103,5.518036495960451
1133,S. aureus,GRWKRWRKKWKKLWKKLS,0.602059991,18,5.397940009,1133,1133,train,7,5.298111063882709,5.1905813521441475,4.883799609356158,5.0958469427503434,4.987540198250692,5.282231821700004,5.155991749724673,5.404867,5.397940008867601
1134,S. aureus,GSAQPYKQLHKVVNWDPYG,0.836324116,19,5.163675884,1134,1134,train,6,5.063363263773645,5.147954166130956,4.592697919570866,5.095024494284934,4.5045270941435245,4.877201012729994,4.622061631353925,5.128608,5.16367588395138
1136,S. aureus,GTAWRWHYRARS,1.91780585,12,4.08219415,1136,1136,train,2,4.1820711805308965,4.645218646577265,4.646950117556724,4.807185302396485,4.571489063973487,4.376946226070005,4.530124032305408,4.109447,4.082194149985334
1137,S. aureus,GVADILKGAAKDIAGHLASKVMNKL,2.0,25,4.0,1137,1137,train,1,4.100143915875827,3.9341100080443203,4.5232340526142005,3.87328333259998,4.34680734720362,4.027956487440001,4.041305249914249,4.011981,3.999999999989627
1138,S. aureus,GVAKFGKAAAHFGKGWIKEMLNS,1.880813592,23,4.119186408,1138,1138,train,2,4.21903158369392,4.396312370575809,4.661569345594864,4.439125884150294,4.555103150000787,4.105940034460002,4.258085597403985,4.1436806,4.119186408018799
1139,S. aureus,GVFDIIKDAGKQLVAHAMGKIAEKV,2.481630767,25,3.518369233,1139,1139,train,0,3.6184707352281826,3.9217217289093185,4.568156726138552,4.022862249565655,4.544346682500123,3.5561124127399957,3.991130751734824,3.5172582,3.518369232941145
1140,S. aureus,GVFDIIKDAGKQLVAHATGKIAEKV,2.48661118,25,3.51338882,1140,1140,train,0,3.613526636913609,3.5408697374511933,4.544320950931214,3.6045850784920113,4.513542161462397,3.5777460646799955,4.084519565984293,3.5662546,3.5133888200232732
1141,S. aureus,GVFDIIKDAGRQLVAHAMGKIAEKV,2.477045168,25,3.522954832,1141,1141,train,0,3.62279794232046,4.173585867029702,4.576263427749651,4.255202004503029,4.5585941340794545,3.6048812038199975,4.000720834583029,3.5352433,3.5229548320805866
1142,S. aureus,GVFDIIKGAGKQLIAHAMGKIAEKV,2.488934048,25,3.511065952,1142,1142,train,0,3.6112321916189885,3.951811295287403,4.611886304856552,3.983084207394035,4.5823291546344045,3.6406608788100026,4.234501135999189,3.6282098,3.5110659521036687
1143,S. aureus,GVFLDALKKFAKGGMNAVLNPK,2.0,22,4.0,1143,1143,train,1,4.1001651356058275,4.03193941013639,4.602875659486302,4.072671132714461,4.52012307744867,4.115009133040001,4.324548194707984,4.056205,4.0000000000496305
1144,S. aureus,GVFRRLRKVTRKVLKKIGKVLKWI,0.602059991,24,5.397940009,1144,1144,train,7,5.298113149118449,5.255175805009195,5.0397959105452825,5.19142626089642,5.19103517292041,5.398934562420006,5.263523080150759,5.3879247,5.397940008783836
1145,S. aureus,GVFRVLRKVTRVVLKVIGKVLKWI,0.301029996,24,5.698970004,1145,1145,train,9,5.599085734413923,5.718999144887251,5.102492591484951,5.593826404357279,5.259244183388795,5.524872172949995,5.311726417903451,5.6752,5.698970004136548
1146,S. aureus,GVGDLIRKAVSVIKNIV,1.448270046,17,4.551729954,1146,1146,train,4,4.651733765068954,4.618613829005549,4.632907454622964,4.654060679189109,4.698468929670929,4.600995041929997,4.78080731281477,4.6062346,4.551729953978918
1147,S. aureus,GVGKFLHSAKKFGQALASEIMKS,2.0,23,4.0,1147,1147,train,1,4.100130324566797,4.20527490830499,4.569947412656041,4.21707108427177,4.417955267172567,4.063274160189999,4.108126331043384,4.0127463,3.9999999999927853
1148,S. aureus,GVGKFLHSAKKFGQALVSEIMKS,2.0,23,4.0,1148,1148,train,1,4.100084086736464,4.259357172082947,4.626940079346774,4.413081350152434,4.586474720049493,4.085787391579999,4.309820121884219,4.0938807,4.000000000046179
1149,S. aureus,GVIAAAKKVVNVLKNLF,1.146498178,17,4.853501822,1149,1149,train,5,4.753655156568102,4.586779936107308,4.78195223985163,4.675640363679518,4.753970775244797,4.852476728729999,5.029724286672053,4.8638644,4.853501821959962
1150,S. aureus,GVIDAAKKVVNVLKNLF,1.13591571,17,4.86408429,1150,1150,train,5,4.7642025997472,4.317210412047047,4.625654760814504,4.408270405110735,4.604605394943986,4.798042351949997,4.849493817568662,4.9029474,4.864084290009078
1151,S. aureus,GVIDAAKKVVNVLKNLP,1.147973104,17,4.852026896,1151,1151,train,5,4.752143688731461,4.671796110443261,4.550701285586937,4.643287618264499,4.509013702327497,4.780497504729997,4.596619776546264,4.7827597,4.85202689595023
1152,S. aureus,GVIDIIKGAGKDLIAHAIGKLAEKV,2.49996696,25,3.50003304,1152,1152,train,0,3.6001994022790678,3.8132357372236956,4.528521100608895,3.930366501224117,4.507847892180768,3.6700411694700033,4.102557594489144,3.624343,3.500033040051021
1153,S. aureus,GVIKSVLKGVAKTVALGML,1.096910013,19,4.903089987,1153,1153,train,5,4.802777366773646,4.997534756017697,4.755046508698663,4.9775932274510275,4.767271775792176,4.839366160489994,4.77374403837084,4.882234,4.903089987024754
1154,S. aureus,GVLDILKGAAKDLAGH,1.607455023,16,4.392544977,1154,1154,train,3,4.4925220708990246,4.290986247472974,4.239163710045199,4.254474085463399,4.166065408062712,4.49294030145,4.335244769298971,4.4158716,4.392544976981861
1155,S. aureus,GVLDILKGAAKDLAGHVATKVI,1.164352856,22,4.835647144,1155,1155,train,5,4.735813854709662,4.373590533345367,4.500986755033914,4.153012412910264,4.492034647873217,4.583370415630003,4.3747659638969925,4.7742634,4.835647143805534
1156,S. aureus,GVLDILKGAAKDLAGHVATKVINKI,1.698970004,25,4.301029996,1156,1156,train,2,4.401195670676168,4.7797171671047005,4.589848949654563,4.770936448155898,4.607880932670149,4.173212465480003,4.186445007169006,4.1523886,4.301029996088529
1157,S. aureus,GVLSAFKNALPGIMKIIV,0.632205502,18,5.367794498,1157,1157,train,7,5.267962891983611,4.750546761128228,4.7629228767141765,4.746375183890559,4.847163573497795,5.2388629243300056,4.895917421193059,5.3368683,5.3677944979415555
1158,S. aureus,GVLSNVIGYLKKLGTGALNAVLKQ,1.706518891,24,4.293481109,1158,1158,train,2,4.393326967453387,5.205801602052437,4.822130603958326,5.148228839601631,4.827048110458785,4.4384431937500075,4.7218851213878095,4.4022145,4.293481109079933
1159,S. aureus,GVLSVIKNALPGIMRF,0.633468456,16,5.366531544,1159,1159,train,7,5.2664543183538886,5.1830061971172166,4.750572418865706,4.958981999396999,4.736920631300022,5.13715511602,4.816020205361673,5.277445,5.3665315438942045
1160,S. aureus,GVLSVIKNALPGIMRFIA,0.624485763,18,5.375514237,1160,1160,train,7,5.275724550778597,4.759546636561166,4.787069968994691,4.871925084876106,4.785062285028627,5.199020368800002,4.879110552031356,5.3426595,5.3755142370150715
1161,S. aureus,GVSVAGAKKVKVLFVFPFLF,2.075065142,20,3.924934858,1161,1161,train,1,4.024877843426461,4.634077268803587,4.910704467245862,4.6582564337936665,4.969532342746888,4.276264748819992,4.827864320142423,4.083958,3.9249348581144172
1162,S. aureus,GVVAILKGAAKDIAGHLASKVMNKL,2.0,25,4.0,1162,1162,train,1,4.100147358805234,4.119061350475759,4.655423621078599,4.103149943011888,4.4783506721116,4.090321249249999,4.152363550053068,4.198012,4.000000000172874
1163,S. aureus,GVVDALKGAAKDIAGHLASKVMNKL,2.0,25,4.0,1163,1163,train,1,4.100173354695888,4.067969046095486,4.519657204547525,4.028513580769619,4.350206271330351,4.021017788730001,4.010488695383159,3.9930034,4.000000000550482
1164,S. aureus,GVVDIAKGAAKDIAGHLASKVMNKL,2.0,25,4.0,1164,1164,train,1,4.100169026972851,3.920628569688473,4.531275928339189,3.8841409010281973,4.356052924522043,4.02018543455,3.9786620358472478,3.995769,4.000000000085457
1165,S. aureus,GVVDILAGAAKDIAGHLASKVMNKL,2.0,25,4.0,1165,1165,train,1,4.099957836475624,3.765811996829545,4.557066658559033,3.728725043524043,4.389327981358177,4.038488318099999,4.015602221143619,4.0159,3.999999999694865
1166,S. aureus,GVVDILKAAAKDIAGHLASKVMNKL,2.0,25,4.0,1166,1166,train,1,4.099954751448125,3.928180321660574,4.5994707018814625,3.9059701287034643,4.431589852307187,4.001085578860001,3.999839861426573,3.98205,4.000000000299132
1167,S. aureus,GVVDILKGAAADIAGHLASKVMNKL,2.0,25,4.0,1167,1167,train,1,4.1001444811070815,3.754570877762323,4.515521119785754,3.7492190163286407,4.358055830425568,4.02023386398,3.9998981172437724,3.9936264,4.000000000026079
1168,S. aureus,GVVDILKGAAKAIAGHLASKVMNKL,1.765916794,25,4.234083206,1168,1168,train,2,4.334154385945308,4.195890711606408,4.643220818039892,4.220999970697156,4.5117261957876496,4.159572114959997,4.1399797337044175,4.088039,4.234083205956857
1169,S. aureus,GVVDILKGAAKDAAGHLASKVMNKL,2.0,25,4.0,1169,1169,train,1,4.0998802469703115,4.179682375862585,4.518688128385588,4.1574222544244215,4.347640491153719,4.01697128515,3.9786620358472478,3.9518545,3.9999999994654294
1170,S. aureus,GVVDILKGAAKDIAAHLASKVMNKL,2.0,25,4.0,1170,1170,train,1,4.1000912156109495,4.079232996513082,4.6000814027080414,4.124218619563121,4.43319682722603,3.98398804954,4.048972137215265,3.9612193,3.9999999998242544
1171,S. aureus,GVVDILKGAAKDIAGALASKVMNKL,2.0,25,4.0,1171,1171,train,1,4.0998383298017504,3.969749473274929,4.556969896229604,3.9867764862550077,4.390912125242247,4.0096403578399995,3.9889776188234127,3.9675496,4.000000000068107
1172,S. aureus,GVVDILKGAAKDIAGHASKVMNKL,2.0,24,4.0,1172,1172,train,1,4.1001112706833895,3.431876674410897,4.520453239873146,3.701203660882639,4.3363483157422245,4.04457817128,3.985361527105205,4.0230494,3.999999999777278
1173,S. aureus,GVVDILKGAAKDIAGHLAAKVMNKL,2.0,25,4.0,1173,1173,train,1,4.100134754896603,4.0808119109901755,4.598677006225438,4.119406094420125,4.538659242401901,3.99405861633,4.132170847631104,3.9938803,3.999999999691458
1174,S. aureus,GVVDILKGAAKDIAGHLASAVMNKL,2.0,25,4.0,1174,1174,train,1,4.100110063660965,3.776527275195637,4.553128186761273,3.7148715679674105,4.379040219773958,4.0466726305,4.0448972038866975,3.9944303,3.999999999997569
1175,S. aureus,GVVDILKGAAKDIAGHLASKAMNKL,2.0,25,4.0,1175,1175,train,1,4.1001578807200065,4.157770404756241,4.536414268938495,4.158168587900652,4.365493477332285,4.018402293300001,3.974080962098177,4.0233192,3.9999999999868807
1176,S. aureus,GVVDILKGAAKDIAGHLASKVANKL,2.0,25,4.0,1176,1176,train,1,4.100129686770888,4.114065665359339,4.52913375773814,4.23581543937383,4.426929448920698,4.012863277540001,4.073445845429462,4.0318775,4.000000000162309
1177,S. aureus,GVVDILKGAAKDIAGHLASKVMAKL,2.0,25,4.0,1177,1177,train,1,4.099676176324159,4.35742119537947,4.585568050820931,4.313756643508264,4.490134230701656,4.031688752899999,3.9673814708402197,3.997923,4.000000000090797
1178,S. aureus,GVVDILKGAAKDIAGHLASKVMNAL,2.0,25,4.0,1178,1178,train,1,4.100120783836978,3.9270578579336797,4.556675371203081,3.948790098800319,4.385616383905297,4.01881058725,3.9786620358472478,3.9659195,4.000000000220043
1179,S. aureus,GVVDILKGAAKDIAGHLASKVMNKA,2.0,25,4.0,1179,1179,train,1,4.099630482089503,3.959719451839886,4.532014620356967,4.005403553402918,4.358068838566565,4.003478338050001,4.033755107091552,3.967855,3.9999999995217883
1180,S. aureus,GVVDILKGAAKDIAGHLASKVMNKL,2.010628522,25,3.989371478,1180,1180,train,1,4.042956054929869,3.940255760251754,4.572076111013042,3.956084575182439,4.412633129184705,3.995570334560004,3.9786620358472478,3.9639564,3.9893714791778407
1181,S. aureus,GVVDILKGAAKDIAGHLLSKVMNKL,1.875061263,25,4.124938737,1181,1181,train,2,4.224770857165274,4.224676226342897,4.616140288382633,4.242396288629211,4.5786862567324915,4.136948528309995,4.197089725120968,4.0705023,4.124938737088392
1182,S. aureus,GVVDILKGAAKDILGHLASKVMNKL,1.765916794,25,4.234083206,1182,1182,train,2,4.33392182625595,4.185358968811247,4.6126678508898,4.215606692685865,4.468650036667729,4.189946600089995,4.100562489175273,4.1390767,4.2340832059952245
1183,S. aureus,GVVDILKGAAKDLAGHLATKVMNKL,2.301029996,25,3.698970004,1183,1183,train,0,3.798811420529173,4.318251126501634,4.593099158282279,4.273794078513168,4.539925855976514,3.834376220499995,4.163166610952859,3.92136,3.698970004252972
1184,S. aureus,GVVDILKGALKDIAGHLASKVMNKL,1.765916794,25,4.234083206,1184,1184,train,2,4.3340381759734345,4.317361640775321,4.611925501980844,4.19763173652457,4.466706505615245,4.197334780209995,4.154073161299126,4.1638827,4.23408320560875
1185,S. aureus,GVVDILKGLAKDIAGHLASKVMNKL,1.619788758,25,4.380211242,1185,1185,train,3,4.480236971957128,4.254401644653772,4.612708076692748,4.212375105588611,4.468740251395297,4.287521508239991,4.07247611942037,4.22614,4.380211241452117
1186,S. aureus,GVVKVSRLKGESLRARL,1.029599212,17,4.970400788,1186,1186,train,5,4.870705452585632,4.797901129213705,4.482651059197573,4.915828548587393,4.432815247561154,4.815951286200005,4.598248940517694,4.907428,4.970400787938405
1187,S. aureus,GVVPVVSVVGKVV,2.0,13,4.0,1187,1187,train,1,4.100184539318052,3.724957740784272,4.77008510108159,3.7897394026615006,4.717233708587056,4.15460462006,4.2356471404949225,3.9884872,3.9999999999713234
1191,S. aureus,GVVVRIGRVIVRGVRR,0.903089987,16,5.096910013,1191,1191,train,6,4.996526563532755,5.312017926868399,4.826903395123708,5.398955891170165,4.979564078898498,5.084083013060008,5.106108904032424,5.142764,5.096910013974766
1192,S. aureus,GVVVRIGRVVVRGVRR,0.903089987,16,5.096910013,1192,1192,train,6,4.997047563180834,5.164023866404641,4.821927917718706,5.157087561791675,4.874538395838153,5.056388066080009,4.990685586314265,5.073489,5.096910012040286
1193,S. aureus,GVVVRVARVVVRWVRR,0.602059991,16,5.397940009,1193,1193,train,7,5.297853742540447,5.512922700338932,4.9423177367656645,5.217656059557319,5.011020004523314,5.362907523990008,5.145415522339457,5.357259,5.397940008762601
1195,S. aureus,GVVVRVGRVVVRWV,0.903089987,14,5.096910013,1195,1195,train,6,4.996982759479643,5.034215649747059,4.904269836634755,4.941912710328416,4.95032360010948,5.1698413353100054,5.205944001374925,5.100638,5.096910012992286
1197,S. aureus,GVVVRVGRVVVRWVRRRR,0.301029996,18,5.698970004,1197,1197,train,9,5.598973765369916,5.644553609305772,4.938087319259158,5.65815684950518,5.0316625218083235,5.559542394229997,5.249224029613516,5.6036205,5.698970004078194
1198,S. aureus,GVVVRVPRVVVRWVRR,0.602059991,16,5.397940009,1198,1198,train,7,5.297363336029669,5.272503259392335,4.928837232816279,5.145049223953979,4.998365693971488,5.349220172070006,5.191525002869137,5.3540387,5.397940008949933
1199,S. aureus,GVVVRWGRVIVRGVRR,0.602059991,16,5.397940009,1199,1199,train,7,5.2980367128343095,5.639988762819353,4.8521575964815105,5.599839901183638,5.023295888794689,5.330678450400009,5.27816306236052,5.3937435,5.397940007966971
1200,S. aureus,GVVVRWGRVVVRGVRR,0.903089987,16,5.096910013,1200,1200,train,6,4.997049984049675,5.493446130669026,4.847171148402978,5.360005932628061,4.918241538642226,5.197753098730009,5.156126961572391,5.158642,5.096910014052852
1201,S. aureus,GVVVRWGRVWVRGVRR,0.602059991,16,5.397940009,1201,1201,train,7,5.298242379496028,5.4515755865753315,4.87119142594703,5.426525483102357,4.953882469632621,5.348370562630007,5.149301858856552,5.328759,5.397940008979749
1205,S. aureus,GWASKIGQALGKVAKVGLQQFIQPK,2.0,25,4.0,1205,1205,train,1,4.10016689213504,4.508545986131264,4.752842933522722,4.493436999253088,4.6942828782291794,4.093943845610002,4.336885868423398,4.0380597,4.000000000090272
1206,S. aureus,GWASKIGQTLGKIAKVGLKELIQPK,2.069292536,25,3.930707464,1206,1206,train,1,4.03086806899107,4.470209423371801,4.670081864318453,4.4970980290453,4.530118471005078,4.115582267710007,4.447433081489147,4.105261,3.93070746407693
1207,S. aureus,GWASKIGQTLGKMAKVGLQEIIQPK,1.698970004,25,4.301029996,1207,1207,train,2,4.401136402677737,4.202798631129855,4.6310631034996526,4.235942459125749,4.485829674813383,4.2788549152500055,4.355267490365914,4.2813373,4.301029996042991
1208,S. aureus,GWASKIGQTLGKMAKVGLQELIQPK,1.698970004,25,4.301029996,1208,1208,train,2,4.401214658194514,4.243766075862814,4.6311252706496635,4.224469911375679,4.485954876809892,4.288931719700005,4.384215892620787,4.288339,4.301029995901374
1209,S. aureus,GWASKIGTQLGKMAKVGLKEFVQS,1.397940009,24,4.602059991,1209,1209,train,4,4.702169730092566,4.2303864683577705,4.678822359456126,4.2121441328626315,4.505832681879546,4.4793740079999935,4.319382720529524,4.412382,4.602059991012104
1210,S. aureus,GWASSIGSILGKFAKGGAQAFLQPK,2.408239965,25,3.591760035,1210,1210,train,0,3.691603778263411,4.347076700439365,4.707883800993943,4.3689249441090325,4.656521923278271,3.7714818602499958,4.296804295635936,3.8013012,3.5917600351249495
1211,S. aureus,GWFDVVKHIAKRF,1.698970004,13,4.301029996,1211,1211,train,2,4.401196303811364,4.002510859494154,4.6089965411144425,4.0295114345115275,4.605037938691087,4.469641264500005,4.5927749592492795,4.3373194,4.301029996012986
1212,S. aureus,GWGDTFGKVLKNFAKVAGVKAAK,1.204119983,23,4.795880017,1212,1212,train,4,4.732276719585632,4.556837253401569,4.652416555095167,4.593159320978608,4.681477928328815,4.6928059928,4.3909958965047196,4.770661,4.795880016979892
1213,S. aureus,GWGDTFLKTMAKIAKVGPKLLHS,1.204119983,23,4.795880017,1213,1213,train,4,4.732276719585632,4.521115065245422,4.721302006995307,4.599529420379298,4.745305701398697,4.663356116319999,4.531623668038267,4.7489767,4.795880017030978
1214,S. aureus,GWGSFFKKAAAVGKAVGKAALTAYL,0.803937155,25,5.196062845,1214,1214,train,6,5.0959151830670955,4.868084637666619,4.802427083047382,4.906302426263456,4.83664179652978,5.049954388610006,4.721244251655292,5.0958266,5.196062844912855
1215,S. aureus,GWGSFFKKAAHVG,1.763427994,13,4.236572006,1215,1215,train,2,4.336682021865425,4.14862424202377,4.641080548370459,4.109840215904608,4.592375060812459,4.418323378530004,4.332518703762624,4.24322,4.236572005979319
1217,S. aureus,GWGSIFKHGRHAAKHIGHAAVNHYL,1.063439215,25,4.936560785,1217,1217,train,5,4.836680313473007,5.004089474228237,4.8085026363511,5.094566496156633,4.868284365517936,4.814166919509997,4.837430883474602,4.9548497,4.936560785007047
1218,S. aureus,GWKKWFNRAKKVGKTVGGLAVDHYL,0.747855444,25,5.252144556,1218,1218,train,7,5.152109736564473,4.896418863932404,4.763570612999166,4.807236451689332,4.757735423540573,5.095431681370006,4.981412301760511,5.2322516,5.252144555941121
1219,S. aureus,GWKKWFTKGERLSQRHFA,1.451577412,18,4.548422588,1219,1219,train,3,4.648507229227237,5.731054653151659,4.627240665048861,5.707986017469216,4.681629331710615,4.560733724329996,4.629135004600679,4.5967956,4.548422588014109
1220,S. aureus,GWKKWLRKGAKHLGQAAIK,0.812196408,19,5.187803592,1220,1220,train,6,5.087645798487244,4.530525021627948,4.691901080570799,4.495914368432382,4.7311574817481326,5.019825649240006,4.678889045984072,5.118971,5.187803591974411
1221,S. aureus,GWKKWLRKGAKHLGQAAIKGLAS,0.805316535,23,5.194683465,1221,1221,train,6,5.094235009226098,4.221770751475246,4.699320531908115,4.299205801074128,4.644376608280319,4.975473418690008,4.327461308790803,5.0798364,5.19468346491349
1222,S. aureus,GWKRKRFG,2.301029996,8,3.698970004,1222,1222,train,0,3.7988533674188125,3.8013016072612658,4.577660111116708,3.7771665830195467,4.424970303297687,3.973772612749995,3.9574532371475746,3.7521327,3.6989700039742717
1223,S. aureus,GWKSVFRKAKKVGKTVGGLALDHYL,1.365388277,25,4.634611723,1223,1223,train,4,4.732276719601236,5.0935405040649915,4.728320035199656,5.159715590770588,4.733283898367555,4.725254620349996,4.76625365619775,4.7539725,4.634611723049564
1226,S. aureus,GWLPTFGKILRKAMQLGPKLIQPI,1.204119983,24,4.795880017,1226,1226,train,4,4.732276719585632,4.112598481070634,4.896373118456998,4.141759619916141,4.978259906190977,4.696846755080001,4.690796018673128,4.7276607,4.7958800169938165
1227,S. aureus,GWMSKIASGIGTFLSGMQQ,2.0,19,4.0,1227,1227,train,1,4.100157650172346,4.432580995104832,4.6820991665989276,4.5279708697167464,4.5256942903806765,4.1555925585699995,4.484758565624214,4.0504117,4.000000000025133
1228,S. aureus,GWRLIKKILRVFKGL,0.340248022,15,5.659751978,1228,1228,train,9,5.559644447621222,5.177711289711251,4.882079057632177,5.003584170009292,4.958186995989201,5.440369813659996,5.173431427626527,5.5896416,5.659751977865457
1229,S. aureus,GWRTLLKKAEVKTVGKLALKHYL,0.178287531,23,5.821712469,1229,1229,train,9,5.7218835432474,4.981206908453951,4.7899763823478505,4.848781647016383,4.804717613314592,5.307384263919994,4.9487860677630575,5.7255154,5.821712468926899
1230,S. aureus,GYKYINNIIKYINKFFKYIW,0.483282568,20,5.516717432,1230,1230,train,8,5.416818365172668,5.056768021624008,5.094678759499976,5.104344453170372,5.123744801195588,5.296151919890004,5.024649314992854,5.48804,5.516717431945272
1231,S. aureus,GYNYAKKLANLAKKFANALW,1.021390424,20,4.978609576,1231,1231,train,5,4.87824930788705,4.945190033849362,4.77503284493143,4.99912549018815,4.759436824258192,4.897403676429999,4.8737262415310925,5.000837,4.978609575966335
1240,S. aureus,HFLGTLVNLAKKKL,2.10720997,14,3.89279003,1240,1240,train,1,3.992720522670784,3.856255805733066,4.715420868875898,3.859417484898958,4.664741618331666,4.247628927900001,4.392310392891564,3.925904,3.892790030030795
1244,S. aureus,HKLGTLVNLAKKIL,2.10720997,14,3.89279003,1244,1244,train,1,3.9929395090893522,4.035449077276079,4.710808990540827,4.068962173567727,4.668724438763304,4.172318827920002,4.663329091035387,3.921037,3.892790030050415
1245,S. aureus,HKTDSFVGLM,2.644240081,10,3.355759919,1245,1245,train,0,3.455605030086251,3.33728485709554,4.363503651978846,3.3616445604207508,4.230898911138423,3.577089104889997,3.4705042004875097,3.3617098,3.355759918954561
1246,S. aureus,HKVVFKVKFH,1.493289027,10,4.506710973,1246,1246,train,3,4.606691332464161,4.408629646071734,4.790829995461752,4.469004936973218,4.768812164689873,4.691434086009998,4.798681218831662,4.525082,4.506710973045414
1248,S. aureus,HLHFPHLHFP,1.591263018,10,4.408736982,1248,1248,train,3,4.50892287998831,3.7809689084845735,4.6577364847526175,3.771546736320377,4.516253918596074,4.277097431289996,4.354970675052274,4.3540683,4.408736981970789
1249,S. aureus,HLNKRVQRELIGWLDWLK,2.257678575,18,3.742321425,1249,1249,train,0,3.842547705455848,3.985596211196734,4.638011661443345,3.971863682766722,4.574789634413987,4.277051019720001,4.6122763015878725,3.7692502,3.7423214250358137
1250,S. aureus,HLRRINKLLTRIGLYRHAFG,1.644176107,20,4.355823893,1250,1250,train,3,4.456044176499576,4.952631808391045,4.875514016919483,4.849573015800824,4.904828639798807,4.525141747079994,4.880598505679893,4.445133,4.355823893104261
1251,S. aureus,HNSSKQWSHWLWHNGIRI,1.447006622,18,4.552993378,1251,1251,train,4,4.652831908586565,4.424403327605822,4.769803831451824,4.666546155592711,4.754630960293643,4.671024803449998,4.714484589938923,4.57507,4.5529933779525615
1252,S. aureus,HPLKQYWWRPSI,2.096910013,12,3.903089987,1252,1252,train,1,4.003260002965408,3.7735223235249737,4.711866432317337,3.8315049633311697,4.6689307148645005,4.185715669929996,4.593351516192415,3.9854279,3.903089986941707
1253,S. aureus,HQFRFRFRVRRK,0.301029996,12,5.698970004,1253,1253,train,9,5.598813154544176,5.2838595928961585,4.798588808351736,5.260261358227585,4.820394512075089,5.457608389369995,5.009294639086996,5.6694636,5.698970003892193
1254,S. aureus,HRVKRNGFRKFMRRLKKFFAGG,1.669889714,22,4.330110286,1254,1254,train,3,4.429952946649905,5.078688468686801,4.88654656873974,5.0125844728147015,4.956308735362844,4.600883314059996,4.811981885776352,4.385524,4.330110286143277
1255,S. aureus,HRWWRWWRH,1.204119983,9,4.795880017,1255,1255,train,4,4.7322767199445295,5.126050679567426,4.879606395242516,5.029835462224589,4.928303648529039,5.025666690530002,5.321918408686955,4.8930492,4.795880016971183
1256,S. aureus,HRWWRWWRR,0.903089987,9,5.096910013,1256,1256,train,6,4.9969939262608785,5.588049836056098,4.898203441883065,5.482385592434771,4.967560565611414,5.111457309140005,5.264768952579624,5.104366,5.096910013034942
1257,S. aureus,HVINLEESFQEPEYENHLA,-2.22184875,19,8.22184875,1257,1257,train,9,8.121813796545052,7.769253145350528,4.173553320302749,7.638730079272154,4.8245741400124595,6.662145025280004,7.134376005167693,8.084913,8.221848749869658
1258,S. aureus,IAAAGLPQE,2.892651034,9,3.107348966,1258,1258,train,0,3.207336962300725,3.166118721555616,3.940823058050289,3.0273034873897053,3.3851019533805706,3.0427337778500005,3.041091288226564,3.1122966,3.1073489659956923
1259,S. aureus,IAAQGLPQE,3.096910013,9,2.903089987,1259,1259,train,0,3.003255800566209,3.132107514106689,3.9528501596789605,3.0242437207662634,3.3740941003076075,2.8766765735999953,2.933307528954072,2.8620706,2.9030899869953037
1260,S. aureus,IDGLKAIVKKVADLLKNT,1.84509804,18,4.15490196,1260,1260,train,2,4.255007539288603,4.2716869316349575,4.424066353273455,4.314748897090323,4.476424898117154,4.247144421150002,4.437931467664856,4.108998,4.154901960014315
1261,S. aureus,IDGLKAIWKKVADLLKNT,1.860338007,18,4.139661993,1261,1261,train,2,4.2395034597727355,4.436554070438724,4.454078562954515,4.420790495353687,4.443536368706749,4.322131330050002,4.413021531012582,4.2169833,4.139661992990364
1265,S. aureus,IFGAILPLALGALKNLIK,0.903089987,18,5.096910013,1265,1265,train,6,4.996753165546991,4.714521974792648,4.720509894648152,4.687750130910644,4.745775168598221,5.108778114750007,4.987974744837788,5.094077,5.096910013136378
1266,S. aureus,IFGAIWKGISSLL,1.545694126,13,4.454305874,1266,1266,train,3,4.554474269941873,4.505505164004957,4.734236001920661,4.442537459974399,4.752282184045225,4.61895618941,4.9626184830488995,4.6405377,4.454305874006451
1268,S. aureus,IFGAIWPLALGALKNLIK,0.602059991,18,5.397940009,1268,1268,train,7,5.298022351385685,4.646730940198,4.7638709068656135,4.782717939960211,4.810175066489001,5.2703108587900065,5.199012772688306,5.3076262,5.397940008731299
1269,S. aureus,IFGLLLHGAIHVGKLIHGLVRRH,1.150514998,23,4.849485002,1269,1269,train,5,4.7496241350505,5.254788769673138,4.8790211631175495,5.1670869234824695,4.987190945251472,4.981648072489997,5.1112826406340295,4.9457283,4.849485002234038
1270,S. aureus,IGGIISFFKRLF,0.650464499,12,5.349535501,1270,1270,train,7,5.2493740957156225,4.9397026720177735,4.861746470383946,4.963838322528937,4.8958143537279435,5.239233554289997,5.017075437837218,5.2671814,5.3495355010509655
1271,S. aureus,IGKEFKRIVQRIKDFLRNL,0.602059991,19,5.397940009,1271,1271,train,7,5.297823372418813,4.884510213545565,4.696535674934597,4.845122369109485,4.763001836264141,5.161033440440005,4.883516011774367,5.347759,5.397940008959671
1272,S. aureus,IGKFLKKAKKFG,2.574226373,12,3.425773627,1272,1272,train,0,3.525878095562293,3.6376178182159267,4.6572311339817425,3.818723559141434,4.6582758450781485,3.649558915720005,4.10041655833778,3.4909086,3.425773627016083
1273,S. aureus,IGKKFKRIVKRIKKFLRKL,0.602059991,19,5.397940009,1273,1273,train,7,5.297824481801361,5.383682445058234,4.937514433153923,5.394235032491758,5.121025166400219,5.3995810513400055,5.1890288070727655,5.4477735,5.397940009756306
1274,S. aureus,IGKKFKRIVKRIKKWLRKL,0.301029996,19,5.698970004,1274,1274,train,9,5.599232659375905,5.422632194384392,4.947931538733537,5.414398820388525,5.136737862068937,5.587022265849998,5.299688398017904,5.5505896,5.6989700033094834
1275,S. aureus,IGKKFKRIVQRIKKFLRKL,0.602059991,19,5.397940009,1275,1275,train,7,5.2980794433632505,5.326499786297345,4.9324462556725015,5.484390860281826,5.102590633806623,5.413000056150006,5.225506349148581,5.4136815,5.397940009234754
1276,S. aureus,IGKKFKRIVQRIKKFLRNL,0.602059991,19,5.397940009,1276,1276,train,7,5.297736901077134,5.077386413118649,4.895451641536615,5.160457947860004,5.051867610876435,5.364988875060008,5.1561329431367975,5.361591,5.397940008702018
1277,S. aureus,IGKKWKRIVKRIKKFLRKL,0.602059991,19,5.397940009,1277,1277,train,7,5.298203073051866,5.34160398440497,4.947620702983482,5.341752594683165,5.135925627792282,5.4660829428200035,5.299688398017904,5.39857,5.397940008228012
1278,S. aureus,IGKLFKRIVKRILKFLRKL,0.602059991,19,5.397940009,1278,1278,train,7,5.297785834721072,5.444615618031026,5.0017090343889095,5.530826667387656,5.203766882499692,5.355345581250007,5.307881096666041,5.351985,5.397940009561185
1279,S. aureus,IGKLFKRIVQRILKFLRNL,0.903089987,19,5.096910013,1279,1279,train,6,4.996911524422068,5.344173311922709,4.957269263506474,5.349529709691848,5.128398123683831,5.193662955300007,5.266999585502025,5.1427293,5.096910013340238
1280,S. aureus,IGKLVKWIIKTVNKFTKK,0.568201724,18,5.431798276,1280,1280,train,8,5.33164938163318,4.905470499032174,4.864526909266319,5.046969059990745,4.912918818681851,5.24030925449,5.0109362538372135,5.33856,5.431798275846204
1281,S. aureus,IHHQGLPQE,3.397940009,9,2.602059991,1281,1281,train,0,2.7018985323897144,2.408947682104304,3.9961324066128885,2.413688852345314,3.4454114428736045,2.71223857254,2.772525399279261,2.6420166,2.6020599910135376
1282,S. aureus,IHQGLPQE,3.273001272,8,2.726998728,1282,1282,train,0,2.826964384742383,2.2537687412863683,3.9247089243986077,2.4123727353966093,3.341047538482108,2.7587756943400024,2.8090806234868344,2.7000544,2.7269987279792294
1283,S. aureus,IIGAIAAALPHVINAIKNTF,1.204119983,20,4.795880017,1283,1283,train,4,4.732276719585632,5.023927193802176,4.718397791305513,4.93852176835594,4.701815171283469,4.849239813970001,4.771640843544656,4.803015,4.795880016986347
1284,S. aureus,IIGHLIKTALGMLGL,1.079181246,15,4.920818754,1284,1284,train,5,4.8206990006698955,4.494609370529618,4.702761926001801,4.381081885111444,4.702346405974462,4.795635832369997,4.85063062715154,4.91268,4.920818753939303
1285,S. aureus,IIGPVLGLIGKALGGLL,2.203304916,17,3.796695084,1285,1285,train,0,3.8965891361714475,4.100019556652988,4.708413471855489,4.114227436965582,4.707828235571723,3.969311274870001,4.313134564216335,3.9117284,3.7966950837145674
1286,S. aureus,IIGPVLGLVGKALGGLL,2.206842185,17,3.793157815,1286,1286,train,0,3.8934936578823494,4.19429637248081,4.702977001508588,4.192449194213269,4.698360920942642,3.939101767139994,4.380309240148463,3.8260584,3.793157815472609
1289,S. aureus,IIPLPLGYFAKKKKKKDPVPLDQ,1.578855434,23,4.421144566,1289,1289,train,3,4.52098970444996,4.1560265607451825,4.587894410235401,4.294711770868259,4.561393371176972,4.489830341170003,4.474817156006525,4.443181,4.421144565991803
1292,S. aureus,IIRKIIRK,2.682203295,8,3.317796705,1292,1292,train,0,3.4176839668290704,3.669881591409472,4.760322228260514,3.6075530075787565,4.7411572777541,3.6383007362399984,3.922300729270166,3.3253903,3.317796704903605
1293,S. aureus,IISTIGKLPKWIIKTVNKFTKK,1.342422681,22,4.657577319,1293,1293,train,4,4.746460234591474,4.90533578013669,4.879646792804013,4.888609467171427,4.968168530866859,4.841959179729996,4.933490952648992,4.9092307,4.657577319518466
1296,S. aureus,IISTIGKLVKWIIKTVNKFTKK,0.672097858,22,5.327902142,1296,1296,train,7,5.2281087298917335,5.17526609713568,4.943008693373874,5.058513044607937,5.039678069917954,5.232612001610007,5.089535062946128,5.272458,5.327902141521638
1297,S. aureus,IKAQGLPQE,3.096910013,9,2.903089987,1297,1297,train,0,3.002935774933998,2.990261571894118,3.9805233019006625,2.9934024191091844,3.4288552694224697,2.8872044534099963,2.6824556910106825,2.8455946,2.9030899869906954
1298,S. aureus,IKFEPPLPPKKAH,1.629564057,13,4.370435943,1298,1298,train,3,4.470555850242176,3.827969644012517,4.311343310373274,3.770203711897942,4.182429854949494,4.318324587390003,4.299280831674405,4.314194,4.370435942979918
1299,S. aureus,IKHAGLPQE,3.235212711,9,2.764787289,1299,1299,train,0,2.865148380585655,2.8669254194815457,3.9857015147411063,2.875484573050356,3.461963397464008,2.8462869919300005,2.797127424939212,2.7971692,2.7647872890318554
1300,S. aureus,IKHQGLPQA,3.193820026,9,2.806179974,1300,1300,train,0,2.9064598363356318,3.1495068755990263,4.183830369826444,3.132267401346497,3.759937059889968,3.2629042513399984,3.217196326700402,2.906033,2.806179973991282
1301,S. aureus,IKHQGLPQE,3.140272214,9,2.859727786,1301,1301,train,0,2.959404605283458,2.653376479377811,3.99913651947297,2.642414020904701,3.454565294416387,2.816840211740001,2.6929658130551393,2.7654042,2.8597277859451635
1302,S. aureus,IKHQGLPQED,3.038918066,10,2.961081934,1302,1302,train,0,3.0610850718045866,3.3060018110503555,3.989175370634897,3.2527039300222365,3.466771641030185,3.1644072851099976,2.9094748636659307,2.941993,2.9610819339809216
1303,S. aureus,IKHQGLPQEE,3.397940009,10,2.602059991,1303,1303,train,0,2.7020199301362195,2.6878144976267846,4.028946201308278,2.490374109783596,3.4864634897156517,2.9934768225899995,3.0550077440359824,2.6874912,2.602059991061256
1304,S. aureus,IKHQGRPQE,3.397940009,9,2.602059991,1304,1304,train,0,2.702205638099569,3.3324745620557126,3.958203933793428,3.2836429716486455,3.5089289958673158,2.8416055014700006,3.0108538927547803,2.6719353,2.6020599910455378
1305,S. aureus,IKHRGLPQE,3.038918066,9,2.961081934,1305,1305,train,0,3.0612082666236695,2.7383091119227667,4.0123141083226646,2.8425192645272,3.4992379285550146,2.9002253743299975,2.733927922098212,2.9034033,2.9610819340026806
1306,S. aureus,IKIKIKIK,1.771142527,8,4.228857473,1306,1306,train,2,4.328876486107228,4.43681674188905,4.763689643348223,4.525949202962542,4.772556568851114,3.941407606370003,4.04334945109192,4.171882,4.228857472862061
1307,S. aureus,IKKIIKKI,2.698970004,8,3.301029996,1307,1307,train,0,3.40116551948028,3.832279356641596,4.747891873463058,3.915327509108753,4.726771563858633,3.478654126570005,3.597502968552162,3.2641008,3.3010299957369886
1308,S. aureus,IKKIIKKIIK,2.698970004,10,3.301029996,1308,1308,train,0,3.4008759873728573,4.2487843661437985,4.786073393580353,4.249388025158907,4.787396212798022,3.6228569668600032,4.041548192475478,3.3360336,3.30102999606957
1309,S. aureus,IKKIIKKIIKKI,2.397940009,12,3.602059991,1309,1309,train,0,3.7021604342249628,4.199152181721968,4.826225978042116,4.274871837825206,4.844751869219499,4.002740295369996,4.2598973308276475,3.7110677,3.60205999153419
1310,S. aureus,IKKILSKIKKLL,0.795880017,12,5.204119983,1310,1310,train,6,5.104246315623669,5.115848493072478,4.759807536280863,5.120589768031554,4.791612648253083,5.2144842549699995,4.919017026645027,5.1555963,5.204119982898699
1311,S. aureus,IKKILSKIKKLLK,0.698970004,13,5.301029996,1311,1311,train,7,5.201132878600836,5.033115914316916,4.763391129012304,4.985463816280212,4.808502018887988,5.319679292880005,5.032571665038755,5.3034387,5.301029996450166
1312,S. aureus,IKKILSKIKKLWK,1.096910013,13,4.903089987,1312,1312,train,5,4.803444731860951,4.987697153981353,4.787578299324029,4.977832029076754,4.847396586750924,5.054496136539995,5.1970936067131825,5.1547914,4.903089987309989
1313,S. aureus,IKKILSKIKKWLK,0.698970004,13,5.301029996,1313,1313,train,7,5.200919682854412,5.030676434200595,4.789271439939036,5.033718294138335,4.851820874634356,5.249751061230003,5.1970936067131825,5.2787876,5.3010299953818665
1314,S. aureus,IKKILSKIKKWWK,1.096910013,13,4.903089987,1314,1314,train,5,4.80319952458978,5.194246156705384,4.813688994394919,5.14563999725039,4.891317451431755,5.017353577329992,5.164734759963787,5.017908,4.903089987432546
1315,S. aureus,IKKIVSKIKKLL,0.494154594,12,5.505845406,1315,1315,train,8,5.405684300003315,5.16358092469758,4.78147852267836,5.267213025732899,4.932715440335207,5.40435919829,5.048776585836549,5.449239,5.505845406129298
1316,S. aureus,IKKIVSKIKKLLK,0.494154594,13,5.505845406,1316,1316,train,8,5.405929122229053,5.190250891671971,4.783213503961295,5.087890566913267,4.937600374193163,5.429654670289999,5.1806683093617405,5.438839,5.505845405434624
1317,S. aureus,IKKIVSKIKKVL,0.892651034,12,5.107348966,1317,1317,train,6,5.007519081201349,5.0631060974678075,4.775987477690625,5.219270109647533,4.923958948530247,5.148277032270004,4.93107368129526,5.1287026,5.10734896578514
1318,S. aureus,IKKIVSKIKKVLK,0.846955325,13,5.153044675,1318,1318,train,6,5.053141666384667,5.041843272227895,4.777977299520753,4.998245059514094,4.929286592756733,5.1866419459899955,5.070504959302735,5.2166753,5.153044675537275
1319,S. aureus,IKKIWSKIKKLLK,0.397940009,13,5.602059991,1319,1319,train,8,5.50186616745521,5.169418639670321,4.81130577032509,5.132443218879371,4.860325662751624,5.539525667999995,5.218325586376635,5.5618186,5.602059991165343
1320,S. aureus,IKKIWSKIKKLWK,0.397940009,13,5.602059991,1320,1320,train,8,5.501693265859509,5.222637212213948,4.835368606336792,5.223939415400187,4.898895336903897,5.555685876849995,5.1816084917140905,5.5520697,5.602059990298467
1321,S. aureus,IKKIWSKIKKWLK,0.397940009,13,5.602059991,1321,1321,train,8,5.501984099343374,5.195951341119661,4.836955697107663,5.203768828009917,4.903042509563529,5.570678154779994,5.1816084917140905,5.5293283,5.6020599917324105
1322,S. aureus,IKKIWSKIKKWWK,0.397940009,13,5.602059991,1322,1322,train,8,5.502040426275735,5.366635036252194,4.861252574154701,5.142289120423072,4.9422237483476374,5.509881857249995,5.1816084917140905,5.504032,5.602059990589792
1323,S. aureus,IKKRWWWFR,1.357259682,9,4.642740318,1323,1323,train,4,4.7322767295862125,4.84625454527289,4.912319410416024,4.874344912158363,4.9672307191413445,4.941105050509997,5.213807196716775,4.704143,4.642740318155505
1324,S. aureus,IKKVASV,3.13876514,7,2.86123486,1324,1324,train,0,2.9614038843084165,2.4841737849021057,4.545714841409423,2.412714964644633,3.936065002216934,3.261281639380003,3.4521339690764563,2.8892944,2.861234859958902
1325,S. aureus,IKKVASVIGGL,2.975129472,11,3.024870528,1325,1325,train,0,3.1249506711042576,3.4562263426951585,4.602124554366369,3.4738351705812542,4.282830955567584,3.429794393250002,3.454598052555687,3.0259538,3.024870528242349
1326,S. aureus,IKKWLSKIKKLLK,0.193124598,13,5.806875402,1326,1326,train,9,5.706972673309272,4.9612371442200525,4.786415407929704,4.970655705201556,4.844357874986493,5.579139370039997,5.210126298959389,5.664853,5.806875401064281
1327,S. aureus,IKKWWSKIKKLLK,0.193124598,13,5.806875402,1327,1327,train,9,5.706876193551535,5.254886061453382,4.834666483230785,5.289334339274641,4.897060643008392,5.685089330799998,5.239732321984192,5.679673,5.806875402020434
1329,S. aureus,IKQGLPQE,3.397940009,8,2.602059991,1329,1329,train,0,2.7019420966990118,2.3966428782266473,3.9261013438344627,2.459744347296634,3.345936731878744,2.6806506194300006,2.7086500232346484,2.6573167,2.602059991004171
1330,S. aureus,IKQLLHFFQRF,1.626568568,11,4.373431432,1330,1330,train,3,4.4732833647360035,4.705905577597237,4.880490974028484,4.62792274491847,4.88692806596176,4.662195681420003,4.787874314895338,4.4465036,4.373431431975536
1331,S. aureus,IKQLLHFFQRFGGGFIKHFIHRF,1.337333977,23,4.662666023,1331,1331,train,4,4.732276719585637,4.839147307429279,5.050957749243692,4.806418943022842,5.152091244616083,4.754619673749994,4.712946121668791,4.6389527,4.662666022977372
1332,S. aureus,IKQVKKLFKK,0.889301703,10,5.110698297,1332,1332,train,6,5.010771606424516,5.0346702778919195,4.726220133367824,5.090579650626922,4.703980181291349,4.813480296689999,4.673440726186169,5.0409956,5.110698296983251
1333,S. aureus,IKRFWPVVIRTVVAGYNLYRAIKKK,0.066088677,25,5.933911323,1333,1333,train,9,5.833756460806989,5.8485352440758085,5.04645660824003,5.81431331535443,5.15476800527694,5.78837086671,5.41435005286199,5.885584,5.933911322162192
1335,S. aureus,IKWKAILDAVKKVI,1.470374509,14,4.529625491,1335,1335,train,3,4.62950786618131,4.650041674075582,4.598119415514716,4.676397116362047,4.602169415252447,4.625414667009997,4.869176651040507,4.5148444,4.529625490961252
1336,S. aureus,IKWKRWWWR,1.345363738,9,4.654636262,1336,1336,train,4,4.732281708380035,5.118844100432569,4.91791886460591,5.042451506818074,4.965895178499176,4.869254194049998,4.961371252770804,4.7493753,4.654636262757261
1337,S. aureus,ILAWKWAWWAWRR,0.302020352,13,5.697979648,1337,1337,train,9,5.598150559821025,5.2914037759818235,4.943729101067259,5.253778790920637,5.022438295738854,5.566469110759999,5.2557752104219455,5.6439157,5.6979796479432645
1338,S. aureus,ILGAAWNGAKSLF,1.870451792,13,4.129548208,1338,1338,train,2,4.22947119023746,4.2719259262012566,4.549868716131641,4.380840924048319,4.519109939357921,4.253889191920003,4.515028881055184,4.2688775,4.129548208016401
1339,S. aureus,ILGAIIPLVSGLLSHL,1.285557309,16,4.714442691,1339,1339,train,4,4.732276719585632,4.807169360797624,4.7138180625830515,4.7779105350942475,4.736839351837758,4.6575849759099945,4.6120826974520375,4.6731277,4.714442690985834
1340,S. aureus,ILGAILPLVSGLLSNKL,2.10720997,17,3.89279003,1340,1340,train,1,3.99294768547508,4.237089024178602,4.697995029847952,4.320798036610495,4.703861403224659,4.25432492666,4.513948389725631,4.033513,3.892790030081149
1342,S. aureus,ILGIITSLLKSL,1.293930953,12,4.706069047,1342,1342,train,4,4.732276719585633,4.791132839003493,4.696166264151558,4.8620167553562785,4.714315988498571,4.697274395280008,4.534656548262995,4.737695,4.706069046986126
1345,S. aureus,ILGKIIKVVK,2.0,10,4.0,1345,1345,train,1,4.099942985426453,4.504923868525366,4.748950176637917,4.536209740706716,4.773645403892311,4.099534921879999,4.090527067217385,3.9813848,4.000000000364592
1347,S. aureus,ILGKILKGIKKLF,0.301029996,13,5.698970004,1347,1347,train,9,5.599316424441838,5.466416007769879,4.766555877454257,5.350889686402977,4.823828135244656,5.5851023504099935,5.127872426392955,5.62178,5.698970003883588
1351,S. aureus,ILGKIWKIKKLF,0.0,12,6.0,1351,1351,train,9,5.899843942836164,5.478960361400936,4.835195789686711,5.516035430647715,4.895006558394644,5.711710653760003,5.135954671844374,5.8925724,5.999999999768227
1352,S. aureus,ILGKIWKPIKKLF,0.06694679,13,5.93305321,1352,1352,train,9,5.833056347803625,5.5888577954806715,4.805469840052351,5.473958673423842,4.876507817864109,5.739625746590008,5.1809403164720855,5.8644543,5.933053209909213
1355,S. aureus,ILGKLLSTAAGLLKNL,1.204119983,16,4.795880017,1355,1355,train,4,4.732276719585632,5.4805988820320355,4.613997619124502,5.429217146851885,4.615540437453638,4.77591743342,4.776639027021553,4.8123355,4.795880017002876
1369,S. aureus,ILGPVLGLVGDTLGDLL,1.778591083,17,4.221408917,1369,1369,train,2,4.321303622638545,4.301356987080693,4.403131737491082,4.163624871929097,4.322605253805665,4.260504924940005,4.297935122316927,4.2144265,4.221408916946429
1372,S. aureus,ILGPVLGLVGSALGGLI,1.809974545,17,4.190025455,1372,1372,train,2,4.289864578477115,4.334163931111847,4.664725421973636,4.361700703324877,4.6262852762594155,4.281059051130004,4.2595739024781984,4.183348,4.190025454947892
1373,S. aureus,ILGPVLGLVSDTLDDVLGIL,2.113943352,20,3.886056648,1373,1373,train,1,3.986227752950837,3.6391107347556684,4.53602079751573,3.705645941935612,4.49172559836788,4.102896388910004,4.348583090318995,3.9449396,3.886056648046069
1374,S. aureus,ILGPVLGLVSNALGGLL,1.794265628,17,4.205734372,1374,1374,train,2,4.305754812639116,4.224087640131782,4.681101594653679,4.174940979656114,4.626211564497657,4.306000109009999,4.421974694075447,4.209649,4.205734371992334
1375,S. aureus,ILGPVLGLVSNTLDDVLGIL,1.694348426,20,4.305651574,1375,1375,train,3,4.405770253857162,3.755423286755854,4.65326167202381,3.6962392398160375,4.56842187703461,4.245197444620007,4.391662670086595,4.2521806,4.305651573995434
1378,S. aureus,ILGTILGLLKSL,1.082468374,12,4.917531626,1378,1378,train,5,4.8174153926820935,4.712649009402042,4.662334356333891,4.681779950223557,4.689480323369478,4.831262751240008,4.7345404661003885,4.8880672,4.917531626034854
1382,S. aureus,ILKKWPWWPWRRK,0.929895423,13,5.070104577,1382,1382,train,6,4.970266325281251,5.668162073144827,4.912592588718769,5.623507552648277,5.075877634406602,5.1672587367499965,5.441840662057505,5.1525583,5.07010457738971
1383,S. aureus,ILKLFKRIVKRILKFLRKL,0.903089987,19,5.096910013,1383,1383,train,6,4.997006349928937,5.571421921109095,5.072662098351862,5.584969116013512,5.299715275856735,5.128586145160008,5.361156191448601,5.1704664,5.096910012988328
1385,S. aureus,ILKWKWPWWPWRR,0.411543093,13,5.588456907,1385,1385,train,8,5.488302856414821,5.818421572118414,4.977373314842314,5.842968379616886,5.153881872270399,5.528438847160007,5.551452051955835,5.5980515,5.588456906950336
1386,S. aureus,ILPFKFPFFPFRR,0.562353731,13,5.437646269,1386,1386,train,8,5.3377898439466,5.2396436413312015,4.8772205110204965,5.187476787949539,4.905961391028706,5.429911207810006,5.19478268497946,5.438122,5.437646268820531
1387,S. aureus,ILPIIGKILSTIFGK,0.795880017,15,5.204119983,1387,1387,train,6,5.104252873358577,4.582648022115582,4.750441146234374,4.684432833114013,4.7798291157046195,5.157738762399999,4.8060000055585785,5.13741,5.2041199828693925
1388,S. aureus,ILPILAPLIGGLL,2.0,13,4.0,1388,1388,train,1,4.09940464086029,4.432841386137073,4.714035742252028,4.522107167534469,4.6582192172988,4.16656671065,4.468429050759376,4.0222583,3.9999999999847193
1389,S. aureus,ILPILGNLLNGLL,2.0,13,4.0,1389,1389,train,1,4.100073385685423,4.712215613744243,4.708925580044933,4.888335945428099,4.582609634467105,4.23564125239,4.600572974271219,4.042512,4.000000000067549
1391,S. aureus,ILPILSLIGGLL,1.831443159,12,4.168556841,1391,1391,train,2,4.268718160026593,4.739611688506752,4.736227843445629,4.642106857053925,4.705837103119375,4.243891054209999,4.255928659065042,4.1427345,4.168556840987346
1392,S. aureus,ILPILSLIGGLLGK,1.612783857,14,4.387216143,1392,1392,train,3,4.487065487211163,4.739176772550567,4.673004506859726,4.69401816601739,4.696455784638085,4.460064779719996,4.7335162892783496,4.3839054,4.387216143074007
1393,S. aureus,ILPIRSLIKKLL,1.096910013,12,4.903089987,1393,1393,train,5,4.802797512913762,4.757090107975917,4.766016695190492,4.81305829414194,4.779699145620809,4.975633158839995,4.725999374743196,4.894246,4.903089987006768
1394,S. aureus,ILPKKKPWWPWRR,0.542737367,13,5.457262633,1394,1394,train,8,5.3573260204617235,5.244772795689608,4.763148922415841,5.241340990862694,4.915686484896182,5.32670309559001,5.181039858395307,5.3365903,5.457262633069673
1395,S. aureus,ILPKKWPKLPWRR,0.560821014,13,5.439178986,1395,1395,train,8,5.339304414974145,5.175435120233173,4.693462301513218,5.144870994571655,4.764427099917603,5.491110368569999,5.278264303546358,5.5363317,5.439178986202515
1396,S. aureus,ILPLKLPLLPLRR,0.307457767,13,5.692542233,1396,1396,train,9,5.5927395852522475,5.280639224377122,4.701082698726867,5.336283513883492,4.744050190813857,5.496644857599997,5.225814392454219,5.5447183,5.6925422326659945
1397,S. aureus,ILPLKLPLLPWRR,0.490781316,13,5.509218684,1397,1397,train,8,5.409107622714143,5.326559249332681,4.750122512043461,5.331818480538647,4.841307796760602,5.480302198590002,5.315915802667808,5.4829383,5.509218683455176
1398,S. aureus,ILPLKLPWLPLRR,0.791811312,13,5.208188688,1398,1398,train,7,5.108258900042502,5.39733476026614,4.7521082039526386,5.265327461976014,4.8464965404338285,5.322260282600001,5.35226189701223,5.3318424,5.208188688538671
1399,S. aureus,ILPLKLPWWPWRR,0.249744365,13,5.750255635,1399,1399,train,9,5.650244904035986,5.488977574518325,4.85041936520873,5.463522668951009,5.008855800635492,5.728666229629993,5.439428169706702,5.745238,5.750255635360611
1400,S. aureus,ILPLKWPWWPWRR,0.232093623,13,5.767906377,1400,1400,train,9,5.668002826547839,5.741509327800271,4.896358134807127,5.6762941179160045,5.065794715184908,5.789669882709993,5.476532439954512,5.808098,5.7679063767740235
1401,S. aureus,ILPWKKPKKPKRR,0.775954361,13,5.224045639,1401,1401,train,7,5.1241711384443605,5.234923628818329,4.555982425497793,5.400780277234528,4.579427087329433,5.090215309369998,4.9924775436221145,5.2343554,5.224045639031796
1402,S. aureus,ILPWKKPKKPWRR,0.76116222,13,5.23883778,1402,1402,train,7,5.138841739513703,4.836264183978474,4.659248099663779,4.938739394363854,4.775210666208491,5.000594856349996,4.855152388279421,5.20352,5.238837780263058
1403,S. aureus,ILPWKKPKLPWRR,0.260485334,13,5.739514666,1403,1403,train,9,5.639359055244549,4.981209682618604,4.702319291944207,5.003083584183435,4.819848394337729,5.591203318499996,5.1960646910746835,5.5589933,5.739514665337326
1404,S. aureus,ILPWKLPWWPWRR,-0.070326116,13,6.070326116,1404,1404,train,9,5.970425246944442,5.403508369927897,4.893714202486067,5.37616044104073,5.091101406010158,5.931170508949998,5.46646659808861,5.8623757,6.070326115316392
1405,S. aureus,ILPWKWKWWPWRR,0.411543093,13,5.588456907,1405,1405,train,8,5.488612253418843,5.432455330363073,4.949576874439861,5.564383066649009,5.1200419578273015,5.602762207790006,5.50377555386445,5.542688,5.588456907345074
1406,S. aureus,ILPWKWPKKPWRR,0.445827354,13,5.554172646,1406,1406,train,8,5.45392906497022,5.328967467130463,4.743654035550606,5.297653278929574,4.864745062203788,5.434275677909995,5.24543817638516,5.500363,5.554172645871349
1407,S. aureus,ILPWKWPKLPWRR,0.246057509,13,5.753942491,1407,1407,train,9,5.653900644139735,5.430689133890406,4.787814981401816,5.45394823317718,4.912230388150007,5.702079598229991,5.328230723204225,5.736877,5.7539424908207835
1408,S. aureus,ILPWKWPLLPWRR,0.550080045,13,5.449919955,1408,1408,train,8,5.35008279107577,5.730883575817282,4.844612222019462,5.74255456868796,4.993681353208082,5.506189004209998,5.437993535656967,5.590727,5.449919955632187
1409,S. aureus,ILPWKWPLWPWRR,-0.070326116,13,6.070326116,1409,1409,train,9,5.970218950369368,5.8465795718204046,4.888408053388065,5.714153977422936,5.045020629097257,5.9251284791,5.4805003958312755,5.8791237,6.070326115918362
1410,S. aureus,ILPWKWPWAPARR,1.076495561,13,4.923504439,1410,1410,train,5,4.823345936717173,4.876448732907293,4.720603184643745,4.881947015387018,4.846652467527071,4.769998123110001,5.206888314976193,4.9583235,4.923504438973531
1411,S. aureus,ILPWKWPWLPKRR,0.546393189,13,5.453606811,1411,1411,train,8,5.353762140804837,5.670673242616227,4.807774293446545,5.779927941901643,4.9643853844087,5.460824635959994,5.484671179403405,5.515788,5.453606810985704
1413,S. aureus,ILPWKWPWLPWKK,0.245566125,13,5.754433875,1413,1413,train,9,5.653961845144293,5.3688368337900725,4.876540970497231,5.279918529104414,5.064273257099638,5.680096762100005,5.391114460506064,5.681351,5.754433874848512
1415,S. aureus,ILPWKWPWLPYRR,0.537918332,13,5.462081668,1415,1415,train,8,5.362196203881493,5.868252738727909,4.8893837414758625,5.744265824870716,5.028439424247422,5.481918294719996,5.474591590271943,5.514616,5.4620816680827815
1420,S. aureus,ILPWKWPYLPWRR,0.537918332,13,5.462081668,1420,1420,train,8,5.362195148868349,5.715407534091076,4.883218222951236,5.542777724467748,5.012328518477514,5.517828039449996,5.488919284001572,5.51821,5.4620816679821
1422,S. aureus,ILPYKYPYYPYRR,1.14458121,13,4.85541879,1422,1422,train,5,4.755260973349816,4.583131851185416,4.89737695127322,4.724334303014913,4.843437597763882,4.933850088419995,4.954214211477161,4.911734,4.855418789929724
1423,S. aureus,ILRWKWRWWRWRR,-0.15490196,13,6.15490196,1423,1423,train,9,6.055067966900614,5.43922511441575,5.02236430886112,5.43694269433167,5.137645702190271,5.898291660020002,5.5110159233131135,6.0929627,6.154901959067562
1426,S. aureus,ILSLRWRWKWWKK,1.832508913,13,4.167491087,1426,1426,train,2,4.267609166464519,4.91575438888911,4.922049855763539,5.004373382403172,5.04084471437407,4.399573107259991,5.080869537852047,4.2708306,4.167491087685792
1427,S. aureus,ILSLRWRWWKWKK,1.832508913,13,4.167491087,1427,1427,train,2,4.267759435532901,5.042718072819395,4.911126721817476,5.085098086098096,5.0123018463226385,4.539942778449991,5.070397280902498,4.231571,4.167491087384066
1428,S. aureus,ILSLRWWRKWWKK,1.505149978,13,4.494850022,1428,1428,train,3,4.59474167504562,4.819930057188555,4.916462126044896,4.845202869476175,5.026243608789005,4.612024496789994,5.2117726135262155,4.7221427,4.494850021892787
1433,S. aureus,INLKAIAALARNY,0.929153575,13,5.070846425,1433,1433,train,6,4.970891178277638,5.4183908089680966,4.6518221253157845,5.289688039267842,4.557284959577072,4.815774187520006,4.825445807295693,5.0720115,5.070846424977106
1438,S. aureus,INLKGLIKKVASLLT,2.0,15,4.0,1438,1438,train,1,4.099801414221076,4.37236987964032,4.671388928171543,4.376581788630644,4.477988992450178,4.22346798932,4.622688454665886,4.127814,4.00000000009934
1439,S. aureus,INLKILARLAKKIL,0.665111737,14,5.334888263,1439,1439,train,7,5.235089350161291,5.1800157842217365,4.815078736407556,5.194874833724854,4.821195155409095,5.181607574909997,4.931564992744969,5.2895746,5.334888262814108
1440,S. aureus,INLLKIAKGIIKSL,1.400607435,14,4.599392565,1440,1440,train,4,4.699235479062063,4.70879529785456,4.709210253232684,4.646660871510777,4.709225629778083,4.669391926900002,4.909143053543138,4.722782,4.599392564933019
1441,S. aureus,INMKASAAVAKKLL,0.287313505,14,5.712686495,1441,1441,train,9,5.612316395925285,4.407255605049644,4.5916420311898385,4.3714763553604685,4.314439424985997,5.259999775830003,4.710699229250618,5.578077,5.7126864949034175
1442,S. aureus,INPKSVQSLL,2.301029996,10,3.698970004,1442,1442,train,0,3.7988137755687985,3.6751123377366772,4.509358031547334,3.682007404985141,4.39099327401227,3.760401667509996,3.946907736327699,3.698333,3.698970003936729
1443,S. aureus,INWKALLDAAKKVL,0.391603665,14,5.608396335,1443,1443,train,8,5.508469629612187,5.180892400449612,4.527925438211178,5.198013514843557,4.472201937706468,5.283451046340003,4.886355404105981,5.5136333,5.608396334918364
1444,S. aureus,INWKGIAAMAKKLL,0.375925357,14,5.624074643,1444,1444,train,9,5.524040235198913,5.211810685227271,4.73325250355619,5.400978409359581,4.680005529962721,5.393480052659995,4.99370074257261,5.562904,5.624074642911504
1445,S. aureus,INWKGIAAMKKLL,0.396218513,13,5.603781487,1445,1445,train,8,5.5036228869632176,5.656886460632542,4.752067562688678,5.623751218166653,4.704365348917076,5.403558165749996,5.063671955754517,5.541998,5.603781486939234
1446,S. aureus,INWKKIASIGKEVLKAL,1.411619706,17,4.588380294,1446,1446,train,4,4.6885661919883095,4.452737038178259,4.661935951160802,4.318103710954887,4.429675256301193,4.685875689109995,4.591768077520214,4.6342354,4.588380293981258
1447,S. aureus,INWKKIFEKVKNLV,1.071882007,14,4.928117993,1447,1447,train,5,4.828118667044505,4.448833248297256,4.709645011753433,4.484909908124224,4.635506713710313,4.9278362945000005,4.931796230503145,4.9511967,4.928117992978051
1448,S. aureus,INWKKIKSIIKAAMN,1.698970004,15,4.301029996,1448,1448,train,2,4.40116288601993,4.27057626209471,4.744124755621989,4.4234844445533215,4.595302521092686,4.5134851923900055,4.860911502815659,4.3378024,4.301029996010184
1450,S. aureus,INWKKMAATALKMI,0.253138515,14,5.746861485,1450,1450,train,9,5.6467448484188125,5.5775866867139605,4.773525867066949,5.4527818379563575,4.705720871427817,5.487965440670004,5.043832129371235,5.6453586,5.746861484927418
1451,S. aureus,INWLKAKKVAGMIL,1.432425505,14,4.567574495,1451,1451,train,4,4.66744581751238,4.925225003117591,4.772319347966006,4.871325839781426,4.749323257933608,4.682339186159992,4.883452435203831,4.656561,4.567574495071115
1453,S. aureus,INWLKLGKKILGAL,1.190331698,14,4.809668302,1453,1453,train,5,4.732276719585655,5.070884017687439,4.728606180423975,5.0728094234868095,4.738403701825208,4.814114810629997,4.833498560446176,4.8936086,4.809668302140152
1455,S. aureus,IPHAVKAISDLI,2.301029996,12,3.698970004,1455,1455,train,0,3.79899521006107,3.748768526209571,4.399896586699758,3.817026007258278,4.288935132629093,3.941275673889996,4.153496927368889,3.7386456,3.6989700040106315
1456,S. aureus,IPPFIKKVLTTVF,1.698970004,13,4.301029996,1456,1456,train,2,4.401143154303171,4.9720223819225495,4.836836840138621,5.010484921459996,4.833873381974519,4.533429235990004,4.862691098140347,4.3702617,4.301029996038791
1457,S. aureus,IPWGKVKDFLVGGMKAV,0.954242509,17,5.045757491,1457,1457,train,6,4.94588953282491,4.636674465896401,4.677592285294158,4.559386977611952,4.666687031079929,4.773263387390002,4.63397284167509,4.99643,5.045757490759453
1458,S. aureus,IRHQGLPQE,3.307763378,9,2.692236622,1458,1458,train,0,2.792322604315619,2.522979991241252,4.015292614494714,2.520627629232994,3.4861399373513327,2.7639252777399985,2.801945697643571,2.7130656,2.692236622023097
1460,S. aureus,IRIKIRIKIRIK,1.605538541,12,4.394461459,1460,1460,train,3,4.494303071341853,5.101695665380776,4.881351415688959,5.094828206742819,4.9638204441639395,4.624573180340005,4.89901217556637,4.5106697,4.394461459192858
1462,S. aureus,IRKLKSWKWLRWL,1.505149978,13,4.494850022,1462,1462,train,3,4.595005225962385,4.984632636081443,4.914272717207455,4.8594012724864974,4.992986449197051,4.763375421739995,5.197422386995801,4.6784143,4.494850022137941
1463,S. aureus,IRMRIRVLL,0.602059991,9,5.397940009,1463,1463,train,7,5.297945041868559,5.727155437704546,4.92372308086949,5.823938537432617,4.956815940060095,5.060250555000005,4.731294779219362,5.343443,5.397940008979936
1464,S. aureus,IRRIIRKIIHIIKK,1.045677443,14,4.954322557,1464,1464,train,5,4.854449836882589,4.830252609921369,4.906519789705419,4.950914668457294,4.984737119158233,4.995733471140006,4.990581763940985,4.891379,4.9543225569210945
1465,S. aureus,IRRQGLPE,3.038918066,8,2.961081934,1465,1465,train,0,3.0605246900362815,3.821498952052866,4.14179001122312,3.970396576045298,3.8441940162621164,2.8803881912799985,2.9601994139379553,2.9036965,2.96108193400813
1466,S. aureus,IRVKIRVK,2.393056351,8,3.606943649,1466,1466,train,0,3.707024762828852,3.873331757689559,4.780650656836516,3.8567664958778276,4.808362402075403,3.7502689785900016,3.9858119263965697,3.622322,3.606943649805498
1467,S. aureus,IRVKIRVKIRVK,1.112758351,12,4.887241649,1467,1467,train,5,4.787491427413431,4.436319173252033,4.864486993369801,4.367223515064492,4.936528509130208,4.8420062387599945,4.8904435708496,4.8870726,4.8872416481743794
1468,S. aureus,IRWRIRVWVRRI,0.128960768,12,5.871039232,1468,1468,train,9,5.770878933235263,5.217510441941629,4.965406964773207,5.3843129532490135,5.049137674916941,5.634044263109996,5.277710108826863,5.8213787,5.87103923202469
1470,S. aureus,ISKRILTGKK,2.350032966,10,3.649967034,1470,1470,train,0,3.7500633709441327,3.871434794497482,4.527897740731251,3.796699389628704,4.417721082426211,3.919370610779999,4.066874422497011,3.6798687,3.6499670339590353
1472,S. aureus,ITIPPIVKDTLKKFIKGAISGVM,1.301029996,23,4.698970004,1472,1472,train,4,4.732276719585632,4.779589585412937,4.798291098539864,4.752138330660148,4.876692513777843,4.678267397789994,4.630903503251502,4.6739407,4.6989700039913105
1473,S. aureus,ITIPPIVKDTLKKFIKGAISSVM,1.301029996,23,4.698970004,1473,1473,train,4,4.732276719585632,4.676194946033253,4.804277238235205,4.704296886129279,4.884100417185931,4.682666870719995,4.630903503251502,4.668682,4.6989700040135265
1474,S. aureus,ITIPPIVKNTLKKFIKGAVSALMS,1.0,24,5.0,1474,1474,train,6,4.9002262804558825,5.282997815256379,4.850900173870306,5.305503889053303,4.962391423012894,4.827120578850001,4.722791106957187,4.928924,5.000000000091307
1475,S. aureus,ITPATPFTPAIITEITAAVIA,-1.546435043,21,7.546435043,1475,1475,train,9,7.44632669607246,6.688055068800743,4.578582107154241,6.4932508805311056,4.471085321580776,6.337696764929991,6.480455788213173,7.4105453,7.546435042870433
1476,S. aureus,IWGLIAHGVGHVGRLIHGLIRG,0.77815125,22,5.22184875,1476,1476,train,7,5.121967447445454,5.034445766305408,4.800985813534116,5.063924947725428,4.893582244516465,5.095269860359997,4.8855391482488955,5.190952,5.221848749944357
1477,S. aureus,IWKRWWWKR,1.822484993,9,4.177515007,1477,1477,train,2,4.277720814355122,4.8062338233812065,4.901119106538214,4.866817276248558,4.921996304770259,4.507474475040004,4.897446916901267,4.2447433,4.177515007253825
1478,S. aureus,IWLTALKFLGKHAAKHLAKQQLSKL,0.491361694,25,5.508638306,1478,1478,train,8,5.4087616559415395,5.442780121760646,4.87896068772435,5.490856760481173,4.9663191233434345,5.309294241870005,5.197516388243458,5.4821115,5.508638305980926
1479,S. aureus,IWLTALKFLGKNLGKHLAKQQLAKL,0.667919685,25,5.332080315,1479,1479,train,7,5.23221338681975,5.376329322638491,4.880091108177397,5.428404956223312,4.9648827503343345,5.268271066249998,5.177197469943667,5.3111086,5.332080315040438
1480,S. aureus,IWRIFRRIF,0.602059991,9,5.397940009,1480,1480,train,7,5.298195615912932,5.305136947780419,4.977584460854564,5.233986029847659,5.073099361061458,5.361184512200006,5.077416177736258,5.400317,5.397940009101813
1481,S. aureus,IWRIFRRIFRIF,0.0,12,6.0,1481,1481,train,9,5.900118475666533,5.309767329975689,5.053653976570704,5.3086863696220705,5.188499369890979,5.69935008161,5.283470217705196,5.85034,5.999999999360057
1482,S. aureus,IWRIFRRIFRIFIRF,0.903089987,15,5.096910013,1482,1482,train,6,4.9967829336628435,5.692274737243476,5.1209008427305065,5.741776547907966,5.289734378481674,5.200915266530005,5.284699263857125,5.166568,5.096910013674161
1483,S. aureus,IWRVWRRWK,0.602059991,9,5.397940009,1483,1483,train,7,5.298107295292919,5.275331929385713,4.9320059829773335,5.212340376078078,5.0277876759487805,5.302337915710005,5.169583189594374,5.349005,5.397940008917546
1485,S. aureus,IWSFLIKAATKLLPSLFGG,0.889727057,19,5.110272943,1485,1485,train,6,5.01041283861373,4.803737139330646,4.8395969574277915,4.901596643255617,4.882080554981958,4.981422874909996,4.837755020993203,5.026555,5.1102729430593845
1486,S. aureus,IWSFLIKAATKLLPSLFGGGKKDS,1.763950121,24,4.236049879,1486,1486,train,2,4.336168486973245,4.5975574825095125,4.7421006603026195,4.652035735101946,4.714461158982439,4.439954755790003,4.572947334729707,4.467784,4.236049879064038
1487,S. aureus,IYYPPNHNFP,2.307392923,10,3.692607077,1487,1487,train,0,3.7927170928654244,3.866792809248893,4.632666358589745,3.775564562488422,4.433952991233406,3.876159028879996,4.122668880371745,3.7045076,3.692607076940462
1488,S. aureus,KAAAKWAAKAAK,2.0,12,4.0,1488,1488,train,1,4.099663869522226,4.2920142342866034,4.440215428319606,4.16095891368492,4.290613690330892,4.0989246443199985,4.381930220000149,4.0582476,4.000000000063682
1489,S. aureus,KAIAKSILKWIKSIAKAI,0.146128036,18,5.853871964,1489,1489,train,9,5.754036551668184,5.036790425871645,4.778104706007068,5.09081552088638,4.814778843275253,5.519670721240001,4.899833441622386,5.736253,5.853871963764902
1490,S. aureus,KAKKFGKAFVKI,2.574226373,12,3.425773627,1490,1490,train,0,3.525624497487321,4.051976329479231,4.65109852747771,4.036501537406344,4.605774226559158,3.5441608039400028,4.105381491680223,3.452768,3.4257736269522163
1491,S. aureus,KAKLFKKIPKFLHLWKKF,0.301029996,18,5.698970004,1491,1491,train,9,5.5989033752448005,5.562441767500481,4.926712036995411,5.468050611286996,5.002677518745471,5.594847945559995,5.304408772466308,5.6675234,5.698970002998129
1492,S. aureus,KALAKALAKLWKALAKAA,0.176091259,18,5.823908741,1492,1492,train,9,5.723753947529377,5.2382181962499725,4.698709016144934,5.42034334802924,4.6796530701870225,5.534561089360004,5.1335636880739886,5.817652,5.823908740655298
1493,S. aureus,KALKKLLAKWLAAAKALL,0.176091259,18,5.823908741,1493,1493,train,9,5.723755352289959,5.597665789240932,4.792223897006369,5.598503680011972,4.789185962531472,5.475991965270005,5.113521592635691,5.7475724,5.823908741432861
1495,S. aureus,KALWKTMLKKLGTMAL,1.348304863,16,4.651695137,1495,1495,train,4,4.731590534676821,4.674122959363995,4.794422928759908,4.711064625279012,4.770038628214627,4.668084503239998,4.716495978330581,4.686022,4.651695137005244
1496,S. aureus,KARQWQSKIRRTNPIFAIRR,1.403753832,20,4.596246168,1496,1496,train,4,4.696253265396474,4.6702929504814215,4.796605828116247,4.584402105016852,4.8097693578956875,4.698023312619997,4.6941205582165955,4.624806,4.596246168048885
1497,S. aureus,KARRAVRAI,1.789035152,9,4.210964848,1497,1497,train,2,4.3108635853435775,4.279129380259856,4.560794249754499,4.3260623889746395,4.415129620504677,4.1532820302600015,4.097612225130409,4.1660037,4.210964848014017
1498,S. aureus,KARRAVRWI,1.743447987,9,4.256552013,1498,1498,train,2,4.356403117669484,4.815824345170442,4.683832387566715,4.8466955304481125,4.586753647478808,4.276057470759994,4.411585067682618,4.2784724,4.256552013050687
1499,S. aureus,KARRWVRAI,1.743447987,9,4.256552013,1499,1499,train,2,4.356652821198559,4.413414593816598,4.680296173798439,4.365856502945589,4.573509423853288,4.251078217499994,4.4498265749308725,4.2839594,4.256552012993428
1500,S. aureus,KDLHTVVSAILQAL,1.821664067,14,4.178335933,1500,1500,train,2,4.278501944809061,4.333739268002265,4.562579993336014,4.30858535220766,4.499233219407066,4.260982014389994,4.47711877397866,4.2286024,4.178335932948421
1502,S. aureus,KFAKKFKWFAKAAFKFFKK,0.620339576,19,5.379660424,1502,1502,train,7,5.279554476418096,4.959306410287885,4.907941064889604,4.9998263906861835,5.005247413262445,5.26417921284,5.122974280041758,5.321654,5.379660423883191
1503,S. aureus,KFFKKLKKAVKKGFKKFAKV,0.512748884,20,5.487251116,1503,1503,train,8,5.386920485108474,4.702620310008446,4.864446751616159,4.7137583995702474,4.947856761212517,5.264983846039996,4.905185475482412,5.491953,5.487251115665091
1504,S. aureus,KFFRKLKKSVKKRAK,1.66499874,15,4.33500126,1504,1504,train,3,4.434910311707407,4.524740430841009,4.720167701447975,4.379025757640763,4.743520284172658,4.489379789510006,4.547566939771116,4.343826,4.335001260087472
1505,S. aureus,KFGKAFVKILKK,2.260007667,12,3.739992333,1505,1505,train,0,3.839850220305302,3.961529673096849,4.724955042854186,4.089432059819836,4.732844846525177,3.937454126949995,4.262337335751571,3.8535376,3.7399923328144067
1506,S. aureus,KFHHIFRGIKHVGKTIHRLVTG,0.574031268,22,5.425968732,1506,1506,train,8,5.325861619159109,5.301912581002359,4.881273271686264,5.27791231772102,4.95963781700919,5.216903747690001,5.065676705670655,5.357015,5.425968731860396
1508,S. aureus,KFKWWRMLI,0.079181246,9,5.920818754,1508,1508,train,9,5.820671105152375,5.972326478957068,4.942681854343374,5.925980740468456,4.939806080762969,5.624452905519999,5.139734649039134,5.8898563,5.920818753969079
1510,S. aureus,KFLHLAKKFPKWKLFKKI,0.193124598,18,5.806875402,1510,1510,train,9,5.706752827642488,5.431537517876236,4.922323767582865,5.398032820436288,5.0013705682855445,5.604955459499998,5.296209568950996,5.688714,5.806875401769341
1511,S. aureus,KFLKKAKKFGKA,2.565081528,12,3.434918472,1511,1511,train,0,3.534853179383476,4.252703521896198,4.605943961994392,4.2577463938180085,4.519140443313773,3.610411409029997,3.918738242725063,3.4157503,3.434918472081756
1512,S. aureus,KFRRFVRFI,0.602059991,9,5.397940009,1512,1512,train,7,5.298025991315616,4.666548546520869,4.890819813147454,4.657188448667443,4.951894569291841,5.259226593570007,5.076186777334472,5.3434186,5.397940008785641
1513,S. aureus,KFWKLLKKALRLWAKVL,0.72359276,17,5.27640724,1513,1513,train,7,5.176251112976271,5.320677723348011,4.978927471547551,5.297331422702685,5.071883713854335,5.279976754250004,5.2185568886095055,5.2731643,5.276407240303912
1514,S. aureus,KFWKLLKKALRLWKKVL,0.736990521,17,5.263009479,1514,1514,train,7,5.163014993399266,5.489836425997929,4.998177056397664,5.484316896221302,5.103489697153455,5.283138689730001,5.282778979897499,5.3025436,5.263009479325786
1515,S. aureus,KFWSLLKKALRLWANVL,0.680567832,17,5.319432168,1515,1515,train,7,5.2195153830608705,5.052694041838563,4.919689375925958,4.879189908974071,4.980833985533326,5.200910424169997,5.081436962813878,5.2899847,5.319432167966755
1516,S. aureus,KGGGKWGGKGGK,1.096910013,12,4.903089987,1516,1516,train,5,4.80315301393159,4.083414495504508,4.2725211054687,4.088296417445776,4.157369835369202,4.627114930499994,4.159483169245968,4.7946076,4.903089986930018
1517,S. aureus,KGIVGMLGKLF,1.602059991,11,4.397940009,1517,1517,train,3,4.4977787904876205,5.343056264957512,4.644034332547544,5.285498265001485,4.766108824266791,4.453541584290005,4.681956862431519,4.4022374,4.397940009221019
1518,S. aureus,KGLFHAGKMIH,1.907102586,11,4.092897414,1518,1518,train,2,4.1929976316349045,4.17689009403615,4.534894844959403,4.201360016300397,4.482581377619649,4.165504961579997,4.216428416168886,4.093289,4.092897414020652
1519,S. aureus,KGRGKQGGKVRAKAK,0.406473199,15,5.593526801,1519,1519,train,8,5.493690688475953,4.790445177823938,4.36594291139763,4.689010880987758,4.2578804865581015,5.2065410618399985,4.7031648922675275,5.512231,5.5935268008909595
1522,S. aureus,KHQGLPQE,3.038918066,8,2.961081934,1522,1522,train,0,3.061092777663254,2.777067406087192,3.8455309785538474,2.724343458186783,3.246187593973282,2.9149218872099976,2.89262807222442,2.943468,2.9610819338589383
1523,S. aureus,KHVGKAALTHYL,0.662757832,12,5.337242168,1523,1523,train,7,5.237088179333192,5.340728961054063,4.617899978801211,5.189805912366037,4.530322902897234,4.9483037294299965,4.546570809608334,5.229097,5.337242167941487
1526,S. aureus,KIAGKIAKIAGKIA,2.267810775,14,3.732189225,1526,1526,train,0,3.8320771031446554,4.081544791239745,4.520358851081418,4.153144732520047,4.4909075990837835,3.851712072530006,4.2200330385421765,3.7883692,3.732189224760182
1527,S. aureus,KIAGKIAKIAGKIAK,2.229285625,15,3.770714375,1527,1527,train,0,3.870635069922182,4.033105624698834,4.540044727321133,3.990412983445769,4.524436872078529,3.836746425720005,4.204831266903909,3.8452008,3.7707143749521763
1528,S. aureus,KIAGKIAKIAGKIAKIA,2.179286336,17,3.820713664,1528,1528,train,0,3.9205550264912477,4.239887832670432,4.599668292961493,4.305381832460134,4.5974491889060545,4.052142813929999,4.273072780769555,3.8885906,3.8207136656805534
1532,S. aureus,KIAGKIAKIAGKIAKIAGKIAKIA,0.226209205,24,5.773790795,1532,1532,train,9,5.673901387185168,4.6907795351981845,4.711872015484829,4.618073835233257,4.773710909936307,5.241402098150004,4.731706254397293,5.6795917,5.7737907929436485
1533,S. aureus,KIAGKIAKIAKKIAK,2.209296448,15,3.790703552,1533,1533,train,0,3.8905840673859515,4.255774192626754,4.607340861951769,4.238613097949038,4.592010573035473,3.939877995740004,4.31227312159754,3.7966983,3.790703552572364
1534,S. aureus,KIAGKIAKKAGKIAK,2.22498832,15,3.77501168,1534,1534,train,0,3.8751798335958183,3.725304724105413,4.501411706995724,3.623498158524862,4.4019846168659615,3.8562741724799965,4.134094179199595,3.7593257,3.775011679645124
1535,S. aureus,KIAGKIAKKAGKIAKIA,2.175454297,17,3.824545703,1535,1535,train,1,3.9244361357078756,3.98057573061312,4.565740734818366,4.044626979916395,4.560165934831741,3.933666874760005,4.253148250485698,3.8245418,3.8245457040164794
1538,S. aureus,KIAHGVKKYGPTVLRIIRIAG,0.941043788,21,5.058956212,1538,1538,train,6,4.958737946323192,5.0845829441110535,4.8228614945947275,5.1424725225352175,4.894209924962205,5.0365582259799995,4.720831783855773,5.030741,5.058956211804745
1539,S. aureus,KIAKKIAKIAKKIA,2.225257535,14,3.774742465,1539,1539,train,0,3.8747013433009414,4.63238954090496,4.663404289460499,4.657846146449513,4.63370958136453,3.990249669319996,4.464175436619805,3.8302217,3.7747424646451417
1540,S. aureus,KIAKVALKAL,1.486884774,10,4.513115226,1540,1540,train,3,4.6130733345146,4.941778203981996,4.643075639783663,4.913044896213186,4.563099304008921,4.489840680150007,4.678996320661552,4.6077323,4.513115226263332
1541,S. aureus,KIAKVALKALKIAKGALKAL,0.243038049,20,5.756961951,1541,1541,train,9,5.657125985582642,5.253457811836256,4.745055161306225,5.1633169115788435,4.7668601854836306,5.504725317979995,5.139050441621638,5.734083,5.756961950960129
1542,S. aureus,KIAKVALKALKIAKVALKAL,0.051152522,20,5.948847478,1542,1542,train,9,5.848965904740912,5.370912005955417,4.821564541798731,5.315537979143551,4.828412665338726,5.65417777257,5.290974197544567,5.8522096,5.948847477670792
1543,S. aureus,KIFGAIWPLALGALKNLIK,0.602059991,19,5.397940009,1543,1543,train,7,5.298022089219201,5.2405594326883955,4.777633011455845,5.200360577907717,4.827983025870291,5.270958326700008,5.222500339845908,5.3710384,5.397940009014452
1544,S. aureus,KIGAIKKWGAIKKIGAIK,2.124162541,18,3.875837459,1544,1544,train,1,3.975537470211898,4.470994978836299,4.693692248549087,4.503108724210938,4.709120198447725,4.1604580118200065,4.60665670132308,4.0176597,3.875837459201561
1545,S. aureus,KIGAKIKWGAKIKIGAKI,0.619012563,18,5.380987437,1545,1545,train,7,5.281066270152758,4.9942362544999215,4.710320132731458,4.824469549552201,4.750567842091252,5.021738177029996,4.88623801478064,5.2382126,5.380987436699446
1546,S. aureus,KIGKAIKWGKAIKIGKAI,2.124162541,18,3.875837459,1546,1546,train,1,3.9760075090800053,4.542891084517554,4.710078777913768,4.462612333232356,4.7479284942626805,4.235401593250004,4.548143406026128,3.9069333,3.875837459133924
1547,S. aureus,KIKEKLKKIGQKI,2.204119983,13,3.795880017,1547,1547,train,0,3.8957239598361646,3.881486847249527,4.6316451544096084,3.7717141027888594,4.540494751138166,3.9115632301600005,4.023430093709091,3.800356,3.7958800170910405
1548,S. aureus,KIKEKLKKIGQKIQG,2.155336037,15,3.844663963,1548,1548,train,1,3.944597312406577,3.6194087068245793,4.60905235030878,3.540391348405644,4.517121222439941,3.972919040520003,4.175592049421946,3.878438,3.844663962741445
1549,S. aureus,KIKEKLKKIGQKIQGLL,2.103803721,17,3.896196279,1549,1549,train,1,3.9959059423821714,3.837341975338302,4.702629172426593,3.910098949452414,4.66321211953501,4.106363496259995,4.512199852858876,3.96716,3.896196279118492
1550,S. aureus,KIKFLKVLT,0.414352161,9,5.585647839,1550,1550,train,8,5.485819419767057,4.46181919962733,4.781355453436852,4.577226203748417,4.729774802578388,5.147994058229997,4.760212576963286,5.537943,5.58564783875799
1551,S. aureus,KIKGAIKWKGAIKIKGAI,0.920042559,18,5.079957441,1551,1551,train,6,4.979796091914644,4.722407905187059,4.654524438319157,4.678467479698115,4.704161724552438,4.982178914479992,4.882797480981595,5.033485,5.079957440788834
1552,S. aureus,KIKIPWGKVKDFLVGGMKAV,1.508716858,20,4.491283142,1552,1552,train,3,4.591387002647854,4.921605392439979,4.749942442587221,5.016137500693532,4.7547989389037495,4.552463105799993,4.555315612117817,4.5053806,4.491283142260478
1553,S. aureus,KIKLFKKWPKFLHLAKKF,0.301029996,18,5.698970004,1553,1553,train,9,5.5988572658890945,5.620788999087439,4.926518221763024,5.572109541698545,5.015083884404751,5.556670593899995,5.461779790009665,5.673764,5.698970003021884
1554,S. aureus,KIKWILKYWKWS,1.12764463,12,4.87235537,1554,1554,train,5,4.772343366300726,4.790610078922822,4.951626594902452,4.655725405756663,4.995359632210675,4.915081417549995,5.053492485770281,4.884672,4.872355369978754
1555,S. aureus,KILGKLWKGVKSIF,0.73329011,14,5.26670989,1555,1555,train,7,5.166811814301141,4.875873423007867,4.751439808282722,4.875124437776251,4.817247226252615,5.139382801310005,4.947250440387617,5.175826,5.266709889746224
1556,S. aureus,KILGVSKKIMRRISKDILTGKK,2.008023006,22,3.991976994,1556,1556,train,1,4.092213299073926,4.255982137865914,4.724636103482295,4.440205335839009,4.724650891217463,4.176186201780007,4.372404187023514,3.9748597,3.9919769941442786
1558,S. aureus,KILRGVSKKIMRRISKDILTGKK,1.902656891,23,4.097343109,1558,1558,train,2,4.197461457183994,4.670543117330742,4.747501395517886,4.602132515299749,4.7540683468341705,4.228115248300005,4.3947635934241305,4.1034446,4.097343108942343
1559,S. aureus,KILRGVSKKIMRTFLRR,1.784445316,17,4.215554684,1559,1559,train,2,4.315575152403396,4.455954480142832,4.8270444611843235,4.563863220658193,4.8726405528639525,4.375733189879997,4.6805027649124264,4.3015003,4.215554684131772
1560,S. aureus,KILRGVSKRILTGKK,2.178527132,15,3.821472868,1560,1560,train,0,3.9216279108060794,4.682469800020065,4.650851825594136,4.628932797329733,4.648693951810132,4.045889388340002,4.489878381990259,3.8444026,3.8214728680845993
1561,S. aureus,KILSSLLKKLKKIIAK,1.322219295,16,4.677780705,1561,1561,train,4,4.732276937594209,4.7354213895234585,4.787744414707778,4.564106639259783,4.8304237075049326,4.761036642939995,4.931568679740293,4.75044,4.677780704774174
1562,S. aureus,KIRVRLSA,2.133085123,8,3.866914877,1562,1562,train,1,3.9670605282229,4.02838936321904,4.555323415952911,4.2054398927918495,4.458816792380668,3.9931654707600006,4.073417486543666,3.9071984,3.8669148769588806
1563,S. aureus,KISKKIMRTFLRR,2.183677614,13,3.816322386,1563,1563,train,0,3.916203356843956,4.136763200094248,4.759630851606599,4.088567096590274,4.7608351373892255,4.008423845390002,4.553422654615721,3.8545196,3.8163223859903668
1564,S. aureus,KISKKIMRTFLRRILTGKK,2.043140005,19,3.956859995,1564,1564,train,1,4.05719368790172,4.614756327246262,4.835930841739116,4.569585002505817,4.893469037200134,4.253507628800001,4.654552298194614,4.1097336,3.9568599956027493
1565,S. aureus,KISKKIMRTFLRRISKDILTGKK,1.817344754,23,4.182655246,1565,1565,train,2,4.28254727160015,4.119899619610919,4.785865816865274,4.147452551961589,4.788381250951719,4.232750663380007,4.544853438801269,4.194155,4.182655245750386
1566,S. aureus,KIWFQNKKMKWKK,2.408239965,13,3.591760035,1566,1566,train,0,3.691602695649904,3.6014763381754094,4.765923473398936,3.5989972465598843,4.743163529496867,3.741671726789996,4.2261227961923815,3.6147108,3.5917600349436736
1567,S. aureus,KIWFQNRRMKWKK,2.408239965,13,3.591760035,1567,1567,train,0,3.6916009008951116,4.0475569418640465,4.7874666903444325,4.111286855231118,4.782643541594464,3.7939647694599956,4.169661718056454,3.6429508,3.5917600351670234
1568,S. aureus,KIWVIRWR,1.141002511,8,4.858997489,1568,1568,train,5,4.758969783648364,4.57890061933333,4.897848902671551,4.667515226052304,4.919562590026594,4.814970170969996,4.786768210637622,4.926588,4.858997489218314
1569,S. aureus,KKAAAAFAAFAAWFAAFAAAAKKKK,1.505149978,25,4.494850022,1569,1569,train,3,4.5947340262850105,4.6926029431342435,4.755666162212406,4.711371973846797,4.768499542284352,4.507635293139995,4.779833889514994,4.4957433,4.4948500220274
1570,S. aureus,KKAAAFAAAAAFAAWAAFAAAKKKK,1.505149978,25,4.494850022,1570,1570,train,3,4.595017918981961,4.81369099830926,4.704754228442556,4.660486204080113,4.698472430264873,4.505370728569994,4.7328075570545955,4.5154862,4.4948500219824865
1571,S. aureus,KKAAHVGKHVGKAAKK,1.750508395,16,4.249491605,1571,1571,train,2,4.349347602589695,4.3528389524932845,4.513671663470588,4.277476141000491,4.4156853652883905,4.3585281927200015,4.44724438301472,4.2853093,4.249491604985681
1572,S. aureus,KKAAHVGKHVGKAAL,1.305351369,15,4.694648631,1572,1572,train,4,4.732257927548666,4.382223564137778,4.5288873864368036,4.293343376645388,4.3755143035545725,4.645915387740003,4.304395260771228,4.6506653,4.694648630945307
1573,S. aureus,KKAFAAAAAFAAWAAFAKKKK,1.505149978,21,4.494850022,1573,1573,train,3,4.5947344239744865,4.25439603841925,4.690373634028667,4.204539584468079,4.680808048258101,4.544898533979993,4.761963137475276,4.483053,4.494850021949773
1574,S. aureus,KKAGKIAKKAGKIA,2.258473402,14,3.741526598,1574,1574,train,0,3.841853087027921,3.8853197852134627,4.435588791697335,3.9297610687213127,4.3091418228905205,3.808632689080002,4.092885636102166,3.7597468,3.7415265978502403
1575,S. aureus,KKAKKAKKA,2.903089987,9,3.096910013,1575,1575,train,0,3.1965665568360375,3.5139963356105426,4.363583209186315,3.5537011459359746,4.236802204405385,3.4785569969400045,3.49020823976492,3.1359556,3.096910012927884
1576,S. aureus,KKAKKFGKAFVK,2.569474343,12,3.430525657,1576,1576,train,0,3.5305013807779413,3.747198266428349,4.597161714947247,3.6595498024813446,4.486543086334958,3.6356737437399964,3.856646695634734,3.418077,3.4305256568688947
1577,S. aureus,KKFGGGKTERARKAMAVE,0.899917622,18,5.100082378,1577,1577,train,6,5.000201543896038,4.663879192742093,4.423007815285073,4.673922538519518,4.163560420130344,4.815353451860006,4.476028714772677,5.052876,5.1000823779557605
1578,S. aureus,KKFGKAFVKILK,2.260007667,12,3.739992333,1578,1578,train,0,3.8401867282420117,3.859992921579207,4.724154183686397,3.9805407218801125,4.721625733698749,3.8878363892199945,4.311919971927381,3.802813,3.73999233337717
1579,S. aureus,KKFLHSAKKWLKAFVKLFKNW,0.974982438,21,5.025017562,1579,1579,train,6,4.924913927756126,5.219845166527052,4.945846528878928,5.222461187528002,5.056223698330541,5.094603050530003,5.260754879285702,5.0757537,5.025017561947432
1580,S. aureus,KKFPWWWPFKK,0.403977157,11,5.596022843,1580,1580,train,8,5.496140097985749,5.439785726235217,4.8669175372685105,5.484143167354607,4.957711492265288,5.512900557230006,5.326962377283021,5.602321,5.596022842897302
1581,S. aureus,KKFWEDDG,2.397904512,8,3.602095488,1581,1581,train,0,3.7022107591600424,3.385490246310484,4.05782968987197,3.366103368782511,3.757212356261171,3.5561897131099967,3.645633792507486,3.5888793,3.602095487946363
1582,S. aureus,KKHKWLWK,0.239042066,8,5.760957934,1582,1582,train,9,5.6613187157508955,5.1318899662907755,4.728111326348256,5.037528633804227,4.645957261444488,5.2596842107899935,4.672082713696381,5.6236577,5.760957933883736
1583,S. aureus,KKIGAIKKWGAIKKIGAI,2.124162541,18,3.875837459,1583,1583,train,1,3.9759380533087096,4.59220432916197,4.697641691020378,4.560878142987606,4.70534761620018,4.150335903070004,4.550378819623818,3.9462972,3.875837459012195
1584,S. aureus,KKIMRTFLRR,2.278322708,10,3.721677292,1584,1584,train,0,3.8216183058248694,3.609176317786126,4.745034291219674,3.6091252897833823,4.691205366148067,3.982038925429998,4.330662150742726,3.78181,3.7216772919317798
1585,S. aureus,KKIMRTFLRRISKDILTGKK,2.02209509,20,3.97790491,1585,1585,train,1,4.077765079028502,3.9961237081180903,4.73036674789907,4.09425742631224,4.716642904761084,4.147958901570004,4.368243433495749,4.020163,3.977904910224107
1586,S. aureus,KKIMRTFLRRISKKILTGKK,1.718735691,20,4.281264309,1586,1586,train,2,4.381402063527588,4.456223151238631,4.847301837698364,4.41451501781158,4.906463892434705,4.362865943599998,4.564007088128715,4.2410026,4.281264308516313
1587,S. aureus,KKKAAAFAAWAAFAKKK,1.505149978,17,4.494850022,1587,1587,train,3,4.594995686119975,4.262105343671966,4.628347744068768,4.15954380374962,4.530483539470755,4.4802380838699944,4.593985867578417,4.516113,4.4948500220095315
1588,S. aureus,KKKKKKAAFAAFAAFAA,1.505149978,17,4.494850022,1588,1588,train,3,4.594853968468388,4.126067343041987,4.615294740785395,4.182430398146547,4.491224286714133,4.492565435039995,4.379161287160123,4.462738,4.494850021785443
1589,S. aureus,KKKKKKAAFAAWAAFAA,1.505149978,17,4.494850022,1589,1589,train,3,4.594977365664132,4.263743952995493,4.630146934527912,4.315105420809465,4.5180539883555015,4.482513531759994,4.409178503505628,4.4786854,4.494850022292274
1590,S. aureus,KKKKKKAAWAAWAAWAA,1.505149978,17,4.494850022,1590,1590,train,3,4.594511599531479,4.556982477662254,4.655503278403348,4.646101768494503,4.560351667462427,4.476002644319994,4.468469371344853,4.496192,4.494850021914097
1591,S. aureus,KKKKPLFGLFFGLF,0.777260046,14,5.222739954,1591,1591,train,7,5.122900577669052,5.046797957667558,4.7664186204922965,5.031997688599509,4.798013383966913,5.130173811690005,5.125318524519938,5.1937656,5.222739954047454
1592,S. aureus,KKKLFKKL,0.0,8,6.0,1592,1592,train,9,5.899846459057203,4.24369153827415,4.657296145785099,4.157169125096054,4.4921332356810515,5.3365871694700004,4.9349782277326755,5.850601,5.999999999271696
1593,S. aureus,KKKLFWKIPKFLHLAKKF,0.301029996,18,5.698970004,1593,1593,train,9,5.599002983125709,5.72767175076266,4.92227988488874,5.554274772296857,4.991089093685599,5.534645127679994,5.30488490432307,5.6385717,5.698970002918319
1594,S. aureus,KKKLKKLKKKLK,2.0,12,4.0,1594,1594,train,1,4.100003137881544,3.858575856056635,4.66059216802894,3.8325767125075494,4.544866103511921,4.074352336889999,3.9687591236403073,4.004691,4.000000001087289
1595,S. aureus,KKKLLLLLLLLLKKK,1.698970004,15,4.301029996,1595,1595,train,2,4.401009283742149,4.8469691974373355,4.955253420774544,4.901989362512808,5.0003365730809115,4.483907859040006,4.947268760099745,4.3013883,4.301029996583476
1597,S. aureus,KKKVVFKVKFKK,0.317442036,12,5.682557964,1597,1597,train,9,5.582633702539468,4.814524378014076,4.777663112488166,4.830644530964278,4.760928150525909,5.451464575930006,5.054454651837263,5.6518016,5.682557963296861
1598,S. aureus,KKKVVFKVKFKKK,0.281990909,13,5.718009091,1598,1598,train,9,5.617886975719866,5.000491383321733,4.779954311560086,4.976805910447553,4.774679965544921,5.4531414070799995,5.047293086046506,5.653383,5.718009091633158
1600,S. aureus,KKLAGLAKKWAGLAKKLAGLA,0.874382876,21,5.125617124,1600,1600,train,6,5.025158927779808,4.685834060374306,4.66099685183843,4.770916838252735,4.6990747620983,5.08004199891999,4.7693389007944615,5.122206,5.125617123677022
1605,S. aureus,KKLIKKILKIL,0.669481554,11,5.330518446,1605,1605,train,7,5.230634168546286,5.014452358890757,4.840100928665601,5.048958547024563,4.839992210031286,5.280533956349997,5.074719826372273,5.283083,5.330518445957948
1606,S. aureus,KKLIKVFAKGFKKAKKLFKGIG,1.588142153,22,4.411857847,1606,1606,train,3,4.511696291114155,4.91286474537266,4.864977453123157,4.991002308737372,4.948392796893195,4.622279126270003,4.886097322431647,4.489038,4.4118578475373464
1607,S. aureus,KKLKKLKKKWKKLKKKLK,1.633932936,18,4.366067064,1607,1607,train,3,4.466068502353502,4.688377791107575,4.831619191923221,4.735854500952502,4.884843225278844,4.342135697759996,4.426324478980915,4.336958,4.366067062528249
1608,S. aureus,KKLKKLLKKWKKLLKKLK,1.639583426,18,4.360416574,1608,1608,train,3,4.460525625976754,4.9180389969131,4.912035886324549,5.001508314509059,4.9986965615056,4.58713200164,4.7925893308395,4.3982453,4.360416578924498
1609,S. aureus,KKLLFKLKFK,1.383353214,10,4.616646786,1609,1609,train,4,4.716485346267323,5.059729857688037,4.808002021579055,5.047373374373301,4.79785982077472,4.737419699379995,4.912545846485238,4.668292,4.616646786262508
1610,S. aureus,KKLLKKLKKLLK,1.301029996,12,4.698970004,1610,1610,train,4,4.5988443650805415,4.597565485391773,4.782133516560464,4.625883353617189,4.787699526845673,4.496632455539996,4.450027405092931,4.639256,4.698969997637263
1611,S. aureus,KKLLKKLLKWL,0.248451563,11,5.751548437,1611,1611,train,9,5.651492447031495,4.96357824927209,4.864597919194825,4.975428112480544,4.880985384817137,5.5772214362299986,5.186385447185646,5.67384,5.751548434829918
1612,S. aureus,KKLLKLLLKLLK,0.494154594,12,5.505845406,1612,1612,train,8,5.406008920085911,4.731337006526906,4.886167405885412,4.86559104557404,4.912716369394588,5.226142593749997,5.076569892361564,5.4241657,5.505845402826129
1613,S. aureus,KKLLKWLKKLL,0.593498388,11,5.406501612,1613,1613,train,8,5.3067939914605295,5.336303787162437,4.873286692631666,5.268060011497498,4.900413767310359,5.423417920070001,5.24601496914353,5.391283,5.40650161574915
1614,S. aureus,KKLLKWLLKLL,0.05927812,11,5.94072188,1614,1614,train,9,5.840933554101178,5.124161414583191,4.928636992071036,5.180381495912352,4.964266227874717,5.709778816800001,5.351604463954554,5.8326573,5.940721878957375
1615,S. aureus,KKLLPIVANLLKSLL,0.478041352,15,5.521958648,1615,1615,train,8,5.421802962202661,4.978797200716335,4.746153084279362,5.168407407074096,4.845024124864221,5.289971083000004,5.144710298724364,5.464742,5.521958648031833
1616,S. aureus,KKPKKPWKPKK,1.260071388,11,4.739928612,1616,1616,train,4,4.732276719585632,4.915681800223809,4.375723609156424,4.879158995557871,4.315262912396516,4.6705754750999935,4.466185254772937,4.7157884,4.739928611933944
1617,S. aureus,KKPKLPWKPKK,1.204119983,11,4.795880017,1617,1617,train,4,4.732276719641139,4.825838398694216,4.442541919327247,4.855475302098117,4.409082039920797,4.788301167430001,4.479147616323842,4.7996006,4.795880017013743
1618,S. aureus,KKPKLPWLPKK,1.123851641,11,4.876148359,1618,1618,train,5,4.776246570474057,4.781279993524398,4.5000461276699415,4.808275556155627,4.468606219211104,4.7517139419400065,4.466479364537146,4.8213863,4.876148358939554
1619,S. aureus,KKPKLPWLPLK,1.380211242,11,4.619788758,1619,1619,train,4,4.719953874887267,4.7888462838862775,4.553381480070718,4.74343131159116,4.557062156388864,4.615262697090008,4.732170386115771,4.6051817,4.6197887582048995
1620,S. aureus,KKPWWKPWWPKWKK,0.301029996,14,5.698970004,1620,1620,train,9,5.59914406705464,5.313608989483727,4.784843005406172,5.183264160740328,4.906598175828865,5.513570789679994,5.313491520181274,5.6177077,5.698970003773016
1621,S. aureus,KKRLKKIFKKPMVIGVTIPF,1.732084959,20,4.267915041,1621,1621,train,2,4.368054257962118,4.4196080880560125,4.902272682369389,4.487341754102982,4.939652737790096,4.586825786649997,4.789195210996796,4.3492584,4.267915040981854
1622,S. aureus,KKRWVWIRY,0.861416416,9,5.138583584,1622,1622,train,6,5.038424647474379,5.751031687873903,4.880841137089318,5.799802054336617,4.852099885968522,5.196022766260001,5.096787180345108,5.207056,5.138583584003706
1623,S. aureus,KKRWWWWWR,0.2959122,9,5.7040878,1623,1623,train,9,5.604208980253698,5.799486656523559,4.985256493679721,5.841446937668989,5.076181044491931,5.608983919350006,5.365503135103206,5.652889,5.704087799747501
1624,S. aureus,KKRYKKKYKAYKPYKKKKKF,1.574031268,20,4.425968732,1624,1624,train,3,4.525520077223469,4.623320772063016,4.860562618805996,4.624597451329558,4.885887772585538,4.595275956139999,4.693542672429055,4.4651394,4.425968731957118
1625,S. aureus,KKTWWKTWWTKW,0.602059991,12,5.397940009,1625,1625,train,7,5.298058040866488,5.34069699589326,4.844814579830195,5.2521986630638535,4.850781801043202,5.2065282038300085,5.124712785212784,5.360112,5.397940008987083
1626,S. aureus,KKTWWKTWWTKWKK,0.301029996,14,5.698970004,1626,1626,train,9,5.598824234996404,5.281779420116949,4.853108139374985,5.104356396764868,4.889329705019738,5.548488123429996,5.293584990325741,5.660553,5.698970003973021
1627,S. aureus,KKTWWKTWWTKWSQP,0.602059991,15,5.397940009,1627,1627,train,7,5.2980404909684005,5.916323743819514,4.782144213298676,5.9333371967491,4.896200980784304,5.094122551140006,5.094658189658186,5.395054,5.3979400089725305
1628,S. aureus,KKTWWKTWWTKWSQPKK,0.301029996,17,5.698970004,1628,1628,train,9,5.5991281920520874,5.8627972894367355,4.786691911860376,5.906902910477329,4.92278797547293,5.295559050559997,5.227466025692707,5.6621885,5.698970003993166
1629,S. aureus,KKTWWKTWWTKWSQPKKKRKV,0.301029996,21,5.698970004,1629,1629,train,9,5.598819063069784,5.575214972035953,4.879628802893981,5.726595633968898,5.0429537538877165,5.526873429099994,5.323638677801002,5.649567,5.69897000398687
1630,S. aureus,KKVADKVLLLKQLRIMRL,0.903089987,18,5.096910013,1630,1630,train,6,4.9970078199060275,4.622380047750073,4.802679381328338,4.4760237669833565,4.78619596889829,5.060409302090006,4.761298835806986,5.06706,5.096910012966993
1631,S. aureus,KKVLFKLKFK,1.166242592,10,4.833757408,1631,1631,train,5,4.733715509773627,5.045999495471309,4.802347191125177,5.033039587933946,4.789255679133181,4.814292448909998,4.912530575819758,4.815313,4.833757407913281
1632,S. aureus,KKVLKAAA,0.954242509,8,5.045757491,1632,1632,train,6,4.945883005947067,4.772091317255855,4.494974821872978,4.647630511659483,4.329080751021328,4.7739245142300035,4.403047759118374,4.960621,5.045757490739816
1634,S. aureus,KKVVFKVKFH,1.172773999,10,4.827226001,1634,1634,train,5,4.732276719585656,5.102088419766634,4.7851613601165,5.126846701849689,4.755346111967615,4.823113017079995,4.778125088633023,4.841288,4.827226001000106
1637,S. aureus,KKVVFKVKFKKK,0.317442036,12,5.682557964,1637,1637,train,9,5.582441054640229,4.864282900954313,4.776785458605657,4.920601963027521,4.767761198258394,5.531202220170005,5.072163556727152,5.6605716,5.682557963913318
1640,S. aureus,KKWLKKWLK,1.724362137,9,4.275637863,1640,1640,train,2,4.37573985013783,4.520051522967023,4.782831261367066,4.513872749017666,4.768288629341109,4.549404950389994,4.574992654786998,4.336721,4.275637864003615
1641,S. aureus,KKWMQKVIDRFGG,2.10720997,13,3.89279003,1641,1641,train,1,3.992990457759896,4.135429175152225,4.589340209744926,4.0327683515624155,4.4679288361815015,3.9632507707000015,4.376729636367278,3.9041586,3.8927900299550555
1643,S. aureus,KKWRKLLKKLKKLL,0.040146854,14,5.959853146,1643,1643,train,9,5.859816915003796,4.993714743750655,4.864282591108548,5.119181809963565,4.911409398549527,5.564931157020002,5.226848452939006,5.7451377,5.959853143477345
1644,S. aureus,KKWRKLLKWLAKK,0.39637601,13,5.60362399,1644,1644,train,8,5.5037903605584555,5.192742792865224,4.814879559698696,5.1569032733487035,4.843586601526856,5.356691481140003,5.155694665515479,5.5513086,5.603623989438704
1645,S. aureus,KKWRWWLKALAKK,0.483187034,13,5.516812966,1645,1645,train,8,5.416974851647047,5.398622589214144,4.821661023544179,5.32646564048165,4.858069310676575,5.403505222669995,5.218654635396609,5.516597,5.516812967515326
1646,S. aureus,KKWRWWLKALAKKLL,-0.595160649,15,6.595160649,1646,1646,train,9,6.495331762950645,5.540782483996906,4.908777102303419,5.505883043028125,4.967530267147497,6.004833705689997,5.53292222361454,6.3857822,6.595160647283443
1647,S. aureus,KKWWWKWKKW,1.051152522,10,4.948847478,1647,1647,train,5,4.848284464314518,5.4706295667910965,4.916991493691291,5.367406370381001,4.969656894925239,5.067232184700003,5.270662194981223,4.9757543,4.948847477991411
1648,S. aureus,KKYRYHLKPFSKK,2.10720997,13,3.89279003,1648,1648,train,1,3.9929546176681843,4.419489500105587,4.693595225046252,4.507660703769513,4.655685642814248,4.1794891016700015,4.318110100513642,3.9447064,3.89279003002735
1649,S. aureus,KLAGKLAKWAGKLAKLAGKLA,0.57335288,21,5.42664712,1649,1649,train,8,5.326811101371756,4.904092827660658,4.662865523229939,4.943370727065584,4.714321110639372,5.231704747289997,4.744625600788417,5.303888,5.426647119923669
1650,S. aureus,KLAGLAKKLAGLAKKLAGLAK,0.889491096,21,5.110508904,1650,1650,train,6,5.0104812032841775,4.939062428970203,4.638739262974104,4.990215948245736,4.6748546037948415,5.032583031049991,4.813312867472625,5.064309,5.110508904002308
1651,S. aureus,KLAGLAKKWAGLAKKLAGLAK,0.874382876,21,5.125617124,1651,1651,train,6,5.025395183625869,4.843894808590791,4.660784752150157,4.918995935388209,4.7123159054489046,5.09540157287999,4.854309944147901,5.108534,5.125617123915854
1652,S. aureus,KLAGLKAKWAGLKAKLAGLKA,2.078502859,21,3.921497141,1652,1652,train,1,4.0216349577697,4.637463593240933,4.648534166706801,4.696307234580298,4.678588325944062,4.230680229909994,4.725380153837692,3.9974396,3.92149714143833
1653,S. aureus,KLAKGLAKWAKGLAKLAKGLA,0.57335288,21,5.42664712,1653,1653,train,8,5.326764273905089,5.0959576664543205,4.658323664387955,5.110657887974244,4.70073101025617,5.179340921139995,4.774222441754803,5.386575,5.426647119937622
1656,S. aureus,KLFAVIKKVAAVIGGL,1.487564914,16,4.512435086,1656,1656,train,3,4.612391282482177,4.864802595089207,4.790011429319145,4.7842027990736025,4.780272754696362,4.620245304849996,4.669116680801775,4.46696,4.512435085848638
1657,S. aureus,KLFAVIKKVAAVIRRL,1.738657538,16,4.261342462,1657,1657,train,2,4.361320146848137,4.779696324404169,4.876073466188428,4.854440025361789,4.91702276400106,4.579951414660001,4.893996987565848,4.4481397,4.261342462636518
1658,S. aureus,KLGFENFLVKALKTVMHVPTSPLL,2.408239965,24,3.591760035,1658,1658,train,0,3.691598602902789,4.342748468392094,4.818546969504354,4.23700671829838,4.757328696824925,4.076854719389997,4.6141959717104575,3.741803,3.5917600350427503
1659,S. aureus,KLGHHGRAPP,2.10720997,10,3.89279003,1659,1659,train,1,3.9926834313654216,3.89644155295941,4.263671138390741,3.919871873650404,4.154391512164182,3.9344899335300014,3.959787687945397,3.8835218,3.892790029809512
1660,S. aureus,KLKAGLAKWKAGLAKLKAGLA,2.078502859,21,3.921497141,1660,1660,train,1,4.021620435911535,4.567264801737362,4.64972997012172,4.631067002999366,4.676559128123753,4.165381298449994,4.653810364992309,3.959497,3.9214971409728743
1661,S. aureus,KLKFPKLKFP,1.603592207,10,4.396407793,1661,1661,train,3,4.496503934200035,4.929357741161847,4.652922199880671,4.79231634638649,4.554842771004736,4.384043895239996,4.421934463659884,4.38013,4.396407793104019
1662,S. aureus,KLKHVGLHVGKLK,1.604226053,13,4.395773947,1662,1662,train,3,4.495456769106143,4.535841121067106,4.655952119259803,4.467654988601631,4.631598933038819,4.501863214210004,4.657207875766005,4.4180245,4.395773946924407
1663,S. aureus,KLKKKLKKLLKK,2.524031415,12,3.475968585,1663,1663,train,0,3.5762998076196855,4.409240277137221,4.72136736706062,4.443418454651321,4.712401441550998,3.7959129370299958,4.114714204092861,3.5630083,3.4759685831297262
1664,S. aureus,KLKKLLKKLLKK,2.528412189,12,3.471587811,1664,1664,train,0,3.5718045995192256,4.581681275916584,4.7689796789963586,4.564062222271008,4.762454098498929,3.7998011564500036,4.106377339821153,3.5327682,3.471587816996884
1665,S. aureus,KLKKLLKKLLKL,2.532837604,12,3.467162396,1665,1665,train,0,3.5672169746381455,4.763124549736932,4.8304314028958055,4.825109007946784,4.846613410882299,4.001249878319999,4.412752277167989,3.5529819,3.467162404328907
1666,S. aureus,KLKKLLKKWLKLLKKLLK,0.602059991,18,5.397940009,1666,1666,train,7,5.297908442607973,5.094026144659859,4.979876531967756,5.149059867907201,5.067518935928225,5.3039240423500065,5.201317018328773,5.3454585,5.397940005470092
1667,S. aureus,KLKLLKLLKLLKLLK,1.397940009,15,4.602059991,1667,1667,train,4,4.7021585789474045,5.0222296109791,4.952177975294585,5.063671906525226,4.999600925586748,4.601428774289993,4.8511063434498976,4.5792294,4.602059990874638
1670,S. aureus,KLKLLLLL,1.564835946,8,4.435164054,1670,1670,train,3,4.535330946160862,4.467422724572518,4.9151340107129835,4.531772292221443,4.908004057857236,4.397040272179996,4.467094894732085,4.4736304,4.4351640543156305
1672,S. aureus,KLKLVALHKQVL,0.857056755,12,5.142943245,1672,1672,train,6,5.042780293005829,4.807743800729341,4.784342338797762,4.966104001339493,4.743755804113189,5.008163100730008,4.92229038490985,5.1254797,5.1429432449644334
1673,S. aureus,KLLAKAALKWLLKALKAA,0.204119983,18,5.795880017,1673,1673,train,9,5.6958165653903166,5.198900377830182,4.800397048787236,5.384798212212897,4.8186369839437395,5.557689346649998,5.1701594500422825,5.6894126,5.7958800165521165
1675,S. aureus,KLLKKLLKLWKKLLKKLK,1.645308403,18,4.354691597,1675,1675,train,3,4.454929913198802,5.120389397497059,4.979876531967756,5.160263786078619,5.079687854468588,4.6347079315999995,5.042758325500275,4.4745007,4.354691597172752
1676,S. aureus,KLLKKLLKWLK,0.549481559,11,5.450518441,1676,1676,train,8,5.350705279437686,5.0460065385606905,4.8708768013459425,4.991053008870091,4.910625058695659,5.35278159977999,5.167373846935093,5.369349,5.450518441466311
1677,S. aureus,KLLKLLLKLWKKLLKLLK,1.651109857,18,4.348890143,1677,1677,train,3,4.448983370396209,5.295365652372125,5.051918945573475,5.255527839911803,5.171658643712492,4.581858907240002,5.009262023589609,4.3785405,4.348890142876233
1678,S. aureus,KLLKLLLKLWLKLLKLLL,1.65698986,18,4.34301014,1678,1678,train,3,4.442861735336074,5.382452968523069,5.114080439218613,5.327448632286435,5.21963504354047,4.519492106759995,4.971992656171996,4.4535832,4.34301014169255
1679,S. aureus,KLLKQWPIGKLLKKLLKKLLK,-0.704205049,21,6.704205049,1679,1679,train,9,6.604043609267083,5.545395954100391,4.97099376236098,5.300869814482349,5.0665876835968575,6.335928524570005,5.580124311447893,6.570192,6.704205048830185
1681,S. aureus,KLLKRIKTLL,1.291859017,10,4.708140983,1681,1681,train,4,4.730885951182547,4.88528517188263,4.795423325355127,4.8864105391788275,4.792712989096289,4.712154777010005,4.626602983791445,4.681992,4.708140982893451
1682,S. aureus,KLLKVIKKLL,0.876648067,10,5.123351933,1682,1682,train,6,5.023209261417804,5.292019849640011,4.854385792404528,5.326737978587409,4.864860848983444,4.9919114924799945,4.860369476526156,5.09589,5.1233519324506265
1683,S. aureus,KLLKWLKKLLK,0.549481559,11,5.450518441,1683,1683,train,8,5.350511711074006,5.048276398304737,4.869904068292828,5.039062614474822,4.908083243194593,5.357992172169993,5.245506768565014,5.4230967,5.450518442406105
1684,S. aureus,KLLKWLLK,1.380333904,8,4.619666096,1684,1684,train,4,4.7197804818456985,4.946832260827533,4.855129803374133,4.963470462923038,4.854630150031849,4.616412510210001,4.717519039656141,4.608593,4.61966609730149
1685,S. aureus,KLLKWLLKL,0.428956434,9,5.571043566,1685,1685,train,8,5.471142018339561,5.099205877623003,4.906281128107038,5.053091190504921,4.928928672324342,5.293959451340006,4.970346866542492,5.5174146,5.571043563999521
1686,S. aureus,KLLKWWKKLL,1.079181246,10,4.920818754,1686,1686,train,5,4.820664703814656,5.69641442150475,4.913142898029383,5.689074739701441,4.957051667613879,4.951351812609997,5.262889427801753,5.029349,4.920818753522935
1687,S. aureus,KLLLKLKLKLLK,1.698970004,12,4.301029996,1687,1687,train,2,4.400873255460065,4.449394307925309,4.877767526851565,4.546193813023304,4.899893347631996,4.469921434820003,4.741546158576779,4.3525057,4.301029995288372
1688,S. aureus,KLLLKLKLKLLKGWKRKRFG,1.397940009,20,4.602059991,1688,1688,train,4,4.702150347358731,4.9597746061532355,4.949271300900953,4.855132686788444,5.047448887276524,4.660088673739993,4.862053372940498,4.6334925,4.60205999099207
1691,S. aureus,KLLNLLPGLLAGIF,1.096910013,14,4.903089987,1691,1691,train,5,4.802772809106145,4.4884127103529385,4.717008861248231,4.612621193463499,4.669576661210207,4.822302037939996,4.615531337162409,4.8789306,4.903089987040213
1692,S. aureus,KLPKLPWKPKK,1.271841607,11,4.728158393,1692,1692,train,4,4.732276720407131,4.6874016422474,4.494805802613127,4.723621426348922,4.464869491902829,4.694961501900001,4.483860229666015,4.6726875,4.728158392988802
1694,S. aureus,KLPLLPWLPKK,1.806179974,11,4.193820026,1694,1694,train,2,4.2938933353438,5.02171314058198,4.611529301260586,4.952033539994716,4.658094486522355,4.405749436320008,4.724111804700433,4.2733235,4.193820026095318
1695,S. aureus,KLPLLPWLPLK,1.806179974,11,4.193820026,1695,1695,train,2,4.293984007463581,4.920061181075075,4.66290263884873,4.872428747546725,4.712501053035644,4.395835146430007,4.658916445793364,4.2853556,4.193820026084638
1696,S. aureus,KLRKLFRKLLKLIRKLLR,0.835637068,18,5.164362932,1696,1696,train,6,5.064022262249463,5.138853224870965,5.003014415451051,5.163920127599491,5.107664778091467,5.089582280720005,5.093156971582586,5.154889,5.164362931836932
1697,S. aureus,KLRRLIRLL,1.626891983,9,4.373108017,1697,1697,train,3,4.472953804934096,4.617191961731355,4.85915037654642,4.557587336831893,4.898170450105303,4.484190906359996,4.752633349252107,4.3723063,4.3731080169095975
1698,S. aureus,KLRRWVRWI,1.580834064,9,4.419165936,1698,1698,train,3,4.5190494547308555,4.846387910615865,4.904795420790075,4.9024256495834155,4.969676938795803,4.673427253690004,5.1724002926688915,4.6239476,4.419165936719095
1699,S. aureus,KLRRWVRWL,1.279804069,9,4.720195931,1699,1699,train,4,4.732184839646179,4.720794758716217,4.903515508878082,4.7814487726553,4.966332444715453,4.8128036683599955,5.112310947330759,4.7539535,4.720195930681111
1700,S. aureus,KLSPSLGPVSKGKLLAGQR,1.819543936,19,4.180456064,1700,1700,train,2,4.280294507696809,3.8533745382503914,4.550927308896959,3.6708017990576534,4.551777940656526,4.3769633811299995,4.4593535212661095,4.192709,4.180456063971824
1701,S. aureus,KLVKRFKKFFRKLKKS,1.494508212,16,4.505491788,1701,1701,train,3,4.605506107600465,4.4297843706560665,4.8527633258504155,4.4786154459226895,4.938787775778822,4.528692795359991,4.774743471481872,4.489761,4.505491788316212
1702,S. aureus,KLVKWIIKTVNKFTKK,1.342422681,16,4.657577319,1702,1702,train,4,4.732475252974579,5.197767766749932,4.848946310379859,5.084004483701725,4.879633423156343,4.908328551339999,4.92946760565205,4.7014236,4.65757731907082
1703,S. aureus,KLWKKWKKWLK,0.669006781,11,5.330993219,1703,1703,train,7,5.231162746632629,4.792090780330955,4.872896684902325,4.81122780889952,4.943148436765781,5.232382043829995,5.131948083721831,5.2784295,5.330993217544337
1704,S. aureus,KLWKLWLKWLK,0.669006781,11,5.330993219,1704,1704,train,7,5.2311572487077145,4.966729581642369,4.981679151662559,5.057758426565279,5.066787321464101,5.307674444339997,5.214686038725522,5.2474318,5.33099321886914
1705,S. aureus,KLWLLWLKWLL,1.630088715,11,4.369911285,1705,1705,train,3,4.4700824135451205,5.447371912020639,5.090247782985037,5.450910397998726,5.172412775070968,4.718954310669998,5.201198663050799,4.534125,4.369911285076913
1706,S. aureus,KMDSRWRWKSSKK,1.365771941,13,4.634228059,1706,1706,train,4,4.732276719585632,4.634228059004938,4.402410296905529,4.634798483360042,4.377575061739885,4.599331386070003,4.521217421689721,4.6284647,4.634228058923964
1707,S. aureus,KMWSKILGHLIR,1.620136055,12,4.379863945,1707,1707,train,3,4.479437966670983,4.702409634140203,4.750314324116277,4.756261592371477,4.785215016748446,4.447509606330005,4.644648748194414,4.427178,4.379863945045654
1708,S. aureus,KNKRKRRRRRRGGRRRR,1.726067654,17,4.273932346,1708,1708,train,2,4.374051963876305,4.802757089922496,4.561258759102296,4.676477791281942,4.567269007068046,4.481225694329994,4.213606014862467,4.3076296,4.273932345996972
1709,S. aureus,KNLRRIIRKIIHIIKKYG,2.119617501,18,3.880382499,1709,1709,train,1,3.980512299368995,4.990217901895671,4.897735915394342,5.336920675891142,4.996864675360484,4.187985700380004,4.798350177483058,4.024656,3.880382499244644
1710,S. aureus,KNVNSIVKIQAFFRARKAQDDYR,0.662757832,23,5.337242168,1710,1710,train,7,5.23708438022177,5.465855085166392,4.719409142996903,5.596914690453541,4.726974973240921,4.985126725399996,4.976757929769051,5.3249135,5.337242167958642
1714,S. aureus,KNWKGIAGMAKKLLGKNWKLM,1.164352856,21,4.835647144,1714,1714,train,5,4.735811482884127,4.870486658054757,4.775745885867241,4.824940582973408,4.790603772496412,4.871120924860004,4.901482232921969,4.8334637,4.8356471439489805
1715,S. aureus,KQFRIRVRVIRK,0.875337427,12,5.124662573,1715,1715,train,6,5.024666764285856,5.571140351275515,4.801504277258876,5.347466091870579,4.792719935829715,5.135218831160006,4.983570577617688,5.114607,5.124662573059062
1716,S. aureus,KQIKIWFQNKKMKWKK,2.408239965,16,3.591760035,1716,1716,train,0,3.6918782499696405,3.918836042982842,4.832075089140146,3.989539183816242,4.839803651405881,3.8130942163299952,4.114243628658897,3.6404216,3.59176003507215
1718,S. aureus,KQLIRFLKRLDRNLWGLA,1.041392685,18,4.958607315,1718,1718,train,5,4.858765678697019,4.550933204120474,4.743023665897189,4.776435742973483,4.75475398973051,4.905499940649997,4.720543900325924,4.9296227,4.9586073149974235
1720,S. aureus,KQWRIRVAVIRA,1.330271572,12,4.669728428,1720,1720,train,4,4.7322767195857995,4.82349482610492,4.758102987343461,4.713949365679291,4.715608267096956,4.6344041850199975,4.807557406292805,4.677557,4.669728428050315
1721,S. aureus,KRFKKFFKKLKKFVKKGFKKFAKV,0.472103819,24,5.527896181,1721,1721,train,8,5.427818955143712,5.223427792051598,5.008609353772096,5.147531683581054,5.1438283424392175,5.4116726056200015,5.104513798123221,5.502224,5.527896180697142
1722,S. aureus,KRFKKFFKKLKNSVKKRAKKFFKK,0.740649333,24,5.259350667,1722,1722,train,7,5.15923375653114,5.3737015997203335,4.9587538977636925,5.108288868587295,5.0753055015829185,5.147029489769995,4.924938618489677,5.2805195,5.259350667010798
1723,S. aureus,KRFKKFFKKVKKSV,1.852355602,14,4.147644398,1723,1723,train,2,4.247601917258059,4.82580829782894,4.781698613821528,4.853911122361282,4.821827486234769,4.323332229510004,4.716925545199116,4.2139254,4.147644398180221
1724,S. aureus,KRFRIRVRVIRK,0.566753181,12,5.433246819,1724,1724,train,8,5.333415839745455,5.030006091489398,4.818492113819623,5.03132601661882,4.835886785216855,5.404198634419996,5.0054774869785685,5.4559646,5.433246818845287
1725,S. aureus,KRFWPVVIRTVVAGYNLYRAIKKK,0.082675954,24,5.917324046,1725,1725,train,9,5.816938749190786,5.8070363309390505,5.011438099226269,5.828461902095208,5.1101174809169425,5.750936918029995,5.431680886553318,5.8959703,5.917324045741407
1726,S. aureus,KRFWQLVPLAIKIYRAWKRR,0.602059991,20,5.397940009,1726,1726,train,7,5.298058806377605,5.317750592759316,4.9901805655773215,5.324371370671064,5.083391476202898,5.353606546130005,5.067796250102803,5.3530827,5.397940009087979
1727,S. aureus,KRGKQGGKVRAKAKTRSS,1.216618553,18,4.783381447,1727,1727,train,4,4.732276719586977,4.487044258354024,4.474541126207449,4.450177856878151,4.411827402601434,4.7240237864800045,4.546476849157292,4.747391,4.783381447020174
1728,S. aureus,KRIGLIRLIGKILRGLRRLG,1.31915252,20,4.68084748,1728,1728,train,4,4.732276719595028,5.106796024922175,4.8431732929515485,4.990676468311289,4.930483987860955,4.7581683714500045,4.907545825122254,4.7466135,4.680847480085408
1729,S. aureus,KRIKTLL,1.845250704,7,4.154749296,1729,1729,train,2,4.254919607983771,4.483929365206167,4.6980782164934825,4.496955543122697,4.5807070079621,4.179083411499995,4.258508119307282,4.1805573,4.154749296039739
1730,S. aureus,KRIMKLKMR,2.354108439,9,3.645891561,1730,1730,train,0,3.746062289606699,4.056159443924241,4.751524719992728,4.078331736913144,4.665556769798989,3.939288265599999,4.16159940129804,3.7013013,3.645891561012805
1731,S. aureus,KRIRKRIKKWKR,0.602059991,12,5.397940009,1731,1731,train,7,5.297889558299383,4.604337359637493,4.729804463784849,4.515443288136246,4.672323615594088,5.085014530060008,4.604045998775238,5.2980785,5.397940008617565
1732,S. aureus,KRIRKRIKKWLR,0.602059991,12,5.397940009,1732,1732,train,7,5.297941350008259,4.9826724613283835,4.792122870893274,4.947685233545859,4.825637532506975,5.149114675270008,4.945537952702903,5.3086996,5.397940009054068
1733,S. aureus,KRIVKLIKKWLR,0.477121255,12,5.522878745,1733,1733,train,8,5.423081069659333,5.471615304112376,4.880667503568263,5.503194668333737,5.065524322132542,5.482692268410006,5.436700967169863,5.481168,5.5228787450626164
1734,S. aureus,KRIVKLILKWLR,0.812913357,12,5.187086643,1734,1734,train,6,5.086932468861437,5.570325279235568,4.93007708482145,5.616456656381497,5.121219531180461,5.254382695439996,5.422898766974547,5.2456317,5.1870866436253475
1735,S. aureus,KRIVKRIKKWLR,0.477121255,12,5.522878745,1735,1735,train,8,5.422845111224514,5.359073319201652,4.836961940268632,5.39266271902857,5.015407210633339,5.317458203110005,5.30193462409042,5.517941,5.522878744869519
1736,S. aureus,KRIVQRIKDFLR,0.602059991,12,5.397940009,1736,1736,train,7,5.29778904072328,5.081506512945073,4.6352754167032355,4.994790779154291,4.710386634183297,5.331969796330003,4.898679926881738,5.3726654,5.397940008988188
1737,S. aureus,KRIVQRIKDFLRNLVPRTES,1.568201724,20,4.431798276,1737,1737,train,3,4.531914006374072,5.161167419765967,4.580491259178561,5.373380831388373,4.6147340704235775,4.5017736452699975,4.448760892746799,4.4062414,4.4317982760496735
1738,S. aureus,KRIVQRIKDWLR,0.301029996,12,5.698970004,1738,1738,train,9,5.598807221874896,4.566153266422143,4.648172281993104,4.477782675796173,4.730237922264678,5.498853513639996,4.969860153004593,5.590938,5.698970003931308
1739,S. aureus,KRIVQRIKKWLR,0.477121255,12,5.522878745,1739,1739,train,8,5.42304968389534,5.321172487260864,4.831112261950643,5.367136553361516,4.992018225090336,5.444370004900005,5.356820988117184,5.548853,5.522878744924633
1740,S. aureus,KRKFHEKHHSHRGY,1.867762025,14,4.132237975,1740,1740,train,2,4.232321190060871,4.647493398652193,4.437074806716311,4.633526059861842,4.243829720702812,4.241528236260004,4.175911414511628,4.138951,4.132237975004847
1741,S. aureus,KRKIFLRTKILV,0.726998728,12,5.273001272,1741,1741,train,7,5.172847641672496,4.534125286209441,4.834493940029418,4.45957447356533,4.820043066253414,5.159266865269993,4.984431123859291,5.236575,5.2730012719773605
1742,S. aureus,KRKKRFKWW,0.414973348,9,5.585026652,1742,1742,train,8,5.48498444820773,5.068377694789515,4.755080599322854,5.121666270877133,4.687440622778325,5.336064375690004,4.8817821047744765,5.4826527,5.5850266521979846
1744,S. aureus,KRLFKKLLFSLRKY,0.562292864,14,5.437707136,1744,1744,train,8,5.337757396589348,5.347205755612179,4.879254358595255,5.33764436376754,4.9155794322538,5.2712656446399935,4.97955086221459,5.4111943,5.437707136123152
1745,S. aureus,KRLRKFRNKIKEKLKKIG,1.787814567,18,4.212185433,1745,1745,train,2,4.312415063959547,4.223620491342004,4.730130531203139,4.434968577457151,4.655968571629365,4.27759490089,4.290265466936156,4.191773,4.212185433014866
1746,S. aureus,KRLRRVWRRWR,0.698970004,11,5.301029996,1746,1746,train,7,5.200876601380523,5.1547129427771585,4.830965714768839,5.113508001104337,4.878441999592883,5.2166912697900045,5.076773339953045,5.2805753,5.301029995822924
1747,S. aureus,KRRGSVTTRYQFLMIHLLRPKKLFA,-0.531579503,25,6.531579503,1747,1747,train,9,6.431420368915415,5.738398536868715,4.9845946204090135,5.692570252010136,5.067893069498336,5.918191729639995,5.749257553262754,6.421242,6.531579502922943
1748,S. aureus,KRRKLAFRLFRLFLKLVLKK,1.204119983,20,4.795880017,1748,1748,train,4,4.732276853566173,5.241431160962306,5.02931810876425,5.182253148033758,5.127139377701197,5.04934454433,5.196086012459352,4.9078765,4.795880017465743
1749,S. aureus,KRRKLIKILKLIAKLIRKKR,0.301029996,20,5.698970004,1749,1749,train,9,5.599225548405351,5.58677262432178,4.949455443583126,5.568562044035084,5.033190484378036,5.572750567179997,5.039288040808671,5.6221914,5.698970003838058
1750,S. aureus,KRRKLIKILKLIIKLIRKKR,0.301029996,20,5.698970004,1750,1750,train,9,5.598966811699773,5.5142659374941925,4.997437293143625,5.483379942018273,5.097948629794989,5.541593437279994,5.139877569682291,5.610337,5.698970003566511
1751,S. aureus,KRRLFLFRLFRLFLRLFLKK,0.602059991,20,5.397940009,1751,1751,train,7,5.298110616567178,5.332376623796276,5.1356916756285464,5.452283199383846,5.276331575579645,5.314483374230005,5.307989929942198,5.391814,5.39794000856328
1752,S. aureus,KRRLIARILRLAARALVKKR,0.903089987,20,5.096910013,1752,1752,train,6,4.996751248072149,5.608126700784681,4.875590433972126,5.574492775939326,4.935750754509544,5.078107785260006,4.938145205057095,5.1111,5.096910013185959
1753,S. aureus,KRRLILRILRLAIRALVKKR,0.602059991,20,5.397940009,1753,1753,train,7,5.2980586167210975,5.6526119387082785,4.971257924907776,5.588838748754274,5.059023193114296,5.26132189569001,5.005189787577979,5.3321486,5.397940009020247
1754,S. aureus,KRRRRRR,0.954255151,7,5.045744849,1754,1754,train,6,4.945871544128935,4.481025178937049,4.425087515185894,4.448158264175458,4.301367782858761,4.519199864730002,4.116882155336965,4.9937153,5.045744848720729
1755,S. aureus,KRRWPWWPWRLI,0.652638292,12,5.347361708,1755,1755,train,7,5.247514733639736,5.4410599872047705,4.928902572247472,5.373503215817821,5.069169471841788,5.338153245899997,5.4030917567697205,5.36183,5.347361708102226
1756,S. aureus,KRRWRIWLV,0.784954047,9,5.215045953,1756,1756,train,7,5.115011790294371,5.292241428732976,4.897368274809341,5.305802197317915,4.921927616085298,5.238491540700002,5.173645578489024,5.25921,5.215045952965939
1757,S. aureus,KRWRIRVRVIRK,0.255426577,12,5.744573423,1757,1757,train,9,5.644868576963515,5.213462497379982,4.830796562738799,5.193885941383727,4.854190050323903,5.575438501740006,5.113580649372685,5.6806817,5.744573423145618
1758,S. aureus,KRWWKWIRW,0.500602351,9,5.499397649,1758,1758,train,8,5.399515272606561,5.856342469801314,4.945122478072515,5.810788846303634,5.012642174171916,5.528375596599999,5.429730903400961,5.5139384,5.499397648755992
1759,S. aureus,KRWWKWWRR,0.45484486,9,5.54515514,1759,1759,train,8,5.445245236844123,5.624644796308528,4.89530538258205,5.466683335064178,4.97193394965153,5.498348528990009,5.389082901782499,5.4569683,5.545155140371337
1760,S. aureus,KRWWRKWWR,-0.15490196,9,6.15490196,1760,1760,train,9,6.054560678985888,5.3710353642018145,4.867933552121297,5.113646292758397,4.900409554818934,5.892540230460002,5.351298022801488,5.9594507,6.15490195864238
1761,S. aureus,KRWWWWRFR,-0.15490196,9,6.15490196,1761,1761,train,9,6.055049760386681,5.193862833102061,4.951367279144846,5.167959864688792,5.005120200744962,5.935621452920002,5.433668305057243,6.077922,6.154901959710013
1762,S. aureus,KSDVRRWRSRY,2.0,11,4.0,1762,1762,train,1,4.100105872881866,4.018245506992136,4.350113862669252,4.168331076956986,4.230058727152508,4.06604105041,4.108505521914036,3.9888756,3.999999999926634
1764,S. aureus,KSLRRVWRSWR,1.77815125,11,4.22184875,1764,1764,train,2,4.321691712186476,4.5902620166842585,4.695175055093948,4.749840232952137,4.754106680364563,4.495407011289997,4.824544094953175,4.268376,4.221848750010788
1765,S. aureus,KSLVRRWRSRW,1.477121255,11,4.522878745,1765,1765,train,3,4.622997256784687,4.408208375345342,4.645110530631239,4.38986319825134,4.681704267597364,4.602460147520006,4.756835412731514,4.4903297,4.522878744910626
1766,S. aureus,KSRQWQWKIRRTWPIFSIRR,1.370145121,20,4.629854879,1766,1766,train,4,4.729697148234532,5.448349071970949,4.93063517949286,5.3366877579661125,5.033392888387659,4.817412632019997,4.885941668902442,4.6511965,4.629854879090652
1767,S. aureus,KTKQQFLIKAQTQLFKVFGYTL,-0.71219827,22,6.71219827,1767,1767,train,9,6.612398660990916,6.119254176873112,4.941002096662658,6.0713773695870845,4.964929796912285,5.945003327600001,5.542648926969502,6.648886,6.712198269923765
1768,S. aureus,KTLLKKVLKAAA,0.954242509,12,5.045757491,1768,1768,train,6,4.945360222973685,4.9501274457719875,4.631798348312546,4.95838095012597,4.543048384373688,5.019343485300004,4.6544847620308065,4.975088,5.04575749100561
1769,S. aureus,KTRNWFSEHFKKVKEKLKDTFA,1.955746467,22,4.044253533,1769,1769,train,1,4.144355118511003,3.9921118085850544,4.617032523622455,3.855590666725401,4.556919774239045,4.230810335570002,4.424323141386008,4.0429835,4.044253532980862
1770,S. aureus,KVALGVAQNYLNPQQ,2.193124598,15,3.806875402,1770,1770,train,0,3.906981542847582,3.569636374670477,4.514320913270856,3.748498886310452,4.232818678842159,4.183834394230002,4.137414016747647,3.846479,3.80687540199107
1771,S. aureus,KVASVIGGL,3.084460739,9,2.915539261,1771,1771,train,0,3.015682791921509,3.0845206469903115,4.5199780919804935,3.1704683527572346,4.086168879630941,3.4241756559199974,3.3819557949889076,2.9297771,2.915539260913025
1772,S. aureus,KVFIATLVVSSFLLAKPPRV,2.068650943,20,3.931349057,1772,1772,train,1,4.0315148246096,4.540146380550098,4.872005597113947,4.601439349281789,4.903033635090181,4.106722234399995,4.609753167410359,3.976695,3.931349057041559
1773,S. aureus,KVFKRLEKLFS,2.0,11,4.0,1773,1773,train,1,4.100114950952972,3.828199452002611,4.641941361265686,3.925606818599636,4.575502013970808,4.2327785782400005,4.413999257247563,4.0098753,3.9999999999882947
1774,S. aureus,KVFKRLEKLFSKI,0.795880017,13,5.204119983,1774,1774,train,6,5.104238222825007,4.833767846475235,4.685724268985156,4.754576021333854,4.660476924569054,5.195088944080001,4.793417535071832,5.184871,5.204119982705354
1775,S. aureus,KVFKRLEKLFSKIQNDK,2.0,17,4.0,1775,1775,train,1,4.099877243744175,4.318138286316132,4.576341056320068,4.224384101380068,4.497781354834933,4.11804196541,4.3129007140771565,4.0357304,4.000000000129111
1776,S. aureus,KVFLGLK,1.687922706,7,4.312077294,1776,1776,train,3,4.411990736065222,4.138800510254085,4.660242914249609,4.168526776670739,4.668319658563745,4.2094465360700015,4.344146897327005,4.309521,4.312077293991945
1777,S. aureus,KVLKAAA,1.255272505,7,4.744727495,1777,1777,train,4,4.733184395377897,4.887241387305719,4.484512335221776,4.774018591189237,4.306821687270588,4.616774031100005,4.4992696243192505,4.7415543,4.744727494954814
1778,S. aureus,KVLKAAAKAALNAVLVGANA,1.698970004,20,4.301029996,1778,1778,train,2,4.401377932769661,4.421486710710121,4.608553207642356,4.498398660724353,4.516520567806263,4.384664240090005,4.398841562453446,4.2822247,4.3010299961320495
1781,S. aureus,KVVFKVKFKKK,0.356046307,11,5.643953693,1781,1781,train,9,5.543995991438359,4.9508158078459665,4.786415974156631,4.94095364047793,4.789884476986465,5.461848702320003,4.98289671171556,5.5880017,5.643953692657313
1782,S. aureus,KVVKQWPIGKVVKKVVKKVVK,-0.383475137,21,6.383475137,1782,1782,train,9,6.283660354935481,5.341305875612432,4.93996356089099,5.16815328179837,5.020290931319731,6.206059430860003,5.518794748990436,6.319602,6.3834751367833364
1783,S. aureus,KVVVKWVVKVVK,2.0,12,4.0,1783,1783,train,1,4.099842458887436,4.944923303118377,4.928625015087532,4.854699393729582,4.963224464502099,4.698261714599999,5.117391475076845,4.195501,4.000000000177742
1784,S. aureus,KWAKKWKWFAKAAWKWYKK,1.590218687,19,4.409781313,1784,1784,train,3,4.509945955900518,4.818752163857883,4.955541642541345,4.873039009298988,5.067030535601037,4.6811248012499975,5.139849495673195,4.5006633,4.409781313158652
1785,S. aureus,KWARLWRWFRITRWLWYIK,1.558255956,19,4.441744044,1785,1785,train,3,4.5417193415277985,5.154280820734895,5.161680832229208,5.124770653020249,5.329753338749749,4.736673008170004,5.149086456554711,4.451044,4.441744044123782
1786,S. aureus,KWASLWNWFNITNWLWYIK,1.590074701,19,4.409925299,1786,1786,train,3,4.51009067787577,4.337987777330325,5.050929918128692,4.4475315479057835,4.964426999781816,4.625733423660003,4.760019147972841,4.436789,4.409925298996923
1787,S. aureus,KWFKIQLQIKKWKNKK,1.505149978,16,4.494850022,1787,1787,train,3,4.594976427185269,4.69806415826394,4.8208782748474945,4.743581671340509,4.835700156830503,4.5058757885899965,4.831044957709453,4.51366,4.494850022070918
1788,S. aureus,KWFKKIPKFLHLAKKF,0.494850022,16,5.505149978,1788,1788,train,8,5.405090345994255,5.2654708704638855,4.882526773517782,5.30116939038231,4.958807987355814,5.470719342760005,5.272099546959926,5.51617,5.505149978797554
1789,S. aureus,KWFKKIPKFLHLLKKF,0.193124598,16,5.806875402,1789,1789,train,9,5.70687219830988,5.835244897972009,4.941154116938095,5.624830140847054,5.031886431496796,5.676784517379999,5.313375994625979,5.729243,5.806875399063772
1790,S. aureus,KWFKRLEKLFSKI,0.193124598,13,5.806875402,1790,1790,train,9,5.70687950389889,5.016718332232102,4.715184212649194,4.910563111558972,4.707780830842145,5.528753781229998,4.883934504211709,5.737075,5.806875401959937
1791,S. aureus,KWFRVYRGIYRRR,1.187520721,13,4.812479279,1791,1791,train,5,4.732276719585632,5.368037004651972,4.882684176039774,5.374007819140662,4.929803968835138,5.006336052420002,4.989695431106557,4.862781,4.812479279018787
1792,S. aureus,KWIKWIKWI,1.204119983,9,4.795880017,1792,1792,train,4,4.73227671958716,5.434410412202656,4.969306917421322,5.540704566171413,5.035289136934116,4.930167702330001,5.19559733976446,4.8779826,4.7958800169877485
1793,S. aureus,KWIRWVRWI,0.602059991,9,5.397940009,1793,1793,train,7,5.298110947890386,5.27441590881896,4.985602382803247,5.307911192301841,5.06314485773826,5.362597551170007,5.325005706113085,5.3133717,5.397940008689335
1794,S. aureus,KWKARKNFIKGSSLGWLIQLFRKR,1.334659996,24,4.665340004,1794,1794,train,4,4.732276719585632,5.321501477915414,4.935152792557527,5.1631374730569926,5.022294549582817,4.925888180089992,5.137605882649493,4.76184,4.665340004113219
1795,S. aureus,KWKIFRRWW,0.194532384,9,5.805467616,1795,1795,train,9,5.705309368238726,4.864672957270235,4.920547415564547,4.892396359875846,4.976562119688937,5.602238859959993,5.326863611968944,5.7167187,5.805467615709847
1796,S. aureus,KWKKFKKIGAVLKKL,1.204119983,15,4.795880017,1796,1796,train,4,4.732274614166033,4.746786044288137,4.796124880045049,4.745383616496904,4.837049509730979,4.847305907070001,4.864490191179369,4.788013,4.795880016804218
1799,S. aureus,KWKKLLKKLLKLL,0.903089987,13,5.096910013,1799,1799,train,6,4.9968435217204155,5.067616822857419,4.902554094298609,5.009938602047039,4.952953233502894,5.230308359150005,5.208447694577193,5.2008505,5.096910014234924
1800,S. aureus,KWKKLLKKLLKLLKKLL,0.602059991,17,5.397940009,1800,1800,train,7,5.2979814573815975,5.3829055924595055,4.976190135058909,5.347717012076417,5.049377963677137,5.374847952530007,5.2555530404058635,5.407705,5.397940011233213
1801,S. aureus,KWKKLLKKLLKLLKKLLK,0.602059991,18,5.397940009,1801,1801,train,7,5.297902516096586,5.135451214714033,4.978673414770483,5.219579960427013,5.064375111492698,5.387215871930008,5.208382022697639,5.3694186,5.397940009299893
1802,S. aureus,KWKKLLKKLLKLLKKLLKKLK,0.903089987,21,5.096910013,1802,1802,train,6,4.996687955321441,5.318119564444797,5.023798451488694,5.29583961066885,5.138808664322041,5.163149796300007,5.271085006556175,5.140511,5.096910007126777
1803,S. aureus,KWKKLLKKLLKLLKKLLKKLKKLLK,0.903089987,25,5.096910013,1803,1803,train,6,4.996696500639341,5.489416348773964,5.110962368677303,5.515000521484919,5.270988286323232,5.183725498230006,5.49207713155377,5.115635,5.096910016895247
1804,S. aureus,KWKKLLKKLLKLPKKLLKKLKKLLK,0.301029996,25,5.698970004,1804,1804,train,9,5.599101724841719,5.612187138478246,5.051371028312665,5.608148334900269,5.205812687103501,5.549640047289995,5.539575241079622,5.6885805,5.698970002969886
1805,S. aureus,KWKKLLKKLLPLLKKLLK,0.301029996,18,5.698970004,1805,1805,train,9,5.5990998677635595,5.249327762723851,4.929532002670191,5.520258703367166,5.007769590538404,5.624651926039994,5.268198548173384,5.6851516,5.698970004434014
1806,S. aureus,KWKKLLKKPLKLLKKLL,0.301029996,17,5.698970004,1806,1806,train,9,5.598832388396905,5.526561354751941,4.889077096415707,5.444614132340976,4.947912016887589,5.584872200359995,5.20549109222647,5.631199,5.698970004679038
1807,S. aureus,KWKKLLKKPLKLLKKLLK,0.301029996,18,5.698970004,1807,1807,train,9,5.598867188065122,5.235678559013726,4.895486384977717,5.341038472091075,4.967419624842624,5.592647575039995,5.226494323621201,5.672243,5.6989700046777925
1808,S. aureus,KWKKLLKKPLLKK,1.096910013,13,4.903089987,1808,1808,train,5,4.803245798160999,5.031020761151716,4.72135648079036,4.953331933778575,4.719192784794296,4.928069268749994,4.8487586618543155,4.8928056,4.903089986732274
1809,S. aureus,KWKKPLLKKLLKKL,0.795880017,14,5.204119983,1809,1809,train,6,5.10412564066496,4.815865452257128,4.776527495113411,4.854192493646115,4.793333576975727,5.244744217099999,5.048405925112639,5.24556,5.204119982055377
1810,S. aureus,KWKLFKGIRAVLKVL,0.647987493,15,5.352012507,1810,1810,train,7,5.252013315636506,5.279318268958786,4.889037257669643,5.304589738051622,4.942828219008284,5.177758895039995,5.061888221976028,5.2397213,5.352012506660451
1811,S. aureus,KWKLFKKAVLKVLTT,0.903089987,15,5.096910013,1811,1811,train,6,4.996753086595318,5.140338452304161,4.841165003030998,5.1516907887613685,4.848108205403034,5.0187279986700055,4.98742142941595,5.059841,5.096910012947528
1812,S. aureus,KWKLFKKGAVLKVLT,2.301029996,15,3.698970004,1812,1812,train,0,3.799084115109458,4.601938504577376,4.78727332397551,4.672907431130932,4.8077187386497195,4.112883260909996,4.827676340305382,3.8517437,3.698970004744885
1813,S. aureus,KWKLFKKGIGAVLKV,1.462397998,15,4.537602002,1813,1813,train,3,4.6374480133332865,4.836607477715166,4.785909188145627,4.962094883886813,4.823449438492022,4.669858459749992,4.956382339348044,4.5655246,4.537602002187885
1814,S. aureus,KWKLFKKI,1.806179974,8,4.193820026,1814,1814,train,2,4.2940446505788605,4.756647680813009,4.792158231648148,4.954299735888505,4.783502359279229,4.260899628120006,4.659367567795317,4.243357,4.193820026422877
1815,S. aureus,KWKLFKKIFKRIVQRIKDFLRN,0.189980319,22,5.810019681,1815,1815,train,9,5.710180285990933,5.810324992325521,4.937263059440915,5.631020632471421,5.041850944612435,5.604620640779993,5.399724242648048,5.7611914,5.8100196809300355
1818,S. aureus,KWKLFKKIGIGAVLKVLT,0.84509804,18,5.15490196,1818,1818,train,6,5.05474635101085,5.120391335963944,4.883419561291889,5.0324226114654875,4.923169248927828,5.120485113220003,5.095453535783652,5.167901,5.154901959648893
1819,S. aureus,KWKLFKKIGIGAVLKVLTTG,0.301029996,20,5.698970004,1819,1819,train,9,5.598811645112923,5.040213607236663,4.869483522793888,5.088540460626216,4.908103121657464,5.443461748399996,5.000816747808149,5.5962067,5.698970004028011
1820,S. aureus,KWKLFKKIGIGKFLHSAKKF,0.314393957,20,5.685606043,1820,1820,train,9,5.585774011090162,5.293102426048421,4.856372644989175,5.356309120651046,4.932009928333397,5.482939860240005,5.129070734038818,5.5892196,5.685606042851547
1823,S. aureus,KWKLFKKIGPGKFLHSAKKF,0.494850022,20,5.505149978,1823,1823,train,8,5.40532006366836,5.017653082978842,4.816585789284171,5.03612869599366,4.885299808920969,5.332496846160003,4.948744968397002,5.497169,5.505149977971482
1824,S. aureus,KWKLFKKIKFLHSAKKF,0.494850022,17,5.505149978,1824,1824,train,8,5.405258046649572,5.2618865219306965,4.858871877970342,5.180996105058733,4.943487638151188,5.3335951852100045,5.232244433696801,5.4481916,5.50514997823971
1825,S. aureus,KWKLFKKILKFLHLAKKF,0.494850022,18,5.505149978,1825,1825,train,8,5.4051938449847725,5.730690731328176,4.987589976403024,5.653728941019895,5.081883467018177,5.458031099790003,5.363411798498281,5.4723787,5.505149977612517
1826,S. aureus,KWKLFKKIPFLHLAKKF,0.494850022,17,5.505149978,1826,1826,train,8,5.404991784841885,5.281129135279261,4.931078077361812,5.2734191409906215,4.983241764973245,5.453420103670004,5.263334835325272,5.481181,5.505149977568414
1827,S. aureus,KWKLFKKIPHLAKKF,0.795880017,15,5.204119983,1827,1827,train,6,5.104287695063135,4.989140650267,4.818700673143091,4.799595615806668,4.859247668670499,5.14092912431,5.018021664575224,5.2020755,5.204119982915941
1828,S. aureus,KWKLFKKIPKFLH,0.795880017,13,5.204119983,1828,1828,train,6,5.103991104673445,5.585170984995778,4.839482900708236,5.598491576620771,4.887551844396896,5.216636865529999,5.195773911372297,5.1866145,5.204119983021466
1829,S. aureus,KWKLFKKIPKFLHL,0.795880017,14,5.204119983,1829,1829,train,6,5.103999464603892,5.733392315130248,4.883128205193353,5.708463436124665,4.941896399654673,5.244662097610001,5.193834024621711,5.244847,5.2041199831051586
1830,S. aureus,KWKLFKKIPKFLHLA,0.795880017,15,5.204119983,1830,1830,train,6,5.1042857964245805,5.357231406127541,4.866413754261292,5.40195139931728,4.920380488086206,5.206241494410001,5.108856721069343,5.2255845,5.204119982834016
1831,S. aureus,KWKLFKKIPKFLHLAK,0.494850022,16,5.505149978,1831,1831,train,8,5.405044898330722,5.2145785509925755,4.870833683876921,5.324897533595204,4.93824406083661,5.367179494500005,5.178074544154791,5.466513,5.505149977420706
1832,S. aureus,KWKLFKKIPKFLHLAKK,0.494850022,17,5.505149978,1832,1832,train,8,5.405130076584634,5.4753021394408625,4.8769692671184535,5.447108558650021,4.952062490246116,5.388614141980003,5.153274654088189,5.521007,5.505149977043937
1833,S. aureus,KWKLFKKIPKFLHLAKKF,1.136986768,18,4.863013232,1833,1833,train,5,4.962697275906911,5.634018148723784,4.92643411326595,5.493787723735465,5.008029372777665,5.175542720650003,5.338862960077734,5.155227,4.863013242338927
1834,S. aureus,KWKLFKKIPKFLHSAKKF,0.494850022,18,5.505149978,1834,1834,train,8,5.405386377482994,5.2467676478370935,4.843753292119443,5.42132408827637,4.934182283150842,5.420582416280004,5.211841722927773,5.480366,5.50514997761711
1835,S. aureus,KWKLFKKIPLAKKF,0.795880017,14,5.204119983,1835,1835,train,6,5.103961912280074,5.1379880777332065,4.808458626970823,5.1712889080753515,4.833539326254425,5.208004790110001,5.067714013888209,5.1843944,5.204119982224116
1836,S. aureus,KWKLFKKIPLHLAKKF,0.494850022,16,5.505149978,1836,1836,train,8,5.404559686255189,5.282880296778569,4.860257954592686,5.272204067346147,4.910608984035559,5.421016578260004,5.136121140393785,5.440793,5.505149977943929
1837,S. aureus,KWKLFKKIPLKKF,1.096910013,13,4.903089987,1837,1837,train,5,4.803256942326843,5.5329208412558035,4.816908266005047,5.39489034573193,4.829997691544408,5.036074816519995,5.011435522239227,4.976546,4.9030899873328115
1838,S. aureus,KWKLFKKISKFLHLAKKF,0.795880017,18,5.204119983,1838,1838,train,6,5.103957975023585,5.462370066098976,4.923287672897001,5.399689219225011,5.01096844129557,5.218145419830002,5.326559436275354,5.236465,5.204119983159173
1839,S. aureus,KWKLFKKLKVLTTGL,1.707570176,15,4.292429824,1839,1839,train,2,4.392317254202961,4.661658181487765,4.831593686435538,4.72265039401068,4.8597709945985565,4.422366118140005,4.867349051917213,4.2971163,4.292429824248691
1840,S. aureus,KWKLFKKVLKVLTTG,0.903089987,15,5.096910013,1840,1840,train,6,4.997087321466636,4.863806594114709,4.851273481168034,4.964081798451646,4.877131859694657,4.8259678662600045,4.831249028562534,4.9923944,5.096910012745605
1841,S. aureus,KWKLFLGILAVLKVL,1.264288175,15,4.735711825,1841,1841,train,4,4.732276770140754,5.353626026949285,4.959300761871177,5.4881076626120056,5.017513842847476,4.870174035960004,5.002804747643549,4.8673277,4.735711825611944
1842,S. aureus,KWKLKKHIGIGKHFLSAKKF,1.806179974,20,4.193820026,1842,1842,train,2,4.293661998481107,5.183288232680891,4.816913299868818,5.168610237347977,4.879725302092642,4.5690034823000065,4.7562237074005775,4.2958674,4.193820026210203
1843,S. aureus,KWKRWWWFR,1.210318041,9,4.789681959,1843,1843,train,4,4.732278155191069,5.005689295189633,4.935763374690848,5.047155344359329,4.987157386653616,5.088988029090003,5.277225352572141,4.8947787,4.789681959336904
1844,S. aureus,KWKSFIKKLTKKFLHSAKKF,-0.82287798,20,6.82287798,1844,1844,train,9,6.723035310457323,5.238801598370812,4.849107062409039,5.185654479900093,4.94551095975148,6.1921730073,5.400978814507235,6.615889,6.822877979699173
1845,S. aureus,KWKWKWKW,1.096910013,8,4.903089987,1845,1845,train,5,4.803097857345384,5.241768982630212,4.887734024333229,5.2437119069002875,4.9584498680312645,4.806874843799995,4.9092539152481605,4.916248,4.903089985841747
1846,S. aureus,KWKWKWKWKW,1.096910013,10,4.903089987,1846,1846,train,5,4.803247637527104,5.2946359357204,4.9419863448869155,5.273341136204213,5.045922222673449,4.897160398789993,5.145511788095122,4.9548664,4.903089987971812
1847,S. aureus,KWKWWKWK,0.971971276,8,5.028028724,1847,1847,train,6,4.927461414482689,4.8852906039012325,4.825544932975102,4.9592629143297655,4.795945678515816,4.948610209250007,4.894207779248911,5.034618,5.028028723737901
1848,S. aureus,KWKWWWRKI,0.079181246,9,5.920818754,1848,1848,train,9,5.82067101982296,5.264317558948305,4.924351386385244,5.329431616687686,4.977173295426947,5.7677860744,5.513329856524831,5.8938494,5.920818753894803
1849,S. aureus,KWLKKLLKKLL,0.549481559,11,5.450518441,1849,1849,train,8,5.350605518533108,5.08367601228811,4.856307746896292,5.073014490869568,4.866003251436602,5.434935162869993,5.1744882548320845,5.4691267,5.450518440449296
1850,S. aureus,KWLKKWL,1.902539997,7,4.097460003,1850,1850,train,2,4.197593134810356,4.572078997518829,4.844332608401091,4.731048372044845,4.852555323738026,4.088957023739998,4.509126634437436,4.114327,4.09746000286357
1851,S. aureus,KWLKKWLKWLKK,0.801389747,12,5.198610253,1851,1851,train,6,5.098321959133191,4.9402492673424,4.914020701263913,4.9429606157134085,4.992384230859356,5.283375784440004,5.104038608814796,5.1938868,5.1986102520737925
1852,S. aureus,KWLLKWL,1.784163133,7,4.215836867,1852,1852,train,2,4.315932037824037,4.592359581439513,4.9428884426417365,4.609811125115075,4.981498697316292,4.236453483710004,4.57673244453279,4.248827,4.215836867336861
1853,S. aureus,KWRQWQSKWRRTNPWFWIRR,0.741373686,20,5.258626314,1853,1853,train,7,5.1584782831196705,4.91561178552282,4.974332042880386,4.910597425123992,5.113876888943156,5.138533059710007,5.153135490518202,5.2218213,5.258626313948617
1854,S. aureus,KWRRAVRAI,1.743447987,9,4.256552013,1854,1854,train,2,4.356530098370828,4.481470920282065,4.68338258995193,4.387870146611694,4.581574432435614,4.331161926579995,4.524898188244014,4.3454885,4.256552013005643
1856,S. aureus,KWRRWIRWW,0.624265047,9,5.375734953,1856,1856,train,7,5.275899377961535,4.959519005729382,4.966485986130481,5.109805733529186,5.069993048705555,5.3971760195000025,5.389560506815046,5.3887916,5.375734953402078
1858,S. aureus,KWRRWVRWL,0.955252392,9,5.044747608,1858,1858,train,6,4.944913317024287,4.914963858420447,4.930758983085935,4.993859500434549,5.008356400338036,5.159238437440006,5.28776812518669,5.0763245,5.044747608314755
1859,S. aureus,KWWKIWRWR,1.044333743,9,4.955666257,1859,1859,train,5,4.8558241300914124,4.894770114796018,4.929964664143347,4.894233695093678,4.985202727103579,5.114485122770003,5.266712334104497,5.0267286,4.955666257538166
1860,S. aureus,KWWKKWWKWWKKWWKK,0.397940009,16,5.602059991,1860,1860,train,8,5.501975741879644,5.159439844619776,5.089870730130622,5.27280615160807,5.254417078100779,5.496712905039995,5.264289801473866,5.484842,5.602059988481409
1861,S. aureus,KWWKWWKKWWKK,0.903089987,12,5.096910013,1861,1861,train,6,4.99689949283287,5.1417432189276875,4.980499405814271,5.253676122226744,5.090441134718897,5.204242816430005,5.285224856115888,5.172981,5.096910016562026
1863,S. aureus,KYKKALKKLAKLL,1.01518911,13,4.98481089,1863,1863,train,5,4.884940589036238,5.102244072718688,4.753414198897222,4.976900104806176,4.729575885911762,4.889278519080004,5.065968012716347,5.019867,4.984810890095258
1864,S. aureus,LAAKLTKAATKLTAALTKLAAALT,2.06069784,24,3.93930216,1864,1864,train,1,4.03940237732361,5.114741090706377,4.737254937203584,5.149276058336299,4.734784041254217,4.273108511370004,4.555830598429812,4.0247464,3.939302160034986
1865,S. aureus,LALERRSGWLRLFGLKPRRKH,1.096910013,21,4.903089987,1865,1865,train,5,4.8029875552337105,5.179115699762693,4.765060776398172,5.284695709653833,4.842358559531158,4.968436482099994,5.039742704054922,4.956719,4.90308998700428
1866,S. aureus,LALKSGGWLRLFGLKDKKH,1.230448921,19,4.769551079,1866,1866,train,4,4.732276719585632,5.290573711299343,4.709705094247022,5.221065892731122,4.66918565727503,4.7158464856699975,4.929075191427623,4.7432647,4.769551078999095
1867,S. aureus,LDPKVVQSLL,2.301029996,10,3.698970004,1867,1867,train,0,3.798869215505579,4.34683622130626,4.327521717573164,4.326439233497662,4.2830593328601765,3.769109995979996,3.757131228306729,3.709792,3.6989700039737534
1868,S. aureus,LFGFLIKLIPSLFGALSNIGRNRNQ,0.350387936,25,5.649612064,1868,1868,train,9,5.549717718771636,5.3486391977692085,4.8763732338418535,5.300601158522836,4.944655712916762,5.257690009179998,5.237193549512078,5.5518775,5.649612063944039
1869,S. aureus,LFGFLIPLLPHIIGAIPQVIGAIR,0.386085586,24,5.613914414,1869,1869,train,8,5.513915751410662,5.576469967510772,4.868307103894746,5.688622890551486,4.880475023992124,5.273979249870003,5.003557403980987,5.5824747,5.613914413942327
1870,S. aureus,LFGLIPSLIGGLVSAFK,1.460393683,17,4.539606317,1870,1870,train,3,4.639491862951343,4.606852410350121,4.763951994224275,4.69600618216183,4.791854529916298,4.594962867699998,4.796583004830077,4.5861487,4.539606316996844
1873,S. aureus,LFHAGKMIH,1.977455997,9,4.022544003,1873,1873,train,1,4.122610681357244,4.11597905185321,4.612891934844412,4.275085838272129,4.562512671256579,4.014017481780004,3.9434091436889522,3.9881737,4.022544002962716
1874,S. aureus,LFKVASKVLPSVK,2.150039775,13,3.849960225,1874,1874,train,1,3.9501245993768554,3.9944350823144186,4.675405672851598,3.9768736807087133,4.469613865613947,4.128916429720003,4.4604017494545065,3.9225204,3.8499602249877416
1875,S. aureus,LFRLIKSLIKRLVSAFK,0.947229066,17,5.052770934,1875,1875,train,6,4.953015181852788,4.8566503333619675,4.882500108991184,4.896369919711045,4.976060803112943,5.014587901530007,5.049218502692295,5.053504,5.052770933965525
1876,S. aureus,LFWKLLLKALRLWAKVL,0.754548718,17,5.245451282,1876,1876,train,7,5.145674060929274,5.330273504587173,5.0454843914659255,5.214290789691679,5.149507321821599,5.253300556869995,5.328428674412945,5.271529,5.245451281916903
1877,S. aureus,LGALFRVASKVFPAVISMVK,1.477058667,20,4.522941333,1877,1877,train,3,4.623060057928706,4.507669752306391,4.803717849433968,4.5040961076210015,4.727610259016316,4.535924868900002,4.3947582374946546,4.4703937,4.522941332982003
1878,S. aureus,LGAWLAGKVAGTVATYAWNRYV,0.477121255,22,5.522878745,1878,1878,train,8,5.42303660514001,4.866429646372794,4.783440893463749,4.858891840300911,4.806415055848979,5.146702451620005,4.868076674539396,5.3796554,5.522878744949469
1879,S. aureus,LGGDNYGTFSGSNGNNFQHGSN,0.444817259,22,5.555182741,1879,1879,train,8,5.455149099461206,5.37050750523016,4.521077040034121,5.374888903892893,4.4307784412795215,5.094890558090004,4.696458027179838,5.528277,5.55518274095275
1880,S. aureus,LGRKIAHGVKKYGPTVLRII,0.954732388,20,5.045267612,1880,1880,train,6,4.945406828957452,4.949845588936072,4.809591890984989,4.9574965478884225,4.8924009841533085,4.879773753919994,4.8695729968296,5.0303006,5.0452676121615125
1881,S. aureus,LHLIALRKK,1.76819873,9,4.23180127,1881,1881,train,2,4.331640380514796,4.629693995448261,4.715739363868132,4.707943040243232,4.689253091409893,4.315184646020003,4.451898809025387,4.202677,4.231801270075833
1882,S. aureus,LHRIALRKK,1.751405602,9,4.248594398,1882,1882,train,2,4.348435633074073,4.3835619421038805,4.639353218226399,4.497607709504353,4.517395526336323,4.238392163990004,4.287940955308046,4.2788577,4.248594398056844
1884,S. aureus,LIGSLVRGILPLF,1.660751561,13,4.339248439,1884,1884,train,3,4.439353492868418,4.84445583842123,4.76536729736428,4.82801280672385,4.807360773827629,4.582193875610003,4.776113748429703,4.3948026,4.339248439174138
1885,S. aureus,LIKHILHRL,2.641136642,9,3.358863358,1885,1885,train,0,3.458423606169089,4.569906319855651,4.790664265462695,4.581205400846625,4.754061296331466,3.635671803840003,4.1517689373015,3.4330254,3.358863358141983
1886,S. aureus,LIKHILHRLGGGFHFHLHF,1.43800409,19,4.56199591,1886,1886,train,4,4.662164651857462,4.659514534855585,4.9113318392133785,4.5760582541508725,4.961290824897107,4.596052979980004,4.756727740554001,4.5691543,4.561995909980279
1887,S. aureus,LILGKLWKGVKSIF,0.933636174,14,5.066363826,1887,1887,train,6,4.966054078250978,4.933630786874677,4.79370502844066,4.8648991838035665,4.8653174918144435,5.093190519599997,5.018844414783618,5.1112285,5.06636382615202
1888,S. aureus,LIRGLFKSFWQVF,0.875061263,13,5.124938737,1888,1888,train,6,5.024918350419227,5.202662853641684,4.868407574861334,5.1135834283262165,4.946209837333226,5.105186828819992,5.155829857055367,5.124257,5.124938737012755
1889,S. aureus,LKFLKFG,2.10720997,7,3.89279003,1889,1889,train,1,3.9930786858981224,3.92579945977191,4.756705694156009,3.933634816206128,4.713391977824713,3.9933316957400002,4.038825336095359,3.8800507,3.892790029980566
1890,S. aureus,LKIAKGIIKSL,1.92682194,11,4.07317806,1890,1890,train,2,4.173349295865094,4.293321874180891,4.6194201796723755,4.109627651855442,4.607946788203417,4.157752404529996,4.411056374667422,4.087937,4.07317806019579
1891,S. aureus,LKKAKKFGKAFV,2.574226373,12,3.425773627,1891,1891,train,0,3.525612521256993,3.239987755212713,4.652308958457337,3.3174789863806997,4.645413876414866,3.5831668821400053,3.8565535995843914,3.448028,3.4257736270459436
1892,S. aureus,LKKLLKKL,2.698970004,8,3.301029996,1892,1892,train,0,3.4009100682911866,4.164971832028319,4.745138234406686,4.252216591451134,4.719576123737197,3.583630833550005,3.6810467687936548,3.3182988,3.301029996659385
1894,S. aureus,LKKLLKKLLKKL,1.750122527,12,4.249877473,1894,1894,train,2,4.349848204608898,4.5268282699972415,4.823808772974038,4.562336522247315,4.838435553256327,4.329405997190006,4.439208510645358,4.1940303,4.249877473308055
1896,S. aureus,LKKLLKLLKKLLKLAG,1.301029996,16,4.698970004,1896,1896,train,4,4.732276720771088,4.987554787994881,4.860957826922092,4.970865676524341,4.903085302319388,4.728202976519996,4.945185641991288,4.732937,4.69897000424815
1897,S. aureus,LKKLLKWLKKL,0.804754064,11,5.195245936,1897,1897,train,6,5.095373732964619,4.818797783109134,4.876874102876422,4.797240317984707,4.932977034949185,5.194162664799995,5.198656684760845,5.2226324,5.1952459351804
1898,S. aureus,LKKLLKWLLKLLK,0.882810956,13,5.117189044,1898,1898,train,6,5.017288717137149,5.135394428755839,4.955476951410201,5.086979346188743,5.012029250108046,5.1794903793999945,5.292283577224156,5.1424966,5.11718904637897
1899,S. aureus,LKKVLKAAA,1.255272505,9,4.744727495,1899,1899,train,4,4.7339688829925155,4.625586386974183,4.581972409692788,4.591981785292475,4.447863478571739,4.666681896820004,4.613796651508739,4.835,4.744727495201403
1900,S. aureus,LKKWLKK,2.326412575,7,3.673587425,1900,1900,train,0,3.7734688009445017,3.7101030032299773,4.697306196476543,3.7014446624207054,4.587893332859098,3.881816535299998,4.042457092858866,3.6826346,3.6735874247446008
1901,S. aureus,LKKWLKKWLKK,1.577542925,11,4.422457075,1901,1901,train,3,4.522626584590868,4.587138883894654,4.823430441415716,4.512974255945823,4.850141501811084,4.629085082050005,4.804140766728034,4.4869843,4.422457076513715
1902,S. aureus,LKLKAIAALAKKKW,1.180996884,14,4.819003116,1902,1902,train,5,4.732277026434516,4.928995059122757,4.720316772221294,4.767263810083326,4.709479884869052,4.872845152819993,5.070985465614892,4.8858685,4.819003116029956
1903,S. aureus,LKLKLFPLKLKLFP,0.743131831,14,5.256868169,1903,1903,train,7,5.156705386874895,5.166595357974071,4.874447806353674,5.141873352570594,4.875975311091844,5.21409814168999,5.03203255209942,5.190099,5.25686816876243
1905,S. aureus,LKLKSIVSWAKKVL,1.293414314,14,4.706585686,1905,1905,train,4,4.732276719585633,5.140612028114596,4.809756157908156,5.012140224612866,4.949898699391879,4.761622381459998,5.043061423936682,4.725413,4.706585686037964
1906,S. aureus,LKLLKKLLKKLLKLL,0.903089987,15,5.096910013,1906,1906,train,6,4.997084889963773,4.990847434145923,4.957868097966186,5.006984616078073,5.01696681485852,4.903866244170006,4.938433515402963,5.007112,5.0969100027374425
1907,S. aureus,LKLLKWLLKLL,0.351216668,11,5.648783332,1907,1907,train,9,5.548859373410048,5.120920062877727,4.981105661262835,5.124747879899582,5.020588798909604,5.483243342259997,5.283814108443615,5.5924063,5.648783332339545
1908,S. aureus,LKLLLLKLLL,1.201258887,10,4.798741113,1908,1908,train,5,4.7322639246578975,4.4732690791992455,4.9514066317956225,4.628994364993445,4.919548141457219,4.781591979620003,4.593359031359184,4.78477,4.798741113741114
1909,S. aureus,LKRIKTLL,1.498243077,8,4.501756923,1909,1909,train,3,4.601712727678568,4.524061601019247,4.7503086407938,4.697753977750798,4.727430522039268,4.452285915000004,4.326672449155022,4.4608393,4.501756922891518
1910,S. aureus,LKRRWKWWI,0.380211242,9,5.619788758,1910,1910,train,8,5.519221375645173,5.589731201106988,4.927748953151713,5.423080411019656,5.016743018571846,5.387176039870006,5.189576189127194,5.5362816,5.619788757807049
1911,S. aureus,LKVVFKVLFK,1.067245768,10,4.932754232,1911,1911,train,5,4.832919861676876,5.0740753886628305,4.928059825500997,5.159523900356459,4.973893350875005,4.838159590659997,4.774011081443106,4.9333377,4.932754232128481
1913,S. aureus,LKWLKKLLKKL,0.549481559,11,5.450518441,1913,1913,train,8,5.35065317098387,4.697600547062579,4.863577646556409,4.669870289545167,4.8982325193030505,5.375456345479993,5.171281469734214,5.3145137,5.450518438366804
1914,S. aureus,LKWLKKWLK,1.658997331,9,4.341002669,1914,1914,train,3,4.440888317222472,4.623937708291661,4.867761775741473,4.6078724894872725,4.914446069055813,4.485680160899995,4.8275364225645765,4.3378778,4.341002669085494
1915,S. aureus,LKWLKWG,2.10720997,7,3.89279003,1915,1915,train,1,3.992961104247399,3.6178115554749932,4.795155561859604,3.6651495666780898,4.777087817092535,3.949514791060001,4.096926159895116,3.882073,3.892790029988422
1918,S. aureus,LKWRKMFRW,1.056968734,9,4.943031266,1918,1918,train,5,4.8429449401736555,4.925789302591647,4.9083792123679535,4.852656696954285,4.96058933505439,5.057173165789996,5.006591846272175,4.989347,4.943031265967593
1919,S. aureus,LLAAHLLAIGRR,1.453057705,12,4.546942295,1919,1919,train,3,4.646865346010857,5.071768668183066,4.676840236504423,5.014997417305302,4.65714196745284,4.538139809960003,4.657501814850627,4.531666,4.546942295075619
1920,S. aureus,LLAIVGNLLKSLL,0.864316987,13,5.135683013,1920,1920,train,6,5.0358027613324925,4.969346204494037,4.765679739870719,4.941707801322054,4.859011397628658,5.102737072240003,5.111278130409056,5.1453853,5.135683013017056
1930,S. aureus,LLGSLLKLLPKLL,-0.107905397,13,6.107905397,1930,1930,train,9,6.008005312185544,5.0151289413380935,4.771178174088983,5.118023890254247,4.805164209408091,5.711732347530002,5.242043705512911,6.0496054,6.107905396799091
1931,S. aureus,LLIILKKKWKKQAKAKSK,0.602059991,18,5.397940009,1931,1931,train,7,5.298058530806806,4.8429276281229425,4.785657496995457,4.922356472327966,4.8432465905173645,5.327026738350007,5.046358074649413,5.3554544,5.397940008890798
1932,S. aureus,LLIILRRRIRKQAHAHSK,0.84509804,18,5.15490196,1932,1932,train,6,5.05506733887577,5.101618267776066,4.805824749316485,4.932186708985498,4.8821382459742,5.220998765930005,4.948321351626478,5.1524262,5.154901959988934
1933,S. aureus,LLIILRRRWRKQAKAKSK,0.602059991,18,5.397940009,1933,1933,train,7,5.29791229656673,5.062297338702989,4.82603488879749,5.08462962926452,4.916709546008618,5.349643065600008,5.060563703307789,5.3614774,5.397940008997392
1934,S. aureus,LLIILRRRWRKQARARSK,0.602059991,18,5.397940009,1934,1934,train,7,5.29782050645918,5.1432261480746275,4.839920932754737,5.116614517072156,4.936971779332871,5.360656080030008,5.111829858153329,5.365254,5.397940008980829
1935,S. aureus,LLIILRRRWRRQARARSR,0.602059991,18,5.397940009,1935,1935,train,7,5.2981112356915085,5.300523745741933,4.854830906241579,5.268310464641908,4.959909607921403,5.334645669670007,5.2123869663260285,5.379544,5.397940009002741
1936,S. aureus,LLIRAAKKFIKK,1.795880017,12,4.204119983,1936,1936,train,2,4.303562739036291,4.883080384918444,4.753383493496314,4.741973053065257,4.7539549267218,4.383717807919998,4.7031871428969305,4.303826,4.204119983220236
1937,S. aureus,LLKALKKLLKKLL,0.176091259,13,5.823908741,1937,1937,train,9,5.724013445631873,4.918338155887409,4.854364185837116,5.0269549035132135,4.880824225832513,5.417970004070005,5.216011547460754,5.6763597,5.823908740180989
1938,S. aureus,LLKELWTKIKGAGKAVLGKIKGLL,1.767155866,24,4.232844134,1938,1938,train,2,4.332917443424515,4.849710251073588,4.755936773247761,4.770654148653012,4.841621922300716,4.4318961362100024,4.520771349679248,4.278181,4.232844134234898
1939,S. aureus,LLKKALRLWKKVL,1.599597749,13,4.400402251,1939,1939,train,3,4.5005190689529915,5.528784985670443,4.889387423942283,5.294929586667807,4.944379599235631,4.6807986390900025,5.2403121139140225,4.634213,4.400402252225835
1942,S. aureus,LLKKLLKLLLKLLKK,1.397940009,15,4.602059991,1942,1942,train,4,4.680875506927064,4.950568073859774,4.958208188845658,4.940370187650706,5.029961848973207,4.7265166594299926,5.00518665770573,4.690697,4.602059991561683
1943,S. aureus,LLKKLLKWLKK,0.804754064,11,5.195245936,1943,1943,train,6,5.095345532248796,5.133253333912038,4.870368493472323,5.019174917906483,4.919253403787301,5.146784065879996,5.15380372165818,5.2189503,5.19524593250482
1944,S. aureus,LLKKVLKAAA,1.096910013,10,4.903089987,1944,1944,train,5,4.803205258125652,4.813574496725656,4.645064988584017,4.759764765007597,4.575646225712323,4.6984123825199955,4.632696348435265,4.916536,4.9030899871548455
1945,S. aureus,LLKLLKKLLKKLLKL,1.653212514,15,4.346787486,1945,1945,train,3,4.4466786948925465,4.979251085412631,4.957868097966186,4.992688297322629,5.026670706417185,4.561919451349997,4.947072893411506,4.4239545,4.346787490987435
1946,S. aureus,LLKLLKWLLKLLK,1.187842251,13,4.812157749,1946,1946,train,5,4.735417472787413,5.192186559511532,5.000797131764559,5.153919101514578,5.079392498463233,4.9412735931399965,5.279627468978609,4.897419,4.812157750627931
1947,S. aureus,LLKRIKTLL,1.737771454,9,4.262228546,1947,1947,train,2,4.3620672050413845,4.772844474827504,4.809631145984762,4.760237342083064,4.811826232203067,4.311861652070004,4.423738061669687,4.277608,4.262228546201434
1948,S. aureus,LLKWLKK,2.33338146,7,3.66661854,1948,1948,train,0,3.7664990374594534,4.723484675789493,4.814810119655336,4.680778617180805,4.829879271145616,3.895049977440002,4.324740349533558,3.7430084,3.6666185410626535
1949,S. aureus,LLKWLKKL,1.380333904,8,4.619666096,1949,1949,train,4,4.719783670341065,4.463662569495055,4.869417277203146,4.5084969124709025,4.901150037581915,4.484334727120003,4.6224427104075305,4.577016,4.619666096749102
1950,S. aureus,LLKWLKKLLKK,0.804754064,11,5.195245936,1950,1950,train,6,5.095153274359239,4.912554583050409,4.863771461788796,4.805274484911498,4.902014925727447,5.232170974669995,5.180862593795327,5.186431,5.19524593501216
1952,S. aureus,LLKWLLK,1.437374011,7,4.562625989,1952,1952,train,4,4.662792137730768,4.790340858032358,4.890338510153649,4.859912680997878,4.898650418369726,4.401363344930005,4.449836614800027,4.5359993,4.562625988444602
1954,S. aureus,LLKWLLKWLLK,0.457254939,11,5.542745061,1954,1954,train,8,5.442626530194771,5.080106365344714,5.00547466060086,5.19041354161205,5.074480065777489,5.470010311190002,5.238248078751237,5.4861765,5.542745060588876
1955,S. aureus,LLLFLLKKRKKRKY,1.238046103,14,4.761953897,1955,1955,train,4,4.732276719585632,5.077741523737438,4.917997365077845,5.175227767474011,4.982284727376578,4.779418389960006,5.069408158096589,4.763235,4.761953897000121
1956,S. aureus,LLLLLKKKKKKLLLL,1.698970004,15,4.301029996,1956,1956,train,2,4.401196104705338,4.799789567601199,4.968677868285757,4.782614830001268,5.0477103201003,4.397617071030005,4.830768605673179,4.3010836,4.301029996002092
1958,S. aureus,LLPIVANLLKALL,0.555706759,13,5.444293241,1958,1958,train,8,5.343951188527042,5.290832126530144,4.7729283862477905,5.206071413542995,4.857937337241925,5.311389405800006,5.065888208892067,5.3771186,5.4442932409600475
1959,S. aureus,LLPIVANLLKSLL,0.55073925,13,5.44926075,1959,1959,train,8,5.3492179732865255,4.847400408301584,4.728864336297689,4.8203007424258155,4.8356739021449755,5.346258864990003,5.129290053760842,5.4324727,5.449260749877205
1960,S. aureus,LLPIVGALLKSLL,1.170778751,13,4.829221249,1960,1960,train,5,4.732276725751514,5.225666166596282,4.735375111835739,5.246910736208535,4.85628057843987,4.8086032131700005,4.8810929778274925,4.864314,4.829221249081194
1961,S. aureus,LLPIVGNLLKALL,0.861138984,13,5.138861016,1961,1961,train,6,5.038505489399455,5.329248478422231,4.7935394992122955,5.397560797523224,4.868676124858627,5.143710037160006,5.180325284008346,5.187401,5.138861015938548
1964,S. aureus,LLPIVGNLLKSLLGWKRKAFG,1.698970004,21,4.301029996,1964,1964,train,2,4.40113831775063,4.58319006761328,4.849795534028712,4.639327488240132,4.987706807493715,4.505559920030004,4.935740531214683,4.393793,4.301029996102066
1966,S. aureus,LLPIVINLLKSLL,0.838969231,13,5.161030769,1966,1966,train,6,5.061144881730757,5.4999051504543335,4.823783397194385,5.429977812861074,4.945650758289333,5.125100257049997,5.176665049104389,5.1814237,5.16103076902619
1967,S. aureus,LLPIVVNLLKSLL,0.843194134,13,5.156805866,1967,1967,train,6,5.0568134816101775,4.845435745018314,4.818053512444931,4.8328349849094705,4.936046957707625,5.067511610680004,5.077559407081251,5.154231,5.156805865930679
1968,S. aureus,LLPPWLRPRNG,2.180927167,11,3.819072833,1968,1968,train,0,3.919124815633616,4.341317561573027,4.570642917502103,4.36996393789586,4.554923875506835,4.131916311760003,4.384114556670969,3.8880725,3.8190728330225774
1970,S. aureus,LLQWLSKLLGRLL,0.352182518,13,5.647817482,1970,1970,train,9,5.547985379173403,5.449041943893439,4.811384488089401,5.429346426560313,4.867623705762893,5.527009139979998,5.246995369116924,5.619658,5.6478174818959515
1971,S. aureus,LLQWLSKLLGRWL,0.77815125,13,5.22184875,1971,1971,train,7,5.12172028729411,5.263947276645089,4.835860552804119,5.383682796437494,4.910045356942199,5.2482031488499965,5.071742532942831,5.2384424,5.22184875017341
1972,S. aureus,LLRHVVKILEKYL,0.187348074,13,5.812651926,1972,1972,train,9,5.712778258623261,5.015151011935373,4.800653419560447,5.086141929721749,4.742878737873147,5.560094862739996,5.11455432202351,5.723523,5.8126519259365
1974,S. aureus,LLRRVARLLKRFAK,0.662492395,14,5.337507605,1974,1974,train,7,5.237442311820807,4.711945267624253,4.838774189079203,4.722304723108463,4.898067160995904,5.2015435469599955,5.02973174992099,5.310442,5.337507604919133
1976,S. aureus,LLWKALRLWWKVL,0.967287531,13,5.032712469,1976,1976,train,6,4.932880893938473,5.615523754361517,5.034062992816631,5.483116926336484,5.129574021554948,5.098828645859995,5.3177517706335085,5.116615,5.03271246880039
1977,S. aureus,LNLKGIFKKVASLLT,1.51851394,15,4.48148606,1977,1977,train,3,4.581842813813859,4.529223292652231,4.682736121291404,4.324600859342317,4.46645898630497,4.4622050847800026,4.576024832033663,4.4095607,4.481486059782553
1978,S. aureus,LNLKGLFKKVASLLT,1.77815125,15,4.22184875,1978,1978,train,2,4.321967462341658,4.219535555334891,4.661571309185726,4.152274029241928,4.453215968455721,4.296762209179999,4.576876457842626,4.224057,4.221848750242371
1979,S. aureus,LNLKGLIKKVASLLN,1.77815125,15,4.22184875,1979,1979,train,2,4.3217451157561255,3.5240200912494037,4.633357800318169,3.5144472691846182,4.367771843726935,4.345868056259996,4.5826447039950455,4.3009167,4.221848750009053
1980,S. aureus,LNWGAALKHAAK,2.0,12,4.0,1980,1980,train,1,4.100086556033076,4.232774594298586,4.516351378976411,4.231427076627432,4.3314156418322405,4.06571452723,4.363061513739853,4.020607,4.000000000066593
1981,S. aureus,LNWGAFLKHFFK,1.336459734,12,4.663540266,1981,1981,train,4,4.732276719585632,3.9419785666295786,4.776134645140351,3.917290480041423,4.725178635828999,4.666381981159995,4.596569578527357,4.61749,4.663540265978604
1982,S. aureus,LNWGAGLKHGGK,2.0,12,4.0,1982,1982,train,1,4.099837037157278,4.056755372689281,4.395118544272301,4.1540507072929485,4.24346490653314,4.11446667811,4.159068104965356,3.9838185,3.9999999999665197
1990,S. aureus,LNWGAWLKHWWK,1.301029996,12,4.698970004,1990,1990,train,4,4.732276719585632,4.528369032804739,4.818248091151744,4.3863238632206745,4.812406057176319,4.710723066689995,4.9287238502100905,4.7304797,4.698970003975448
1993,S. aureus,LPFFLLSLIPSAISAIKKI,0.397940009,19,5.602059991,1993,1993,train,8,5.502177793043618,5.075617784264998,4.823056956906354,4.9105588564602884,4.871389408376238,5.376609271749996,4.895451252635004,5.4481645,5.602059990693633
1994,S. aureus,LPKVMAHMK,2.0,9,4.0,1994,1994,train,1,4.100171478878146,3.6877600901039673,4.619175685429473,3.676181653911362,4.532512209324041,4.154329453140001,4.210466218092514,4.005857,3.9999999999468647
1995,S. aureus,LPRRNRWSKIWKKVVTVFS,0.956377373,19,5.043622627,1995,1995,train,6,4.943792216159247,5.13947092407514,4.8570165151050535,5.19309911948927,4.924967725602767,4.960918504209996,5.0024877770962055,4.992617,5.043622627019296
1996,S. aureus,LPVLFKLASKVFPAVFSSLK,1.766429833,20,4.233570167,1996,1996,train,2,4.333741738301123,4.315595716269699,4.833438939661009,4.370943818152594,4.76749083180545,4.253385792789996,4.594475126717153,4.2518024,4.233570167034034
1997,S. aureus,LPVVFRVASKVFPALISKLT,2.068650943,20,3.931349057,1997,1997,train,1,4.031515427559958,4.3965967276981734,4.832958657873452,4.3200399071471045,4.764059986713749,4.120934569029996,4.505172468598312,4.062779,3.9313490571035
1998,S. aureus,LQFPVGRVHRLLRK,0.968821798,14,5.031178202,1998,1998,train,6,4.931317862934349,4.869755535016554,4.793330393483971,5.058862709857539,4.816678192793596,4.977477083129996,4.963894286879992,4.9632645,5.031178201853961
1999,S. aureus,LQKYYARVRGGRAAVLS,2.196494837,17,3.803505163,1999,1999,train,0,3.903397632605877,3.924265338102747,4.707902168449336,3.889689708802511,4.69270944317702,3.9903759400300043,4.399330059992191,3.822811,3.803505163001841
2000,S. aureus,LQKYYWRVRGGRWAVLS,1.845987061,17,4.154012939,2000,2000,train,2,4.253851339416488,4.391696113157967,4.864444445074125,4.518962846460535,4.901547694961717,4.359586435319998,4.819733224638478,4.2065973,4.154012939054142
2001,S. aureus,LRAAHRLAIGRR,1.401160987,12,4.598839013,2001,2001,train,4,4.6987366876044145,4.575344910054704,4.5873866434866315,4.489385927188913,4.479595619530873,4.566420626719992,4.492556581972372,4.590096,4.598839012961012
2002,S. aureus,LRALLRALLRAL,0.356058277,12,5.643941723,2002,2002,train,9,5.543822669078422,5.3398030764208775,4.804428966499419,5.348513067291427,4.822525925911414,5.263143709610005,5.12011342588713,5.6245527,5.643941722772094
2003,S. aureus,LRFIKKILKKLI,-0.204119983,12,6.204119983,2003,2003,train,9,6.104238205319045,5.271712751737048,4.902665145172039,5.172145889078711,4.9473774142904405,5.855871496120003,5.234414392447852,5.9396477,6.2041199824264694
2004,S. aureus,LRFILWWKR,0.204119983,9,5.795880017,2004,2004,train,9,5.695996552904146,5.748457123639901,4.9815822469076485,5.710923094233673,5.078220853026593,5.599053835409998,5.305227410692832,5.7481294,5.795880016970865
2005,S. aureus,LRFLKKALKKLF,-0.204119983,12,6.204119983,2005,2005,train,9,6.104059764677778,5.12246393624183,4.840478269261661,5.188119651411925,4.874842443905892,5.882795165920003,5.132530074111094,5.9828916,6.2041199817102095
2006,S. aureus,LRFLKKILKHLF,0.176091259,12,5.823908741,2006,2006,train,9,5.723831927108277,5.394658364762702,4.918132559395575,5.398434939690006,4.981020755402887,5.674290114270004,5.131023498933807,5.7830467,5.823908741279797
2007,S. aureus,LRFLKKILKKLF,0.176091259,12,5.823908741,2007,2007,train,9,5.723751703190616,5.203301014243619,4.913404013137454,5.107896744428502,4.970075053910181,5.750411416250006,5.174503162931536,5.843407,5.823908741274681
2009,S. aureus,LRIIKKILKKLI,0.477121255,12,5.522878745,2009,2009,train,8,5.4231904354296105,4.992117079835306,4.891363115965348,4.919072070563163,4.929214173850619,5.365213333490005,5.070083832305905,5.4633565,5.52287874470144
2011,S. aureus,LRILRRLLRRLF,0.795880017,12,5.204119983,2011,2011,train,6,5.104286094629902,5.1573394253024265,4.94113271122434,5.173074495146679,5.016594165814551,5.240269995870001,5.182541970728021,5.22488,5.204119982367606
2012,S. aureus,LRIVKLILKWLR,0.602059991,12,5.397940009,2012,2012,train,7,5.297658756371511,5.372183285874872,4.9795361268016345,5.5272767959680635,5.176097815301466,5.340880113650004,5.402571402098358,5.370289,5.397940009013805
2013,S. aureus,LRKAKKIAKKLF,1.397940009,12,4.602059991,2013,2013,train,4,4.702133300372543,4.698096735068621,4.702150859295226,4.593085301130201,4.694442129375169,4.565874194639994,4.717824318799865,4.5603433,4.602059991035868
2014,S. aureus,LRKFRNKIKEKLKKIGQKI,1.44870632,19,4.55129368,2014,2014,train,4,4.651451648737111,4.0267356287737766,4.7591471371951615,4.170137117926947,4.728016248141416,4.4573120533900035,4.623505841582098,4.478614,4.551293679578635
2015,S. aureus,LRKFRNKIKEKLKKIGQKIQG,1.991226076,21,4.008773924,2015,2015,train,1,4.1086125830485045,4.238455368987874,4.7545274343838475,4.261004343480495,4.729183954979912,4.144451419710002,4.504584280840731,4.067643,4.00877392431887
2016,S. aureus,LRKLKKILKKLF,0.795880017,12,5.204119983,2016,2016,train,6,5.1042885328417515,5.287481942244534,4.853869921636609,5.245763470001531,4.8992935389763606,5.22316442718,5.13782881549629,5.3338647,5.20411998365471
2017,S. aureus,LRKLLLLLRL,1.408009954,10,4.591990046,2017,2017,train,4,4.692156189213796,4.731120804397568,4.942742056337395,4.79648612824883,4.994839375286228,4.749924567319996,4.9364540407717845,4.646253,4.591990046933664
2018,S. aureus,LRKLRKRLLLRKLRKRLL,1.129837691,18,4.870162309,2018,2018,train,5,4.770333896058664,5.175732505416953,4.952127709138641,5.008221698841341,5.018907827104121,4.9129249530100045,5.033963640400152,4.891406,4.870162308476917
2019,S. aureus,LRKLRKRLVRLASHLRKLRKRLL,0.738188556,23,5.261811444,2019,2019,train,7,5.161909532327193,5.285301560785757,4.971506712952246,5.220169010298454,4.975066626281789,5.139329876859994,5.015637726966702,5.237721,5.261811443116388
2020,S. aureus,LRLKKRRWKYRVPP,0.625174995,14,5.374825005,2020,2020,train,7,5.274668078595198,4.953803584223339,4.81576279603076,5.07010068176759,4.811923342988339,5.085269704889996,4.762352032346069,5.3142123,5.374825004946413
2021,S. aureus,LRPAILVRTK,2.642400185,10,3.357599815,2021,2021,train,0,3.4576039168988872,4.076310848464921,4.624444662784803,4.082900034404223,4.607082220236485,3.66302812572,4.190340138279767,3.4278965,3.3575998150960626
2022,S. aureus,LRRIIRKIIHIIK,0.776722299,13,5.223277701,2022,2022,train,7,5.1234265678248105,5.07264760940048,4.910066208708603,4.983660013868306,4.982355658992155,5.124331133079993,4.970353334560362,5.1388345,5.223277700654735
2023,S. aureus,LRRIIRKIIHIIKK,1.045677443,14,4.954322557,2023,2023,train,5,4.854466588476437,4.8801469083174345,4.905879833749422,4.9853620158268415,4.983064872118058,5.049254936050006,5.05342455936483,5.0066643,4.954322556999092
2024,S. aureus,LRRLRKWLRRLLKLL,0.795880017,15,5.204119983,2024,2024,train,6,5.1042864494013225,5.227115175259929,4.987019373686478,5.12494176529874,5.079023514468453,5.18181960452,5.273371256134098,5.22781,5.204119983703809
2025,S. aureus,LRRLWLRANRL,2.10720997,11,3.89279003,2025,2025,train,1,3.9929543978645485,4.195697048019719,4.741084546392626,4.342668497523316,4.727498781881449,4.421907535670003,4.778044920394403,3.9828885,3.8927900302743894
2026,S. aureus,LRRLWLRANRLLRRLWLRANRL,0.477121255,22,5.522878745,2026,2026,train,8,5.4228017272374585,4.98621028368463,5.0009334549109985,5.0222989298561425,5.1145361708715935,5.295066976000006,5.204357491320121,5.4607773,5.522878744666566
2027,S. aureus,LRRWIRIRW,0.113943352,9,5.886056648,2027,2027,train,9,5.786175813895867,5.01825490814221,4.89385349349512,5.025597695851202,4.940056257582359,5.6743072327500075,5.208334673673618,5.7399344,5.886056647557254
2028,S. aureus,LRVRLASHLRKLRKRLL,2.0,17,4.0,2028,2028,train,1,4.099839123479604,5.060719897997251,4.833398247762896,5.062266867235958,4.742612629680518,4.520913630050001,4.805565701588152,4.1822486,4.000000000940179
2030,S. aureus,LRWLRWG,2.10720997,7,3.89279003,2030,2030,train,1,3.9927552108147486,3.8376291805453557,4.827702307161465,3.7728010312544744,4.837843336928362,3.948920126520002,4.174977522865879,3.9018593,3.892790029979129
2031,S. aureus,LRWQNEMRKV,2.477121255,10,3.522878745,2031,2031,train,0,3.6228895498685674,3.411043421563674,4.417017272847083,3.389588202000386,4.32258766367107,3.7452422783600055,3.711382539999676,3.5155578,3.5228787449615493
2032,S. aureus,LRWTPTPSYPRYPTRSRGSRWSR,1.505149978,23,4.494850022,2032,2032,train,3,4.595138677898121,4.112269422316744,4.77559809006005,4.037544895309145,4.844415214342755,4.532319497019997,4.677281190417864,4.5021048,4.494850021967749
2033,S. aureus,LRWWWIKRI,0.530286331,9,5.469713669,2033,2033,train,8,5.369872266395947,5.557866867124218,4.967266271746931,5.530519982496578,5.020841120227815,5.402205457889995,5.223849422717169,5.4683256,5.469713669160469
2034,S. aureus,LSPAAMASLA,2.301029996,10,3.698970004,2034,2034,train,0,3.7988684553421965,3.3605361332806574,4.351520446702709,3.43731004139667,3.8155838749341444,3.849205668019996,3.777060856939116,3.685093,3.698970003972754
2035,S. aureus,LSPAVMASLA,2.301029996,10,3.698970004,2035,2035,train,0,3.798838173453352,3.298934631054718,4.435672650167138,3.2533208763275665,4.016023295120237,3.8590033957899963,3.7119260624270756,3.689307,3.6989700039698854
2036,S. aureus,LVKKLLKLAMGFG,1.977723605,13,4.022276395,2036,2036,train,1,4.122317903315023,4.21555174234378,4.790456159190903,4.297564060539445,4.7892479231997696,4.353845097770002,4.641875788190728,4.0904474,4.022276395024902
2037,S. aureus,LVKLVAGIKKFLKWK,1.733983499,15,4.266016501,2037,2037,train,2,4.366020113881891,4.645273288605341,4.873686038662991,4.583350966132173,4.93066024149786,4.5036073378500046,4.936925443051193,4.387024,4.26601650106888
2038,S. aureus,LVKRFKKFFRKLKKS,1.522107633,15,4.477892367,2038,2038,train,3,4.5777028632684935,4.4626196975232215,4.8466599886448725,4.396477287204577,4.932453592598086,4.526064536799996,4.720414650161668,4.4725437,4.4778923668147765
2041,S. aureus,LVKRFKKFFRKLKKSVKK,1.4561311,18,4.5438689,2041,2041,train,3,4.643716854343681,4.78538497243066,4.897787374925603,4.695295181223821,5.008004958059618,4.634361031950004,4.897107349400349,4.597766,4.543868900184462
2042,S. aureus,LVQRGRFGRFLRKIR,1.204119983,15,4.795880017,2042,2042,train,4,4.732276719585632,5.152636432583887,4.77932193827912,5.126036003633773,4.854745108563303,4.80400329855,4.925920344604805,4.7752547,4.795880017021058
2043,S. aureus,LWGTRSGIQP,2.0,10,4.0,2043,2043,train,1,4.10016435673924,3.945903551406903,4.523057698627256,3.861365508765491,4.358572308951736,4.04515093185,4.100507388001126,3.9821901,3.9999999999716302
2044,S. aureus,LWKTLLKKVLKAAA,0.954242509,14,5.045757491,2044,2044,train,6,4.945794995217594,5.108128479228357,4.767931410481732,5.10229431104553,4.75829347175754,4.984060567610003,4.982452672457179,5.0744452,5.04575749130735
2045,S. aureus,LYRRRFVVGR,1.397940009,10,4.602059991,2045,2045,train,4,4.7022610310620445,4.617440081164995,4.775068939588855,4.599130538000438,4.771705168087768,4.6470510710699955,4.629003048279826,4.6199203,4.602059991269939
2046,S. aureus,MAIVGTIIKIIKAIIDIFAK,1.806179974,20,4.193820026,2046,2046,train,2,4.293986918126664,4.387799362654674,4.800187832529364,4.433606431101259,4.858401743808056,4.581390777450006,4.491133712734611,4.225157,4.193820026050833
2047,S. aureus,MGIIAGIIKVIKSLIEQFTGK,1.806179974,21,4.193820026,2047,2047,train,2,4.2939862978020535,4.375698979004944,4.686165704377737,4.354432739707153,4.669025870517531,4.388614454010008,4.641429685221355,4.2140775,4.193820026071207
2048,S. aureus,MIHGLVTRR,1.965642952,9,4.034357048,2048,2048,train,1,4.134474160917968,4.6101746360000275,4.630956681882577,4.647871347738435,4.599852108003046,4.1259141070500025,3.991349672744879,4.0171337,4.03435704800129
2049,S. aureus,MKTFLRLYRSLINKVLH,0.875207238,17,5.124792762,2049,2049,train,6,5.0243530101302545,4.726228798938066,4.9030340309162845,4.699606371334265,4.936609589403101,5.066543409460006,4.95142160548985,5.1243606,5.12479276203038
2050,S. aureus,MKTFLRLYRSLINKVLHV,0.855474945,18,5.144525055,2050,2050,train,6,5.044383196805546,4.728210014996587,4.93991375125942,4.78182995458985,4.985830208928286,5.0332782418399935,4.910201969288964,5.1581197,5.144525054912907
2051,S. aureus,MMRVMRRKTKVIWEKKDFIGLYSID,-0.006234127,25,6.006234127,2051,2051,train,9,5.906324236472889,5.599372809366907,4.87482533853616,5.47940563649785,4.888450276542753,5.493499061150003,5.27736885283599,5.9462566,6.006234126963601
2052,S. aureus,MPLSWFFPRTWGKR,1.839437141,14,4.160562859,2052,2052,train,2,4.260542146741772,4.520257582218493,4.713867667234028,4.589528461931099,4.74640275919558,4.284702967709997,4.5904785398488235,4.1546593,4.160562859008493
2053,S. aureus,MWITNGGVANWYFVLAR,1.096910013,17,4.903089987,2053,2053,train,5,4.802931628174692,4.133369857753099,4.901770574054731,4.122551771940373,4.893645576503365,4.815577958489994,4.698563869061071,4.88203,4.903089986952373
2054,S. aureus,MWSKILGHLIR,1.653212514,11,4.346787486,2054,2054,train,3,4.4467011873312146,4.354213154765758,4.7485525314206765,4.314441733190602,4.786577321609638,4.415144000249998,4.710565845555653,4.424132,4.346787485981239
2055,S. aureus,NFAEIFAAVNKLIKQGVVKG,1.698970004,20,4.301029996,2055,2055,train,2,4.4011883559845035,3.8127032232709706,4.651916894402428,3.8038796304321525,4.609096154611056,4.383107360700006,4.3755544688806935,4.3108773,4.301029995998116
2056,S. aureus,NFLDTLINLAKKFI,1.698970004,14,4.301029996,2056,2056,train,2,4.401185334644668,4.679266113580664,4.604269107079969,4.685813657165133,4.559640002543611,4.4928679519500045,4.7634702598968826,4.2826495,4.301029995985828
2057,S. aureus,NFLGTLINLAKKIM,1.681241237,14,4.318758763,2057,2057,train,3,4.418715369820923,4.2003697510838,4.765234716309399,4.259348492619486,4.699838846695445,4.491698983760004,4.733312019903427,4.407884,4.318758763003754
2059,S. aureus,NGVQPKY,2.39529341,7,3.60470659,2059,2059,train,0,3.704872387729117,2.946961755197738,4.432080510246263,2.954351861693498,4.14495554468015,3.7339469713999973,3.566162145446636,3.5587308,3.6047065899438664
2060,S. aureus,NGVQPKYKWWKWWKKWW,1.276287636,17,4.723712364,2060,2060,train,4,4.695995503975523,4.765267971592399,4.974132760323784,4.819169107474508,5.028583922459769,4.65608916132,4.807146284572114,4.6613846,4.723712362907281
2061,S. aureus,NGVQPKYKWWKWWKKWWW,1.540566319,18,4.459433681,2061,2061,train,3,4.5592847856588365,4.897678357923457,5.0309129942193085,4.919237065260323,5.10934513474604,4.5385076427200035,4.945033265788162,4.5171995,4.4594336822456935
2062,S. aureus,NGVQPKYRWWRWWRRWW,1.553030812,17,4.446969188,2062,2062,train,3,4.546983331656499,4.810951771258153,5.007867192505157,4.729121896734064,5.084069365975383,4.532488172440006,4.799818949923735,4.4567833,4.446969189214552
2063,S. aureus,NGVQPKYRWWRWWRRWWW,1.522385521,18,4.477614479,2063,2063,train,3,4.57772047049162,4.911303658008613,5.063764503978826,4.918581543960447,5.163142465044843,4.572610089830004,4.937705931139783,4.495813,4.477614478595762
2064,S. aureus,NGVQPKYRWWRWWRRWWWW,1.493760865,19,4.506239135,2064,2064,train,3,4.606307515456628,5.108142272389042,5.123020280889413,5.091842633545971,5.2553048787991266,4.581300509719996,5.0129240148199505,4.5057507,4.506239134119636
2065,S. aureus,NGVQPWYKWWKWWKKWW,1.562340664,17,4.437659336,2065,2065,train,3,4.537091957853035,4.397814088033867,5.05819595420822,4.579629563316257,5.176659950528303,4.574642959640006,4.912218018574359,4.5032544,4.437659335956269
2066,S. aureus,NILNTIINLAKKIL,0.681241237,14,5.318758763,2066,2066,train,7,5.21872373244039,4.777221268694471,4.768397429143368,4.87431125360907,4.653789891652049,5.012302779670003,4.908516366754269,5.246448,5.318758762928801
2067,S. aureus,NILSSIVNGINRALSFFG,1.290357649,18,4.709642351,2067,2067,train,4,4.732276719585632,5.146057043414325,4.768460656519993,5.188761527974909,4.812436918845059,4.7431029974600065,4.74304618690218,4.7740088,4.709642351035748
2068,S. aureus,NIRRIIRKIIHIIKKY,0.682436475,16,5.317563525,2068,2068,train,7,5.217574709401404,4.90810072774597,4.949649107091645,4.7383138354092456,4.976609650572438,5.214699018940009,5.029916839269397,5.287237,5.317563525002595
2070,S. aureus,NLLGSLLKTGLKVGSNLL,1.40654018,18,4.59345982,2070,2070,train,4,4.693577437005258,4.5036076673993195,4.7092809179854065,4.397865939136154,4.676641641638785,4.595156083750005,4.613148969638643,4.61817,4.593459819869932
2071,S. aureus,NLLKSALKTVNKLLAAS,2.10720997,17,3.89279003,2071,2071,train,1,3.9929548431620647,4.083563469689238,4.628390215968545,4.4051733712194725,4.4196257420498215,4.082828691240001,4.425203213167006,4.0017614,3.8927900302137353
2072,S. aureus,NLLNDALGTVNGLLGRS,1.505149978,17,4.494850022,2072,2072,train,3,4.594692480887436,4.129856331208849,4.397222908848884,3.9148648463365636,4.28761444119169,4.483039765209996,4.434135239221187,4.4206357,4.494850022008068
2073,S. aureus,NLLNKALGTVNGLLGRS,1.505149978,17,4.494850022,2073,2073,train,3,4.594956301079034,4.595633344307119,4.557546758441464,4.391914703790423,4.468234740575063,4.483012062949996,4.548953253645467,4.479185,4.49485002192715
2074,S. aureus,NLRRIIRKIIHIIKKY,0.682436475,16,5.317563525,2074,2074,train,7,5.21756771628612,4.961334143472186,4.929440839085738,4.756615258182773,4.962945171157882,5.220492895040008,5.071105888030251,5.2332015,5.317563525074068
2075,S. aureus,NLVSGLIEARKYLEQLHRKLKNRKV,1.963787827,25,4.036212173,2075,2075,train,1,4.13633089322627,3.798715441377026,4.711746678217236,3.8694845315214494,4.735633344833674,4.344368633360005,4.8459839566800555,4.217542,4.036212173055206
2076,S. aureus,NLWAGILKHIIK,1.564666064,12,4.435333936,2076,2076,train,3,4.535478342716126,4.540809509340879,4.741680023843708,4.6469065686427005,4.7182172301243295,4.595057026750004,4.691561482621165,4.5556397,4.43533393598212
2077,S. aureus,NQHGQVVKIFHH,3.204119983,12,2.795880017,2077,2077,train,0,2.895924770277638,3.5316889103961753,4.59362622031212,3.5806241241117247,4.479773183619069,3.392856471150001,3.834599386005222,2.8901958,2.7958800170022657
2078,S. aureus,NTVKETIKYLKSLFSHAFEVVKT,0.77815125,23,5.22184875,2078,2078,train,7,5.12197606953022,5.60590918168459,4.6954032114973545,5.583884981147269,4.648937079002292,5.057226166369997,4.825883624657796,5.185899,5.221848749983466
2079,S. aureus,NVLSSVANGINRALSFFG,1.303148362,18,4.696851638,2079,2079,train,4,4.732276719585632,4.67715342882318,4.694506746751944,4.714174002197063,4.644878437366399,4.6174647604,4.639197207902289,4.675613,4.696851638007191
2080,S. aureus,NVWKKILGKIIKVAK,1.294466226,15,4.705533774,2080,2080,train,4,4.732276719585632,4.854386593603958,4.7897423644689345,4.739641762376272,4.799009582040808,4.789519048910002,4.791987294567486,4.68427,4.705533774006632
2081,S. aureus,NWRKILGQIASVGAGLLGSLLAGYE,1.286176732,25,4.713823268,2081,2081,train,4,4.732276719585632,5.511902815992494,4.681284300077851,5.519581136907013,5.1055421256416045,4.60312220138,4.562273665390645,4.67873,4.7138232679890235
2082,S. aureus,NWRKLYRRK,1.937016107,9,4.062983893,2082,2082,train,2,4.1632969749437105,4.360584100464975,4.709814964551054,4.456670262447755,4.5536393295697195,4.262574322510006,4.398631080823594,4.140304,4.062983893077304
2083,S. aureus,NWVKEWIKYLKSLFSHAFEVVKT,0.77815125,23,5.22184875,2083,2083,train,7,5.121705042184337,4.798539989623249,4.806688410393658,4.818771498146775,4.828461035817398,5.039174852479999,5.19268394041343,5.228154,5.221848749995312
2084,S. aureus,PFKISIHL,1.020376063,8,4.979623937,2084,2084,train,5,4.879764168036242,4.863306878259475,4.720624631644351,4.811545152292836,4.647274846816188,4.817506577600001,4.5193234543627225,4.9448647,4.9796239369987125
2085,S. aureus,PFKLSLHL,1.108421692,8,4.891578308,2085,2085,train,5,4.79154327744039,4.874682707973814,4.636150528737982,4.836981078107254,4.5936181831349545,4.752451603740005,4.645656180326551,4.8816175,4.891578308027358
2086,S. aureus,PGKYGFYTHVFRLKKWIQKVI,0.795880017,21,5.204119983,2086,2086,train,6,5.1042466781306235,4.602109961212635,4.983352000464259,4.680880426729574,5.087877675321537,5.10657897516,5.151820705497602,5.2094173,5.204119982960865
2087,S. aureus,PKAMRLLRRLLRLQKKG,1.488611223,17,4.511388777,2087,2087,train,3,4.611230389343795,5.5231474175187065,4.799068078819167,5.249556222520773,4.833359707866412,4.789052909509996,4.902010786416362,4.604821,4.511388777300917
2088,S. aureus,PKKKRKV,2.698970004,7,3.301029996,2088,2088,train,0,3.4013346605856314,3.5242410697218673,4.428505160360995,3.674404907370893,4.231105708889748,3.658004773940005,3.584349222557209,3.308517,3.301029996007631
2091,S. aureus,PKLLKFLKWIG,0.903089987,11,5.096910013,2091,2091,train,6,4.996750878895112,4.966365156569887,4.810603519752987,4.861472346989273,4.81290420701954,4.990064488250006,4.832188539983634,5.090788,5.096910012962389
2093,S. aureus,PKLLKKFLKKWIG,1.113943352,13,4.886056648,2093,2093,train,5,4.785450934808347,4.8395997931535595,4.792582863407452,4.726100925795101,4.789852436396893,4.934792175000005,4.908475897833601,4.92155,4.886056648030045
2094,S. aureus,PKLLKTFLKWIG,1.146128036,12,4.853871964,2094,2094,train,5,4.754013223238016,4.803295256749683,4.790146343928338,4.6601527734170825,4.7862396720250775,4.843167075150004,4.678875304375279,4.8486204,4.853871964105379
2096,S. aureus,PKLLKTFLSKWKKIG,1.230448921,15,4.769551079,2096,2096,train,4,4.7322767213861665,4.791231907802113,4.732812953915985,4.865198256871009,4.748511111940937,4.751767603789998,4.868076790515904,4.6910114,4.769551078837775
2097,S. aureus,PKVTITIQGSARF,1.505149978,13,4.494850022,2097,2097,train,3,4.5948113789235165,4.739413316941036,4.569717850839448,4.612684221853521,4.515021390554456,4.489912911669996,4.338975143648089,4.4863853,4.494850021947202
2098,S. aureus,PLPFPRPGPRPIPRP,2.698970004,15,3.301029996,2098,2098,train,0,3.401148675858308,4.232112472165494,4.457526920429247,4.208931974556889,4.337751581168175,3.578790790950004,3.9096058694534355,3.4615827,3.3010299962691025
2100,S. aureus,PPRLPRPRPRPLPFPRPG,2.698970004,18,3.301029996,2100,2100,train,0,3.401008478481801,3.5816027783398017,4.467593794675545,3.7195021601829,4.3923710282859405,3.4666327928500045,3.8764235332655628,3.365782,3.301029996043556
2101,S. aureus,PRPFPGRPKPIFRPR,2.0,15,4.0,2101,2101,train,1,4.099862385190348,3.8676152177855747,4.490539199129488,3.917070190599936,4.402917750613336,4.04443223352,4.14160370899257,3.9999495,3.9999999999649036
2102,S. aureus,PRPGPRP,2.217404889,7,3.782595111,2102,2102,train,0,3.882766339252953,3.3697635215579185,4.13684599942983,3.380006270488277,4.011163400544561,3.7720214463099984,3.671505580749274,3.7316062,3.782595110985803
2103,S. aureus,PRPLPFPRPG,2.698970004,10,3.301029996,2103,2103,train,0,3.400587478665611,3.407042435260645,4.327288988841211,3.3732715592192823,4.183358898973539,3.5545695552200063,3.6071744915931703,3.3206375,3.3010299960462604
2104,S. aureus,PRPLPFPRPGPRPI,2.10720997,14,3.89279003,2104,2104,train,1,3.9925680907284624,3.636171111321249,4.438234453295172,3.6331611285085708,4.295785180140252,3.831639977500001,3.9101381189444764,3.8293855,3.892790029769205
2105,S. aureus,PRPLPRP,2.187083981,7,3.812916019,2105,2105,train,0,3.91279940460411,3.736934807368025,4.169252367310906,3.619774586071647,4.061887901577399,3.871614009830001,3.6424854464839203,3.8053463,3.8129160189614777
2106,S. aureus,PRPPRLPRPRPRPLPFPRPG,2.698970004,20,3.301029996,2106,2106,train,0,3.40103091255805,3.888264020588789,4.491981068312562,3.80622571346078,4.437519683975184,3.5186188889900047,3.917677350422323,3.362111,3.3010299962408927
2107,S. aureus,PRPRPLPFPRPG,2.698970004,12,3.301029996,2107,2107,train,0,3.4012007384964846,3.1313202165785925,4.334379670256396,3.289229423536045,4.208461961866054,3.5130835677500043,3.8958947549530962,3.3141437,3.301029995978217
2108,S. aureus,PRPRPRP,2.165185439,7,3.834814561,2108,2108,train,1,3.9349783321951413,3.2216712448410294,4.083675046770604,3.3048036572762123,4.017296396516087,3.855779906889995,3.7653325676671514,3.8241248,3.834814560872909
2109,S. aureus,PRPRPRPLPFPRPG,2.698970004,14,3.301029996,2109,2109,train,0,3.4011978123240527,3.3507293360328756,4.356762602511848,3.3916061012719743,4.257643987357505,3.4491483996400047,3.9465347511431434,3.3384936,3.3010299960290164
2110,S. aureus,PRPWPRP,2.150533846,7,3.849466154,2110,2110,train,1,3.949637258982329,3.795712779723961,4.293904358986476,3.888313882493812,4.26264607072448,3.808967184950004,3.695104884666461,3.8508017,3.8494661539688937
2111,S. aureus,PVGRVHRLLRK,1.682123414,11,4.317876586,2111,2111,train,3,4.4174680370797565,4.362012379055224,4.676833972980197,4.432862309434133,4.659917573473663,4.429694541360004,4.576962880514054,4.3353095,4.317876585982261
2113,S. aureus,QAKIRVRLSA,1.748754472,10,4.251245528,2113,2113,train,2,4.351217827307583,4.4640341876807845,4.54777577081858,4.418496135313911,4.428406744116767,4.305382435630006,4.175975283164138,4.2471313,4.251245527991513
2114,S. aureus,QFPVGRVHRLLRK,1.600453174,13,4.399546826,2114,2114,train,3,4.499679489114119,5.01996816074105,4.742305844708538,4.772731463285949,4.739365991717685,4.536635300190003,4.771621392143234,4.448497,4.399546826142945
2115,S. aureus,QGDGNFVIYTWKP,2.176091259,13,3.823908741,2115,2115,train,0,3.9237942615429766,3.9034847139539437,4.478115704339838,3.9190778718870045,4.3579076494071,4.159633370060004,4.287711800545446,3.8334727,3.823908740978412
2116,S. aureus,QHSSGKSDVRRW,2.0,12,4.0,2116,2116,train,1,4.099890576447696,3.6585860832181574,4.24607454958679,3.6896669299718923,4.050831637738215,4.06128446762,3.9705208280283713,4.0046496,4.000000000018185
2117,S. aureus,QIAALEQEIAALEQEIAALQ,2.397940009,20,3.602059991,2117,2117,train,0,3.702230672642644,3.8782515635972956,4.258049566177905,3.9808139731477907,4.190076019769357,4.082949713229994,4.253994107246106,3.666367,3.6020599909816386
2118,S. aureus,QKAIRVRLSA,1.748754472,10,4.251245528,2118,2118,train,2,4.351082746470658,4.153598130196418,4.527944449965051,4.210348835271858,4.3765737425424005,4.246732976230006,4.033036177564104,4.2294264,4.251245528021386
2119,S. aureus,QKALNEINQF,0.243038049,10,5.756961951,2119,2119,train,9,5.657060162474057,5.319158843264291,4.242222199365892,5.389171273319024,3.912180270507686,4.915935488099995,4.6882719375542665,5.7095394,5.756961950916361
2120,S. aureus,QKKARVRLSA,1.743078576,10,4.256921424,2120,2120,train,2,4.356794622495757,4.394971203849917,4.467774671098276,4.368962355050304,4.308386992220427,4.243334576629998,4.158042120039756,4.2341743,4.256921424057635
2121,S. aureus,QKKIAVRLSA,1.759546661,10,4.240453339,2121,2121,train,2,4.340551610974516,4.1962278337377,4.513358165470118,4.209110309244099,4.348562495114327,4.214249461689999,4.03012791274622,4.212511,4.240453338955008
2122,S. aureus,QKKIRARLSA,1.737842396,10,4.262157604,2122,2122,train,2,4.362035135418433,3.9838298101683316,4.475601694911365,3.9543849821774826,4.322667218101187,4.254831571059997,4.194727854097743,4.234097,4.262157603966548
2123,S. aureus,QKKIRVALSA,1.759546661,10,4.240453339,2123,2123,train,2,4.340289667200553,4.618715310468039,4.536096714809458,4.613384443828085,4.400772793626289,4.229523791269999,4.210754393788212,4.2143703,4.240453339100454
2124,S. aureus,QKKIRVRASA,1.743078576,10,4.256921424,2124,2124,train,2,4.356773356727079,3.9012715888160097,4.455462083971341,3.8933906665726767,4.028912967098309,4.254822529439999,4.009379388406893,4.2106285,4.256921423963498
2125,S. aureus,QKKIRVRLSA,1.949404492,10,4.050595508,2125,2125,train,1,4.150552115834946,4.45784715357725,4.557899854548992,4.416470111752866,4.430736998875865,4.105900463879999,4.245656261773534,4.189259,4.050595508025857
2126,S. aureus,QKRIRVRLSA,1.717521168,10,4.282478832,2126,2126,train,2,4.382477894562757,4.6392493701882795,4.571443925058446,4.613358920927767,4.456012417829088,4.276080301179996,4.223587239578987,4.247231,4.282478831922131
2127,S. aureus,QLKVDLWGTR,2.0,10,4.0,2127,2127,train,1,4.099432618597815,3.9769793169569,4.383553709682054,4.113393150126089,4.3010569846779445,4.20385505223,3.9231277389734673,3.97312,3.999999999974797
2128,S. aureus,QLKVDLWGTRSGI,2.0,13,4.0,2128,2128,train,1,4.100063026926294,4.479011725316982,4.456967930455069,4.469343471535464,4.4047209101651905,4.150700305500001,4.094574292610343,4.0483823,4.000000000005841
2129,S. aureus,QPFSLERW,2.276231958,8,3.723768042,2129,2129,train,0,3.8238665203139486,3.2100882942287052,4.3638207468559305,3.2506056824316656,4.112318340683181,3.7251896492600025,3.694422490671264,3.720545,3.7237680419585826
2130,S. aureus,QQRFEWEFEQQ,2.517646465,11,3.482353535,2130,2130,train,0,3.5821933170791804,3.8379531719896285,3.989385367337616,3.810106787243333,3.8207201136989783,3.8801735615300017,4.050957379631791,3.5152795,3.4823535349394805
2131,S. aureus,QRFSQPTFKLPQGRLTLSRKF,1.595860529,21,4.404139471,2131,2131,train,3,4.5043045408098505,4.725773317471129,4.646825434834248,4.587527942913635,4.675212471630751,4.4921817120600025,4.464675312780047,4.3832726,4.404139471055822
2132,S. aureus,QRFSQPTFKLPQGRLTLSRKFR,1.569904198,22,4.430095802,2132,2132,train,3,4.529587533041773,4.405659728200053,4.680067276071048,4.302772900899673,4.727819307301588,4.617582665759998,4.6285056663172375,4.458473,4.430095801965507
2133,S. aureus,QRKIRVRLSA,1.717521168,10,4.282478832,2133,2133,train,2,4.382118760370837,3.9746825043071095,4.564931001871994,3.959994967741235,4.4389937208088,4.271367383429996,4.223587239578987,4.2359047,4.282478831999424
2134,S. aureus,QRPYTQPLIYYPPPPTPPRIYRA,2.301029996,23,3.698970004,2134,2134,train,0,3.798822305762832,3.5535323840723425,4.835363956747852,3.6122025226136327,4.815470869257619,4.025934180589996,4.166519444142455,3.7288008,3.6989700040315903
2135,S. aureus,QRRIRVRLSA,1.70771322,10,4.29228678,2135,2135,train,2,4.392131222654531,4.129085544188022,4.578584779116761,4.127266420495969,4.464555810683197,4.295411899059997,4.361193941542517,4.289315,4.292286780016056
2136,S. aureus,QTRRLTYKPRTVTYTRGR,1.010299957,18,4.989700043,2136,2136,train,6,4.890061134585656,4.79911061981762,4.683796118893217,4.8988905532068046,4.670240088034474,4.807760011850008,4.680646173002299,4.9440804,4.989700042959661
2137,S. aureus,QVFTLIKGATQLIRKTLGEQ,0.551697469,20,5.448302531,2137,2137,train,8,5.3483059619491495,4.9232694252711395,4.599268404228323,4.817566270565093,4.530826418192462,5.115777972730007,4.859992337932641,5.3837423,5.448302530957191
2139,S. aureus,RAGLQFLVGRVHRLLRK,1.19991782,17,4.80008218,2139,2139,train,5,4.732276597297328,5.145403700492631,4.792020189125505,5.124575373372318,4.837507455928963,4.866231958270001,5.035556388302111,4.9194546,4.800082180109242
2140,S. aureus,RAGLQFPVGKLLKKLLKRLKR,-0.090453671,21,6.090453671,2140,2140,train,9,5.990680059647316,5.260835482461995,4.855948211303912,5.11268896818596,4.9158768761963785,5.792826934499992,5.222852696714364,5.9750843,6.090453670918568
2141,S. aureus,RAGLQFPVGRLLRRLLRRLLR,-0.23217383,21,6.23217383,2141,2141,train,9,6.13207150459912,5.639512156931798,4.917425152799395,5.491143529097586,5.004714839693077,5.890794558780002,5.34752831932714,6.111344,6.232173829662516
2143,S. aureus,RAGLQFPVGRVHRLLR,1.533125223,16,4.466874777,2143,2143,train,3,4.567076281693686,4.416948405060029,4.733787767757838,4.563949827608472,4.7497602098595495,4.605618021939994,4.708477850642703,4.464472,4.466874777014123
2144,S. aureus,RAVAVIIRLRRV,1.208895527,12,4.791104473,2144,2144,train,4,4.732276719335494,4.2710211191053356,4.817417366930064,4.301281029170786,4.82677262636218,4.794755677880004,4.770829978230971,4.780954,4.791104472839242
2146,S. aureus,RERSKGSKYLYVG,1.604099653,13,4.395900347,2146,2146,train,3,4.495747281281798,4.52149649506194,4.55535239482866,4.3771076043835695,4.417679701582467,4.368708352760004,4.417174228906697,4.3946333,4.395900346962366
2147,S. aureus,RFIYMKGFGKPRFGKR,1.099434813,16,4.900565187,2147,2147,train,5,4.800682299917969,4.613234717793465,4.717469745687196,4.430222469589982,4.742957604829395,4.7393883570499975,4.60873317756914,4.8310146,4.900565186940563
2148,S. aureus,RFRPPIRRPPIRPPFRPPFRPPVR,1.094162624,24,4.905837376,2148,2148,train,5,4.805428827078556,4.898487703540282,4.848210628253528,4.824769179455991,4.922452474435616,4.795825761400004,4.841004220389761,4.9014673,4.905837375920699
2149,S. aureus,RFRRLFRIRVRVLKKI,0.301029996,16,5.698970004,2149,2149,train,9,5.59882235515171,5.07030342498787,4.976004422543509,5.149766672837744,5.058701097121176,5.558870094299996,5.103050470679631,5.621352,5.698970003503222
2150,S. aureus,RFRRLRDKTRDRLKKI,2.10720997,16,3.89279003,2150,2150,train,1,3.9927485268994345,3.818554839865258,4.6291106921517935,3.862434691973164,4.571410527133656,3.9287920901400004,4.113898406537674,3.8506637,3.892790029955652
2151,S. aureus,RFRRLRIKTRIRLKKI,1.806179974,16,4.193820026,2151,2151,train,2,4.293939174961485,4.755742396736295,4.873782298918901,4.853958503383911,4.931473665388517,4.523335807300006,4.913592158473354,4.3898687,4.193820026900422
2152,S. aureus,RFRRLRKKFRKRLKKI,2.10720997,16,3.89279003,2152,2152,train,1,3.9927517721320998,4.4428222291287085,4.855374682191647,4.4296212856613915,4.918495025459571,3.92027642607,4.378009090151186,3.8696604,3.8927900292298845
2153,S. aureus,RFRRLRKKIRKRLKKI,2.408239965,16,3.591760035,2153,2153,train,0,3.6912058513801544,4.460475213001162,4.845926923733537,4.472927634183392,4.903806081329354,3.717646719219996,4.343340431999735,3.6713889,3.591760035324828
2154,S. aureus,RFRRLRKKKRKRLKKI,2.10720997,16,3.89279003,2154,2154,train,1,3.992988700555089,4.31157301208612,4.796150460121953,4.335914817531011,4.827841204120193,3.9579046182499997,4.325538371627785,3.8861341,3.8927900295346647
2155,S. aureus,RFRRLRKKTRKRLKKI,2.10720997,16,3.89279003,2155,2155,train,1,3.99244873860071,4.170581959665174,4.792054795042503,4.139779919837641,4.827069084653519,3.9155313039999995,4.264657283513699,3.843238,3.8927900302169243
2156,S. aureus,RFRRLRKKWRKRLKKI,2.10720997,16,3.89279003,2156,2156,train,1,3.993102673398921,4.542923702208567,4.8672536239671125,4.52733001959378,4.937275072247561,4.063276198720001,4.4606918842573675,3.949987,3.8927900318412716
2157,S. aureus,RFRRLRKWTRWRLKKI,0.903089987,16,5.096910013,2157,2157,train,6,4.996526572276466,4.614970703069939,4.917741209536283,4.762287247763497,5.001823031186887,5.081549635030008,5.027427210723221,5.1078324,5.096910012985515
2158,S. aureus,RFRRLRPKTRPRLKKI,2.10720997,16,3.89279003,2158,2158,train,1,3.9929914468748984,4.010617310449543,4.693391291270199,4.0072854014563895,4.7303228664493995,4.057788762,4.334782788110807,3.8826342,3.892790029960243
2159,S. aureus,RFRRLRWKTRWRLKKI,0.77815125,16,5.22184875,2159,2159,train,7,5.121690688452584,4.875446992930828,4.915905450165368,4.822317914239868,4.997026071105929,5.11571270328,5.057567215398227,5.189343,5.2218487492770205
2160,S. aureus,RFRRLRWRTRWRLRRI,0.602059991,16,5.397940009,2160,2160,train,7,5.297945222906877,4.768259166390265,4.940362663711926,4.752499221064817,5.035913444607635,5.287317181990008,5.0989275281199635,5.3340406,5.397940008894049
2161,S. aureus,RFRRLRWWTRKRLKKI,0.903089987,16,5.096910013,2161,2161,train,6,4.997028921055489,4.584467596556787,4.916062696485984,4.726117719049911,4.997436966092944,5.005360023320008,5.022314043431816,5.082717,5.096910012963196
2163,S. aureus,RGARIVVIRVAR,1.356014843,12,4.643985157,2163,2163,train,4,4.7322767601535745,4.929065991686181,4.66422717983361,4.964001252464617,4.750533656505004,4.635558501739992,4.667787057993952,4.6163416,4.64398515693916
2164,S. aureus,RGDWLWLW,1.946428125,8,4.053571875,2164,2164,train,2,4.153743409328721,4.135926527383155,4.5218770875090435,4.2195448828576385,4.552990510529482,4.016506725129995,4.102432354575959,4.0386252,4.0535718749609595
2165,S. aureus,RGGRLTYTRPRFTVTVGR,1.378118801,18,4.621881199,2165,2165,train,4,4.721545068522226,5.130974533806985,4.664951473740652,5.261723043013485,4.671893452762254,4.653266513959991,4.690738238640428,4.657343,4.621881199027251
2166,S. aureus,RGGRLYRRRFVVGR,0.301029996,14,5.698970004,2166,2166,train,9,5.598811616341855,4.7401296224981095,4.703008948107457,4.81157757461082,4.701779345379854,5.406820186809996,4.901846313530904,5.61868,5.698970003968013
2167,S. aureus,RGKRWWRRKK,1.397940009,10,4.602059991,2167,2167,train,4,4.702142058032842,4.578952118628221,4.589185986380663,4.595217839815393,4.549641382214966,4.680494946309996,4.561765846924391,4.610816,4.602059991005008
2168,S. aureus,RGLRALGRKIAHGVKAYG,1.016989242,18,4.983010758,2168,2168,train,5,4.88317823898788,4.438499862864608,4.619289607842483,4.569011589486356,4.679849799847804,4.832261046239996,4.647153317955265,4.9690723,4.983010757954743
2169,S. aureus,RGVRPVVQGVKEKVR,1.573938057,15,4.426061943,2169,2169,train,3,4.525723687924887,4.132343334706628,4.610594929694948,4.165589939019394,4.4893220380729115,4.437949884929994,4.412812150437653,4.3865876,4.426061942914436
2170,S. aureus,RHWRRFWH,2.0,8,4.0,2170,2170,train,1,4.10015765547508,4.592557584917892,4.769848186406774,4.5425341838770095,4.705755917477937,4.339263030999999,4.73771383886836,4.068516,4.000000000105429
2171,S. aureus,RHWRRFWHR,1.096910013,9,4.903089987,2171,2171,train,5,4.80308952810528,4.270691997342882,4.756762715350621,4.2939635522310535,4.692281532234842,4.837714021479994,4.804377055882021,4.813102,4.9030899868521916
2176,S. aureus,RIGVLLARLPKLFSLFKLMGKKV,1.316269962,23,4.683730038,2176,2176,train,4,4.732276719585639,5.067170541582082,4.9555314229370415,5.09839963953714,5.064950648305615,4.891611067150006,4.987687735088846,4.8041973,4.683730038042672
2177,S. aureus,RIIDLLARVRRPQKPKFVTVWVR,0.494850022,23,5.505149978,2177,2177,train,8,5.405018029135862,5.290707342057292,4.786646186376468,5.305753652135608,4.842148657229511,5.443694413430004,5.285154751707558,5.4278154,5.505149977898022
2178,S. aureus,RIIDLLWRVRRPQKPKFVTVAVR,0.795880017,23,5.204119983,2178,2178,train,6,5.103961580220852,5.198910167502707,4.787505555803091,5.128344641515583,4.844394246112031,5.290072351450001,5.119648209722105,5.2321353,5.204119982931543
2179,S. aureus,RIIDLLWRVRRPQKPKFVTVWVR,0.569178765,23,5.430821235,2179,2179,train,8,5.330209203475978,5.219018922381076,4.848849925309509,5.3737486603883635,4.931817228549873,5.395743119650001,5.299880381484742,5.3798285,5.430821235113936
2180,S. aureus,RIIRKIIHII,1.195641124,10,4.804358876,2180,2180,train,5,4.732842648072285,4.640564746877306,4.885340998112415,4.575033981206196,4.917997814311315,4.836200027619995,4.856470454038165,4.824646,4.804358875836516
2181,S. aureus,RIIRKIIHIIK,1.154029223,11,4.845970777,2181,2181,train,5,4.746064260212871,5.0848331252294034,4.868538456860869,5.0781138969105,4.910057299082327,4.8635468671399975,4.968938662236376,4.8703713,4.845970777364253
2183,S. aureus,RIKRFWPVVIRTVVAGYN,0.63459355,18,5.36540645,2183,2183,train,7,5.265406802871682,5.124802316616281,4.922063040160035,5.154366703554433,4.948862298967481,5.191004331840005,4.984649616140765,5.3426285,5.365406449961498
2184,S. aureus,RIKRFWPVVIRTVVAGYNL,0.612562845,19,5.387437155,2184,2184,train,7,5.287632198156236,5.334170368892048,4.943023556577853,5.252611904434092,4.989816569312559,5.2145061810099955,5.119953806784916,5.340612,5.387437154847027
2190,S. aureus,RIKRFWPVVIRTVVAGYNLYRAIKK,0.488000729,25,5.511999271,2190,2190,train,8,5.412266690624803,5.911272706199556,5.056285705595553,5.895096440855589,5.168796407620322,5.55630500885,5.52653865548954,5.5426307,5.511999272333843
2191,S. aureus,RIKRWWWWR,0.113943352,9,5.886056648,2191,2191,train,9,5.785938647414943,5.683797108445558,4.941801970684911,5.597661247399509,5.005492091441692,5.600969117550007,5.30163391830588,5.701045,5.886056647394654
2193,S. aureus,RIRFPWPWRWPWWPPFRG,0.966141733,18,5.033858267,2193,2193,train,6,4.934016626984505,4.769467203408103,4.9917921975005015,4.781356465535155,5.196404879745003,4.911520329160007,5.0086551495622205,5.0168333,5.033858266961903
2196,S. aureus,RIRKKLR,2.698970004,7,3.301029996,2196,2196,train,0,3.4008672144706544,4.033417640839657,4.6528433109932426,3.989987191814,4.581891413873752,3.6298936422600048,3.988579407405568,3.356822,3.301029996203814
2197,S. aureus,RIRRWKFRW,0.113943352,9,5.886056648,2197,2197,train,9,5.786174896469937,4.837489514936167,4.8199071613573725,4.697506500155412,4.821572374832152,5.673288030490007,5.069985348593785,5.8489456,5.886056647806827
2198,S. aureus,RIRWILRYWRWS,0.929418926,12,5.070581074,2198,2198,train,6,4.970542426856818,5.132328758147157,4.996661937508863,4.9746772663018195,5.075732439640388,5.029990802700002,5.097021645064466,5.051933,5.070581073989841
2199,S. aureus,RIVQRIKKWLLKWKKLGY,1.257740059,18,4.742259941,2199,2199,train,4,4.732276719585632,5.203357206959582,4.980479014350616,5.283872674065248,5.158752159384742,4.901831434989994,5.013625632611908,4.806389,4.7422599409492525
2200,S. aureus,RIWFQNRRMRWRR,1.505149978,13,4.494850022,2200,2200,train,3,4.595017703021524,4.3347227849226195,4.820251661789474,4.412172556120446,4.832964453813932,4.515275681049995,4.555089527251786,4.531459,4.494850021971444
2201,S. aureus,RIWKIWWKR,1.84501963,9,4.15498037,2201,2201,train,2,4.2551364352921714,5.018143848055797,4.908491764212992,5.029378696114535,4.958257661934683,4.530284866769993,5.14964010491764,4.3446407,4.154980370178918
2202,S. aureus,RIWKRWWFR,1.524781195,9,4.475218805,2202,2202,train,3,4.575297009226435,4.644823575013463,4.9174902043416955,4.615177462558522,4.9579311286291645,4.611079879539997,4.9953974425382075,4.5155463,4.475218805147754
2203,S. aureus,RIWVIRWR,0.899741948,8,5.100258052,2203,2203,train,6,4.999680645408156,4.624950428729069,4.904921621051313,4.719868806329462,4.926744061836358,5.010706979710003,4.813451686360939,5.0864058,5.100258051982971
2204,S. aureus,RIWVIWRR,0.598711953,8,5.401288047,2204,2204,train,8,5.301129867039424,5.68175554995624,4.938151791177815,5.524374699012043,5.013576683859577,5.253332975709993,4.909022228279849,5.33777,5.401288046806519
2205,S. aureus,RKFRNKIKEKLKKIG,1.816804523,15,4.183195477,2205,2205,train,2,4.283054936871916,4.094052814250067,4.644685766297847,3.996926614924832,4.5325824211659285,4.186175185740008,4.223390804032108,4.1443796,4.183195477009057
2206,S. aureus,RKFRWWVIR,0.146128036,9,5.853871964,2206,2206,train,9,5.753262361817786,5.1228561855270955,4.886316030812666,5.135151051978014,4.900026269216336,5.713716566420001,5.216567701874446,5.755219,5.85387196406782
2207,S. aureus,RKGLQKLVGRVHRLLRK,0.890772012,17,5.109227988,2207,2207,train,6,5.009341470097745,5.152591306931692,4.761551081894573,5.017428007136766,4.8003089841930455,5.048661567989992,4.954122663035929,5.0762744,5.109227987981606
2208,S. aureus,RKGWFKAMKSIAKFIAKEKLKEHL,0.892094603,24,5.107905397,2208,2208,train,6,5.008021970796708,4.945783740952296,4.805579483981439,5.037492314125274,4.767726137568765,5.043655843880007,4.940849682591329,5.109681,5.107905396991468
2209,S. aureus,RKKKAKIIKKII,1.795880017,12,4.204119983,2209,2209,train,2,4.304209859266629,4.619507394599941,4.703778292753374,4.609176673859178,4.627406645427369,4.222074224589998,4.513705995082986,4.205972,4.2041199832771925
2210,S. aureus,RKKKIKIIKKII,1.795880017,12,4.204119983,2210,2210,train,2,4.304013729214981,4.8176817680533786,4.780253142212669,4.734532455193797,4.749199206051354,4.287820095349999,4.622949974935326,4.227116,4.2041199824201545
2211,S. aureus,RKKKIKIIKRLI,1.795880017,12,4.204119983,2211,2211,train,2,4.304262426498021,4.833599262058162,4.790820825431797,4.808147282341228,4.767486381105393,4.386570822369998,4.776237168393379,4.3286595,4.204119984006694
2213,S. aureus,RKKKLKVVKRLV,1.795880017,12,4.204119983,2213,2213,train,2,4.304078287613087,4.43523994671462,4.7738942359626275,4.455582748852012,4.740031999216331,4.333135688679997,4.813475208619916,4.2303367,4.204119983375609
2216,S. aureus,RKKRLKLLKRLV,1.397940009,12,4.602059991,2216,2216,train,4,4.702179455877086,4.617501929078712,4.792536780671413,4.546035379822335,4.768235378469215,4.580954518649993,4.834458922399142,4.593838,4.602059990874664
2218,S. aureus,RKKRLRVVRRLV,1.795880017,12,4.204119983,2218,2218,train,2,4.304352435893699,4.600916881959864,4.798843007615865,4.670145351519445,4.777244151331583,4.437104920349998,4.824620132122375,4.277846,4.204119982932778
2220,S. aureus,RKKRWWRRKK,0.77815125,10,5.22184875,2220,2220,train,7,5.121720050000118,4.972091612061467,4.672404711552213,4.934895372843174,4.607134096222309,5.083998744799996,4.970373239880063,5.226931,5.221848749994038
2221,S. aureus,RKKTRKR,2.408239965,7,3.591760035,2221,2221,train,0,3.6916737091736547,3.78894746833641,4.381153619184418,3.8127472613626816,4.239004373113132,3.740408881259998,3.79664022876511,3.5805266,3.5917600349869656
2222,S. aureus,RKKTRKRLKKIGKVLKWI,0.77815125,18,5.22184875,2222,2222,train,7,5.121746803401143,4.655598035359653,4.8459918108125715,4.708430034727105,4.889662147266748,5.060988079339998,5.011093064703323,5.2375903,5.2218487498031365
2223,S. aureus,RKLKHMRF,2.0,8,4.0,2223,2223,train,1,4.099417597950901,4.510254372063659,4.690258279384045,4.590840124932181,4.5262210673466665,4.06513017136,4.171017811283922,4.0379095,3.999999999986768
2224,S. aureus,RKRLKWWIY,0.542201982,9,5.457798018,2224,2224,train,8,5.357801709958532,5.390286585060948,4.915910264783683,5.458973870750428,4.937178634344599,5.413336640580002,5.294613169604555,5.4376945,5.457798018004116
2225,S. aureus,RKRLRKFRNKIKEKLKKIGQKI,1.640481437,22,4.359518563,2225,2225,train,3,4.459161876532546,4.3539075580482,4.816097575073963,4.351198784649631,4.798699541826819,4.390339813869999,4.556180439360588,4.379658,4.3595185632347535
2226,S. aureus,RKRWWWWFR,0.29907772,9,5.70092228,2226,2226,train,9,5.60080792821958,5.167276843488084,4.980677261929475,5.16351305890462,5.0695401966445806,5.620810712159996,5.37572522839434,5.6852646,5.700922279872503
2227,S. aureus,RKSKEKIGKEFKRIVQRIKDF,1.278332668,21,4.721667332,2227,2227,train,4,4.732276719623775,4.662840249036355,4.631632103064408,4.839873953446834,4.643819407697563,4.592729326409997,4.732434867985446,4.761312,4.72166733200358
2228,S. aureus,RKVAPALIKSFVFLFKFKKG,1.740807168,20,4.259192832,2228,2228,train,2,4.359126198874284,4.788814731385683,4.86387983204842,4.931239649207711,4.934038464665667,4.491633217239998,4.72775479342366,4.4375496,4.259192832282632
2229,S. aureus,RKWIWRWFL,0.19919619,9,5.80080381,2229,2229,train,9,5.700807923202437,5.22483988786862,4.973847557006335,5.129391645318313,5.000502861934825,5.60515531736,5.26280423012774,5.747942,5.80080380988958
2230,S. aureus,RKWKIKWYW,0.414973348,9,5.585026652,2230,2230,train,8,5.484984171028259,5.070586237223745,4.912666287446653,5.045021161749171,4.922348087570068,5.565727749220002,5.3061717456795225,5.576628,5.585026651944961
2231,S. aureus,RKWVAWRNR,1.69157185,9,4.30842815,2231,2231,train,3,4.408572321248874,4.253392741541224,4.633215683418359,4.201979291461864,4.5472091497165,4.297261589589999,4.610178098015017,4.2869887,4.308428149860119
2232,S. aureus,RKWVKWRNR,1.371465449,9,4.628534551,2232,2232,train,4,4.728613384152744,4.638166316905328,4.659956318389895,4.613338335328409,4.5914843708926085,4.583664997959992,4.625783382189956,4.562929,4.628534550978567
2233,S. aureus,RKWVWWRNR,1.062166281,9,4.937833719,2233,2233,train,5,4.837682279330993,4.743554283941947,4.757292378324878,4.751658830271546,4.754009464736709,4.902704344090007,4.925949431668393,4.9680476,4.937833719026141
2234,S. aureus,RKWVYWRNR,1.36017217,9,4.63982783,2234,2234,train,4,4.732276719585632,4.9246752181966365,4.749951666104706,4.898233806259322,4.717842216288462,4.682474973740001,4.79640403522211,4.569112,4.639827829973465
2235,S. aureus,RKWWRWIKW,0.397940009,9,5.602059991,2235,2235,train,8,5.5022240619498035,5.848903688482176,4.939381158924435,5.728730606567954,4.99763972929721,5.559673145419995,5.411277710440708,5.6137657,5.602059990963644
2238,S. aureus,RLARIVVIRVAG,1.677897156,12,4.322102844,2238,2238,train,3,4.422109941395202,4.985945181324354,4.72780659040247,4.988819624895521,4.817761126567368,4.462055109970002,4.442493838489151,4.322524,4.3221028440175
2240,S. aureus,RLARIVVIRVRR,0.725009157,12,5.274990843,2240,2240,train,7,5.174698456259252,5.526355259916038,4.832957117612614,5.602972449122521,4.980314323694251,5.266582951560005,5.155812404065505,5.308654,5.274990843163518
2241,S. aureus,RLARIVVIRWAR,0.724441444,12,5.275558556,2241,2241,train,7,5.175621582925686,5.286606566288132,4.826592146910709,5.220057129409241,4.964099868605,5.2094733897900065,5.201959692371679,5.268984,5.275558555854732
2242,S. aureus,RLARRVVIRVAR,1.633559906,12,4.366440094,2242,2242,train,3,4.466281593701258,4.835542220856826,4.758784373845423,4.916392401621513,4.74977838140255,4.525623151899998,4.672281406608374,4.400863,4.36644009423145
2243,S. aureus,RLGTALPALLKTLLAGLNG,1.230448921,19,4.769551079,2243,2243,train,4,4.732276719585632,5.291762444761368,4.646926880656175,5.276424984971529,4.601300041550752,4.810469933859997,4.671508587108281,4.7153234,4.769551079030535
2244,S. aureus,RLKKIGKVLKWI,1.982271233,12,4.017728767,2244,2244,train,1,4.117707026132525,4.109302659743287,4.823412900175839,4.091857759073848,4.879985500706707,4.3605134385099955,4.823229828165552,4.079887,4.017728766945967
2245,S. aureus,RLKKWMQKVIDRFGG,2.10720997,15,3.89279003,2245,2245,train,1,3.9929563660586673,4.4701010086181805,4.669840591697673,4.268911544784202,4.589306486536213,4.075950555900002,4.422486518205411,3.9331558,3.892790030194148
2246,S. aureus,RLKLLLLLRL,0.805949963,10,5.194050037,2246,2246,train,6,5.0934500564060174,4.699115504188802,4.943850094364063,4.744415764903703,4.986782615382384,5.066443079080005,5.030673834157697,5.159969,5.194050034111097
2247,S. aureus,RLKLLLLLRLK,1.337609113,11,4.662390887,2247,2247,train,4,4.728949067732464,4.360678197806147,4.9215600061452625,4.5066869503646325,4.969205866727373,4.763792489920003,5.06989050088062,4.7162914,4.662390887879793
2248,S. aureus,RLKLLLLLRW,0.480265665,10,5.519734335,2248,2248,train,8,5.419575834717443,4.903663310371507,4.972209564636637,4.844776587500487,5.036904760102381,5.417066162530002,5.196903639317127,5.500076,5.519734334751306
2249,S. aureus,RLKLLLLRL,1.148166821,9,4.851833179,2249,2249,train,5,4.792377332420413,4.609376174186773,4.883063790687639,4.619420000099318,4.876140683395948,4.757811128619996,4.597977825803564,4.850382,4.851833180215647
2251,S. aureus,RLKLLLRL,2.09676287,8,3.90323713,2251,2251,train,1,4.00344234433307,4.3718861476773805,4.875264569817521,4.450259357564078,4.911277379962018,4.220168159749996,4.494448564809892,3.9884963,3.90323713206003
2252,S. aureus,RLKLLLRLK,1.482419838,9,4.517580162,2252,2252,train,3,4.617546519861784,4.1976641682629445,4.844171800483709,4.206149877713763,4.877680470257049,4.4730273789399995,4.630918147195247,4.487476,4.517580160862323
2253,S. aureus,RLKLLRL,2.147601311,7,3.852398689,2253,2253,train,1,3.952556573893409,4.490034066728356,4.759254636445135,4.551976563190152,4.673299809191478,4.128706917449996,4.209983045360353,3.8526735,3.852398688219881
2254,S. aureus,RLKRWWKFL,0.380211242,9,5.619788758,2254,2254,train,8,5.519219569930417,4.9550574411714345,4.910337740459726,5.046029686258136,4.975044738160722,5.3879965143200055,5.2174073761023045,5.526922,5.619788757861345
2255,S. aureus,RLLFRKIRRLKR,1.888387673,12,4.111612327,2255,2255,train,2,4.211728345722282,4.790346720980335,4.834363467298905,4.855896136078905,4.875302151315575,4.419954911529996,4.989443270795954,4.30738,4.111612327298638
2257,S. aureus,RLLRKFFRKLKKSV,1.421339233,14,4.578660767,2257,2257,train,4,4.678760977948317,4.67847447284517,4.836952437390429,4.725736286871054,4.898588432214838,4.600738399639993,4.782232938667841,4.6013174,4.578660766820527
2258,S. aureus,RLLRPLLQLLKQKLR,0.422877438,15,5.577122562,2258,2258,train,8,5.477283185669051,5.294918006853053,4.838630478296677,5.349550043806692,4.881207486728316,5.39472954248,5.012109346620313,5.507548,5.577122561986214
2259,S. aureus,RLLRRLLRRLLRRLLRRLLR,1.124639278,20,4.875360722,2259,2259,train,5,4.775450559889351,5.476217851499477,5.067521082550634,5.4382216813283835,5.207934740374069,4.870909319529996,5.007819108632379,4.8814716,4.875360722531188
2260,S. aureus,RLPRPRPRPLPFPRPG,2.698970004,16,3.301029996,2260,2260,train,0,3.4009231109630695,3.7138887143044346,4.44549147594157,3.7234155655846384,4.3733688489148825,3.5789306716800047,3.8912715454565237,3.2862048,3.30102999606915
2261,S. aureus,RLPWRWPRRPWRR,1.990093258,13,4.009906742,2261,2261,train,1,4.109750860671396,4.886688911558964,4.735744793980349,4.968493684053546,4.867469074025068,4.430782906709998,4.555372097095748,4.1855555,4.009906742481631
2262,S. aureus,RLRKAVRLIK,1.0,10,5.0,2262,2262,train,6,4.90016290763889,4.347565151613361,4.743560150221074,4.315709149223059,4.754331119574752,4.87785881996,4.68688305580925,4.9735622,4.9999999998130145
2267,S. aureus,RLSRIVVIRVSR,0.43956175,12,5.56043825,2267,2267,train,8,5.460604711751225,5.289389827369521,4.726608825244043,5.351655588291528,4.8835119162817975,5.39725628879,5.024586474759102,5.5139623,5.560438249931403
2268,S. aureus,RLTYKPRTVTYTRGR,1.62283548,15,4.37716452,2268,2268,train,3,4.477293961491721,4.367604420874688,4.638972133113374,4.289947990021561,4.6304300530578795,4.402183163050004,4.5123312523332535,4.417964,4.377164519970915
2269,S. aureus,RLWKRWWIR,1.836239497,9,4.163760503,2269,2269,train,2,4.26359894669681,4.591457360693674,4.908019975052365,4.635469213515262,4.946382548917215,4.441715291449998,4.9872372806256315,4.38549,4.163760503404211
2270,S. aureus,RLWLAIGRG,1.329058719,9,4.670941281,2270,2270,train,4,4.732276719585632,4.329329513921564,4.6299822975532265,4.366352896570795,4.620771721584355,4.532290734150006,4.425181067201553,4.6018815,4.670941280943205
2273,S. aureus,RLWLAWKRR,0.669006781,9,5.330993219,2273,2273,train,7,5.231148466520911,5.409853146758786,4.810318515064728,5.270083813764251,4.845914962295754,5.139693576759995,4.945511463566516,5.1958723,5.3309932189253475
2275,S. aureus,RLWRIVVIRVKR,-0.045757491,12,6.045757491,2275,2275,train,9,5.945641495496569,5.751982805178171,4.920146714939483,5.682597847584654,5.096927422811132,5.755890823650003,5.428597615336506,5.9303994,6.0457574901965225
2276,S. aureus,RLWRRWRRWLR,0.636822098,11,5.363177902,2276,2276,train,7,5.263292679455217,4.830932515163957,4.932894680443467,4.859970901191451,5.041813382069195,5.325061608520002,5.214524898451305,5.3497353,5.363177901921738
2277,S. aureus,RLWRRWRRWRR,0.669006781,11,5.330993219,2277,2277,train,7,5.231112467945639,5.029559217721187,4.8742542949080985,4.955424220890488,4.9596780821877875,5.229305160929995,5.076480369842655,5.2912617,5.330993219586417
2278,S. aureus,RLWWKIWLK,0.146128036,9,5.853871964,2278,2278,train,9,5.753611865676849,4.836976441043973,4.980189775365656,4.797840361757501,5.0570883285244115,5.576891270489999,5.2718319163210765,5.7562227,5.853871963519446
2279,S. aureus,RLWWWWRRK,0.322219295,9,5.677780705,2279,2279,train,9,5.577938700884332,5.317023746330312,4.966072757427466,5.299768989662085,5.068913254902472,5.472215384839996,5.275115009756733,5.6669135,5.677780704992623
2281,S. aureus,RLYRRLYR,1.243038049,8,4.756961951,2281,2281,train,4,4.732277157242989,5.325483348548038,4.833183136500935,5.436608037066027,4.794422835192415,4.678388474659997,4.488276836622731,4.7145066,4.756961951050532
2282,S. aureus,RLYRRLYRRLYRRLYR,0.041392685,16,5.958607315,2282,2282,train,9,5.8585635114824015,5.422074879053558,5.028876502519379,5.355832092853658,5.08948366934921,5.617297493299999,5.024985233655582,5.8299074,5.958607314858125
2283,S. aureus,RLYRRRFVVGR,0.903089987,11,5.096910013,2283,2283,train,6,4.997033301959183,4.506100425345149,4.7733950983946905,4.572817805152238,4.762092560317507,4.997974082460005,4.720491273127265,5.0642915,5.096910012755595
2284,S. aureus,RPKHPIKHQGLPQEVLNENLLRF,2.0,23,4.0,2284,2284,train,1,4.099840865915413,4.084624035495533,4.4370835749957465,4.170014038730101,4.211182755436711,4.332401167409999,4.462292745087318,4.040745,4.000000000044442
2285,S. aureus,RPKPQQFFGLM,2.569082147,11,3.430917853,2285,2285,train,0,3.530758916474379,3.8839818030445086,4.417390493537479,3.9274660997927597,4.138327150515784,3.730428615569998,4.2053065009622985,3.5040345,3.4309178530191007
2286,S. aureus,RPPQFTRAQWFAIQHISLN,1.0,19,5.0,2286,2286,train,6,4.899850869515648,4.903127758254738,4.6778075353745585,4.8789213355116985,4.528224925567397,4.867517396139999,4.813961683653104,4.91877,4.999999999973555
2287,S. aureus,RPRPNYRPRPIYRP,0.626234356,14,5.373765644,2287,2287,train,7,5.273931411609599,5.37939277015237,4.542349220284829,5.395757051646269,4.416054569857278,4.876254735540002,4.343878628120552,5.2635317,5.373765643947363
2288,S. aureus,RPRRRATTRRRITTGTRRRR,1.875061263,20,4.124938737,2288,2288,train,2,4.224816268418428,4.67966846252541,4.6744945091050365,4.534444071595003,4.660650206111461,4.364756749429995,4.489131073295735,4.1422515,4.124938736970901
2289,S. aureus,RPWAGNGSVHRYTVLSPRLKTQ,0.383815366,22,5.616184634,2289,2289,train,8,5.516028172512252,5.431022290215121,4.755779760499933,5.171361873254879,4.783139763012504,5.1939855174799945,4.866566698481059,5.5707507,5.616184633927157
2290,S. aureus,RQIKIWFQNRRLKWKK,1.806179974,16,4.193820026,2290,2290,train,2,4.293938934151577,4.247629037905974,4.854159566804446,4.248307092590614,4.890800342962063,4.2831454046400035,4.606152921056722,4.268867,4.193820025998343
2291,S. aureus,RQIRIWFQNRRMRWRR,1.204119983,16,4.795880017,2291,2291,train,4,4.732276719524003,4.6479359845581945,4.888495869974156,4.71860797058816,4.930435589540693,4.69000410726,4.553231606509499,4.6873484,4.795880016986022
2292,S. aureus,RQRRVVIWW,0.431363764,9,5.568636236,2292,2292,train,8,5.468837740740881,5.330093826513028,4.894306055451015,5.405154937595027,4.905476120149383,5.262018390359994,5.099038336912238,5.5497427,5.568636235953528
2293,S. aureus,RQRVEELSKFSKKGAAARRRK,1.639474436,21,4.360525564,2293,2293,train,3,4.460529665681634,4.327949418141479,4.520923228720644,4.4932028419240115,4.4888149912498765,4.56279678599,4.602628594723767,4.373074,4.360525564024646
2294,S. aureus,RQRWLWLW,1.160640406,8,4.839359594,2294,2294,train,5,4.739282780068609,5.08796604653074,4.952586215516291,4.971825731248362,4.984815248517355,4.881065506229991,4.9993779993924505,4.881265,4.839359593998675
2295,S. aureus,RQWQSKIRRT,2.477121255,10,3.522878745,2295,2295,train,0,3.6228828581974257,3.066837676748838,4.53406992074988,3.1353124364270046,4.410644766635158,3.7908569094900035,3.934223478975091,3.5432343,3.522878744981319
2296,S. aureus,RRAAVVLIVIRR,0.888560376,12,5.111439624,2296,2296,train,6,5.011530019296393,5.260822994170376,4.817541701230086,5.302308235791642,4.943901622017586,4.996995049770006,4.9445730704219,5.0874734,5.111439623965428
2297,S. aureus,RRARIVVIRVAR,1.038339339,12,4.961660661,2297,2297,train,5,4.861778169864072,5.3164508045826855,4.758799001410132,5.3512534722504395,4.85450186144424,4.810238035729998,4.871136476957206,4.9139013,4.96166066080807
2298,S. aureus,RRFFFRFRRF,1.176091259,10,4.823908741,2298,2298,train,5,4.732276719585632,4.74941702590195,4.89632816176925,4.888475680018125,4.9406815929576045,4.920474597390009,5.118003781478294,4.8789043,4.823908740984631
2299,S. aureus,RRFKFIRWW,0.498981311,9,5.501018689,2299,2299,train,8,5.400857470490805,5.053136279169974,4.911667679790005,5.130952570821223,4.946514853191253,5.504027202619995,5.357366822385442,5.5146217,5.501018689219546
2300,S. aureus,RRFPWWWPFRR,0.374182075,11,5.625817925,2300,2300,train,9,5.525981997065798,5.307229740745269,4.904065044808176,5.390272942337284,5.016037863749531,5.540287113519997,5.360302777385402,5.630882,5.6258179250035365
2301,S. aureus,RRFWHRAH,2.0,8,4.0,2301,2301,train,1,4.099997789289396,3.970917079347623,4.6209463014649765,3.913121888347523,4.528246214368015,4.17199722466,4.566426658127403,4.027435,4.000000000009995
2302,S. aureus,RRIIIRWRRI,1.051152522,10,4.948847478,2302,2302,train,5,4.848398823224047,5.0582999241594315,4.862314581764313,4.9488576996294755,4.882944493873586,5.015894270340003,5.0426809390859715,5.015763,4.948847478006718
2303,S. aureus,RRIIRKIIHII,1.14544208,11,4.85455792,2303,2303,train,5,4.754396858011576,4.683057647113015,4.87071176618349,4.717464591244228,4.8895421756859525,4.819594055589995,5.0108800806971825,4.8467417,4.854557920294717
2304,S. aureus,RRIIRKIIHIIK,1.108183351,12,4.891816649,2304,2304,train,5,4.791970152700605,5.055064181409,4.861695811578035,5.098243979261202,4.892794830159965,4.933845595540005,4.961763858654152,4.918388,4.891816648558792
2305,S. aureus,RRIIRKIIHIIKK,1.07387007,13,4.92612993,2305,2305,train,5,4.826296964190702,5.108175230295182,4.857920533668255,5.118283645484796,4.896209679436276,4.9807985883400026,4.962800193943519,4.9466877,4.926129930098378
2306,S. aureus,RRIRPRP,2.698970004,7,3.301029996,2306,2306,train,0,3.400885879085597,3.336984276689293,4.341030174089818,3.467374964026341,4.213659950090764,3.504214932000005,3.7352676396949436,3.333546,3.301029996017807
2307,S. aureus,RRIRPRPPRLPRP,2.10720997,13,3.89279003,2307,2307,train,1,3.993011057356767,4.086015389944208,4.433490944143171,4.13331728596239,4.320704558371179,3.991035264590002,4.1424427006736355,3.9012642,3.89279002948175
2308,S. aureus,RRIRPRPPRLPRPRP,2.496929648,15,3.503070352,2308,2308,train,0,3.6034205737881946,4.1996432868006615,4.441054914590479,4.127589349407958,4.356728329118959,3.8577484755500047,4.04628998847337,3.6629126,3.503070352728674
2311,S. aureus,RRIRPRPPRLPRPRPRPLPFPRPG,0.414973348,24,5.585026652,2311,2311,train,8,5.484993018080339,4.338348008316968,4.635756669089134,4.171303777428118,4.7107310690628665,5.025521336170005,4.743229828049058,5.492129,5.585026651433328
2315,S. aureus,RRLLRRLRR,2.0,9,4.0,2315,2315,train,1,4.100113398247856,4.367519801777235,4.7289171911382555,4.405911495155229,4.67237038902024,4.2543585875100005,4.466291126641901,4.0353823,4.000000000166541
2316,S. aureus,RRLRKKTRKRLKKIGKVLKWI,0.602059991,21,5.397940009,2316,2316,train,7,5.297460488698336,4.878461515210852,4.925999927280526,4.969591492075977,5.04050440445939,5.180377131900006,5.050283882470612,5.3287997,5.397940008537715
2317,S. aureus,RRLRRLLRRLLRRLRR,0.954242509,16,5.045757491,2317,2317,train,6,4.945903941096043,5.12269224790291,4.9214355246608505,5.12519528175126,5.018109092581048,4.991424814490004,4.890758509924171,5.0277534,5.0457574905132985
2318,S. aureus,RRLTLRQLLGLGSRRRRRSR,0.495544338,20,5.504455662,2318,2318,train,8,5.4042953938529115,5.163153510891316,4.7354263053623695,4.979095962661673,4.822797404995315,5.237737890969998,4.835532795729193,5.4217043,5.50445566192278
2319,S. aureus,RRPRPRPRPFFF,1.602059991,12,4.397940009,2319,2319,train,3,4.49823608482129,4.2067469441131395,4.511662887024852,4.23469336967497,4.443023723591086,4.466615150160005,4.351483506184524,4.429506,4.39794000608304
2320,S. aureus,RRPRPRPRPFFFF,1.301029996,13,4.698970004,2320,2320,train,4,4.767562511048307,4.511090644728761,4.602336923383378,4.403220727047041,4.592351496892967,4.748976621169994,4.492542607321042,4.728131,4.698970005436315
2321,S. aureus,RRPRPRPRPFFFFF,1.0,14,5.0,2321,2321,train,6,4.8999181459940555,4.405395254870028,4.676761297196129,4.575809510813564,4.693136932657921,4.869422628529998,4.800211067443811,4.9587708,5.00000000152904
2322,S. aureus,RRPRPRPRPWWW,1.602059991,12,4.397940009,2322,2322,train,3,4.498115623546767,4.258683842698697,4.553962834486279,4.244150840294939,4.5577423665593635,4.477781303290007,4.45878634429666,4.439426,4.3979400122085694
2323,S. aureus,RRPRPRPRPWWWW,0.91805797,13,5.08194203,2323,2323,train,6,4.98159872537782,4.363084029156291,4.654568638225012,4.275581525385573,4.717305018887185,4.938145930959997,4.730103420198337,4.97295,5.081942026815135
2324,S. aureus,RRPWRWPRWPWRR,1.371801381,13,4.628198619,2324,2324,train,4,4.728305051269639,5.272759470923077,4.7769040068102475,5.294295424167672,4.895069925766817,4.642560322819994,4.720017775185814,4.691782,4.6281986187328465
2325,S. aureus,RRPWRWPWWPWRR,1.189210888,13,4.810789112,2325,2325,train,5,4.732272500396447,5.403105358822548,4.875558105691346,5.552140054073809,5.062501916840832,4.965046119740004,5.2431552427752655,4.985573,4.810789112202571
2326,S. aureus,RRRIKIRWY,1.362113828,9,4.637886172,2326,2326,train,4,4.732276719585632,4.481294308185455,4.817178907770965,4.362053236610744,4.785951602797046,4.729483096489996,4.941048494175443,4.6809173,4.6378861720088755
2327,S. aureus,RRRRRFRRVIRRIRLPKYLTINTE,0.903089987,24,5.096910013,2327,2327,train,6,4.996748466557786,5.415385519723628,4.908431962703015,5.5910397470611395,4.8847224470318205,5.010457129980007,4.966824542587322,5.0906315,5.096910013003208
2328,S. aureus,RRRRRRRRRRRRRRRWWW,1.414973348,18,4.585026652,2328,2328,train,4,4.684984573659345,4.972081018644301,4.897682055010029,4.992090281871494,4.899766295045707,4.699651350310004,4.743812411659423,4.6123567,4.585026652025946
2329,S. aureus,RRRRRRRWWWRRRRRRRR,0.954242509,18,5.045757491,2329,2329,train,6,4.945901065946598,5.3324096960865495,4.912982487695104,5.305213452971406,4.988423007013381,5.017952193730005,5.046490435562968,5.048685,5.045757491011622
2330,S. aureus,RRRRWWW,1.187488511,7,4.812511489,2330,2330,train,5,4.732185661315692,4.972768828944536,4.842362082104907,4.987062966144598,4.819709931315541,4.699117543269991,4.611212588824109,4.8067594,4.8125114888596014
2331,S. aureus,RRRRWWWW,1.495226158,8,4.504773842,2331,2331,train,3,4.604295459508155,5.034209103607259,4.932426054781668,5.140710716032746,4.98896254720681,4.619500328800004,5.004782985181606,4.561171,4.5047738422196115
2332,S. aureus,RRRWLWLW,0.895677727,8,5.104322273,2332,2332,train,6,5.004479924053382,4.7451496191679805,4.9762665122744325,4.77149515978681,5.047611651532233,5.077291119769994,4.992188361823125,5.0904937,5.104322273060062
2333,S. aureus,RRRWWKLMM,0.740362689,9,5.259637311,2333,2333,train,7,5.159474348157279,5.5329241840020496,4.896899208311593,5.54433104875361,4.868581510413857,5.286287969610003,5.1710112886832125,5.310325,5.259637310943747
2334,S. aureus,RRRYIGRYVRFWK,1.100370545,13,4.899629455,2334,2334,train,5,4.799748782047598,4.855697557821071,4.882684176039774,4.810937988242141,4.912701725118658,4.900531167040006,5.000947002281855,4.9098935,4.899629454971634
2337,S. aureus,RRWKIVVIRWRR,-0.031513151,12,6.031513151,2337,2337,train,9,5.9316782657732485,5.688338284847447,4.91636672952891,5.844715115898376,5.11120131348164,5.822534410510006,5.411765556694596,5.865375,6.031513150737225
2338,S. aureus,RRWPLKPKKWPLI,0.861851009,13,5.138148991,2338,2338,train,6,5.038215083300655,5.3171105019024285,4.702319291944207,5.257684427963796,4.730189848403499,5.170125711549996,5.174896315054864,5.241929,5.138148991215672
2339,S. aureus,RRWPLKPWKKPLI,0.560821014,13,5.439178986,2339,2339,train,8,5.339323299427407,5.1287483835345515,4.693458644622042,5.0706419836913295,4.739251853695627,5.321613757609999,5.14336801128351,5.36489,5.4391789857640855
2340,S. aureus,RRWPLLPWKWPLI,0.550080045,13,5.449919955,2340,2340,train,8,5.350085095931921,5.795843774726658,4.844612222019462,5.778111350971128,4.93624989099084,5.473951714269999,5.323406755452057,5.4600835,5.449919955067833
2341,S. aureus,RRWPWWPWKWPLI,-0.08728742,13,6.08728742,2341,2341,train,9,5.987353512298618,5.723005566053208,4.940392814580986,5.70045985905943,5.091996608610786,5.747203261550002,5.410643675471791,5.93054,6.087287419715183
2344,S. aureus,RRWRIVVIRVRR,0.415070791,12,5.584929209,2344,2344,train,8,5.48488912905764,5.935435486828844,4.893050019083582,5.93158939401706,5.071757083323346,5.600545390280001,5.385774308485711,5.6219645,5.584929210077056
2345,S. aureus,RRWRRWRRWRR,0.823908741,11,5.176091259,2345,2345,train,6,5.075975790418388,4.810570988752408,4.8147874519667,4.779031864840572,4.805688180728965,5.083913052759994,4.740782524406299,5.155508,5.176091258419812
2346,S. aureus,RRWRVIVKW,0.113943352,9,5.886056648,2346,2346,train,9,5.786176432576115,5.723937037922183,4.902758991098647,5.5710266785783356,5.14432956278178,5.662858901120005,5.354235321076656,5.8553085,5.886056647835515
2347,S. aureus,RRWSFRVSYRGFSYRKSR,1.125899372,18,4.874100628,2347,2347,train,5,4.7740591234893675,4.592184158579363,4.82356692611147,4.4342603562429925,4.881424235678531,4.819340526910004,4.829394894417598,4.8739586,4.874100627974127
2348,S. aureus,RRWVAWRNR,1.982271233,9,4.017728767,2348,2348,train,1,4.117573878184105,4.267068104859889,4.640481875988521,4.249650267118223,4.5555538923390815,4.196262780359998,4.550271319724712,4.067237,4.017728767112324
2349,S. aureus,RRWVIWRR,1.115110334,8,4.884889666,2349,2349,train,5,4.784730880971155,5.403501812054646,4.842609548158647,5.271515923895948,4.850965576441037,4.898706147089997,4.935554999080026,4.958006,4.884889665937287
2350,S. aureus,RRWVRRVRRWVRRVVRVVRRWVRR,0.22183507,24,5.77816493,2350,2350,train,9,5.67828260192374,6.01032174127512,5.177952598022932,5.999571690508808,5.394752097595294,5.675817235319999,5.480929405942012,5.726505,5.778164929870005
2351,S. aureus,RRWWHWWRR,1.053078443,9,4.946921557,2351,2351,train,5,4.846814672067961,5.154222037001046,4.908859622773196,5.086917908266035,4.995405867754659,5.082501090109998,5.344382824964784,5.0171046,4.946921557025018
2352,S. aureus,RRWWKWWRK,0.698970004,9,5.301029996,2352,2352,train,7,5.201008224173319,5.185271692954755,4.89530538258205,5.043414689024069,4.97193394965153,5.413523993550008,5.379834611918983,5.3927784,5.301029997066954
2353,S. aureus,RRWWKWWWR,-0.15490196,9,6.15490196,2353,2353,train,9,6.055138154652026,5.475439699981001,4.986463217569393,5.502719109162805,5.080860915108768,5.862184921109999,5.430662148680395,6.0892515,6.154901959808024
2357,S. aureus,RRWWRWVVW,0.113943352,9,5.886056648,2357,2357,train,9,5.7862283885031305,5.67007912359582,5.0092259432412,5.582237607522527,5.083461580057212,5.752753324680006,5.416632597131773,5.8789964,5.88605664789572
2360,S. aureus,RRWWWRWRRW,0.875061263,10,5.124938737,2360,2360,train,6,5.024809740898193,5.313140083584336,4.965542422688089,5.358676788340694,5.045943024065108,5.153494020549995,5.298101883167055,5.131433,5.12493873730315
2361,S. aureus,RRWYRWAWRMR,0.462679535,11,5.537320465,2361,2361,train,8,5.437089285066868,4.882091190179784,4.90840795092018,4.877962007145083,4.941314209156348,5.2372460888799965,5.022843930384481,5.458437,5.537320464946459
2363,S. aureus,RRWYRWWRRRWYRWWR,1.301029996,16,4.698970004,2363,2363,train,4,4.732276719585632,5.005496684443634,5.132452861339623,5.024631747118882,5.2782897237361315,4.8771812747199945,5.19433114891965,4.777106,4.698970003994015
2364,S. aureus,RRYHWRIYI,0.491361694,9,5.508638306,2364,2364,train,8,5.408641997058165,4.881312774626343,4.88541957600989,4.832551634386066,4.8356395316202665,5.294773510160005,5.023310189411629,5.413732,5.5086383059166035
2365,S. aureus,RSARAGLQFPVGRIHRHLK,0.477121255,19,5.522878745,2365,2365,train,8,5.422315340718812,5.070800917871458,4.682900853520575,5.148248771328692,4.699873681651143,5.192908755650007,4.781621282385046,5.4249096,5.522878744971999
2366,S. aureus,RSITRPVLVRRRWRVRPVF,1.861262834,19,4.138737166,2366,2366,train,2,4.238593163589695,4.4073070042807085,4.897793248562024,4.4070904375483995,4.968920064709854,4.416616990599999,4.649280410797944,4.2802825,4.138737166018108
2367,S. aureus,RSTEDIIKSISGGGFLNAMNA,1.467439569,21,4.532560431,2367,2367,train,3,4.632411536633168,4.9055074774069345,4.499024292693257,4.962740437117289,4.332652695472914,4.512171966959995,4.3239645596247,4.519103,4.5325604310006495
2368,S. aureus,RTKKWIVWI,1.441744909,9,4.558255091,2368,2368,train,4,4.658426195950838,5.173470315761839,4.864623204077139,5.058032972439872,5.044663990539721,4.700898928059995,4.9376889314916115,4.593594,4.558255091006449
2369,S. aureus,RVKRVWPLVIRTVIA,1.113943352,15,4.886056648,2369,2369,train,5,4.785919189191958,4.838559354382685,4.877680843078785,4.863871391158387,4.900350120014013,4.984637520670006,5.095073226062173,4.8800364,4.886056647995509
2371,S. aureus,RVMFKWA,0.931275363,7,5.068724637,2371,2371,train,6,4.9685677895751645,5.08843561152127,4.806718262167071,5.14908028974104,4.763902139512992,4.700526916390002,4.562624649778828,5.078597,5.06872463692138
2372,S. aureus,RVVRPVVQGVKEKVR,1.563362181,15,4.436637819,2372,2372,train,3,4.53678346610018,4.509844198609668,4.692200549491756,4.449023942739297,4.589931088417398,4.454199351729999,4.344514602445362,4.400417,4.436637819064709
2373,S. aureus,RVVRPVVQGVKQKVR,1.56360677,15,4.43639323,2373,2373,train,3,4.536559592279069,4.935446419375624,4.746931573917908,4.923788244890867,4.751676491545951,4.513855859570001,4.477787051706808,4.4596105,4.436393230025133
2376,S. aureus,RVVRQWPIGRVVRRVVRRVVR,-0.421967677,21,6.421967677,2376,2376,train,9,6.321857180629032,6.314537726177181,5.004334957798515,6.092044564276454,5.127412648739673,6.32353413388,5.636925419019085,6.3938503,6.421967676480525
2377,S. aureus,RVVRQWPIGRVVRRVVRRVVRF,-0.144478606,22,6.144478606,2377,2377,train,9,6.0444470062451465,6.03943480583979,5.051209071980891,6.172155678121038,5.196899612303393,6.127424231880003,5.861630347719217,6.1487117,6.1444786063002885
2378,S. aureus,RVVRQWPIGRVVRRVVRRVVRL,-0.139149883,22,6.139149883,2378,2378,train,9,6.039449232663985,5.802230230943462,5.042579977920428,6.147075667332429,5.181590338990401,6.11764401597,5.770819210213427,6.1469226,6.139149883205395
2379,S. aureus,RVVRQWPIGRVVRRVVRRVVRY,-0.146962521,22,6.146962521,2379,2379,train,9,6.047080046636166,6.123404521483184,5.053831146903851,6.133205470744746,5.189017854841888,6.114821126629993,5.831490343044211,6.1408477,6.146962521056836
2380,S. aureus,RWFKIQLQIRRWKNKK,1.204119983,16,4.795880017,2380,2380,train,4,4.730151032599609,4.815717243831139,4.847986734497465,4.810852485866668,4.881515410927216,4.695245922530001,4.831044957709453,4.719089,4.7958800168755475
2381,S. aureus,RWFKIQMQIRRWKNKK,1.806179974,16,4.193820026,2381,2381,train,2,4.293983694902595,3.845222103678945,4.851083534832792,3.9917938663032,4.8717599572018795,4.259395182470004,4.556561940349933,4.21232,4.193820025949263
2382,S. aureus,RWFRIQLQIRRWRNRR,1.204119983,16,4.795880017,2382,2382,train,4,4.732276719585582,5.1087085134254595,4.879478562823069,5.060182779625308,4.930444384099319,4.862164935780001,4.865135765202699,4.8396893,4.79588001705242
2383,S. aureus,RWGKWFKKATHVGKHVGKAALTAYL,1.350671471,25,4.649328529,2383,2383,train,4,4.732276719585632,4.6260838515537515,4.879392878937974,4.750453609316737,4.9682625795003075,4.774980124720002,4.940788178443727,4.6868873,4.6493285290678985
2384,S. aureus,RWKIFKKIPKFLHSAKKF,0.77815125,18,5.22184875,2384,2384,train,7,5.121725992834212,5.250796874419876,4.850955953371642,5.433498889529761,4.94499185432641,5.248429028069999,5.210493762564472,5.254824,5.221848750406484
2385,S. aureus,RWKKWWRWL,0.442273751,9,5.557726249,2385,2385,train,8,5.457899293201287,5.112563088937815,4.955314233783153,5.127987194648697,5.047438957022839,5.501919467009997,5.3936433558525305,5.5250125,5.557726248966014
2386,S. aureus,RWKLLLLLRL,0.17923567,10,5.82076433,2386,2386,train,9,5.720930040938257,4.9315694422775085,4.971898728886583,4.955947085445839,5.032489011950839,5.650594035619992,5.273245627605638,5.699909,5.820764329439956
2387,S. aureus,RWKRWWRLL,0.93314951,9,5.06685049,2387,2387,train,6,4.967055381879224,5.189422649872492,4.937743186540008,5.180043184445399,5.016043528627509,5.2281896049499945,5.326861632654923,5.1393127,5.066850490441328
2388,S. aureus,RWKRWWRRKK,0.77815125,10,5.22184875,2388,2388,train,7,5.12196991661481,4.666875904666782,4.776340443220774,4.666690967692707,4.762085175695708,5.128861085489997,4.972443469372751,5.2197027,5.2218487503509445
2389,S. aureus,RWKRWWRWI,0.610024608,9,5.389975392,2389,2389,train,7,5.289856362843065,5.479098997893763,4.970333035648812,5.489157160461054,5.076041778074961,5.380390030559997,5.410399640537752,5.3924494,5.389975391860073
2390,S. aureus,RWLKKRRWKYYVPP,1.510310732,14,4.489689268,2390,2390,train,3,4.589630281825567,4.360312407367263,4.896929319364243,4.374788647210885,4.905786821716473,4.611756450690004,4.735572452328801,4.5210447,4.489689267994571
2391,S. aureus,RWLLKLGHHGR,1.806179974,11,4.193820026,2391,2391,train,2,4.293776309222082,4.239614394275573,4.605433585966235,4.124635696223458,4.646689674416427,4.453284566270006,4.717787345798551,4.246098,4.19382002601046
2392,S. aureus,RWLLKLGHHGRAPP,2.10720997,14,3.89279003,2392,2392,train,1,3.99275875793425,4.367426085349293,4.573860577972868,4.443478145139632,4.572205366878172,4.015853073700001,4.349257546038884,3.9860425,3.892790030380513
2393,S. aureus,RWRRKWWWW,-0.15490196,9,6.15490196,2393,2393,train,9,6.0550348498534845,5.354178484282413,4.985077255813264,5.4885101687902464,5.089408224344981,5.883897823680002,5.375164284485143,6.0573134,6.154901959430479
2394,S. aureus,RWRRLLKKLHHLLH,0.923921262,14,5.076078738,2394,2394,train,6,4.976233780806078,4.947967626452272,4.880455477484641,5.189099081208922,4.944747359201347,5.110793598729993,5.214018032900855,5.1825504,5.07607873826556
2395,S. aureus,RWRRWKWWL,0.132903353,9,5.867096647,2395,2395,train,9,5.767100709855716,5.736229088648804,4.940902375455339,5.562697518882253,4.9991375256216894,5.694714104169999,5.473968789460441,5.8750167,5.8670966467508725
2396,S. aureus,RWRRWRRWRRWR,0.775479778,12,5.224520222,2396,2396,train,7,5.124366490298393,4.982251267175603,4.885392687967385,5.085905600844466,4.96552028470707,5.1568446317800065,5.087984310440632,5.2350492,5.224520222319842
2397,S. aureus,RWRWRWF,1.428736789,7,4.571263211,2397,2397,train,4,4.671408858099569,4.913345120383099,4.916626466431861,4.96563052944137,4.96121301469829,4.6392668732199915,4.90479204052222,4.581101,4.571263210966241
2398,S. aureus,RWRWRWFGGGFIKHFIHRF,1.091849711,19,4.908150289,2398,2398,train,5,4.8076345029881695,4.717811885958685,5.020620228743636,4.6478149983544945,5.123110486019428,4.893662572539997,4.921678910692863,4.908027,4.908150289072725
2399,S. aureus,RWRWRWFSATFIKHFIHRF,1.368051898,19,4.631948102,2399,2399,train,4,4.7322767153910315,4.888253357817112,5.020676637855122,4.856713679279886,5.129545730224232,4.7480608122700065,4.897840258415477,4.6741476,4.631948101970746
2400,S. aureus,RWRWRWFSGGFIKHFIHRF,1.08684388,19,4.91315612,2400,2400,train,5,4.813114424997448,5.162850323615627,5.02538214384604,5.112729512729989,5.126869641329593,4.899278101929998,4.918360653548682,4.8917856,4.913156119968824
2401,S. aureus,RWRWRWK,1.439332694,7,4.560667306,2401,2401,train,4,4.660835841349792,4.582044348156601,4.831252239796073,4.553357587231435,4.8184710378737945,4.521920873320007,4.627870572076856,4.5682807,4.560667305662215
2402,S. aureus,RWRWRWRW,0.900367129,8,5.099632871,2402,2402,train,6,4.999643954162657,5.318643342700375,4.933343934467126,5.354235666951721,5.03243153802612,5.102106226339997,5.123083633864936,5.117533,5.099632871243578
2403,S. aureus,RWRWRWRWRW,0.556302501,10,5.443697499,2403,2403,train,8,5.343595067841206,5.44151781714661,4.992427886622285,5.440416485060561,5.12714864735486,5.293677411769997,5.235839158265402,5.435833,5.4436974987035205
2404,S. aureus,RWRWWWRVY,0.51851394,9,5.48148606,2404,2404,train,8,5.38172669429249,5.281346380900862,5.044114186578496,5.254243114168758,5.1351843892538955,5.523620111360002,5.4187462378398425,5.4731236,5.481486059975515
2405,S. aureus,RWSVYAYVRVRGVLVRYRRSW,1.722491811,21,4.277508189,2405,2405,train,2,4.37763459418527,4.423258366724893,5.04299774151825,4.363097771843359,5.15888991682103,4.567215717830001,4.905242149298956,4.369401,4.277508189010382
2406,S. aureus,RWWIRIRWH,0.113943352,9,5.886056648,2406,2406,train,9,5.785898620481108,5.0672548619463,4.917825951985741,5.033625277144811,4.970702305270034,5.707718263650008,5.20110879531669,5.7986474,5.886056647895541
2407,S. aureus,RWWKIWVIRWWR,0.630960402,12,5.369039598,2407,2407,train,7,5.269046695373148,5.502236539676037,5.072564374592687,5.536309893826707,5.176939931256996,5.330996571479991,5.314811741983393,5.380311,5.369039598258202
2408,S. aureus,RWWLRRIW,1.096910013,8,4.903089987,2408,2408,train,5,4.802999079666183,4.739145865872731,4.917990294475826,4.655232718832636,4.9227123987245,4.903844804519993,5.06102900626812,4.9095345,4.903089987253025
2409,S. aureus,RWWRKIWKW,0.342422681,9,5.657577319,2409,2409,train,9,5.557422211259067,5.227883525217942,4.946281712575663,5.1922342662391365,5.027840248779337,5.512826308149996,5.270574086772923,5.578583,5.6575773185175855
2410,S. aureus,RWWRRWWRWWRRWWRR,0.698970004,16,5.301029996,2410,2410,train,7,5.2010478662130035,5.498075385011794,5.153863688746715,5.544880671502174,5.354912396919773,5.3118521738600055,5.245762610956102,5.2974186,5.301029997386873
2413,S. aureus,RWWRWWRRWW,1.713524406,10,4.286475594,2413,2413,train,2,4.386587246335763,5.429124650279201,5.063445338325004,5.539105026434171,5.206198223195932,4.588566421780005,4.898409611665803,4.3846755,4.2864755942057915
2414,S. aureus,RWWRWWRRWWRR,0.666309623,12,5.333690377,2414,2414,train,7,5.233927948524327,5.462703916498163,5.034759620295052,5.533312644163103,5.176265385914703,5.314417246249998,5.284182713116902,5.3295393,5.33369037525583
2415,S. aureus,RWWRWWRRWWRWWR,1.72427587,14,4.27572413,2415,2415,train,2,4.375710480144314,5.65597426090387,5.164424971796469,5.672773466568044,5.367580033220368,4.5382552032000065,5.061456919532012,4.307612,4.275724130797715
2416,S. aureus,RWWRWWRRWWW,1.66984781,11,4.33015219,2416,2416,train,3,4.430326006384753,5.439603684781532,5.115286040807086,5.506580551514034,5.27198829273544,4.510721167949998,4.7980912555596,4.3697515,4.330152190795267
2418,S. aureus,RWWVAWRNR,1.973127854,9,4.026872146,2418,2418,train,1,4.126991925918234,4.681630032084212,4.748737463177166,4.704310127993769,4.769382128558015,4.48000627717,4.7519043329498425,4.235243,4.026872146032721
2419,S. aureus,RYRRKKKMKKALQYIKLLKE,2.544068044,20,3.455931956,2419,2419,train,0,3.5560291814240372,4.00360809588956,4.872174159910356,3.967982872317184,4.792877700546379,3.9148945813199947,4.411528909182007,3.5601199,3.4559319560571184
2421,S. aureus,SADQTGMNKAALSPIRFISKSV,1.935232929,22,4.064767071,2421,2421,train,2,4.164771017467955,4.523696926228809,4.51541040646682,4.4448562570396675,4.423502867461495,4.167823601220003,4.2391532800877725,4.071759,4.064767070989593
2422,S. aureus,SAVGRHGRRFGLRKHRKH,1.369215857,18,4.630784143,2422,2422,train,4,4.730984938544008,5.127295310035659,4.607063324881504,5.248419472843849,4.584121015159148,4.746395535570004,4.797465545526895,4.719117,4.6307841431029155
2423,S. aureus,SAVGRHLRRFGLRKHRKH,0.972202838,18,5.027797162,2423,2423,train,6,4.927762999306013,5.1012650580993375,4.697424102674832,5.067122385674535,4.735445577248731,5.088965050560005,4.859405967379832,5.0486856,5.0277971620006605
2424,S. aureus,SAVGRHLRRFLLRKHRKH,0.495544338,18,5.504455662,2424,2424,train,8,5.404001108279872,5.213094881771813,4.770435305182135,5.350457376106355,4.820841671729234,5.3934561821800004,4.9531523551493954,5.485955,5.504455662137238
2425,S. aureus,SAVLRHLRRFLLRKHRKH,0.193124598,18,5.806875402,2425,2425,train,9,5.706254365590599,4.9635612595731295,4.843815083035375,5.027753223536682,4.907562852060678,5.57956844345,5.109049901326538,5.619301,5.806875401596344
2426,S. aureus,SAVWRHWRRFWLRKHRKH,0.795880017,18,5.204119983,2426,2426,train,6,5.104288378942252,5.157872304206979,4.907892385108937,5.100870222199333,5.011183513478714,5.24855137782,5.198085274846234,5.272428,5.20411998321985
2427,S. aureus,SAVWRRWRRFWLRKRRKR,0.795880017,18,5.204119983,2427,2427,train,6,5.104001041593481,5.608470630798492,4.93209754397603,5.410250823907512,5.054948902793547,5.210876131380001,5.223912306276926,5.2441053,5.204119983783449
2428,S. aureus,SAVWRWRRFWLRKRK,0.495544338,15,5.504455662,2428,2428,train,8,5.404570392998579,5.418212207582454,4.886073094929494,5.197656641558829,4.969354765632051,5.33783763289,5.184107617958145,5.382725,5.504455661350832
2430,S. aureus,SFVFKLASKVVPSVFSALTR,2.069068809,20,3.930931191,2430,2430,train,1,4.031101551402782,4.441094579706343,4.823131344320421,4.4914014746960165,4.738162628749767,4.063941794220007,4.408944657374268,3.977743,3.930931191070714
2431,S. aureus,SGIQPEQHSS,2.0,10,4.0,2431,2431,train,1,4.100109739092565,3.9692392645368404,4.0345274173334005,3.9226314659563326,3.809408440321251,3.7134762589499997,3.84227261698863,4.0005774,3.999999999959851
2432,S. aureus,SGKLWWRRKK,1.698970004,10,4.301029996,2432,2432,train,2,4.401215611190008,4.9955174613604285,4.654765166820431,5.077177236371242,4.606323146518663,4.447039712790004,4.719134754974752,4.329379,4.301029996130781
2433,S. aureus,SGKLYYRRKK,2.0,10,4.0,2433,2433,train,1,4.100170760249492,3.9293656002140507,4.633241011271618,3.853594897887427,4.522927533854416,4.25289609644,4.427626383639373,4.084971,3.99999999997456
2434,S. aureus,SGKRWWRRKK,1.698970004,10,4.301029996,2434,2434,train,2,4.400869106514868,4.798792583946314,4.591471348477791,4.898172768122947,4.519819582355273,4.4929951873300045,4.558469156752116,4.274661,4.301029995872741
2436,S. aureus,SHHWLWLW,1.234959093,8,4.765040907,2436,2436,train,4,4.732276719585632,4.772652632947087,4.856889166241735,4.7562703349682005,4.872304631926221,4.739803477990006,4.76085203420449,4.767298,4.7650409069607855
2437,S. aureus,SHKWLWLW,0.93728677,8,5.06271323,2437,2437,train,6,4.962113118727904,5.154387276542186,4.867584716832186,5.13873832544183,4.901503519438305,4.945878794319995,4.831728126185724,5.0310893,5.062713229969639
2438,S. aureus,SIKILKIYFIQGKRHWSF,1.725613697,18,4.274386303,2438,2438,train,2,4.374556910567165,4.64354573814617,4.922646389943332,4.8283849889009725,4.979882900758125,4.504832766410004,4.8608337492888625,4.4045753,4.274386303018155
2439,S. aureus,SILGKLWKGVKSIF,0.6775231,14,5.3224769,2439,2439,train,7,5.222437309909429,4.885568963539991,4.734419018306555,4.8269274602406504,4.788552988064496,5.2345810507900055,4.886643993612726,5.2392144,5.322476899863983
2440,S. aureus,SILPTIVSFLSKFL,1.380211242,14,4.619788758,2440,2440,train,4,4.719954268102181,4.671568899245072,4.789872574014332,4.62042783434452,4.917795906168955,4.635875665220005,4.7731360618466185,4.6201553,4.619788757964404
2441,S. aureus,SILPTIVSFLTKFL,1.397940009,14,4.602059991,2441,2441,train,4,4.702170149796109,4.581447252714666,4.839198880152225,4.54338384556121,4.951545336695807,4.588456365619993,4.743617062935802,4.580453,4.602059991021698
2442,S. aureus,SILPTIVTFLSKFL,1.397940009,14,4.602059991,2442,2442,train,4,4.702160208634872,5.071893714709573,4.792476795523237,4.986819375239744,4.9194234613094165,4.625232612459993,4.756249257698604,4.626283,4.60205999098707
2444,S. aureus,SKSWLWLW,0.956524899,8,5.043475101,2444,2444,train,6,4.94359111976393,4.871986099177653,4.809272100787984,4.929040077001951,4.855614767622119,4.779702203150006,4.579864827921573,4.969356,5.043475100990872
2448,S. aureus,SKVLRHLRRFLHRAHRKL,0.369215857,18,5.630784143,2448,2448,train,9,5.530928177555418,5.095147821484528,4.8531401555370355,5.1804749207898855,4.929920848206981,5.427311229140003,5.077587463496993,5.5951257,5.63078414297082
2449,S. aureus,SKVWRHW,2.0,7,4.0,2449,2449,train,1,4.100164623789723,4.2892366960735835,4.677133480943054,4.3464420955636,4.585777918454851,4.12737234226,4.339710818735232,4.0017896,3.9999999999715277
2450,S. aureus,SKVWRHWRRFW,0.795880017,11,5.204119983,2450,2450,train,6,5.104242488428291,5.2225001087178144,4.854937616190893,5.250139992742232,4.926164882924637,5.072083017559999,5.0952630546500295,5.1103334,5.204119982968642
2451,S. aureus,SKVWRHWRRFWHR,0.495544338,13,5.504455662,2451,2451,train,8,5.40446069488913,4.9203125786024,4.850128344756647,4.918266579999086,4.919673611395223,5.3127683469699996,5.094664467000505,5.399258,5.504455661993918
2452,S. aureus,SKVWRHWRRFWHRAHRKK,0.586587305,18,5.413412695,2452,2452,train,8,5.313253675720244,4.971898961645173,4.87497866793189,5.134169302443583,4.972838189433765,5.346975315039993,5.01397284431136,5.3753996,5.413412695094263
2453,S. aureus,SKVWRHWRRFWHRAHRLH,0.495544338,18,5.504455662,2453,2453,train,8,5.404519099369519,5.303387304303261,4.912202380051458,5.178754591744222,5.0209221987192825,5.38437889535,5.187132908263105,5.466522,5.5044556618493905
2455,S. aureus,SLLSLIRKLIT,1.342422681,11,4.657577319,2455,2455,train,4,4.732276719585632,4.875987469897218,4.709434956954175,4.809401742298867,4.7187484803499435,4.641492611159997,4.580489098255703,4.62911,4.657577318924837
2456,S. aureus,SLSRFLRFLKIVYRRAF,1.096910013,17,4.903089987,2456,2456,train,5,4.8029422188785995,5.02509252823337,4.919208720723233,4.888816511916185,5.089471429597678,4.969160480449994,4.989758948645336,4.9042706,4.903089987159026
2457,S. aureus,SLSRFLSFLKIVYPPAF,1.401110426,17,4.598889574,2457,2457,train,4,4.698746902353447,4.9004385487347495,4.819404085993194,4.821732749218922,4.945452233475066,4.568174907379999,4.742546105755797,4.6139812,4.598889574065019
2458,S. aureus,SLWETIKNAGKGFIQNILDKIR,0.567026366,22,5.432973634,2458,2458,train,8,5.333143471592571,5.339101389080128,4.560280466053108,5.26040130970699,4.542304258399088,5.199263008970003,4.760095010340982,5.349547,5.432973634035976
2459,S. aureus,SLWETIKNAGKGFIQNLDKIR,0.586277288,21,5.413722712,2459,2459,train,8,5.313691325967775,5.078377107979378,4.490190185267055,5.094806350547345,4.468619582201186,5.150874810949996,4.746861589845469,5.3927855,5.413722711942994
2460,S. aureus,SMLSVLKNLGKVGLGFVA,2.301029996,18,3.698970004,2460,2460,train,0,3.7988085453897154,4.328836679899786,4.696032508475434,4.319996494939239,4.712512004819484,4.078595867689995,4.509048898351066,3.7613115,3.6989700040205347
2461,S. aureus,SMLSVLKNLGKVGLGFVAAKIAKQA,2.0,25,4.0,2461,2461,train,1,4.100166307808228,4.815165996996577,4.788988349432378,4.8854537872406,4.844864290990382,4.187020495900001,4.444475689009698,4.0366507,4.000000000247892
2462,S. aureus,SPEEARVKILTAIPEMREEDLSEE,2.0,24,4.0,2462,2462,train,1,4.100090395296393,4.054214254276856,4.384095028554519,4.155140515956175,4.32777002985257,4.23399303109,4.242068693455819,4.0457478,3.999999999989626
2463,S. aureus,SPGRPRPFPGRPKPIFRPR,2.0,19,4.0,2463,2463,train,1,4.099684241868409,4.188722400093588,4.5250802363964295,4.121077368672103,4.458065165931819,4.067985279200001,4.108113988965553,3.9912794,3.9999999999055165
2464,S. aureus,SPRRRTPSPRRRRSQSPRRR,2.0,20,4.0,2464,2464,train,1,4.100164275016546,4.18548874368563,4.554648999678077,4.266224358277986,4.646259802759466,4.18120596588,4.480856562454237,4.0625,3.9999999999604396
2465,S. aureus,SRSEKAGLQFPVGRIGRMLKK,0.823908741,21,5.176091259,2465,2465,train,6,5.075974622418812,4.692019534313556,4.622360915488394,4.738265644390024,4.617579734257141,4.840699095449993,4.483955232315902,5.0702877,5.176091258961767
2466,S. aureus,SRWPSPGRPRPFPG,2.0,14,4.0,2466,2466,train,1,4.100184539318051,3.750934423779007,4.452651580851764,3.861193246956798,4.315523833426719,4.059436623630001,4.133126539928715,3.9669054,4.000000000018886
2467,S. aureus,SRWPSPGRPRPFPGRPKPIF,2.0,20,4.0,2467,2467,train,1,4.100147392248388,4.229406371586197,4.600332168937654,4.293582222303029,4.62971117810481,4.046352561990001,4.220622242865398,3.9907572,3.9999999998881264
2468,S. aureus,SRWPSPGRPRPFPGRPKPIFRPR,2.0,23,4.0,2468,2468,train,1,4.099978258942463,4.116699387310199,4.6506511923843075,4.346225095615504,4.718308365622599,4.117208067910001,4.413217952899536,4.024105,4.000000000349368
2469,S. aureus,SSMKLSFRARAYGFRGPGPQL,1.633263735,21,4.366736265,2469,2469,train,3,4.466576061222637,3.900181641534645,4.658597872374503,3.8449901971054596,4.612966742976414,4.389917746449993,4.214852334668703,4.359859,4.366736264981033
2470,S. aureus,STIGKLVKWIIKTVNKFTKK,0.681241237,20,5.318758763,2470,2470,train,7,5.2186008184310975,4.989746933151843,4.860253087979622,5.052203640664727,4.900360305069083,5.192450549690002,4.9819765290564035,5.3313456,5.318758762978071
2471,S. aureus,STVLTSKYR,0.301029996,9,5.698970004,2471,2471,train,9,5.598811218971145,5.27310748752376,4.577387174395061,5.2653297756910975,4.420981775888856,5.290473030829995,4.947584066650838,5.636478,5.698970003929979
2472,S. aureus,SVAGRAQGM,1.960589401,9,4.039410599,2472,2472,train,1,4.13968390033855,3.2426392071381915,4.294617371896,3.239277530727131,4.051570759551275,3.971684044120003,3.967194317119243,4.0568414,4.039410598958763
2473,S. aureus,SVKKFWGGVKAIFKGARKGLK,1.204119983,21,4.795880017,2473,2473,train,4,4.733674879005293,4.856259912900079,4.7706352731691695,4.890517578774675,4.84947458054502,4.802482161600001,4.876983881674456,4.83467,4.795880017033592
2474,S. aureus,SVPSVGAVLFFKRAAVMKLI,2.079118658,20,3.920881342,2474,2474,train,1,4.020846522564472,4.685959788108484,4.880405292419856,4.790450646509982,4.892766360043172,4.273314194959995,4.49591012849389,3.9936652,3.9208813420614144
2475,S. aureus,SWFKHKSK,1.059147548,8,4.940852452,2475,2475,train,5,4.840969961817924,4.476017389981258,4.508125213623555,4.311389081160865,4.465413863925852,4.805044243840001,4.575149399810116,4.8996897,4.940852451943606
2476,S. aureus,SWFKTKSK,1.199293917,8,4.800706083,2476,2476,train,5,4.732276719585632,4.855101401372723,4.493368073040696,4.840181325504746,4.442755771539043,4.689291491300006,4.455291572135625,4.800725,4.800706082979098
2477,S. aureus,SWKSMAKKLKEYMEKLKQRA,1.74723839,20,4.25276161,2477,2477,train,2,4.3527619636195425,4.540853303063737,4.653524503899398,4.659008626144425,4.5901660035589344,4.371811201309996,4.37426808434019,4.3114123,4.252761609968194
2478,S. aureus,TESYFVFSVGM,2.127871881,11,3.872128119,2478,2478,train,1,3.9722443231852047,4.122683276437586,4.494535059007963,4.038238233803541,4.421954811381263,4.045694757430004,4.212598216582269,3.909133,3.8721281189484236
2479,S. aureus,THIHMNARLLIRSPFTDPQL,2.035192598,20,3.964807402,2479,2479,train,1,4.0642382140225815,3.6621801945173784,4.562741273554628,3.564089100490923,4.31240102375693,4.105276530940002,4.5214082209343776,4.0459037,3.9648074019988413
2480,S. aureus,THSWLWLW,1.947582841,8,4.052417159,2480,2480,train,2,4.152575127259973,4.4580349069601075,4.847661245118684,4.5204405994163,4.864094753966518,4.286908446180002,4.441823050466206,4.0831122,4.052417158962079
2482,S. aureus,TIAMRAINNYRWRSKNQNTFLR,0.176091259,22,5.823908741,2482,2482,train,9,5.723760673815604,5.312245326699434,4.835553930228662,5.130362253922486,4.8394138104153415,5.440460381870006,5.085218060319693,5.716118,5.823908740974898
2483,S. aureus,TKKTKLTEEEKNRL,0.361727836,14,5.638272164,2483,2483,train,9,5.538325222523042,5.28256834657207,4.36458245485306,5.228173768419781,4.03764677408513,5.09730033129,4.973961321233471,5.5570054,5.638272163938734
2484,S. aureus,TKPTLLGLPLGAGPAAGPGKR,0.903089987,21,5.096910013,2484,2484,train,6,4.997067981259972,4.427700232677333,4.455264349338341,4.543593191566658,4.423292908888714,4.873060116160005,4.406746479136703,5.0597377,5.096910012899212
2485,S. aureus,TLKQFAKGVGKWLVK,1.768765206,15,4.231234794,2485,2485,train,2,4.331075876256088,4.254578698786359,4.731612100171696,4.529442512142202,4.7463716254963995,4.395744143799995,4.829194988930412,4.3117375,4.231234794027265
2486,S. aureus,TLLKKVLKAAA,0.477121255,11,5.522878745,2486,2486,train,8,5.422723898628565,4.790011405056761,4.631477347689728,4.751033377885179,4.548794080989294,5.286515305670005,4.575773130155679,5.4149833,5.522878744732013
2487,S. aureus,TLLKKVLKAAAKAALNAVLVGANA,1.027081194,24,4.972918806,2487,2487,train,5,4.872800181938514,4.718097572445081,4.732777672945472,4.738002818091189,4.699610658002034,4.7629497464299995,4.669746875065436,4.959797,4.972918805787611
2488,S. aureus,TMSLRFWRWKVR,1.730631944,12,4.269368056,2488,2488,train,2,4.369211594613838,4.861645932284475,4.8231488068532675,4.844883435702049,4.860426397180622,4.552050323710005,4.828034260102998,4.2993717,4.269368056008736
2489,S. aureus,TPFKISIHL,1.152727708,9,4.847272292,2489,2489,train,5,4.747392040332493,4.929021613189569,4.686953007178675,4.979615517799191,4.591230897322662,4.748120417800008,4.545056429335575,4.8273506,4.847272291976071
2490,S. aureus,TPFKLSLHL,1.303242706,9,4.696757294,2490,2490,train,4,4.732276719585632,5.037249550242385,4.613147247267808,5.059934712955922,4.544420301454306,4.706337228170004,4.60145575819158,4.7052426,4.696757293997517
2491,S. aureus,TRKRLKKIGKVLKWI,1.505149978,15,4.494850022,2491,2491,train,3,4.594696683178467,4.366491524266753,4.818764959559836,4.434695296607348,4.858048719258337,4.6397681439399925,4.880738651773057,4.5485044,4.494850022440574
2492,S. aureus,TRSRWRRFIRGAGRFARRYGWRIA,1.622552704,24,4.377447296,2492,2492,train,3,4.4772892089500935,4.595745039611365,4.88721648971379,4.732351579892498,5.073433615085973,4.568932707510005,4.74562313728473,4.4298005,4.377447296149344
2493,S. aureus,TRSSRAGLQFPVGRVHR,2.123995578,17,3.876004422,2493,2493,train,1,3.976053330862262,4.276215546288534,4.591035465454297,4.176713011594869,4.554249025930225,4.035952063949997,4.21440728236163,3.9614034,3.876004422015599
2494,S. aureus,TRSSRAGLQFPVGRVHRLLRK,1.282219325,21,4.717780675,2494,2494,train,4,4.7315332901155145,4.68278252677975,4.745816938677387,4.672742997744453,4.780285124073758,4.739254278389995,4.934967454322241,4.750766,4.717780675014563
2495,S. aureus,TSFLNELNKYNEKKFI,0.620608674,16,5.379391326,2495,2495,train,7,5.279247323589696,4.797507743212486,4.441101979221001,4.652094215107736,4.248064698636977,5.087072158170003,4.603367292892554,5.3401723,5.3793913259636925
2496,S. aureus,TWLKKRRWKKVKPP,1.538705308,14,4.461294692,2496,2496,train,3,4.561520972455847,4.839721611375444,4.730640711636355,4.893942806661142,4.728288356606734,4.606462308050004,4.4583188791983694,4.4431844,4.461294692091932
2497,S. aureus,TWLPAVIKIQAHWRGYRQRKIYL,0.204119983,23,5.795880017,2497,2497,train,9,5.695998140886976,5.454723511445024,4.984181640181455,5.291643759559446,5.086412649566121,5.493427960019999,5.466917471252545,5.7441483,5.795880016930263
2498,S. aureus,VALNENLLR,3.096910013,9,2.903089987,2498,2498,train,0,3.0032200126849213,3.0195739712653005,4.218830652618241,2.9778795280695247,3.7804012939160594,2.9702631849699954,2.887309874907331,2.895159,2.9030899871296647
2499,S. aureus,VANENLLR,3.397940009,8,2.602059991,2499,2499,train,0,2.7022626801068115,2.608592709103587,4.088514685761016,2.6002708916517214,3.566122240636515,2.702786941420001,2.8270789897243707,2.6411166,2.602059991005276
2500,S. aureus,VDKGRYLEAPTPPRPIYNRN,1.301029996,20,4.698970004,2500,2500,train,4,4.732276719585632,4.692886454163264,4.438419065311244,4.719664444162546,4.368833261968258,4.668631748329995,4.5863677741827935,4.7219124,4.698970004022281
2501,S. aureus,VDKGSYLPRPTPTPRYRPIYNRN,1.301029996,23,4.698970004,2501,2501,train,4,4.732276719585632,5.003956689712675,4.673468259091447,4.99194732346658,4.67806774231716,4.760169241089996,4.797491526775252,4.7339215,4.698970003983896
2502,S. aureus,VDKGSYLPRPTPYSPRPPIYNRN,1.301029996,23,4.698970004,2502,2502,train,4,4.732276719585632,4.685609045249037,4.655465112774437,4.742677665387812,4.646190811836787,4.693676958679996,4.582618534531637,4.7127013,4.698970004020009
2503,S. aureus,VDKPDYRPRPRPPNM,2.176091259,15,3.823908741,2503,2503,train,0,3.9240731386578362,3.823908741009943,4.223003968549621,3.8240475347087615,4.0422078633118526,3.995382173060003,4.181060259331337,3.8646016,3.823908740934033
2504,S. aureus,VDKPPYLPRPRPPRRIYNR,0.621458588,19,5.378541412,2504,2504,train,7,5.2784329837108555,4.677327973305445,4.582734477380645,4.757243708547476,4.579233554400281,5.086235759290002,4.619054126346575,5.2308106,5.378541411916621
2505,S. aureus,VDNANDLLSKVKKDKSD,0.916876777,17,5.083123223,2505,2505,train,6,4.983217682964986,4.612738043091282,4.129976952089018,4.460742336460892,4.105682916580703,4.901769996339991,4.508933032627688,4.9998264,5.08312322294581
2506,S. aureus,VFLGNIVSMGKKI,2.15312283,13,3.84687717,2506,2506,train,1,3.947020673758643,4.03535129145204,4.704782008759355,4.043690274001811,4.805489079540497,4.166638943940008,4.542077493692539,3.946512,3.8468771699826
2509,S. aureus,VFRLKKWMQKVIDRFGG,1.505149978,17,4.494850022,2509,2509,train,3,4.594936578040708,4.237876753713158,4.7764421046088295,4.298730566737063,4.732850009172712,4.624062557939994,4.709297659877989,4.5039234,4.49485002190418
2510,S. aureus,VGALAVVVWKWKWKW,0.397940009,15,5.602059991,2510,2510,train,8,5.502147967182745,5.2799514052021586,4.945584026422016,5.199275595058228,5.016682832579908,5.4812723686899965,5.273951873658558,5.5072575,5.602059989802972
2511,S. aureus,VGALAVVVWKWKWLW,0.698970004,15,5.301029996,2511,2511,train,7,5.201026908820681,5.299022834334403,4.984721697729867,5.273174904485853,5.060228713835259,5.363624253900003,5.231984440903194,5.4011064,5.301029996956831
2512,S. aureus,VGALAVVVWKWLWKW,0.698970004,15,5.301029996,2512,2512,train,7,5.201008407509097,5.194194452514433,4.9858443633212435,5.159759514389153,5.063162312928593,5.326342615220004,5.218157926263504,5.337092,5.301029996920252
2513,S. aureus,VGALAVVVWKWLWLW,0.397940009,15,5.602059991,2513,2513,train,8,5.502178130059824,5.1452359398291065,5.024618081260865,5.109745639748466,5.10670332913683,5.512817309129996,5.178048845818105,5.5070486,5.602059990931068
2514,S. aureus,VGALAVVVWLWLWKW,0.397940009,15,5.602059991,2514,2514,train,8,5.50216283550558,5.214591721663695,5.022065571219234,5.127079542545262,5.100033452370878,5.537804888699994,5.187081119947471,5.5735655,5.60205999038712
2515,S. aureus,VGALAVVVWLWLWLW,0.397940009,15,5.602059991,2515,2515,train,8,5.5022034947619085,4.902883873815868,5.061386087085942,4.844309157595263,5.129471241172261,5.290201930899994,5.113404919272196,5.5494323,5.602059990749873
2516,S. aureus,VGALAVVVWRWRWRW,0.397940009,15,5.602059991,2516,2516,train,8,5.502179118470782,5.333724157555778,4.974925690762526,5.26496101489755,5.067741658525351,5.505347511939996,5.303920819389003,5.597843,5.602059990861055
2517,S. aureus,VGKTWIKVIRGIGKSKIKWQ,0.447158031,20,5.552841969,2517,2517,train,8,5.452502971178836,5.223926385301464,4.810421963150233,5.220182169786972,4.884245829070467,5.414488930599999,4.947166307251574,5.535161,5.552841968905021
2518,S. aureus,VGRIHRHLK,1.079181246,9,4.920818754,2518,2518,train,5,4.820665023152447,4.639357575835456,4.625743847254021,4.787965398960498,4.542362015321711,4.673366399179997,4.316393889476517,4.857872,4.920818753976903
2519,S. aureus,VGVGGGFGR,2.191171701,9,3.808828299,2519,2519,train,0,3.9089250028616576,4.362146064297782,4.486642069138817,4.290296588858752,4.326102672764148,3.9309693452500056,4.074911337451812,3.813931,3.8088282989586024
2520,S. aureus,VIDKAKMESLGITSRDTT,1.200741275,18,4.799258725,2520,2520,train,5,4.732276719585632,4.431777530056229,4.279021399684825,4.541854829156355,4.192709926890392,4.639537388580003,4.613300307114042,4.8041844,4.799258724951584
2522,S. aureus,VINENLLR,3.096910013,8,2.903089987,2522,2522,train,0,3.0032172117499245,3.522555827765258,4.235385145913937,3.6121627383202073,3.8095776105232657,2.9440060147799954,2.9404751664133,2.876149,2.903089987012643
2523,S. aureus,VIPIVSGLLSSLL,0.579621152,13,5.420378848,2523,2523,train,8,5.320532019611592,4.994434262346857,4.739593084094233,5.07205171356531,4.808170673769019,5.139261674119996,4.9869884870381025,5.383094,5.4203788479062744
2524,S. aureus,VIRRRRILAAVV,2.2451077,12,3.7548923,2524,2524,train,0,3.8550623931003596,4.693549509182213,4.820810961942433,4.787535001893723,4.838869097911918,4.098555750929996,4.667448366669303,3.816538,3.7548923000404573
2525,S. aureus,VKGSWSKKFEVIA,2.0,13,4.0,2525,2525,train,1,4.100167429956414,3.7604119361955024,4.45053705231824,3.910427243535671,4.372343006365072,4.2430667820700005,4.213360827008594,4.023862,3.9999999999670544
2526,S. aureus,VKKFPWWWPFLKK,0.747098253,13,5.252901747,2526,2526,train,7,5.152922195570958,5.229843340382652,4.94960453531346,5.184235224735238,5.079802039496644,5.394475532850005,5.31725181480955,5.413624,5.25290174744696
2527,S. aureus,VKKLVYPLKVKLYP,0.948680972,14,5.051319028,2527,2527,train,6,4.951677762264109,4.778333572487872,4.880899916745348,4.750548273200494,4.8582703359811905,4.948731557620005,4.977283678051518,5.036512,5.051319027982082
2528,S. aureus,VKKVYPLKVKLYP,0.404782329,13,5.595217671,2528,2528,train,8,5.495388684388117,4.846626410106333,4.8283453152696065,4.882759143315026,4.794897012044201,5.2652348748,4.905501357468184,5.4733486,5.595217670852363
2540,S. aureus,VKLVKYPKLKVKLYP,1.245957757,15,4.754042243,2540,2540,train,4,4.732276719558002,5.203809691904806,4.874988549074773,5.0117543063320324,4.861964145589268,4.783153837600003,4.894486108356268,4.7872334,4.754042243054007
2542,S. aureus,VKLYPKVKLYP,1.074531201,11,4.925468799,2542,2542,train,5,4.825563271699306,5.035338683612017,4.807916114728557,4.962064045354947,4.774328121124926,4.853674695209994,4.872464030285657,4.897935,4.92546879894837
2545,S. aureus,VKRFKKFFRKFKKSV,1.704772772,15,4.295227228,2545,2545,train,2,4.39510425852175,4.872582118273603,4.852610441310777,4.867498842445204,4.940339174924441,4.370201878679994,4.702459551084592,4.32253,4.2952272277716075
2546,S. aureus,VKRFKKFFRKLKKS,1.554653469,14,4.445346531,2546,2546,train,3,4.5454167028681125,4.276951668827125,4.796864799158463,4.404678241750072,4.865737366130747,4.454635376319996,4.77658709069491,4.4763775,4.445346531243175
2547,S. aureus,VKRFKKFFRKLKKSVK,1.497444502,16,4.502555498,2547,2547,train,3,4.60255456906772,4.512348618959598,4.848230332277845,4.671824447450128,4.940906601229915,4.522486402709998,4.732691717081205,4.462829,4.502555497313038
2548,S. aureus,VKRFKKFFRKLKKSVKK,1.471323859,17,4.528676141,2548,2548,train,3,4.628452780485796,4.516725835068802,4.853003021232413,4.554770157616421,4.94686097697658,4.559285336000003,4.762079386638044,4.52847,4.528676141723809
2549,S. aureus,VKRFKKFFRKLKKSVKKL,1.4561311,18,4.5438689,2549,2549,train,3,4.644018896631591,4.882553880057498,4.898014102178584,4.91983602179112,5.006595298987822,4.609897290270002,4.866612494470239,4.624442,4.54386889993974
2550,S. aureus,VKRWKKFWRKWKKWW,0.313852767,15,5.686147233,2550,2550,train,9,5.586318673005222,5.2558084633433335,5.016099069894646,5.341871828004718,5.168444329374625,5.6053894318099955,5.319482181970923,5.7052226,5.686147233012212
2551,S. aureus,VKRWKKWRWKWKKWV,-0.279871987,15,6.279871987,2551,2551,train,9,6.180220387400403,4.938393271847026,4.975629226363663,5.013903377989684,5.075576017009681,5.789697879079995,5.25032674702899,6.0894732,6.279871985837027
2552,S. aureus,VKRWKKWWRKLKKSV,1.68686134,15,4.31313866,2552,2552,train,3,4.412530430681849,4.732166314618059,4.878340210544926,4.72031023001551,4.980111207334699,4.529547025199996,4.685757805294397,4.401774,4.313138660278269
2553,S. aureus,VKWRWKKWRWKWKWKV,1.617093313,16,4.382906687,2553,2553,train,3,4.483004935195135,5.214553967490487,5.039037479382903,5.317664068356289,5.156904898704733,4.735043034770003,5.1209569234909535,4.468666,4.382906688354936
2554,S. aureus,VKWRWKWKWRWKWKWKV,1.584834302,17,4.415165698,2554,2554,train,3,4.515008612105079,5.498601938650773,5.123671978469106,5.5293234369567,5.312486831374162,4.6196664233900036,4.969761015663527,4.4352593,4.415165697721274
2555,S. aureus,VLHTGYRKFLHRSKRFFHLR,1.62181401,20,4.37818599,2555,2555,train,3,4.478067989414942,4.1509898596541825,4.923364306587814,4.18911448303073,5.022325432615559,4.770219583420003,4.947269130778091,4.487465,4.37818598998702
2556,S. aureus,VLIKTRLFIKRK,0.84509804,12,5.15490196,2556,2556,train,6,5.0547417725229495,4.751940982532087,4.834493940029418,4.7571588459564795,4.8564321914598505,5.070834048150005,5.151846459826872,5.136228,5.154901959785878
2557,S. aureus,VLNANLLR,3.096910013,8,2.903089987,2557,2557,train,0,3.0032227167014014,4.031443852255519,4.513233707961302,4.0833474872752475,4.324343272083613,3.1983022323199966,3.5552936755681115,2.9474459,2.903089987030129
2558,S. aureus,VLNDNLLR,3.397940009,8,2.602059991,2558,2558,train,0,2.702203494758643,3.179164027337584,4.270913515763885,3.2582247338415824,4.04384096857474,2.709109053370001,2.9433497479452937,2.7095423,2.6020599909847064
2559,S. aureus,VLNEALLR,3.096910013,8,2.903089987,2559,2559,train,0,3.0030940642585704,3.694511924242592,4.261844268186793,3.8013635014389147,4.068991633239287,2.9088841806399945,3.0020310124102063,2.8928757,2.9030899870074256
2560,S. aureus,VLNENAAR,3.096910013,8,2.903089987,2560,2560,train,0,3.0032298826146295,3.111914388052101,3.98156165757624,3.1719084071099264,3.432579228716453,2.9192677756999963,2.9995495256040794,2.9138186,2.903089987019788
2561,S. aureus,VLNENALR,2.971971276,8,3.028028724,2561,2561,train,0,3.127873864514453,3.067615658104242,4.086507052504777,3.240811023128674,3.4990166920581056,2.974334682979998,2.843469277394396,2.9203238,3.0280287239695234
2562,S. aureus,VLNENARL,3.038918066,8,2.961081934,2562,2562,train,0,3.061040434656525,2.4282732655493335,4.110485287953161,2.4115363854004,3.5434944055305113,2.952277784569997,2.941602047082824,2.9862916,2.961081933951913
2563,S. aureus,VLNENLAA,2.870403905,8,3.129596095,2563,2563,train,0,3.2295833997418244,3.1089994252087534,4.049892973346449,3.1716658516169804,3.4196626755584205,3.0495388408800013,2.923422179474247,3.0857012,3.129596094953832
2564,S. aureus,VLNENLAR,3.038918066,8,2.961081934,2564,2564,train,0,3.0611453589519044,2.6766756447389897,4.088602451149267,2.600277242104855,3.5181667085074784,2.9438479567699964,2.8125931453996262,2.9176502,2.9610819339688446
2565,S. aureus,VLNENLL,3.096910013,7,2.903089987,2565,2565,train,0,3.003233480043442,2.8181728295034976,4.114052382809588,2.8770069250332506,3.5214460861347994,2.9107147677199943,2.9352846643668165,2.8975267,2.9030899869626214
2566,S. aureus,VLNENLLA,3.096910013,8,2.903089987,2566,2566,train,0,3.0030339984750265,3.2252039244776047,4.154545816980815,3.1135984615846755,3.6220817016600155,2.929786318659995,2.828271808144636,2.9225042,2.9030899870852975
2567,S. aureus,VLNENLLH,3.096910013,8,2.903089987,2567,2567,train,0,3.0032240662996585,3.2449614256635195,4.175556506745784,3.198094484487992,3.684386933537302,2.907961476379994,2.968842598088928,2.9327807,2.903089987013024
2568,S. aureus,VLNENLLK,3.096910013,8,2.903089987,2568,2568,train,0,3.003169973338318,2.5875445720512418,4.177497459858207,2.486591217630949,3.690709481539802,2.901956893109994,2.932339072578573,2.8688264,2.903089987031831
2569,S. aureus,VLNENLLR,3.149932625,8,2.850067375,2569,2569,train,0,2.949949744236041,2.5789259897315606,4.193624640792523,2.5996078272001584,3.721550860043688,2.871875040169998,2.8984753166744617,2.82887,2.8500673748754806
2570,S. aureus,VLNENLRR,3.096910013,8,2.903089987,2570,2570,train,0,3.003262909144864,2.7594760049803653,4.147907540061633,2.663198097259861,3.634375448285987,2.897856715529995,3.005288561778728,2.8984134,2.903089987053876
2571,S. aureus,VLNNLLR,3.006679928,7,2.993320072,2571,2571,train,0,3.0934396004730056,3.418106713621239,4.667018514497688,3.464105187977463,4.49319784778469,3.4652327776600003,3.817556578938378,2.9961574,2.9933200719739914
2572,S. aureus,VLPKVMAHMK,2.0,10,4.0,2572,2572,train,1,4.099913461858609,3.8748539434424467,4.67775085842129,3.9488409105381206,4.607233013038504,4.125684852729999,4.188623589160124,3.9911494,4.000000000035922
2573,S. aureus,VLPLISMALGKLL,1.77815125,13,4.22184875,2573,2573,train,2,4.321762192065224,4.329253361082287,4.709927869004588,4.349812402323982,4.6934361235405575,4.480413486589996,4.658824473151793,4.285148,4.2218487500606425
2574,S. aureus,VLPLVGNLLNDLLGK,1.801918983,15,4.198081017,2574,2574,train,2,4.29821104290155,3.7231061749306686,4.473362491430509,3.8875240499599317,4.354483509097605,4.269691032959995,4.313739996438531,4.173768,4.1980810170028215
2577,S. aureus,VNWKKILG,2.0,8,4.0,2577,2577,train,1,4.100165070453727,4.173541765090501,4.68005712529934,4.128550972562543,4.590077155817564,4.0439175479,3.8864423101415104,3.9976897,3.9999999999421245
2578,S. aureus,VNWKKILGKI,2.0,10,4.0,2578,2578,train,1,4.100063493168022,4.315961645173964,4.700712833070369,4.300251873401219,4.66439268480623,4.177771647720001,4.350569369223547,4.017641,4.000000000019282
2589,S. aureus,VQLRIRVRVIRK,0.892811124,12,5.107188876,2589,2589,train,6,5.007027526914643,5.25454712789802,4.8489055953467375,5.107492261501578,4.878383022526918,5.153857475680002,4.949623522539063,5.152147,5.107188876003644
2590,S. aureus,VQRWLIVWRIRK,0.480689663,12,5.519310337,2590,2590,train,8,5.419238170028457,5.503117800523159,4.948613675727601,5.431574462520152,5.1508537154381635,5.4957984083999945,5.385768239079149,5.479766,5.51931033700915
2592,S. aureus,VQWRIRIAVIRK,1.017192874,12,4.982807126,2592,2592,train,5,4.883174938417549,5.225876920233241,4.846859413125012,5.1846227054386995,4.873464224555767,5.044373858560007,5.104097341534027,5.002858,4.982807125961959
2593,S. aureus,VQWRIRVAVIRK,1.021172092,12,4.978827908,2593,2593,train,5,4.878672800256891,5.129492286339306,4.84083080513424,5.078661716255494,4.8633030452370605,5.0305774264900105,5.04974712912136,4.9970083,4.978827908042192
2595,S. aureus,VRLIVAVRIWRR,0.512321088,12,5.487678912,2595,2595,train,8,5.387111529634891,5.587102180204149,4.91499545980838,5.517009017571796,5.114485486086558,5.478399581279993,5.378750867326341,5.4858637,5.487678911930257
2596,S. aureus,VRLRIRVAVIRA,1.2451077,12,4.7548923,2596,2596,train,4,4.734409172709239,4.510315903980591,4.805141183248468,4.580794646197827,4.812927317412299,4.794947178539997,4.840014811966244,4.779053,4.754892300282671
2598,S. aureus,VRLRIRVAVRRA,0.913400602,12,5.086599398,2598,2598,train,6,4.986718872662655,4.427259206451584,4.767524343758744,4.583637708147048,4.778741200326189,4.931756336419995,4.812699806578021,5.024854,5.086599397821485
2599,S. aureus,VRLRIRVRVIRK,0.383488763,12,5.616511237,2599,2599,train,8,5.516357696057139,4.941370822459615,4.864895100616131,5.010211988447369,4.918941166531386,5.395947741980001,4.9577013932761975,5.5455976,5.616511236602421
2600,S. aureus,VRLWIRVAVIRA,1.537062046,12,4.462937954,2600,2600,train,3,4.562899306867785,4.722069954709719,4.8696301046852275,4.811318523821998,4.892133936086861,4.658499137259996,5.067435488725042,4.5331974,4.4629379542146275
2601,S. aureus,VRRFAWWWAFLRR,0.431756069,13,5.568243931,2601,2601,train,8,5.468532586898123,5.342058980451397,4.9645236828758685,5.315043843290566,5.069728980117211,5.459885432949999,5.302585356267296,5.5238943,5.568243930965657
2602,S. aureus,VRRFAWWWPFLRR,0.328776901,13,5.671223099,2602,2602,train,9,5.571064079727275,5.321655625105869,4.973692464298109,5.279490905224055,5.084041947067511,5.627518297839995,5.426272601010042,5.6322985,5.671223098966797
2603,S. aureus,VRRFGWWWGFLRR,0.943541435,13,5.056458565,2603,2603,train,6,4.9561195671788365,5.117614288947063,4.955459177097976,5.160231606912592,5.056780360732733,5.177634373210006,5.249498459704062,5.1538253,5.056458565025955
2604,S. aureus,VRRFPAAAPFLRR,1.61393086,13,4.38606914,2604,2604,train,3,4.486325540119706,4.557713077289787,4.652352197087725,4.495823806847877,4.651856949382959,4.481438553180005,4.538193910153597,4.4015455,4.3860691399896625
2605,S. aureus,VRRFPFFFPFLRR,0.526477485,13,5.473522515,2605,2605,train,8,5.373688027874318,5.133804202461794,4.943705744045009,5.252126673453827,5.01678343681392,5.505389791550007,5.182468345721385,5.437185,5.4735225151001785
2606,S. aureus,VRRFPWWWAFLRR,0.425686914,13,5.574313086,2606,2606,train,8,5.474159162510589,5.034029805843794,4.973601042018681,5.019280131232751,5.1160301383501885,5.542042172460003,5.3088815986244,5.518087,5.574313085913044
2607,S. aureus,VRRFPWWWPFLRR,0.118671411,13,5.881328589,2607,2607,train,9,5.781222335170448,5.600088897963033,4.982890500849766,5.586730794189843,5.130687185079682,5.752137225350005,5.457971668553046,5.770431,5.881328588729694
2608,S. aureus,VRRFPYYYPFLRR,1.037833343,13,4.962166657,2608,2608,train,5,4.8622851687846875,5.026281085880558,4.94800165345055,4.999368587705702,4.959140302895403,4.9192644937700045,4.962176802260427,4.985334,4.962166656934651
2609,S. aureus,VRRVRKWVRRVLKLV,0.944482672,15,5.055517328,2609,2609,train,6,4.955261710046494,4.873815162261522,4.964464166632184,4.988222657012666,5.045143462894173,5.105762261910003,5.153078132877904,5.0900536,5.055517328133098
2610,S. aureus,VRRYPWWWPYLRR,0.41245668,13,5.58754332,2610,2610,train,8,5.487707636566798,5.446786267783563,4.992662307887042,5.507752933537173,5.11038882871434,5.470394266630004,5.4169238080077085,5.566224,5.587543319966941
2612,S. aureus,VRVKVRVKVRVK,1.62978299,12,4.37021701,2612,2612,train,3,4.470386784955881,4.799292856584101,4.848423430218433,4.799380486200764,4.911329271821038,4.601222222009995,4.7742563854431666,4.3950295,4.370217010075488
2613,S. aureus,VRWRIRVAVIRA,0.90458886,12,5.09541114,2613,2613,train,6,4.995293245699054,5.043693146122399,4.833209068610422,4.961829452571917,4.861051773753526,5.0234304898100035,5.066684933211469,5.088636,5.095411139695419
2614,S. aureus,VTRRRHGV,2.008716805,8,3.991283195,2614,2614,train,1,4.091124354658346,3.4283000528251835,4.505066984546878,3.3379464317705643,4.327544667644364,3.9310722638099973,3.746884143535577,3.9723704,3.9912831949480663
2615,S. aureus,VVKFSYRKGSPAPQKN,2.04429472,16,3.95570528,2615,2615,train,1,4.0556283310108565,4.590411188805393,4.49233792240281,4.648645685606693,4.329392729701188,4.2636890276800035,4.487347505272372,3.995369,3.95570528002659
2616,S. aureus,VWLSALKFIGKHLAKHQLSKL,0.491361694,21,5.508638306,2616,2616,train,8,5.408756429886975,5.482636567539973,4.831860500281756,5.601165265727597,4.907405620280251,5.398730874490006,5.138134980189466,5.3776617,5.508638305963753
2618,S. aureus,VWRHWRRFW,1.397940009,9,4.602059991,2618,2618,train,4,4.702126669359337,5.042737239758635,4.942739691410282,5.091495786844401,5.041333902951568,4.843469367259993,5.108795713895188,4.7337418,4.602059991010138
2619,S. aureus,VWRHWRRFWH,1.096910013,10,4.903089987,2619,2619,train,5,4.80309341794915,5.000843334453144,4.915723073321917,5.0091135512960445,5.004084217822865,4.975203847169994,5.1480486668030485,4.924876,4.903089986993558
2621,S. aureus,VWRKWRRFW,0.795880017,9,5.204119983,2621,2621,train,6,5.103965187879564,4.990575467968454,4.94774412374425,5.032624016156562,5.0557147209570665,5.141126434549999,5.127107937431631,5.1149006,5.204119982137307
2622,S. aureus,VWRKWRRFWKR,0.795880017,11,5.204119983,2622,2622,train,6,5.104018720320466,4.9257602598990555,4.910850989487391,5.160870252645577,5.007527102588436,5.284527445950001,5.3517581593707515,5.26225,5.204119983771662
2623,S. aureus,VWRRWRRFW,1.096910013,9,4.903089987,2623,2623,train,5,4.802678854758166,5.071496953280781,4.957932172364932,5.122252954998482,5.071694465780215,5.0084508271199955,5.095098398629278,4.9646854,4.903089988041533
2624,S. aureus,VWRRWRRFWRR,0.495544338,11,5.504455662,2624,2624,train,8,5.404298510847383,5.160187894952893,4.930070184549986,5.189602601626426,5.0383768689167905,5.440402787240003,5.383686571532756,5.471067,5.5044556612129085
2625,S. aureus,WALRLYLVY,2.0,9,4.0,2625,2625,train,1,4.100004113197426,4.094562476048116,4.977499261640143,4.229792148703404,4.963406678713053,4.217045623890001,4.525780924813077,4.0232115,4.000000000015335
2627,S. aureus,WFKKIPKFLHLAKKF,0.494850022,15,5.505149978,2627,2627,train,8,5.405342311926411,5.222790137075826,4.8786239736989545,5.217942227733319,4.95412728141511,5.461294832310004,5.23300562371626,5.4915204,5.505149977612654
2628,S. aureus,WFKKIPKFLHLLKKF,0.494850022,15,5.505149978,2628,2628,train,8,5.4051288117130545,5.3467756521989225,4.940596248130347,5.52934582429634,5.031271234203131,5.472743158580004,5.30631567031952,5.505585,5.505149980481935
2629,S. aureus,WFKKLLKKALRLWKKVL,0.657809275,17,5.342190725,2629,2629,train,7,5.242357472150168,5.198952329894801,4.991781153728879,5.203227045990737,5.093218828966446,5.350689295440007,5.286481657507173,5.380019,5.342190724548625
2630,S. aureus,WFKMRWWGR,0.462397998,9,5.537602002,2630,2630,train,8,5.4372563032805115,5.138796762684292,4.843101160717338,5.18942001594221,4.866310608051983,5.341959151199994,4.928319603386273,5.459037,5.537602001929609
2631,S. aureus,WFWKLLWKALRLWWKVL,0.527803578,17,5.472196422,2631,2631,train,8,5.3723823233287265,5.567418300463119,5.167549446193433,5.523643724710329,5.326767467866355,5.3252363429100065,5.419671155616551,5.4474607,5.472196421821026
2632,S. aureus,WFWKWWRRRRR,0.230448921,11,5.769551079,2632,2632,train,9,5.669719614348287,5.418423177224946,4.948606693275666,5.53060869962937,5.064348828032452,5.61562416432,5.512881406472517,5.7097373,5.769551079000004
2633,S. aureus,WGEAFSAGVHRLANGGNG,1.852174904,18,4.147825096,2633,2633,train,2,4.247979577633183,3.8309224988231776,4.41156028561681,3.8564105705048313,4.322144638122814,4.200844195520003,4.3902893604795885,4.174963,4.147825095986644
2634,S. aureus,WGIHRILKYGKPS,0.903089987,13,5.096910013,2634,2634,train,6,4.9967514334550485,4.982484792529011,4.6965345352888335,4.787340608404296,4.767758922956654,5.001108950420006,4.964463967934878,5.0179486,5.0969100129642495
2635,S. aureus,WGIRDILKYGKPS,1.176091259,13,4.823908741,2635,2635,train,5,4.732276791861953,5.327794589147402,4.539982626011375,5.029463908753022,4.571281054463471,4.786873445820005,4.810599397737644,4.868518,4.823908740980049
2636,S. aureus,WGIRRILKYGKRS,0.602059991,13,5.397940009,2636,2636,train,7,5.297712641209844,5.230744396681394,4.730874175109381,5.3099678349266455,4.841908861863977,5.2650080569900055,5.136513638663514,5.343948,5.397940009037011
2637,S. aureus,WGRAFRRGVRRLARGGRR,1.429375405,18,4.570624595,2637,2637,train,4,4.67075732470138,5.093346461798176,4.688093273144047,4.978488291193044,4.7669450006891285,4.729216949370007,4.879828688176944,4.5449734,4.5706245949956905
2638,S. aureus,WGRAFRRLVRRLARGLRR,1.332236415,18,4.667763585,2638,2638,train,4,4.732276629029492,5.174189078218732,4.818883052017023,4.985706763963926,4.93217861049581,4.834885616739997,5.071881455870899,4.751857,4.6677635850570365
2639,S. aureus,WGRAFSAGVHRLANGGNG,1.84565606,18,4.15434394,2639,2639,train,2,4.254498421633183,4.382215581445958,4.563280380493201,4.4064460191808745,4.492160184735457,4.231800330929995,4.476568225805154,4.1499047,4.1543439400172755
2640,S. aureus,WGRAFSRGVRRLARGGRG,1.678123662,18,4.321876338,2640,2640,train,3,4.421630600446121,4.671532581120778,4.603817259794175,4.723183200659603,4.6666023873590605,4.407655951219998,4.650319955417099,4.351985,4.321876338025134
2641,S. aureus,WHWRIRKKLR,2.0,10,4.0,2641,2641,train,1,4.1001101587961095,4.441879915252505,4.824761859972777,4.408053743919802,4.890677104862091,4.28065536865,4.87326503454271,4.073958,4.0000000000845235
2642,S. aureus,WHWTWLPKKKRKV,2.397940009,13,3.602059991,2642,2642,train,0,3.7021927103492986,4.30595188199446,4.786674978203708,4.314598612565768,4.852842286752107,4.183793055059996,4.898372240027273,3.815154,3.602059991298406
2643,S. aureus,WHWTWLPRRRK,1.193124598,11,4.806875402,2643,2643,train,5,4.732276692366508,4.36709597897916,4.749823515449626,4.406850960355232,4.811738101160576,4.858979414290002,5.040327777856099,4.8121157,4.806875401820797
2644,S. aureus,WHWTWLRIRKKLR,0.799340549,13,5.200659451,2644,2644,train,6,5.100572912858611,4.779422385361904,4.920981876589113,4.597362382544957,5.015938600402338,5.1306492340199945,5.126278464520563,5.137952,5.2006594508832045
2645,S. aureus,WKIVFWWRR,0.146128036,9,5.853871964,2645,2645,train,9,5.753531168297937,5.579769524248369,4.9988282393314805,5.544012064707687,5.282259733729362,5.704357455239999,5.4076153765450865,5.793565,5.85387196390451
2646,S. aureus,WKKAWKPGAKKWAK,2.028028724,14,3.971971276,2646,2646,train,1,4.071944846503219,4.343242109806626,4.611417064062431,4.366475422223344,4.514884634977438,4.070908332089997,4.483438460511163,4.0539923,3.9719712761016646
2647,S. aureus,WKKILSKIKKLLK,0.495544338,13,5.504455662,2647,2647,train,8,5.404557347292243,5.064761874656727,4.789527422321434,5.067952978362645,4.852489773450426,5.479944141790002,5.210126298959389,5.507977,5.5044556622344905
2648,S. aureus,WKKIPKFLHLAKKF,0.494850022,14,5.505149978,2648,2648,train,8,5.405149376647205,5.159115274094157,4.822608700672706,5.115555333571891,4.876881612509924,5.422218531000006,5.143669228462678,5.4757833,5.505149977150075
2649,S. aureus,WKKIPKFLHLLKKF,0.494850022,14,5.505149978,2649,2649,train,8,5.404578161923089,5.658780926445632,4.888745190041412,5.37663779299457,4.966971051672699,5.482560415480004,5.223130783811722,5.518839,5.505149978312966
2650,S. aureus,WKKIWKPGIKKWIK,1.726998728,14,4.273001272,2650,2650,train,2,4.3731722270562186,5.022579571808762,4.832982973969337,5.221261353097969,4.8847410888109914,4.4928470715199955,4.773448832289532,4.373915,4.2730012723558115
2651,S. aureus,WKKIWSKIKKLLK,0.495544338,13,5.504455662,2651,2651,train,8,5.404309951155812,5.200678136750886,4.837778497622515,5.2027518724626285,4.905192541472325,5.50052159923,5.239732321984192,5.5487895,5.50445566197896
2652,S. aureus,WKKKWLWL,1.703526007,8,4.296473993,2652,2652,train,2,4.396442583673577,5.003750489184892,4.922205817473418,5.009055832866478,4.976813636436424,4.599786596870001,4.761214975795143,4.370061,4.29647399309516
2656,S. aureus,WKKWWKKW,1.795880017,8,4.204119983,2656,2656,train,2,4.303965275980419,4.791944775295171,4.869720178394728,4.819006466992958,4.925068673034312,4.4616765871699995,4.6455471252365825,4.252713,4.2041199839532
2657,S. aureus,WKKWWKKWWK,1.193124598,10,4.806875402,2657,2657,train,5,4.7596967741259775,5.288187171448946,4.919946261762405,5.051616435998295,4.999282170817535,4.977278924280002,5.175827638514179,4.8983865,4.806875403778715
2658,S. aureus,WKKWWKKWWKWWKKWWKK,0.602059991,18,5.397940009,2658,2658,train,7,5.2979256148416844,5.172404982004984,5.142155643231018,5.259080112022043,5.327469817761445,5.3849089314700045,5.130388682479633,5.3924108,5.39794000889775
2659,S. aureus,WKKWWKRRW,0.011814798,9,5.988185202,2659,2659,train,9,5.888304043516768,5.182030519869055,4.840466692688716,5.063810814839781,4.863616976991805,5.71779514336,5.157762150448248,5.875815,5.988185200512346
2660,S. aureus,WKKWWKWWKKWWKK,0.397940009,14,5.602059991,2660,2660,train,8,5.5022244888956,4.95736923336007,5.0384086175450795,5.094966170495138,5.192423933153863,5.4731370494999965,5.430277914398376,5.5890965,5.602059990997342
2661,S. aureus,WKLFKKIPKFLHLAKKF,0.494850022,17,5.505149978,2661,2661,train,8,5.40484035448512,5.338089223814686,4.925857844902293,5.433224985749307,5.012263081328736,5.4616795990800036,5.363532758572807,5.4996524,5.5051499736417275
2662,S. aureus,WKRLVAASAKKK,0.858330877,12,5.141669123,2662,2662,train,6,5.0418860689466785,4.3384974463564125,4.557824744257116,4.203657124003199,4.2710939155652685,4.8822622464099945,4.6733878677284215,5.101146,5.1416691228045055
2663,S. aureus,WKRWWKKWR,0.43778353,9,5.56221647,2663,2663,train,8,5.462378787142921,5.412663953691695,4.872460833597351,5.469887472989763,4.9472197733031456,5.602764616040002,5.155060453851815,5.59264,5.562216470600017
2664,S. aureus,WKSDVRRWRSRY,2.0,12,4.0,2664,2664,train,1,4.100171179392774,4.534811204702672,4.466460268829003,4.53101816172786,4.478254040499408,4.16461503246,4.311311908259708,4.069507,4.000000000052374
2665,S. aureus,WKSYVRRW,2.0,8,4.0,2665,2665,train,1,4.100168051820466,3.984734654455531,4.781585835093335,4.068756236251343,4.794245571865313,4.132977359670001,4.289976734735073,4.0183015,3.999999999987376
2666,S. aureus,WKSYVRRWR,1.806179974,9,4.193820026,2666,2666,train,2,4.2939371221782805,4.400299275145524,4.777101081269511,4.36037085911311,4.797857209974847,4.380631794080006,4.532933226824867,4.2443223,4.193820025967977
2667,S. aureus,WKSYVRRWRS,2.0,10,4.0,2667,2667,train,1,4.100004101681627,3.8985889392037194,4.712638931525406,3.819297801801578,4.725397480894662,4.14333119374,4.354108201440523,4.057861,4.000000000046972
2668,S. aureus,WKSYVRRWRSRY,1.505149978,12,4.494850022,2668,2668,train,3,4.594746275522631,4.2377424868542795,4.768068549940758,4.376147703474509,4.806625386993544,4.572580175139996,4.640619040238536,4.5186763,4.494850022029467
2669,S. aureus,WKTLLKKVLKAAA,0.954242509,13,5.045757491,2669,2669,train,6,4.94581540438816,5.218434747275869,4.7191115991469355,5.021214715005816,4.6937048077496675,4.995176242720004,4.858851973905576,5.0204816,5.045757491124826
2670,S. aureus,WKWKPGKWKW,1.380211242,10,4.619788758,2670,2670,train,4,4.719934360091098,4.624572730206949,4.704229967747783,4.629726837893749,4.712689008863421,4.578880454860007,4.644760948264476,4.607771,4.619788758328573
2671,S. aureus,WKWKWKPGKWKWKW,0.602059991,14,5.397940009,2671,2671,train,7,5.297908818476727,5.087323102742992,4.874177615028851,5.23107144392366,4.96678583704466,5.1945099993700055,5.065562643936663,5.3613353,5.397940008358939
2672,S. aureus,WKWKWKWKPGKWKWKWKW,0.477121255,18,5.522878745,2672,2672,train,8,5.422962777931346,5.80345786131438,5.018439583599962,5.625472152142625,5.174855943408779,5.325400311250003,5.149392351619577,5.4864154,5.522878745017513
2673,S. aureus,WKWKWKWKWKPGKWKWKWKWKW,1.301029996,22,4.698970004,2673,2673,train,4,4.732276719796509,5.2543846808311985,5.149689818608213,5.3369949327657515,5.37558589341725,4.865947902459996,5.087159864681718,4.7193556,4.6989700040332005
2674,S. aureus,WKWLKKWIK,1.096910013,9,4.903089987,2674,2674,train,5,4.802932845671382,5.008745607431826,4.89855609128231,5.0122275497112305,4.965748606827019,5.022628286099995,5.017315041155142,4.9295115,4.903089987171918
2675,S. aureus,WKWRVRVTI,0.431363764,9,5.568636236,2675,2675,train,8,5.468837741707695,5.2045677553313086,4.871750893476799,5.137630677210407,4.918295234658999,5.229427318829993,4.777246538246528,5.519097,5.568636235933256
2676,S. aureus,WKWWKKWWKK,0.698970004,10,5.301029996,2676,2676,train,7,5.200898165437736,4.894564823819103,4.919642739794703,4.9114764592122935,4.9984890479356245,5.242074482170006,5.205733493330935,5.2325387,5.301029992860285
2677,S. aureus,WLGALFKVASK,1.913827383,11,4.086172617,2677,2677,train,2,4.185951974132745,4.113660957671954,4.585736857470524,4.137516851501954,4.333202908003843,4.1221437442899935,4.129398997708027,4.073842,4.0861726168248635
2678,S. aureus,WLGSALKIGAKLLPSVVGLFKKKKQ,0.903089987,25,5.096910013,2678,2678,train,6,4.996754263273472,5.412667496860946,4.873882455137224,5.377133592262496,4.974367072990539,5.035985888430006,5.002418152257749,5.1316743,5.096910013012119
2679,S. aureus,WLLKRWKKLL,1.380211242,10,4.619788758,2679,2679,train,4,4.719959605786419,5.507163660733873,4.917892145257859,5.53013118193556,4.97029777059411,4.8030352997500065,5.129672820969171,4.700235,4.619788758607189
2682,S. aureus,WLRRIGKGVKIIGGAALDHL,1.46899925,20,4.53100075,2682,2682,train,3,4.630878450338534,4.479966501497671,4.615242262402864,4.508489485569779,4.60860709129292,4.6433052581099945,4.704770547920602,4.6064615,4.531000749944654
2683,S. aureus,WLRRIKAWLRR,1.220510399,11,4.779489601,2683,2683,train,4,4.732467614154559,4.9595865518885835,4.850606493364244,4.9698640342723195,4.905318162085092,4.955192291440005,5.014285668487471,4.8252373,4.7794896012304955
2684,S. aureus,WLRRIKAWLRRIKA,0.538390911,14,5.461609089,2684,2684,train,8,5.3617805664488865,5.1586123708321,4.866496227508831,5.167154978749413,4.926286449546571,5.263301252039996,5.164461622015444,5.3551764,5.46160908877415
2685,S. aureus,WMQKVIDRFGG,2.10720997,11,3.89279003,2685,2685,train,1,3.992991568922969,3.7283071250508826,4.567238527835721,3.7578892373338744,4.454708532644914,4.033448571700001,4.0103014618387025,3.8963587,3.8927900299088365
2686,S. aureus,WPSPGRPRPFPGRPKPIFRPR,2.0,21,4.0,2686,2686,train,1,4.100128867823528,4.134487519520057,4.619570656495934,4.058149586431804,4.673919910474342,4.214832908769999,4.439615093945571,4.058103,3.9999999999272187
2689,S. aureus,WRKAWRPGAKRWAK,1.873126764,14,4.126873236,2689,2689,train,2,4.226769489522542,4.0985707808028335,4.636062481608906,4.22493190962294,4.552995357172518,4.155352205089996,4.530616233484181,4.1010942,4.126873235985715
2690,S. aureus,WRKFWKYLK,-0.096910013,9,6.096910013,2690,2690,train,9,5.99705110855266,5.814780348059866,4.914523234366918,5.825578999687547,4.967505532235335,5.866950817850002,5.283506459633918,5.9787493,6.096910012943571
2691,S. aureus,WRKIWRPGIKRWIK,1.505149978,14,4.494850022,2691,2691,train,3,4.594967896233629,4.906385675152964,4.857478458977551,5.175573284504952,4.922460027413802,4.579960280509995,4.867291900007984,4.5108232,4.49485002222198
2692,S. aureus,WRKLWRGGLKRWLK,0.970036777,14,5.029963223,2692,2692,train,6,4.9299511202462245,4.430894822533284,4.826085777873834,4.662478939337073,4.908803988425912,4.988145022119995,4.903515817788856,5.0211945,5.029963223048585
2695,S. aureus,WRKWRKRWWWRKWRKRWW,0.84509804,18,5.15490196,2695,2695,train,6,5.055067634657794,5.410159947213415,5.11559165314329,5.254884089488472,5.2798736122754,5.266724981480004,5.34141034497597,5.2233357,5.154901960570719
2696,S. aureus,WRNGRWWRNGRWWRNGRW,0.301029996,18,5.698970004,2696,2696,train,9,5.598815144514455,5.278772003900638,4.825276010171842,5.295659852728615,4.898618050555347,5.447553140309996,5.099145463312307,5.626093,5.698970003905464
2697,S. aureus,WRPGRWWRPGRW,0.84509804,12,5.15490196,2697,2697,train,6,5.054770010836158,5.09792943680098,4.665228376687715,4.988201067118372,4.707063754605607,5.033097691500003,4.991093608794553,5.1293015,5.1549019600340955
2698,S. aureus,WRPGRWWRPGRWWRPGRW,0.301029996,18,5.698970004,2698,2698,train,9,5.598945808213543,5.225947496963483,4.815663661704095,5.121585460239424,4.936825309663878,5.456532858109997,5.19810113341613,5.6571193,5.698970003896563
2699,S. aureus,WRPGRWWRPGRWWRPGRWWRPGRW,0.477121255,24,5.522878745,2699,2699,train,8,5.4230423930371945,6.00905595529842,4.962808155570955,5.910656201224661,5.137197752158241,5.392453353910006,5.364464747643776,5.512008,5.5228787448821945
2700,S. aureus,WRRRRRRRR,1.342671961,9,4.657328039,2700,2700,train,4,4.735889332316415,4.980045241746692,4.602938576447855,5.004138053207768,4.564071459079457,4.726274041219997,4.644271810611965,4.721694,4.657328039891943
2701,S. aureus,WRRRYRRWRRRRRWRRRPRR,0.193124598,20,5.806875402,2701,2701,train,9,5.707046638107393,5.584583640660227,4.939463067899672,5.664839331666331,5.079799348099427,5.34423019763,5.260029784710045,5.7582855,5.806875401917145
2702,S. aureus,WRRWWRRWWRWWRRWWRR,0.903089987,18,5.096910013,2702,2702,train,6,4.9968438954907395,5.567007959909848,5.210855899148562,5.586584035705435,5.434884997556333,5.258581214500007,5.377689491879928,5.159349,5.096910016087579
2703,S. aureus,WRRWWRWWRRWWRR,-0.301029996,14,6.301029996,2703,2703,train,9,6.20106336011213,5.38326316897826,5.097749132227378,5.451256273590885,5.28614272645755,5.886874536190004,5.579290008765357,6.1403503,6.301029988719865
2704,S. aureus,WRWKWRWK,1.671515722,8,4.328484278,2704,2704,train,3,4.428325360256142,5.078700121875742,4.911540967582708,5.098923021773556,5.011749134368348,4.583038896420004,4.982024086706799,4.3581824,4.328484278410448
2705,S. aureus,WRWWKIWKR,0.162433055,9,5.837566945,2705,2705,train,9,5.736958453714463,5.908714643010457,4.950019055358681,5.875328921994241,5.049775090034317,5.6161337272399985,5.299879653670839,5.7608514,5.837566944455839
2706,S. aureus,WRWWRRWWRR,0.397940009,10,5.602059991,2706,2706,train,8,5.502162356867398,5.340682372218885,4.968628838841579,5.321446102516784,5.075912305062811,5.502111913909996,5.270485397850992,5.5538673,5.602059993703764
2707,S. aureus,WWHSWWSTW,1.962904297,9,4.037095703,2707,2707,train,1,4.1369794696820925,4.528730778150553,4.8514337937411245,4.482694388814512,4.909933130871426,4.3392819079499985,4.360215262799527,4.048477,4.037095702974275
2708,S. aureus,WWKDWWERW,2.529406009,9,3.470593991,2708,2708,train,0,3.5705074330652233,3.8032984207814056,4.544848622980443,3.8418331311495377,4.526224784767765,3.8389743922099937,3.9804301205680646,3.5659897,3.470593990982938
2709,S. aureus,WWKKWWKK,1.447158031,8,4.552841969,2709,2709,train,4,4.652845929585807,4.290239185210787,4.848802760861594,4.29963999755612,4.870410084064045,4.605464993919998,4.6449661676817025,4.545381,4.552841969026892
2710,S. aureus,WWKRWKKLRRIFLML,0.26746166,15,5.73253834,2710,2710,train,9,5.63265775332502,5.097374669063065,5.069322257354388,5.091036468705831,5.196229375299446,5.548223165600006,5.431982116583068,5.6367216,5.732538340050674
2711,S. aureus,WWKRWKRIRRIFMMV,0.562101976,15,5.437898024,2711,2711,train,8,5.337855543028259,5.337397055764614,5.0795195693831845,5.2908751292598595,5.2027999440246155,5.402841720759998,5.300099350559756,5.4410214,5.437898023948062
2712,S. aureus,WWKWWKRLRRLFLLV,0.864332406,15,5.135667594,2712,2712,train,6,5.0355118442735325,5.123982271070507,5.136440367284553,5.24674763742243,5.307485612796225,5.194426240779995,5.343827950918284,5.2016234,5.1356675941953345
2713,S. aureus,WWRLRRIW,1.096910013,8,4.903089987,2713,2713,train,5,4.803020480205113,4.775071518106076,4.9591961442596295,4.8115806757033734,5.044076166976589,4.965149652809993,4.996238614696816,4.9160376,4.903089987127642
2714,S. aureus,WWRRRRRRRR,0.739419662,10,5.260580338,2714,2714,train,7,5.1606991381593765,5.131427281032052,4.714944765864428,5.128515410801947,4.721638087826902,5.174109078530003,4.885807188053035,5.226406,5.260580336804606
2715,S. aureus,WWRRWWRR,0.903089987,8,5.096910013,2715,2715,train,6,4.996842405535369,4.722624039366997,4.891713885306776,4.714522635217809,4.937339649398052,5.058222235430006,4.972820895741361,5.1190715,5.09691001344876
2716,S. aureus,WWSYVRRWRSR,0.903089987,11,5.096910013,2716,2716,train,6,4.997059492090261,4.184938110827929,4.812525627598626,4.107986130145767,4.876635115613504,4.999445013480007,4.884274950038781,4.9658184,5.096910012946437
2717,S. aureus,WWSYWWTQW,1.942015054,9,4.057984946,2717,2717,train,2,4.1579434466565255,4.610680168620109,4.977305288892543,4.69122644223599,4.9918987807845205,4.4131538960699945,4.497059243955929,4.0845795,4.057984945947418
2718,S. aureus,WWVAARAARR,1.301029996,10,4.698970004,2718,2718,train,4,4.732276719585632,4.419381441571525,4.656551235428157,4.479424651337578,4.622223303702352,4.632261214249996,4.590119460314624,4.6599402,4.698970003984152
2719,S. aureus,WWWLKKIW,1.096910013,8,4.903089987,2719,2719,train,5,4.803208815429851,5.240596150449727,5.02219213218026,5.236767088071756,5.099413444979733,4.929568305349994,5.093163925093973,4.933929,4.903089987149275
2721,S. aureus,WWWLRKIW,0.794720352,8,5.205279648,2721,2721,train,7,5.105482452192951,4.90151190168513,5.031020158325041,4.865158811366858,5.111181651528261,5.085608432659993,5.074674454510817,5.1400237,5.205279647815823
2722,S. aureus,WWWLRRIR,1.096910013,8,4.903089987,2722,2722,train,5,4.803211201993935,5.086899514333916,4.961993666010128,5.083691233775383,5.051386275466493,4.989286300769993,4.9981593823908685,4.931535,4.903089987002174
2724,S. aureus,WWWLRRRW,0.491361694,8,5.508638306,2724,2724,train,8,5.408796288937899,5.016973061778205,4.9832262342487565,4.977959169312347,5.075730208052571,5.341751739320005,5.179062490815714,5.449203,5.508638305679224
2726,S. aureus,WWWRRRIW,1.096910013,8,4.903089987,2726,2726,train,5,4.802940780804038,5.277618658745448,4.967362640322404,5.173807991403367,5.0342775928509935,5.008650061569996,5.0191326506094605,4.9427624,4.9030899870329865
2727,S. aureus,WWWRRRRRRRR,0.738468166,11,5.261531834,2727,2727,train,7,5.1618678738122465,5.209702412715307,4.810428437683572,5.216029321146245,4.854036216405872,5.240601324739997,5.078307926394504,5.2770014,5.261531833797706
2728,S. aureus,WWWWRRRRRRRR,0.650541042,12,5.349458958,2728,2728,train,7,5.249624922626983,5.437605182222602,4.894739701816107,5.452385888099267,4.9990721575064745,5.289289830140006,5.3202624074546625,5.3813066,5.349458958846948
2729,S. aureus,WWYNWWQDW,2.531783509,9,3.468216491,2729,2729,train,0,3.568058252622183,3.892596296065726,4.655030227314095,3.903852785151817,4.608524459824413,3.8363845899700033,3.942429077168063,3.5037842,3.468216490948501
2730,S. aureus,YKFRWRIYI,0.462397998,9,5.537602002,2730,2730,train,8,5.4370066428598065,5.445993958710254,4.980365130719766,5.42148772223725,5.0091259734552676,5.295238310889997,5.3475514416674805,5.560839,5.537602001975526
2731,S. aureus,YKLLKKLLKKLKKLLKKL,1.126873236,18,4.873126764,2731,2731,train,5,4.772973167874964,4.993332235227444,4.970528295646744,4.938273595782478,5.0472219388019095,4.886876408890004,4.95190483069875,4.846833,4.873126763976786
2738,S. aureus,YKLLKWLLLKLKALLEKL,1.430456347,18,4.569543653,2738,2738,train,4,4.669707928016547,5.111697757819501,4.911205468167363,5.238786959938991,4.87082842444011,4.698726814229996,5.1582854701891785,4.6231127,4.5695436531228175
2739,S. aureus,YKWKIRFKR,0.612783857,9,5.387216143,2739,2739,train,7,5.286598241083238,5.412165692863866,4.813422262070204,5.15946694695144,4.819996642096097,5.173245567799995,4.849024785093529,5.369232,5.3872161429203285
2740,S. aureus,YPELQQDLIARLL,0.712148839,13,5.287851161,2740,2740,train,7,5.187923906551945,4.580775970606282,4.319457024329338,4.491963750248428,4.2670399962565275,4.981866412559997,4.7662899967576315,5.2623634,5.287851160947002
2741,S. aureus,YPLKVKYPKLKV,2.329265833,12,3.670734167,2741,2741,train,0,3.7705883979922312,4.205480462303863,4.753652794745747,4.3727306599580755,4.702651343761349,3.8979355351599967,4.430850348002434,3.713032,3.67073416714781
2742,S. aureus,YPLPFIP,1.169527792,7,4.830472208,2742,2742,train,5,4.732276719585632,4.402641754083974,4.640090516579303,4.395187088613193,4.512746755297822,4.564048055310002,4.479031318624424,4.8122134,4.830472207940482
2743,S. aureus,YPVKLKYPKVKL,2.254201153,12,3.745798847,2743,2743,train,0,3.8455715785666644,3.852895729576526,4.779044890801252,4.008401617574638,4.715840830636766,3.8867859780400007,4.063096769776935,3.7281926,3.7457988469543255
2744,S. aureus,YQWQRRMRKL,2.488550717,10,3.511449283,2744,2744,train,0,3.6116144121385974,3.809159870628287,4.800641460133285,3.8267810325213922,4.763343703941462,3.8723889578899975,4.353736889776819,3.5542095,3.5114492829573996
2745,S. aureus,YRLRVKWKW,0.988588034,9,5.011411966,2745,2745,train,6,4.911531293047598,4.598199162392189,4.90812520216182,4.5137740852744574,4.959169504934488,4.9984561243000085,5.088876278336714,4.999468,5.011411966074675
2746,S. aureus,YRWARWWRR,0.541924787,9,5.458075213,2746,2746,train,8,5.358054604994145,4.734693948941046,4.856290838993628,4.63341234667013,4.891211799613418,5.195373988599994,4.989027140874503,5.3593216,5.458075212867075
2747,S. aureus,YRWWRWARRW,1.72427587,10,4.27572413,2747,2747,train,2,4.375869777100813,4.716444619872458,4.937182630027838,4.837068879673078,5.013417801275986,4.646349842980005,5.094878591835956,4.3722444,4.275724130271114
2748,S. aureus,YRWWRWARRWYRWWRWARRW,1.72427587,20,4.27572413,2748,2748,train,2,4.3758416392771995,5.18325679817342,5.2148557506684465,5.119249503761875,5.429041060729239,4.572927005470006,5.125859009783625,4.292126,4.275724129913305
2749,S. aureus,YSKSLPLSVLNP,1.60723838,12,4.39276162,2749,2749,train,3,4.4927656972585694,4.080729483044653,4.501656833767757,4.173069785847166,4.371967631558507,4.390554148579995,4.198464571691985,4.3352723,4.3927616199433395
2750,S. aureus,YSLQMGATAIKQVKKLFKKKGG,0.819543936,22,5.180456064,2750,2750,train,6,5.0801350382330765,5.6689325643955355,4.770216115193381,5.463843759409635,4.80351225688981,5.029801119569999,4.881098483065405,5.0629406,5.180456063963999
2751,S. aureus,YVLAKRKRAIFI,2.301029996,12,3.698970004,2751,2751,train,0,3.7990912189827193,4.001268828005389,4.837799507347602,4.212483561687201,4.858142504478082,3.937618746759995,4.464060262947819,3.7025242,3.6989700040708646
2753,S. aureus,YVLLKRKRLIFI,2.301029996,12,3.698970004,2753,2753,train,0,3.7988089420147464,4.362426128132593,4.988198431974044,4.521847278219306,5.050452333024225,4.177716874549996,4.837896711368962,3.8217888,3.698970004043276
2755,S. aureus,YVPPVQKPHPNGPKFPTFP,2.124830149,19,3.875169851,2755,2755,train,1,3.9753341260165467,4.088423129374844,4.668923935847045,4.002156533318083,4.604083673478989,4.013847762800005,4.078935538505009,3.914554,3.8751698509928554
2756,S. aureus,YWKKWKKLRRIFMLV,0.58177279,15,5.41822721,2756,2756,train,8,5.318339504358288,4.663599950566072,5.051372769475613,4.613839849920843,5.15160309349108,5.35495911006,5.289243071552915,5.4201083,5.41822720991477
