,bacterium,Sequence,value,length,Activity,Idx,ID,dataset,label_binned,SVM-pred,LR-pred,L1-pred,L2-pred,ElasticNet-pred,RF-pred,GB-pred,XGBoost-pred,GP-pred
0,S. aureus,AAGMGFFGAR,1.404833717,10,4.595166283,0,0,train,4,4.695225009097262,3.862910838320288,4.410499124714052,3.8348671539701176,4.278027612846111,4.407022349280007,4.053254480234138,4.5336814,4.595166282960966
1,S. aureus,AAHHIARPIVHVGKTIHRLVTG,1.806179974,22,4.193820026,1,1,train,2,4.293922612784998,4.475504482800917,4.789460341716117,4.710438195437685,4.88346308061032,4.448261869980008,4.564587999814369,4.2575746,4.193820026225938
2,S. aureus,AAKHAAHRA,2.729534801,9,3.270465199,2,2,train,0,3.3701861335286445,3.499292215711474,4.307951683516165,3.5327663439227868,4.129410567280636,3.5804975025799997,3.6485478388610666,3.284236,3.2704651989686693
4,S. aureus,ADADDDDDK,3.255272505,9,2.744727495,4,4,train,0,2.844627643825474,2.7835100124682315,3.5616192927455557,2.879172477903288,3.3192987551493234,2.9752518103800014,3.1367485426568043,2.785656,2.744727494957308
8,S. aureus,AFKMALKLLKKVL,0.511883361,13,5.488116639,8,8,train,8,5.388005452343134,5.099205690672641,4.8459917530759515,4.9987255893985045,4.843407056358156,5.28951120264,5.048815172870657,5.4374795,5.4881166388633105
9,S. aureus,AGLQFPVGRIGRLLRK,1.22184875,16,4.77815125,9,9,train,4,4.732277068946137,4.930513262679472,4.6847816715199,5.063404416911535,4.696697667088949,4.804720673500002,4.791241240203071,4.7892375,4.778151250187235
14,S. aureus,AGYLLPKINLKPLAKLPKKIL,1.739487737,21,4.260512263,14,14,train,2,4.360541967106977,4.949942596907696,4.777376493755573,5.0602372585367155,4.817103962656773,4.399035355710005,4.740043357125371,4.3028502,4.260512263232718
15,S. aureus,AIFIFIRWLLK,1.204119983,11,4.795880017,15,15,train,4,4.732277062910382,5.136024494452605,4.986764856273787,5.09322924197472,5.031424082146588,5.052727767090001,5.029652115031268,4.8142805,4.795880016941452
16,S. aureus,AIFIFIRWLLKLGHHGRAPP,0.301029996,20,5.698970004,16,16,train,9,5.5987946572556755,5.682414693210713,4.849994886628345,5.531566812750362,4.936391756829444,5.373897329389995,5.121218804063685,5.6404066,5.698970003831514
22,S. aureus,AIHDILKYGKPS,1.0,12,5.0,22,22,train,6,4.900094025073368,4.806368585028403,4.351782243535576,4.931460162217999,4.372381060860499,4.83258639378,4.603729193747283,4.8876724,4.9999999999763425
23,S. aureus,AIHKLAHKLLKKLLKAVKKLAK,1.397940009,22,4.602059991,23,23,train,4,4.70217357777293,5.073594506038779,4.887273171628309,4.9859749747689,4.944863183588566,4.648499256299994,4.953982943067027,4.659719,4.602059990950714
24,S. aureus,AIHKLAHKLLKKLLRAVKKLAN,1.477121255,22,4.522878745,24,24,train,3,4.622700805804774,5.044812328855272,4.875926412316804,5.088729045277038,4.91648262704721,4.579492023860006,4.862750967978327,4.5419683,4.52287874507645
25,S. aureus,AIHKLAHKLLKKTLRAVKKLAN,1.477121255,22,4.522878745,25,25,train,3,4.623045203411514,4.6867751565548055,4.836205413590071,4.63247061276938,4.875688162008718,4.5260070693000065,4.878608223400449,4.5248036,4.522878744970621
26,S. aureus,AIHNLAHKLLKKLTRAVKKLAN,1.740362689,22,4.259637311,26,26,train,2,4.359716685567108,4.1871941242028505,4.804167747705144,4.104115616044766,4.833015506856575,4.422272655770003,4.9445475785685495,4.3163023,4.259637311039305
27,S. aureus,AILTTLANWARKFL,1.597969275,14,4.402030725,27,27,train,3,4.501906818636519,4.580452594495539,4.755703583930458,4.529280230608022,4.730637946654386,4.656699067799995,4.831326212479457,4.476214,4.40203072502992
28,S. aureus,AINPKSVQSLL,2.301029996,11,3.698970004,28,28,train,0,3.7988049877742194,3.610909121564344,4.5002775426830315,3.5932818769057144,4.368383126181328,3.878113331689996,3.8947003349021747,3.7125518,3.6989700040312115
31,S. aureus,AIPWSIWWHLLFKG,0.822821645,14,5.177178355,31,31,train,6,5.077081806739544,5.159891419345435,4.898648910956401,5.321884293823779,4.968324052708751,4.9906933731200045,4.973656751783585,5.1173067,5.177178354999658
32,S. aureus,AIPWSIWWRLLFKG,0.77815125,14,5.22184875,32,32,train,7,5.122001734392655,5.239414487711314,4.914229905159132,5.374582411191335,5.001730989518319,5.100560142139998,4.99000648015747,5.1922317,5.2218487500519215
33,S. aureus,AIRRWRIRK,1.534986227,9,4.465013773,33,33,train,3,4.564783950893076,4.109160827339277,4.679525507551484,3.989746609556321,4.561067559960746,4.515010241180003,4.591818612805566,4.508072,4.465013772990639
34,S. aureus,AKAKAYPAKAKAYP,2.13142941,14,3.86857059,34,34,train,1,3.968740451504485,3.982333288224801,4.497426336018601,3.848843973295542,4.2706646500515255,4.0607687366399965,4.057690174953998,3.8867,3.8685705899207155
35,S. aureus,AKHQGLPQE,3.397940009,9,2.602059991,35,35,train,0,2.7019541770123796,2.7470831388497365,3.9047314745159127,2.8626792455756753,3.332600252332743,2.763906093070001,2.7418502599243975,2.6537104,2.602059991138145
36,S. aureus,AKKFFKKPRVIGVSIPF,1.122180125,17,4.877819875,36,36,train,5,4.777704475979457,4.7659103393386975,4.793070131100885,4.72064556513746,4.812105932881481,4.79354785102,4.635751683870375,4.8382564,4.877819875014862
37,S. aureus,AKKFGKAFVKIL,2.153062243,12,3.846937757,37,37,train,1,3.9467920125669016,3.92710617163936,4.702704164578865,3.938056940358226,4.67235491008066,3.923826590089998,4.126153093260413,3.8284526,3.84693775704881
38,S. aureus,AKKIRVRLSA,1.748738073,10,4.251261927,38,38,train,2,4.351366018209029,4.243146815665629,4.534791458683078,4.274925261308525,4.404264925020545,4.240886620989993,4.060991498656455,4.21621,4.251261927061882
39,S. aureus,AKKVFKRLEKLFS,2.0,13,4.0,39,39,train,1,4.100166975929504,4.281255091471654,4.633113763927714,4.268508007859441,4.539831723579093,4.2378897874299994,4.531895228785774,4.070907,3.9999999999083764
40,S. aureus,AKKVFKRLEKLFSKI,2.0,15,4.0,40,40,train,1,4.099855837588901,4.6090942688005025,4.682300224844188,4.556926332349678,4.633964094782862,4.132869971820001,4.720879624846629,4.081255,4.000000000485924
42,S. aureus,AKKVFKRLEKLFSKIQN,2.0,17,4.0,42,42,train,1,4.100133151570771,4.20894157056098,4.684500974723985,4.121703014523661,4.624154927700739,4.201016594180001,4.4588255684717,4.0644116,4.00000000001033
48,S. aureus,AKKVFKRLEKSFSKIQNDK,1.714462064,19,4.285537936,48,48,train,2,4.385645299165585,4.00645487569731,4.53771807737403,4.0544548567422725,4.442679460868172,4.311710782830008,4.389290601723168,4.261618,4.285537935966082
49,S. aureus,AKKVFKRLGIGAVLKVLKKG,0.193124598,20,5.806875402,49,49,train,9,5.70680579449134,4.910053628908783,4.794933532674564,5.009572803126077,4.836193254791959,5.456031640159998,5.1424599961028274,5.658918,5.806875401291407
51,S. aureus,AKKVFKRLGIGAVLWVLTTG,0.494154594,20,5.505845406,51,51,train,8,5.406015823246172,5.05456238228312,4.841050065249816,5.009341076136868,4.872932023608415,5.292957285359997,4.92298300309756,5.5070376,5.505845406051137
52,S. aureus,AKKVFKRLGIGAVLWVLTWG,0.494154594,20,5.505845406,52,52,train,8,5.406010623807103,4.762838863485253,4.900797126308548,4.785969410717444,4.963707747139223,5.3838971089099985,5.01272049212717,5.4293523,5.505845406007825
54,S. aureus,AKKVFKRLRKLFKKI,2.0,15,4.0,54,54,train,1,4.100082725447777,4.827811104126047,4.848535569138651,4.842957697140087,4.8887377238728105,4.3548662776,4.969682880246123,4.161652,4.000000000487163
55,S. aureus,AKKVSKRLEKLFSKIQNDK,1.714691003,19,4.285308997,55,55,train,2,4.38546349579208,4.05080555923326,4.529433317799511,4.221610957837289,4.430380071643231,4.353738107940003,4.405947513304437,4.3159814,4.285308996969044
56,S. aureus,AKLKAYPLKAKLYP,2.095828935,14,3.904171065,56,56,train,1,4.004560630405107,4.3487170029686215,4.69010006300951,4.457080873935187,4.598156915877264,4.091886938160005,4.4090777577083005,3.9805095,3.9041710651198906
57,S. aureus,AKLWLKAAKLWLKA,1.204119983,14,4.795880017,57,57,train,4,4.732277062910382,4.639736183241205,4.794195494294452,4.683417548365273,4.797473306156982,4.88534115845,4.929435308236542,4.810949,4.795880016945857
58,S. aureus,AKRHHGYKRKFH,1.912751771,12,4.087248229,58,58,train,2,4.186836687352782,4.410401025183421,4.570351122798649,4.320752197649891,4.414590196739438,4.261903260000004,4.332220022130305,4.0912137,4.087248229013889
62,S. aureus,ALFKTMLKKLGTMAL,1.537819095,15,4.462180905,62,62,train,3,4.562238221027761,4.745390286279557,4.777443878588754,4.788423669390287,4.742130874255141,4.455231729120006,4.648983161484969,4.449808,4.462180905170294
63,S. aureus,ALFKVASKVLPSV,2.167916809,13,3.832083191,63,63,train,1,3.932237612735549,4.287682705356026,4.650243700198683,4.267318200461146,4.402649059323657,4.043301358889996,4.333727118981198,3.8521397,3.8320831912686115
64,S. aureus,ALGALFKVASKVL,0.977446003,13,5.022553997,64,64,train,6,4.922105108808911,4.767748008695842,4.617081841746112,4.781886047777526,4.39680885183946,4.854709307769996,4.594586525771461,4.8727756,5.022553996290009
65,S. aureus,ALHKTMLKKLGTMAL,1.653212514,15,4.346787486,65,65,train,3,4.4466111677857585,4.1920741322473125,4.720716618833188,4.230668225529478,4.660598722443653,4.4348547374899985,4.568933759151809,4.3683434,4.346787486005693
66,S. aureus,ALKYRLFKKLKKF,-0.226118693,13,6.226118693,66,66,train,9,6.125883218732576,5.2286621712144585,4.850386093709593,5.190405998163664,4.869628101729615,5.7311922985499955,5.139939333077256,6.0764627,6.22611869267908
67,S. aureus,ALLKLAPRLLAGIF,1.096910013,14,4.903089987,67,67,train,5,4.802808919665664,5.0439874955183415,4.726176629293329,4.934651249178471,4.73769210768327,4.867887563879995,4.828673648419659,4.9119997,4.903089987090315
69,S. aureus,ALLLAIRKR,1.579489271,9,4.420510729,69,69,train,3,4.520384591835911,4.636168614144306,4.718379947618477,4.760768920578066,4.700217942194575,4.497708876099999,4.58980158772421,4.505473,4.420510729189867
70,S. aureus,ALLLAIRRR,1.196479183,9,4.803520817,70,70,train,5,4.732277048407166,4.6678684630295,4.731950620577996,4.7581173054071195,4.725036707087217,4.682420217189998,4.588651863022177,4.7832894,4.803520816936152
72,S. aureus,ALRLAIRKR,1.641282787,9,4.358717213,72,72,train,3,4.458829107989231,4.182544236480726,4.641233168611901,4.323152810213933,4.53852787216439,4.368635246699994,4.379515771799852,4.3813734,4.35871721301558
73,S. aureus,ALRLAIRRR,1.347024309,9,4.652975691,73,73,train,4,4.726356880256653,4.166687974589809,4.64814829962906,4.267006835330324,4.5459552678392185,4.572634909509998,4.390317632190521,4.608304,4.652975690912612
74,S. aureus,ALRSAVRTVARVGRAVLPHVAI,0.799340549,22,5.200659451,74,74,train,6,5.100562854487029,5.227758045390244,4.764081703200963,5.061745071683065,4.803869132586074,4.913901901499995,4.702880436816046,5.2016363,5.200659450987733
75,S. aureus,ALWHHLLHHLLHSAHHLG,1.176091259,18,4.823908741,75,75,train,5,4.732277062910382,4.864677119204652,4.772063098010427,4.905593270419909,4.800672300193143,4.919235419220009,4.857633525614318,4.886177,4.8239087409807
78,S. aureus,ALWKKLLKKLLKSAKKLG,0.273001272,18,5.726998728,78,78,train,9,5.627102569694118,5.375878927977982,4.780637895434382,5.271822458497785,4.833695678258547,5.424456061430005,5.084824144790862,5.567194,5.726998727669089
79,S. aureus,ALWKNMLKGI,2.176091259,10,3.823908741,79,79,train,0,3.9240123861552805,4.666758337769551,4.659645416347199,4.498894996770848,4.597221678068399,4.0937824387500035,4.309935524430357,3.910413,3.823908740905865
80,S. aureus,ALWKNMLKGIGK,2.176091259,12,3.823908741,80,80,train,0,3.9238223052263845,3.8540548917572366,4.616825669097976,4.047513427089111,4.576888255654727,4.119250788710006,4.296602145887811,3.8448865,3.8239087410101487
81,S. aureus,ALWKNMLKGIGKLAG,2.176091259,15,3.823908741,81,81,train,0,3.923790797144502,4.642605088656115,4.63429618370527,4.699241413351641,4.608365943472214,4.101872481900004,4.580255231676658,3.9532218,3.823908741611063
82,S. aureus,ALWKNMLKGIGKLAGK,1.77815125,16,4.22184875,82,82,train,2,4.321695509446567,4.434243996144732,4.630088917664804,4.534123073327765,4.629279705351512,4.302254715699999,4.640352749293222,4.225075,4.22184874994403
83,S. aureus,ALWKNMLKGIGKLAGKAALG,0.903089987,20,5.096910013,83,83,train,6,4.997182052142117,4.917312055468334,4.660798492051748,4.7565980121701825,4.6702950696640615,4.894073644960005,4.701154892134743,5.0508537,5.096910012567654
84,S. aureus,ALWKTLLKKV,1.698970004,10,4.301029996,84,84,train,2,4.401187986155302,3.8815832518582147,4.757938438748046,4.060094521118552,4.714783627955199,4.395779803160005,4.4189993361566735,4.3111143,4.301029995963724
86,S. aureus,ALWKTLLKKVLKAAA,0.653212514,15,5.346787486,86,86,train,7,5.246779067902476,5.110902946160418,4.752081397232779,5.024725508088006,4.730657746770573,5.185860682199996,4.899672968094979,5.205493,5.346787485034181
87,S. aureus,ALWKTLLKKVLKAAAK,1.146968071,16,4.853031929,87,87,train,5,4.783744100699263,4.767231909020029,4.761053218863874,4.844876623120277,4.75851362514959,4.882447863499999,4.9959524764274725,4.9776325,4.853031929868663
88,S. aureus,ALWKTMLKKLGT,1.73239376,12,4.26760624,88,88,train,2,4.3677094727353944,4.571424039084295,4.694211176208746,4.547306758379318,4.633763084321491,4.359429762290005,4.4393747307858895,4.306052,4.267606240148914
89,S. aureus,ALWKTMLKKLGTM,1.704150517,13,4.295849483,89,89,train,2,4.3957826427912945,4.332404102332077,4.755505828237264,4.241719497474028,4.713115598316724,4.425360954709997,4.692969828040191,4.390704,4.295849483029056
90,S. aureus,ALWKTMLKKLGTMA,1.451786436,14,4.548213564,90,90,train,3,4.648271348144445,3.9482790843525866,4.742544755711688,3.9952791850658276,4.701196027261653,4.499298860899996,4.625705027009558,4.5146775,4.5482135636928325
91,S. aureus,ALWKTMLKKLGTMALHAGK,1.029383778,19,4.970616222,91,91,train,5,4.870992663673919,4.866598873015724,4.753514061045563,4.849765713427353,4.764432425935186,4.819731622049996,4.689218153171108,4.925912,4.9706162219909205
92,S. aureus,ALWLAIRKR,1.550368313,9,4.449631687,92,92,train,3,4.549797512300793,4.551818429787974,4.746906990629499,4.689481869326331,4.745595947594878,4.521429418250003,4.632008748395515,4.5405755,4.449631686914461
93,S. aureus,ALWLAIRRR,1.168088503,9,4.831911497,93,93,train,5,4.732240932731401,4.578437033370572,4.756926822256033,4.6485646029004455,4.761136130338896,4.804394978010006,4.783235076411397,4.7980967,4.831911497024584
95,S. aureus,ALWRRLLRRLLRSARRLG,0.574031268,18,5.425968732,95,95,train,8,5.326084757819755,5.280302118910465,4.84029017442201,5.187925222124729,4.933490812352899,5.358463641950001,5.112311638971935,5.3953815,5.425968731920707
96,S. aureus,ALYKTMLKKLGTMAL,1.653212514,15,4.346787486,96,96,train,3,4.446631891896418,4.65182100779182,4.7797619926990516,4.6260865357947765,4.727717446753142,4.418724517469998,4.6069139833124355,4.458012,4.346787486031806
97,S. aureus,ALYLAIRKR,1.434403704,9,4.565596296,97,97,train,4,4.665626000106977,4.929901515469008,4.7336750267229855,4.958116814697554,4.693723728323793,4.581683770300006,4.641358870316438,4.579787,4.565596295961457
98,S. aureus,ALYLAIRRR,1.213565458,9,4.786434542,98,98,train,4,4.730890490595724,4.924096332461152,4.744020321664284,4.919052357712947,4.710114368133956,4.682910202639999,4.606701980950479,4.761783,4.786434542019356
99,S. aureus,ANLDAIIKIQAWARMWAARRQYL,1.041392685,23,4.958607315,99,99,train,5,4.8587815243631916,4.705713623694721,4.79121384330954,4.608158597044504,4.835920116634931,4.981100922939998,5.069761043123943,4.984435,4.95860731496968
100,S. aureus,ANVGFVIQLQARLRGFLVRQKFA,0.230448921,23,5.769551079,100,100,train,9,5.6696727241556415,5.491216735975591,4.926602986107765,5.565029991014517,4.976716087830604,5.520980247330001,5.130835032515781,5.6763215,5.769551078908352
101,S. aureus,APKAMRLLRRLLRLQKKGI,-0.05343728,19,6.05343728,101,101,train,9,5.9535718980652,5.132658876835941,4.822486709900621,5.155135160932014,4.873636566462302,5.423046201960006,5.032652715150796,5.9583726,6.05343727970134
102,S. aureus,APKAMRLLRRLLRRLLR,0.676793101,17,5.323206899,102,102,train,7,5.222795357352785,5.1733456101796795,4.8538842308479255,4.993604631202925,4.90575261692376,5.167585548370006,5.0379722232301045,5.293187,5.323206898967956
103,S. aureus,APKGVQGPNG,1.539472085,10,4.460527915,103,103,train,3,4.5609146600229185,3.9175059979599394,4.231798770196157,3.963444794917655,3.9576789978522693,4.23837970437,3.7510553802039297,4.4555326,4.460527914951237
104,S. aureus,AQKIISTIGKLVKWIIKTVNKFTKK,1.012837225,25,4.987162775,104,104,train,5,4.887223696162633,5.240575988592379,4.959301571746541,5.357211387653373,5.052280244753164,5.076546214290001,5.125488646453441,4.993837,4.9871627750933625
105,S. aureus,ARRARKWARRALKLA,1.193820026,15,4.806179974,105,105,train,5,4.732277062910381,4.681219409902169,4.678095716028131,4.739602569238266,4.589200128461505,4.749182657269995,4.753205073663719,4.824746,4.806179973972624
106,S. aureus,ARWWWKIKS,1.297401259,9,4.702598741,106,106,train,4,4.732277062910382,4.616492492964488,4.757653260636172,4.756102349509856,4.777458328333983,4.733832999989992,4.808769755365673,4.6979837,4.702598741063567
107,S. aureus,ASPTVFRSSVFLSLFVVAKK,2.069068809,20,3.930931191,107,107,train,1,4.031098799650433,3.9582120026050855,4.804350743011301,3.9504942428268297,4.703628031501303,4.165803057390005,4.535429547490989,3.9669263,3.930931190948061
108,S. aureus,ASVVNKLTGGVAGLLK,1.131475391,16,4.868524609,108,108,train,5,4.768694287781352,3.98683105281133,4.595267828496633,3.8420596759850776,4.3726702610931,4.652890317660005,4.458524585256926,4.8183684,4.868524608852044
109,S. aureus,AVAGEKLWLLPHLLKMLLTPTP,2.214311877,22,3.785688123,109,109,train,0,3.885853415133653,4.437363461289272,4.797587483055844,4.633705142842171,4.789632152967502,3.9723414121699987,4.523415099745092,3.8444903,3.7856881230671315
110,S. aureus,AVDLAKIANKVLSSLF,2.176091259,16,3.823908741,110,110,train,0,3.923341701161501,4.50312440070142,4.517604368328539,4.314854670595486,4.517522603313718,4.232480330340005,4.565474163648865,3.9057114,3.823908741060456
111,S. aureus,AVNIPFKVHFR,2.876940771,11,3.123059229,111,111,train,0,3.2226206047135246,3.6812072909758524,4.76471059531773,3.7545374982333124,4.688040468758412,3.840303504239995,4.024581306689431,3.1933515,3.1230592290033803
112,S. aureus,AVVDILKGAAKDIAGHLASKVMNKL,2.0,25,4.0,112,112,train,1,4.1000760086931,3.940647578706052,4.575415261153204,3.9618630092664078,4.417234472910071,4.0281808848,4.023010024888012,3.9899507,4.000000000322443
113,S. aureus,AVVKVPLKKFKSIRE,1.457882814,15,4.542117186,113,113,train,3,4.641999560606544,4.2758785993144075,4.668312766486325,4.299199475517634,4.528236680534136,4.511812960829998,4.657038344378804,4.527215,4.542117185978654
114,S. aureus,AVWKFVKRV,2.270282518,9,3.729717482,114,114,train,0,3.829891429350117,3.659788389421228,4.819595987449378,3.7276714376191595,4.8229876095747635,3.936884258470006,4.530830458503593,3.7780933,3.72971748208355
116,S. aureus,AWASFFKKAAHVGKHVGKAALTHYL,0.465469177,25,5.534530823,116,116,train,8,5.4341601277537945,5.045984339216447,4.840777338408489,5.096411965760783,4.798800981252076,5.172260095220005,4.808924364959633,5.464882,5.5345308230112495
118,S. aureus,AWLDKLKSLGKVVG,2.230448921,14,3.769551079,118,118,train,0,3.8696536586263237,4.4158630856411225,4.504354199668506,4.462884779055819,4.506503556202657,4.090055712029999,4.378146467430731,3.8300786,3.7695510791171696
119,S. aureus,AWLLAIRKR,1.346248331,9,4.653751669,119,119,train,4,4.732277062585451,4.6345915978792815,4.743509738725953,4.67809728597267,4.736718704735896,4.613633558749995,4.597636768627829,4.682156,4.653751668949519
120,S. aureus,AWLLAIRRR,0.979032266,9,5.020967734,120,120,train,6,4.921247939660382,4.826297900802909,4.756915851582502,4.818782291047147,4.761107463246778,4.8719837687500025,4.748863096643711,4.942732,5.0209677339461205
121,S. aureus,AWRFKNIRK,2.174262571,9,3.825737429,121,121,train,1,3.9255629388459496,4.239666207373052,4.632184468900349,4.116561781462699,4.4794131475470005,4.023433312610006,4.152693239378513,3.8272228,3.82573742899419
122,S. aureus,DAAVEPELYHWGKVWLPN,1.973803393,18,4.026196607,122,122,train,1,4.126149235009322,4.71316111867282,4.386433536325319,4.793512282601911,4.352637452903601,4.138673791149995,4.545895441400518,4.060744,4.026196607004889
123,S. aureus,DANVENGEDAEDLTDKFIGLMG,1.929321034,22,4.070678966,123,123,train,2,4.170846926408761,3.7726392422710457,4.126299342427121,3.785883759625052,4.0319563648531815,4.18246386971,4.268217121177106,4.073605,4.070678965956908
124,S. aureus,DDALHHLLHHLLHHL,2.0,15,4.0,124,124,train,1,4.100297761761626,4.48596075566137,4.6416636178054755,4.477498959754014,4.585480551518794,4.39274213013,4.545832455897831,4.041539,3.999999999948584
125,S. aureus,DDALKHLLKHLLKHL,1.342422681,15,4.657577319,125,125,train,4,4.732277062910382,4.466828371410693,4.648293807775115,4.42184868045984,4.6072280874990295,4.501010036829997,4.66077544366974,4.603065,4.657577319010916
126,S. aureus,DDALKKLLKKLLKKL,1.397940009,15,4.602059991,126,126,train,4,4.7021654272866495,4.5193817730723485,4.645222265451852,4.4019857317710684,4.603624358350223,4.545692274029996,4.697893755118017,4.5930543,4.602059991054783
127,S. aureus,DDALRHLLRHLLRHL,2.0,15,4.0,127,127,train,1,4.100117031770508,4.613739216264996,4.677437999992061,4.55792543996384,4.6577709057863625,4.25332293502,4.653327258005416,4.059395,4.000000000031405
128,S. aureus,DDALRRLLRRLLRRL,1.491361694,15,4.508638306,128,128,train,3,4.608483712156334,4.548892595644969,4.699206488970272,4.496088655604909,4.693462939117545,4.560578596000005,4.673281486320183,4.514666,4.508638305995798
129,S. aureus,DDDDDDD,2.973127854,7,3.026872146,129,129,train,0,3.126697122287954,3.0178055464294893,3.9140989868074647,3.004399681633914,3.331734946935928,3.2300586801599995,3.3521076527228826,3.0358312,3.026872145946175
131,S. aureus,DIFGAIWPLALGALKNLIK,0.903089987,19,5.096910013,131,131,train,6,4.996733672562212,5.299962946136923,4.696363501898827,5.076372131496119,4.735711042544791,4.963097584940007,5.014794781536444,5.1270638,5.09691001314799
132,S. aureus,DKGRYLEAPTRPRPERNRK,1.301029996,19,4.698970004,132,132,train,4,4.732277062910382,4.266249412588937,4.261911654974519,4.165472139523828,4.135766123093969,4.679107839909996,4.499127211025825,4.6644177,4.698970004004297
133,S. aureus,DLYPWFN,2.168421013,7,3.831578987,133,133,train,1,3.9318296543044573,3.8328531466187687,4.5356765178068015,3.816205961734529,4.484890334803172,3.9087107175299995,3.8703260865348437,3.8356261,3.831578986942966
134,S. aureus,DNGEAGRAAR,1.531478917,10,4.468521083,134,134,train,3,4.568675603864632,3.9594760428607443,3.82491233422948,3.979984610340359,3.6493414953574375,4.267346057439999,4.017210074676796,4.4324636,4.468521082943095
135,S. aureus,DNTDSVVKIQSWFRMATARKSYL,1.414973348,23,4.585026652,135,135,train,4,4.684971220040315,4.82027268856922,4.710528228896062,4.7575089864434625,4.721339087713609,4.552413588170004,4.5137766226075415,4.6156216,4.585026651987923
136,S. aureus,DSHAKRHHGYKRKFHEKHHSHRGY,-0.783373731,24,6.783373731,136,136,train,9,6.683476317785001,5.48794646699106,4.601838866983091,5.480708077411645,4.478202288895978,5.9498574231199965,5.723246660264935,6.6500225,6.783373730887109
137,S. aureus,DVIKKVASVIG,2.957851505,11,3.042148495,137,137,train,0,3.1422366451179915,3.215328613713716,4.5153338861761885,3.2923560969498027,4.182833530091233,3.363468956049999,3.4573467327780736,3.040227,3.0421484948781288
138,S. aureus,DVIKKVASVIGGL,2.89683429,13,3.10316571,138,138,train,0,3.2032821021802773,3.3262800185215755,4.544529089729241,3.4604261884089107,4.2705866852496595,3.48795973356,3.5718520957465336,3.1854973,3.103165710393225
139,S. aureus,EEEEWWW,2.088444507,7,3.911555493,139,139,train,1,4.01124750247431,3.6219996661596783,4.402978084344495,3.6076268728268746,4.109914314698574,3.967050976199997,3.883820293009047,3.915835,3.9115554929236422
140,S. aureus,EEEEWWWW,2.091680987,8,3.908319013,140,140,train,1,4.0080245918556185,4.313331062891185,4.5467259497789545,4.350008128275503,4.361549178337645,4.1991446167499955,4.495230530670897,3.9307868,3.908319013020826
142,S. aureus,EIEKFDKSKLK,3.882032364,11,2.117967636,142,142,train,0,2.21803497096672,2.6414840703019986,4.12258294163748,2.5779102274424224,3.9122873425115436,2.9003839848100013,2.8247245097260336,2.1634555,2.117967635986239
144,S. aureus,ELLKAVRLIK,1.301029996,10,4.698970004,144,144,train,4,4.73227658674815,4.466240115071829,4.624915212274231,4.422755874167597,4.590883431484789,4.643799695519995,4.529458801574247,4.684442,4.698970003915234
145,S. aureus,ELLVDLL,1.895567254,7,4.104432746,145,145,train,2,4.204318599507701,3.8703290868079603,4.171702567173954,3.980615706953114,4.066994667548165,3.9592554339599935,3.922522453362116,4.123924,4.104432745943643
146,S. aureus,ELSKAVRLIK,1.602059991,10,4.397940009,146,146,train,3,4.498044100199341,4.3470706252451,4.479294472124304,4.384444144967496,4.448047304727837,4.408318225210005,4.323630367263513,4.4094086,4.3979400090282015
147,S. aureus,EMLKKKKEVKMERKT,2.020824783,15,3.979175217,147,147,train,1,4.078998903212312,3.9435639154992765,4.418707095250827,3.8881253925324573,4.263908332553787,4.041694470719996,4.065895383987192,3.9704607,3.9791752169559436
148,S. aureus,ENMFNIKSSVESDSFWG,2.004998987,17,3.995001013,148,148,train,1,4.094825201148028,3.9769118284176614,4.304286058805585,3.960503213594821,4.0805384353139855,4.189391608919998,4.039398138954371,3.9547613,3.9950010129735967
149,S. aureus,EPFKISIHL,1.44238053,9,4.55761947,149,149,train,4,4.657785644536478,4.6659359494609625,4.497988577971911,4.71613624970166,4.399283898623132,4.547238707740007,4.29081375516121,4.5563097,4.557619469983047
150,S. aureus,EPFKLSLHL,1.44238053,9,4.55761947,150,150,train,4,4.657786078424316,4.6804080281956,4.424285211014002,4.7127564628181435,4.352740862281203,4.556850193620007,4.40367038695632,4.5935626,4.557619469993787
151,S. aureus,EPILGIITSLLKSL,1.620707597,14,4.379292403,151,151,train,3,4.479476460754666,4.947436345182741,4.569628631890783,4.921177903881589,4.555499828940112,4.450798380010005,4.4942623681216745,4.4144087,4.379292403020512
152,S. aureus,EQEENVVKIQAFWKGYKQRKEYM,1.505149978,23,4.494850022,152,152,train,3,4.5949844433354805,4.583010884313384,4.699737150200819,4.7148095650600395,4.619952092893961,4.563437678369995,4.607620893125314,4.490468,4.494850021994427
153,S. aureus,EQHSSGKSDV,2.0,10,4.0,153,153,train,1,4.100206077005723,3.821192559258645,3.8819631676074744,3.700540998823487,3.571248910003012,4.029684883390001,3.8530462470702442,4.0046887,3.999999999952156
154,S. aureus,EWKRWVQRWKDWLRNLV,0.823908741,17,5.176091259,154,154,train,6,5.075660194416974,4.7615843676584015,4.756475724541697,4.744981438829338,4.7597332257656335,5.118983872419992,4.94382455276467,5.1449933,5.176091259001154
157,S. aureus,FAKGIAGMAGKLF,2.301029996,13,3.698970004,157,157,train,0,3.7987941921480273,4.292194604392676,4.533846721800857,4.2860262805527185,4.50302581514993,3.9668191932299965,4.169678818076691,3.7966623,3.698970004070848
158,S. aureus,FAKKLAKKLKKLAKKLAK,1.794254079,18,4.205745921,158,158,train,2,4.305729592002289,5.021020521666123,4.755307859001948,5.002365329700028,4.782391378773891,4.566817256650001,4.694219237796572,4.3199906,4.205745921642585
159,S. aureus,FAKKLAKLAKKLAKLAL,0.634652341,17,5.365347659,159,159,train,7,5.265514124394988,5.300561817993827,4.76657486759931,5.267244799215416,4.783882156994118,5.275381776350005,5.0824984699015205,5.373185,5.365347658828216
160,S. aureus,FAKLLAKALKKLL,0.438630248,13,5.561369752,160,160,train,8,5.461535434972746,5.143126147745885,4.778145052109649,5.112690036609479,4.779815522830255,5.359170622960005,5.150842373523533,5.532717,5.561369751585963
163,S. aureus,FALKALKKLKKALKKAL,0.621489724,17,5.378510276,163,163,train,7,5.2786452796155405,5.263817637711729,4.782149276816416,5.166542108481691,4.808004251295158,5.1914139355899955,5.175051375431677,5.3542004,5.378510275950437
165,S. aureus,FASGIAGMAGKLF,2.301029996,13,3.698970004,165,165,train,0,3.798939329310029,4.06895928627537,4.507357412782599,3.9472602019581613,4.246818812957835,4.006170813889994,4.114910497441486,3.7225907,3.6989700039561013
166,S. aureus,FAVTWATKWWKG,2.0,12,4.0,166,166,train,1,4.100165766022277,4.255838242592927,4.72737707664864,4.191188402702612,4.725921910363049,4.158226620320001,4.497600407177451,4.0543776,4.000000000016323
167,S. aureus,FDIMGLIKKVAGAL,1.477121255,14,4.522878745,167,167,train,3,4.623033360634394,3.869256424148037,4.5176417236475155,3.8420801603502737,4.5304979588454,4.531502697300006,4.5215048549654515,4.5281277,4.522878744920013
168,S. aureus,FDLLGLVKKVASAL,1.698970004,14,4.301029996,168,168,train,2,4.401130985939766,4.6157014943691825,4.485669912905142,4.680408177531913,4.322552552105207,4.324204990880005,4.434545417931623,4.3303328,4.301029996173521
169,S. aureus,FDLLGLVKSVVSAL,1.397940009,14,4.602059991,169,169,train,4,4.70215556071706,4.772560689027286,4.532769357682092,4.677385658329955,4.5519721378715765,4.530923663999994,4.591985815442722,4.590497,4.602059990918322
170,S. aureus,FDVMGIIKKIAGAL,1.477121255,14,4.522878745,170,170,train,3,4.622990489309636,4.585316263519016,4.540234818814815,4.595443749824533,4.544764495785675,4.593523896390006,4.628774593094048,4.514298,4.522878744961889
173,S. aureus,FFFDTLKNLAGKVIGALT,1.675319983,18,4.324680017,173,173,train,3,4.4243989496656635,3.908477113869419,4.594705921280733,4.053213368315506,4.5954535824873375,4.498268650649996,4.746409774407659,4.346527,4.32468001696846
174,S. aureus,FFFFFFF,0.456663883,7,5.543336117,174,174,train,8,5.443704713270272,5.449497885899989,5.126851020169856,5.5469111197984375,5.186160560079632,5.1661504559300075,4.838443927658106,5.5148134,5.543336116918596
176,S. aureus,FFFLRRIF,2.0,8,4.0,176,176,train,1,4.09995340497175,4.840263814249035,4.977341754791687,4.933105769410194,5.027722001098465,4.330017287839999,4.465983518729538,4.105868,4.000000000159221
177,S. aureus,FFFLSRIF,1.640978057,8,4.359021943,177,177,train,3,4.459125171372305,5.046411392120863,4.867584600569726,5.213825133803538,4.94099444566866,4.311571687410002,4.417024457195185,4.3503904,4.359021943002707
178,S. aureus,FFGAIAAALPHVISAIKNAL,1.204119983,20,4.795880017,178,178,train,4,4.732277062910395,4.873815580183531,4.69788480791754,4.89746053840429,4.7026552763012095,4.828830139800002,4.830380859075497,4.838453,4.795880017221716
179,S. aureus,FFGHLFRGIINVGKHIHGLLSG,0.698970004,22,5.301029996,179,179,train,7,5.200864940631463,6.071056224532593,4.837641638218775,5.875583405246648,4.912267780456863,5.166379554490004,5.073077572389998,5.312989,5.30102999606661
180,S. aureus,FFGKVLKLIRKIF,0.491361694,13,5.508638306,180,180,train,8,5.408758916908367,5.267363952265821,4.915874484184995,4.915112082612868,4.988131499766022,5.402412822830004,5.157052100821061,5.4254255,5.508638305947703
181,S. aureus,FFGRLKSVWSAVKHGWKAAKSR,0.477121255,22,5.522878745,181,181,train,8,5.423043073795521,5.070767921554308,4.779313988262576,5.167351516394647,4.886727429718262,5.176172779120003,4.90531285307886,5.3986506,5.522878744979055
182,S. aureus,FFGSIIGALAKGLPSLISLIKK,1.096910013,22,4.903089987,182,182,train,5,4.803073879844007,5.237923280594529,4.8011293647083555,5.013294631454595,4.876998729791229,4.870225232799995,4.944492057536403,4.9375057,4.903089986902227
183,S. aureus,FFGSLLKLLPKLL,-0.107905397,13,6.107905397,183,183,train,9,6.0080752592261355,5.249013368609355,4.817799276878751,5.209903321160706,4.856604349414769,5.846924059600002,5.200272688533331,5.9704432,6.10790539692452
184,S. aureus,FFGSLLSLGSKLLPSVFKLFQRKKE,0.63896272,25,5.36103728,184,184,train,7,5.260887238786178,4.848155747191473,4.872074336686609,4.969343100097342,4.875915716250575,5.235455631260004,5.229153812708761,5.3289657,5.36103727990826
185,S. aureus,FFGSMIGALAKGLPSLISLIKK,1.096910013,22,4.903089987,185,185,train,5,4.802979004205668,4.791642121577261,4.791268116132222,4.805719927551908,4.862320769555218,4.892685132589994,4.908634057393034,4.945835,4.903089987022557
186,S. aureus,FFGSTIGALANFLPSLISKIRN,1.432026689,22,4.567973311,186,186,train,4,4.667798927710445,4.802611435440281,4.786178291005064,4.75732684641477,4.817955179865142,4.645362495920002,4.763364620515113,4.614873,4.567973311087287
187,S. aureus,FFGSVLKLIPKIL,0.494154594,13,5.505845406,187,187,train,8,5.406010621398425,5.131290797503498,4.862818042603261,5.17319306846397,4.882049572743444,5.464279692629997,5.004336037699542,5.4312515,5.505845405979786
188,S. aureus,FFGWLIKGAIHAGKAIHGLIHRRRH,0.315270435,25,5.684729565,188,188,train,9,5.584881236670821,5.305165844817114,4.8755081346298645,5.203734230411947,5.005699730031494,5.609596196419997,5.4178858589646826,5.631256,5.684729564987362
189,S. aureus,FFGWLIKGAIHAGKAIHPLIHRRRH,0.531478917,25,5.468521083,189,189,train,8,5.368544689346906,5.613695293204134,4.8850513888400195,5.556390047775713,5.014114928826855,5.466124399880001,5.46537733528984,5.5437956,5.468521083008929
190,S. aureus,FFGWLIKGAIHAPKAIHGLIHRRRH,0.315270435,25,5.684729565,190,190,train,9,5.584906896335482,5.319457234550131,4.886854236190341,5.167219896912028,5.0188258876314595,5.659979538969999,5.46537733528984,5.6739163,5.684729565007901
191,S. aureus,FFGWLIKGAIHAPKAIHPLIHRRRH,0.441956838,25,5.558043162,191,191,train,8,5.457941866190959,5.644416401100025,4.895688053512135,5.555342483490428,5.025382299247085,5.533798891249996,5.457848195468898,5.5795336,5.55804316195269
192,S. aureus,FFGWLIKPAIHAGKAIHGLIHRRRH,0.230448921,25,5.769551079,192,192,train,9,5.669413144840945,5.428881988706084,4.8869566291433,5.268557102932266,5.019093447157887,5.711594523890002,5.46537733528984,5.696596,5.769551078863875
219,S. aureus,FFIYVWRRR,0.278753601,9,5.721246399,219,219,train,9,5.621234723293952,5.958594041886491,4.9873471223023165,5.846064740075072,5.060116833922795,5.47103611045,5.371896581425625,5.658985,5.721246398932686
221,S. aureus,FFLLSLIPSAISAIKKI,0.698970004,17,5.301029996,221,221,train,7,5.201123403452238,4.9196970046919315,4.800001897799342,4.922610282236316,4.841990852670966,5.197420481890004,4.832607932306547,5.272415,5.301029996098561
222,S. aureus,FFPFLLGALGSLLPKIF,1.096910013,17,4.903089987,222,222,train,5,4.803148843116767,4.93406733022839,4.811612826448889,4.963654807907403,4.878695849145686,4.9458619320899935,5.031440982587863,4.9177446,4.903089986958738
223,S. aureus,FFPIVGKLLFGKLL,0.673020907,14,5.326979093,223,223,train,7,5.22714322730409,5.343627442582855,4.868248666616221,5.3558609645321456,5.002052824229641,5.203161490369995,5.11815148479483,5.3033977,5.326979092716693
224,S. aureus,FFPIVGKLLFGLFGLL,0.146128036,16,5.853871964,224,224,train,9,5.7536996526597886,5.391866144612539,4.9228757050473,5.457942374763832,5.0853282517202825,5.639213345219998,5.450025638630077,5.896145,5.8538719636821215
225,S. aureus,FFPIVGKLLFGLL,0.709565932,13,5.290434068,225,225,train,7,5.1904817400543815,5.259744377687764,4.884785736878971,5.333879526749406,5.0379504320361175,5.252235359940007,5.219097003543345,5.309966,5.290434068753796
226,S. aureus,FFPIVGKLLFGLSGLL,-0.137789226,16,6.137789226,226,226,train,9,6.037694407643318,5.657936096197108,4.840082215364217,5.543144296307114,4.981213696040163,5.852418899579998,5.44287277575597,6.023197,6.137789225667019
227,S. aureus,FFPIVGKLLS,1.126752702,10,4.873247298,227,227,train,5,4.773075473043982,4.834154234081105,4.742895071713573,4.74928368528601,4.896715731581156,4.712274433870006,4.613574831419412,4.86833,4.87324729802195
230,S. aureus,FFPIVGKLLSGLSGLL,0.178269598,16,5.821730402,230,230,train,9,5.721869059702015,5.53515367028358,4.758525905377745,5.474734413804426,4.8797477774954965,5.737660643930003,5.473806414842286,5.8832593,5.821730402164645
231,S. aureus,FFPLLFGALSSHLPKLF,0.366733199,17,5.633266801,231,231,train,9,5.5334325716073725,5.6678602276740255,4.782522290477793,5.583930920254842,4.843513082308043,5.522548179379994,5.1244159021294635,5.586577,5.6332668008946145
232,S. aureus,FFPLLFGALSSMMPKLF,0.108703584,17,5.891296416,232,232,train,9,5.791122985145975,5.730992847131372,4.8262018251473995,5.839094447225438,4.865013313824628,5.648555583429997,5.072465790819944,5.8123713,5.8912964159511585
233,S. aureus,FFPLVLGALGSILPKIF,1.038085385,17,4.961914615,233,233,train,5,4.862034143037979,4.85989644682176,4.797113901929972,4.919564492049876,4.855304468458116,5.019538896800004,4.935515199440346,5.003468,4.9619146151105555
234,S. aureus,FFPLVLGALGSILPKVFGK,0.973127854,19,5.026872146,234,234,train,6,4.926717552157762,4.7212261933548945,4.772956485018887,4.467769980125242,4.834587171846895,4.970685505200002,4.928406885925625,5.011704,5.026872145990293
235,S. aureus,FFPMLADLVSKIF,2.176091259,13,3.823908741,235,235,train,0,3.923777138485772,3.7281217749264135,4.591062803732832,3.6859038638476465,4.59268772752245,4.065641585200005,4.424240133893258,3.8662422,3.8239087409544674
236,S. aureus,FFPVIGRILNGIL,1.079181246,13,4.920818754,236,236,train,5,4.820644370710448,4.951094851222577,4.8333590730830975,4.8657667742901385,4.781796986541512,4.928141152079996,4.860131203967444,4.934306,4.920818754015792
237,S. aureus,FFRHIKSFWKGAKAIFRGARQG,1.150514998,22,4.849485002,237,237,train,5,4.749650664219701,5.079093662092276,4.805639226401906,5.051859258469782,4.926934303866493,5.023700362729999,4.959037179438767,4.894488,4.849485002081742
238,S. aureus,FFRLLFHGVHHGGGYLNAA,1.481202196,19,4.518797804,238,238,train,3,4.618622080971587,4.425065474600427,4.7688928749862995,4.256702890946098,4.745788520955643,4.509455252299993,4.767725186792046,4.535497,4.518797803994456
239,S. aureus,FFRLLFHGVHHVGKIKPRA,1.452128977,19,4.547871023,239,239,train,3,4.647964524666069,4.684972531189504,4.82288777666216,4.8382499581865,4.896770176121522,4.716137805280008,4.903576218194216,4.6481986,4.547871023045433
240,S. aureus,FFSALLSGIKSLF,0.602059991,13,5.397940009,240,240,train,7,5.298016908682978,5.4433660275177855,4.710946342607838,5.388641620099807,4.7489065266457775,5.150437666290007,4.980200930447473,5.3212557,5.397940008987528
241,S. aureus,FFSLIPSLVGGLISAFK,1.638489257,17,4.361510743,241,241,train,3,4.461454300856269,4.81626793334836,4.78176627324966,4.913448799924391,4.819598247031639,4.507126753749999,4.819725499284682,4.4012103,4.361510743060809
242,S. aureus,FFSLLPSLIGGLVSAIK,1.35601973,17,4.64398027,242,242,train,4,4.732277069703951,4.675318666543311,4.752739001391971,4.741551761968792,4.789724879005662,4.682442660929993,4.85083835889224,4.652305,4.643980269984117
243,S. aureus,FFSMIPHIATGIASLVKNL,1.191393897,19,4.808606103,243,243,train,5,4.732277570888023,4.791486357361465,4.758121193159071,4.628830789641054,4.629103525867355,4.911975317249996,4.836808787738258,4.84908,4.808606103092717
244,S. aureus,FFSMIPKIAGGIASLVKNL,0.600660931,19,5.399339069,244,244,train,8,5.299234146085307,5.004465393197297,4.736022493358185,4.882047509494046,4.619870325666361,5.308565368380004,4.848042745153318,5.345782,5.399339069137406
245,S. aureus,FFSMIPKIAGGIASLVKNLG,0.588484546,20,5.411515454,245,245,train,8,5.311778458974103,4.813105327861508,4.714073378271806,4.826433710066275,4.606871744546617,5.166601995319997,4.881489032133549,5.2980204,5.411515453878259
246,S. aureus,FFSMIPKIATGIASLVKNL,0.591228964,19,5.408771036,246,246,train,8,5.308604099365819,4.7233677494847575,4.763111425222935,4.709141957906424,4.644576275633258,5.237042920920005,4.859522174263445,5.3809166,5.408771035882435
247,S. aureus,FFWHHIGHALDAAKRVHGMLSG,1.397940009,22,4.602059991,247,247,train,4,4.7021623222285225,4.932928407681647,4.6650138500360905,4.8989398606867605,4.70681650569201,4.6952076326699945,4.648462686515709,4.6925454,4.602059991146749
248,S. aureus,FGPVIGLLSGILKSLL,1.698970004,16,4.301029996,248,248,train,2,4.401204497952492,4.735279617596469,4.763540288407541,4.926023075922324,4.767240088132267,4.513466311900006,4.629374176307145,4.3497424,4.301029996145548
249,S. aureus,FGVLAKVAAHVVPAIAEHF,1.806179974,19,4.193820026,249,249,train,2,4.293772654263255,4.340681869347475,4.626210087340074,4.141810833128691,4.528145207211907,4.295297073900006,4.479473774412359,4.1916375,4.193820025936627
250,S. aureus,FHEAIAPVVHAAVKALVGFLG,1.668262653,21,4.331737347,250,250,train,3,4.431613189015709,4.774519663038421,4.687216631436879,4.845536162398299,4.688792421138543,4.39196128781,4.610119430362244,4.390069,4.331737347013943
251,S. aureus,FHFHLHF,1.512105363,7,4.487894637,251,251,train,3,4.587733518227116,4.119148079048054,4.803368411579733,4.083500932073242,4.715574037808855,4.506610349400005,4.4591201633024715,4.476518,4.487894636934291
253,S. aureus,FHFHLHFGGGFIKHFIHRF,1.72001579,19,4.27998421,253,253,train,2,4.37982093015184,4.101706360297739,4.953708543226181,4.121755344128273,4.994047715636616,4.413799103350004,4.512461191317389,4.2755637,4.2799842099669725
256,S. aureus,FHFHLHFPYPFIKHFIHRF,2.289376845,19,3.710623155,256,256,train,0,3.810690661062612,4.842828661780136,5.0348125603741245,4.634461500284767,5.074157196597053,4.132893719210005,4.3172467022777,3.7658625,3.710623155139891
257,S. aureus,FHFHLHFSATFIKHFIHRF,1.704240402,19,4.295759598,257,257,train,2,4.395581658797237,4.082076101264933,4.955688477096834,4.372098374762182,5.005509257904788,4.349366124610004,4.5400892504454005,4.303772,4.295759598002923
258,S. aureus,FHPSLWVLIPQYIQLIRKILKSG,1.397940009,23,4.602059991,258,258,train,4,4.702165338167445,4.480666553706094,4.93600070454618,4.507307032297701,4.947760251346418,4.708963323319992,5.048503772293978,4.6295958,4.602059990998345
259,S. aureus,FIFHIIKGLF,0.704378369,10,5.295621631,259,259,train,7,5.195705159220546,5.269205307949726,4.856691009205345,5.316025705866336,4.915022867713059,5.072024222400004,4.817419133160878,5.224834,5.295621630987136
260,S. aureus,FIFHIIKGLFH,0.658630599,11,5.341369401,260,260,train,7,5.241493498562821,5.280880191924445,4.840720596585608,5.262663897999139,4.894517413476628,5.261653597490003,5.052896861430254,5.3440905,5.341369400972682
261,S. aureus,FIFHIIKGLFHA,0.636689777,12,5.363310223,261,261,train,7,5.263205268983026,5.010696990835231,4.814835464552216,5.13706103249152,4.8603715221518735,5.250370735789999,4.961832180319857,5.271075,5.363310223003526
262,S. aureus,FIFHIIKGLFHAG,0.619847102,13,5.380152898,262,262,train,7,5.279910986903647,5.266596245168118,4.759049652945616,4.995863299422587,4.794974863347906,5.249910929360002,4.963979601413018,5.323604,5.380152897801728
263,S. aureus,FIFHIIKGLFHAGKMI,1.176711434,16,4.823288566,263,263,train,5,4.732277063006553,5.2881241284487075,4.8389845495253105,5.2012519043018095,4.897663979463494,4.952480311019993,4.976470744380337,4.92399,4.8232885661460285
265,S. aureus,FIFHIIKGLFHAGKMIHGLVTRRRH,0.096910013,25,5.903089987,265,265,train,9,5.803044554676994,5.796626393588577,4.95581793075082,5.8560759569545,5.10432855068361,5.592587923039999,5.354062523360596,5.805612,5.903089987017138
266,S. aureus,FIFPKKNIINSLFGR,1.02893484,15,4.97106516,266,266,train,5,4.871158601782401,4.964457093551054,4.750642996813178,5.13950627436712,4.736683293317976,4.899528902680006,4.952022896202351,4.992393,4.971065159985912
267,S. aureus,FIGAIARLLSKIF,0.690327733,13,5.309672267,267,267,train,7,5.2097775192773375,4.941674919372318,4.756864547004281,4.686251790181387,4.810623201849062,5.151545039209999,4.968898292670753,5.2770104,5.309672266841187
269,S. aureus,FIGALLRPALKLLA,0.977367371,14,5.022632629,269,269,train,6,4.92228951616084,5.065403600102546,4.726176629293329,5.071430898155913,4.737784352284784,4.996837964849993,4.974210357773442,5.012446,5.0226326291235415
270,S. aureus,FIGALLRPALKLLAGK,1.204119983,16,4.795880017,270,270,train,4,4.732326531938399,4.4281298699757174,4.676309299159215,4.778294920661475,4.704028855186716,4.885039335250001,4.851510983969599,4.841805,4.795880017022068
271,S. aureus,FIGGIISFFKRLF,0.306649924,13,5.693350076,271,271,train,9,5.593176769636673,5.426496607683604,4.911464343374494,5.220635147108254,4.954630573577121,5.492387416190001,5.276862703030418,5.6274095,5.693350075623071
272,S. aureus,FIGGIISFIKKLF,0.32444735,13,5.67555265,272,272,train,9,5.575708043467603,5.106185718977821,4.887488207557414,5.0914274376696085,4.911950519639611,5.481265327049997,5.225947682392375,5.597212,5.675552650170842
273,S. aureus,FIGKLISAASGLLSHL,0.977723605,16,5.022276395,273,273,train,6,4.922111399160382,5.371625519802711,4.621794525228333,5.307752049311782,4.466326060899785,4.891346986560002,4.80964783031584,5.044839,5.022276395038196
274,S. aureus,FIGPIISALASLFG,1.77815125,14,4.22184875,274,274,train,2,4.321675319145973,4.554207036832839,4.6747394915329386,4.484935485665362,4.457124470822121,4.359071061869998,4.3629673610348965,4.229684,4.22184875002432
275,S. aureus,FIHHIFRGIVHAGRSIGRFLTG,0.336863136,22,5.663136864,275,275,train,9,5.563035720807265,5.165102582526199,4.841284632849136,5.0247031518619725,5.009206752309073,5.311894694870005,5.037278849814115,5.566108,5.663136863929815
276,S. aureus,FIHHIIGALGHLF,1.220108088,13,4.779891912,276,276,train,4,4.732277062910382,4.731688577474439,4.746125523243152,4.638333398428303,4.776260262963694,4.862166360089995,5.029346341684072,4.8017774,4.779891912018257
277,S. aureus,FIHHIIGGLFSAGKAIHRLIRRRRR,0.698970004,25,5.301029996,277,277,train,7,5.200901983190409,5.278186610130392,4.926988902701334,5.33624124211217,5.066326747682309,5.293823346470004,5.241285690579616,5.2809777,5.301029996056713
278,S. aureus,FIHHIIGGLFSVGKHIHGLIHGH,0.698970004,23,5.301029996,278,278,train,7,5.200880121002041,5.186820298838233,4.839896023266722,5.285520504280867,4.937289429028626,5.154208236890002,4.856102613679727,5.263306,5.301029995930178
279,S. aureus,FIHHIVHAIGRLF,0.302459524,13,5.697540476,279,279,train,9,5.597712240855982,5.105792102743892,4.8298145894143065,4.882245564302006,4.988295831947504,5.432348221859994,5.215939915207485,5.6620784,5.697540475910294
280,S. aureus,FIITGLVRGLTKLF,0.898793817,14,5.101206183,280,280,train,6,5.0013837105437515,4.490593763407048,4.807985089262958,4.553433513516072,4.867254678224133,5.084950944339996,4.935130226508406,5.0804667,5.1012061829453375
281,S. aureus,FIKELLPHLSGIIDSVANAIK,1.740362689,21,4.259637311,281,281,train,2,4.359620982003527,4.888301949787515,4.591835948844452,4.8910293614935805,4.567841689822698,4.356387343030003,4.458137084612438,4.3361764,4.259637311023041
282,S. aureus,FIKHFIHRF,2.603979117,9,3.396020883,282,282,train,0,3.496186733781043,3.90208860568338,4.829913978779673,3.8591810513323948,4.795278452693602,3.8867827855300034,4.037899000495051,3.4301708,3.396020883029775
283,S. aureus,FIKHFIHRFGGGFKKFWKWFRRF,0.716466178,23,5.283533822,283,283,train,7,5.183636147328826,5.095829078068392,5.114221541108096,4.92748641840488,5.291038355787449,5.225849690579997,5.204803287730639,5.270743,5.283533821868405
284,S. aureus,FIKHFIHRFGGGIKQLLHFFQRF,1.337333977,23,4.662666023,284,284,train,4,4.732277062910382,5.116572440293883,5.050496980955375,5.2539175841894,5.1603992797974785,4.709224496959994,4.792029997371089,4.6982656,4.6626660230921315
285,S. aureus,FIKHFIHRFGGGRWRWRWF,1.091849711,19,4.908150289,285,285,train,5,4.807639742707905,4.701777792262069,5.000662313930428,4.790635996455612,5.115196810212649,4.873526963429996,4.9481495506795365,4.8917923,4.908150289036832
286,S. aureus,FIKHFIHRFSATRWRWRWF,1.669081894,19,4.330918106,286,286,train,3,4.430824695960389,4.558427246881243,5.018252119004692,4.665113540851882,5.134739616652148,4.663212201270007,4.8875796979163395,4.4950504,4.330918106103008
287,S. aureus,FIKHFIHRFSGGRWRWRWF,1.08684388,19,4.91315612,287,287,train,5,4.812991706622603,5.07527756062945,5.006316510480049,5.1886580503578505,5.121294111848247,4.883143905049998,4.93665002112014,4.8944783,4.9131561199824505
288,S. aureus,FIKRIARLLRKIF,0.396346746,13,5.603653254,288,288,train,8,5.503476868211008,5.294224360865976,4.915993465984248,5.2648488782402385,4.9984439450017195,5.4763368624699975,5.173154441414546,5.4494605,5.603653253964799
289,S. aureus,FIKWKFRWWKWRK,-0.15490196,13,6.15490196,289,289,train,9,6.05524097482518,5.3954033034570035,4.993465342789146,5.321359507700049,5.09161315921803,5.9336358132600004,5.398286337413039,6.1138616,6.154901959928675
290,S. aureus,FILGKLWKGVKSIF,0.728216524,14,5.271783476,290,290,train,7,5.171622410594254,4.989555352225715,4.803988744991446,4.980781696667213,4.881603262947694,5.22532833586,5.054944438138296,5.247146,5.271783476108464
291,S. aureus,FILPLIASFLSKFL,1.079181246,14,4.920818754,291,291,train,5,4.820747079743316,4.5499458044297585,4.800906392344997,4.7663432434207555,4.661263110210157,4.751445926939997,4.721944353282036,4.855385,4.920818753787531
292,S. aureus,FIPLVSGLFSRLL,0.550473621,13,5.449526379,292,292,train,8,5.34966149581933,5.306747811022888,4.796989507414326,5.178931405298361,4.814961184690157,5.311936910180004,4.985528783044832,5.3905787,5.44952637905587
293,S. aureus,FIRSLFFF,2.0,8,4.0,293,293,train,1,4.100165590275022,4.73715295587127,4.867584600569726,4.971002621798811,4.94099444566866,4.087413708120001,4.324410296080033,4.0461054,4.000000000085766
294,S. aureus,FISAIASFLGKFL,2.113943352,13,3.886056648,294,294,train,1,3.9862220114753977,4.426433975264936,4.698608500004016,4.3203892666310075,4.516752552212497,4.129193201310002,4.343497825792559,3.957016,3.886056648223625
295,S. aureus,FISAIASMLGKFL,2.0,13,4.0,295,295,train,1,4.099942782972834,4.023906874200439,4.665528003536876,4.0627027564931035,4.464662306222593,4.163058295629999,4.483489356453702,3.9983795,3.9999999998511067
296,S. aureus,FISGLIGGLMKAL,1.397940009,13,4.602059991,296,296,train,4,4.70216267864454,4.691582968900142,4.718540170783533,4.600595109072019,4.6824415946005935,4.606862977779994,4.7606280090324695,4.5732656,4.6020599909255075
297,S. aureus,FISQIISTARI,-2.397408385,11,8.397408385,297,297,train,9,8.29733971687799,7.04462777530286,4.692906537700354,7.0142844745676864,4.801534449695282,7.28317487527999,7.253206872295813,8.2420225,8.397408384852358
298,S. aureus,FITGLIGGLMKAL,2.0,13,4.0,298,298,train,1,4.099960803256156,4.332285427921128,4.724065269627069,4.344587645707741,4.691405990524743,4.382066177049997,4.703029173407678,4.0517817,4.000000000005796
299,S. aureus,FKAFRWAWRMKKLAAPS,1.491827041,17,4.508172959,299,299,train,3,4.6078860116061735,4.622018372331541,4.812812435530905,4.695269643637778,4.849544606579449,4.612416852019999,5.012070250539999,4.575841,4.508172959162088
300,S. aureus,FKAFRWAWRWKKLAAPS,1.186167883,17,4.813832117,300,300,train,5,4.7322770591159955,4.240542975262253,4.832638291346187,4.310883699820433,4.895603990825476,4.798952083940001,5.007882649611488,4.7812324,4.813832116862776
301,S. aureus,FKARRWQWRMKKLGA,0.602059991,15,5.397940009,301,301,train,7,5.29805366631176,5.0028810180981615,4.755327334320409,4.97447576006701,4.776080579675468,5.133953686470005,4.894496871364748,5.3231783,5.3979400089338085
302,S. aureus,FKAWRWAWRMKKLAAPS,1.227196663,17,4.772803337,302,302,train,4,4.732277062910382,4.695274479609593,4.82337143903148,4.7131884460174485,4.865308623426764,4.710054623960004,5.010358315115565,4.7678323,4.772803336911227
303,S. aureus,FKHHIFRGIKHVGKTIHRLVTG,0.795880017,22,5.204119983,303,303,train,6,5.104303450375861,5.271216012050131,4.873506034826058,5.237774779471777,4.93934151579016,5.19278622619,5.00486680894005,5.232903,5.204119982970684
306,S. aureus,FKKALHLFKPIKKFLKWK,0.193124598,18,5.806875402,306,306,train,9,5.706641094895415,5.5772747425043505,4.92643411326595,5.506457693138624,5.001951285745166,5.749522054729995,5.378092246766294,5.730239,5.806875402015462
307,S. aureus,FKKFFKKLKNSVKKR,1.095465448,15,4.904534552,307,307,train,5,4.804288755756378,5.142279529299048,4.774554402865298,5.064058305174993,4.791296290485515,4.8857514151399934,4.794881872723098,4.8628683,4.904534551960994
308,S. aureus,FKKFWKWFRRFGGGFIKHFIHRF,1.017496174,23,4.982503826,308,308,train,5,4.882402864155653,5.176682311544483,5.114426327014014,5.102265393754603,5.282061421789985,4.965945314580008,5.134085733589391,5.0165186,4.982503825943848
309,S. aureus,FKKLKKLFKKILKLK,1.204119983,15,4.795880017,309,309,train,4,4.732310618749566,4.940507814554662,4.8924227703360295,4.950732978303323,4.961315849886981,4.9803320429600015,5.155331064049832,4.8652787,4.795880016807486
310,S. aureus,FKKLKKLFSKLFSFK,0.0,15,6.0,310,310,train,9,5.900154665677823,4.924758932946037,4.856109748072915,4.848093222591983,4.917872793778945,5.7182018360299995,5.137273404518514,5.7974195,5.999999999878072
312,S. aureus,FKLFKKIPKFLHLAKKF,0.494850022,17,5.505149978,312,312,train,8,5.404991722904344,5.403277508893719,4.914340735913311,5.5244967638776865,4.994148175691017,5.490483400490004,5.330996677952077,5.52953,5.50514997782461
313,S. aureus,FKRIVQRIKDFLR,1.204119983,13,4.795880017,313,313,train,4,4.732277062910382,4.727920998103725,4.704272390941434,4.85848210642686,4.80401224464345,5.022809049290003,4.989451590998166,4.848687,4.795880016932819
314,S. aureus,FKRLEKLF,2.0,8,4.0,314,314,train,1,4.100098698895479,4.66397560514542,4.593620783694307,4.629687139238727,4.543512429450576,3.766720306699999,4.122370371989721,4.0632358,3.9999999999640132
316,S. aureus,FKRLEKLFSKIQNDK,2.0,15,4.0,316,316,train,1,4.100177107720583,4.1506348077957025,4.492892219250769,4.085868411267099,4.393267235709747,4.13815688655,4.204752409023905,4.0225034,3.9999999999427134
320,S. aureus,FKRLKKLISWIKRKRQQ,0.176091259,17,5.823908741,320,320,train,9,5.723910787981103,5.721351012327689,4.88637645435847,5.700341689672042,4.9621976202448055,5.5907429288200055,5.295889612022346,5.783744,5.823908740982644
321,S. aureus,FKVKFKVKVK,0.902875533,10,5.097124467,321,321,train,6,4.997434821820013,4.740702254981893,4.81027277780908,4.617599796756215,4.84421463644443,4.923351315440005,4.732867443168411,5.0350046,5.097124466849027
323,S. aureus,FKVTWKTKWWKG,0.792391689,12,5.207608311,323,323,train,7,5.107741462561879,5.080047130352606,4.766631194360114,5.125478057193477,4.784682123731383,5.1282994987600015,4.731041511292936,5.234358,5.207608310993655
325,S. aureus,FLFKLIPKAIKGLVKAIRK,0.26284534,19,5.73715466,325,325,train,9,5.63720318624393,4.845310328433546,4.869572423922818,4.806660074378211,4.955426162105803,5.622309859389992,5.111721580473763,5.633789,5.737154659592608
326,S. aureus,FLFKLIPKAIKKLISKFK,0.698970004,18,5.301029996,326,326,train,7,5.200909252207136,4.996839834767846,4.904806275002388,5.189887926711712,4.986356714547934,5.305917202220004,5.160235229024789,5.288659,5.301029996185925
327,S. aureus,FLFKLIPKVIKGLVKAIRK,0.257301944,19,5.742698056,327,327,train,9,5.642752782681623,5.004643003652468,4.915147266273648,5.093402015551062,5.016250343734217,5.652214123229997,5.094468050349237,5.6743608,5.742698056198465
328,S. aureus,FLFPLITSFLSKVL,2.041392685,14,3.958607315,328,328,train,1,4.058721153817668,4.963981086506186,4.855692251493191,5.087101010503994,4.8936332105693925,4.275753593299998,4.633371840375647,4.0431347,3.9586073151260277
329,S. aureus,FLFRVASKVFPALIGKFKKK,0.837717181,20,5.162282819,329,329,train,6,5.061975639068001,4.797449321311198,4.857096574746375,4.85393837009915,4.818040553932374,5.030156923389996,4.760425658622292,5.0606036,5.16228281896909
332,S. aureus,FLFSLIPSAIAGLVSAIRN,1.079954832,19,4.920045168,332,332,train,5,4.819922319121955,5.0206372862947415,4.7459649866971265,5.046493981308515,4.769512699721647,4.903654151030002,4.913207364510036,4.9671583,4.92004516801097
336,S. aureus,FLFSLIPSVIAGLVSAIRN,1.077929929,19,4.922070071,336,336,train,5,4.822235453948336,5.29227754879426,4.8076422300817345,5.031137066847932,4.840282798322005,4.847343319650005,4.86231338861777,4.9035244,4.92207007097254
337,S. aureus,FLGAIAAALPHVINAVTNAL,1.204119983,20,4.795880017,337,337,train,4,4.732277062910382,5.1143840689306295,4.680795445128707,5.055902189042018,4.640271759631509,4.7692374012,4.844071472033451,4.811875,4.795880016993077
339,S. aureus,FLGALAKIISGIF,0.602059991,13,5.397940009,339,339,train,7,5.298074625795225,5.089904440458625,4.737609092382129,5.017073710413327,4.747281740466311,5.174720511300007,4.999865026285866,5.361289,5.397940008921348
341,S. aureus,FLGALFKALSKLV,0.893174743,13,5.106825257,341,341,train,6,5.007011979837445,4.878175326183623,4.707540216456674,4.850799926684475,4.739071729744524,5.093319307250009,5.0018292495933405,5.116398,5.106825256849087
342,S. aureus,FLGALFKALSKVL,0.96572541,13,5.03427459,342,342,train,6,4.934404982014719,5.288282852397174,4.708187486195024,5.197521623197013,4.740763088179444,5.06739972075,4.98310066502432,5.0714912,5.034274589871035
343,S. aureus,FLGALFKAVSKLL,0.930963303,13,5.069036697,343,343,train,6,4.969220959755712,5.149801944547903,4.731895522261455,5.042639816061831,4.75422557426971,5.049820162510001,5.067811973055108,5.1747365,5.069036697033096
344,S. aureus,FLGALFKFASK,1.609601596,11,4.390398404,344,344,train,3,4.490333564987026,4.314187155566888,4.59331215109089,4.34693567565812,4.3497003915091685,4.380633174949997,4.266775948000385,4.2919,4.390398403915863
347,S. aureus,FLGALFKVA,2.316417857,9,3.683582143,347,347,train,0,3.7836494357441595,4.16265145534653,4.656250848295858,4.365874626124291,4.62150909144731,3.922423639250005,4.192999081467397,3.7120383,3.683582143101114
349,S. aureus,FLGALFKVASKV,2.193966252,12,3.806033748,349,349,train,0,3.906387566240038,4.373905838620505,4.63696101790574,4.51263086360311,4.419456991966275,4.097469263980002,4.311950852120151,3.8504345,3.8060337487427143
350,S. aureus,FLGALFKVVSKLL,0.746296682,13,5.253703318,350,350,train,7,5.153629619552375,5.414803208406469,4.796943998704622,5.426575784252981,4.83217386306295,5.271856012690003,5.08715915440158,5.2007833,5.25370331781392
351,S. aureus,FLGALFKVWSK,2.188569079,11,3.811430921,351,351,train,0,3.911276191929416,4.955270568728581,4.727041908849777,4.916785040997475,4.771698891875699,4.128829426600004,4.673762662137089,3.8984632,3.8114309211960182
352,S. aureus,FLGALFWVASK,2.208142506,11,3.791857494,352,352,train,0,3.891925334245308,4.294570728726613,4.650900322561423,4.21416054534938,4.411775721329893,4.01226407507,4.203453664006992,3.8077564,3.7918574940139833
353,S. aureus,FLGALIKGAIHGGRFIHGMIQNHH,1.086010115,24,4.913989885,353,353,train,5,4.813888813780896,4.884932699304823,4.763659872742815,5.2072358386747934,4.839761834804299,4.930209632279993,4.810753871794071,4.950673,4.913989885019518
355,S. aureus,FLGALVKALSKLL,0.707510669,13,5.292489331,355,355,train,7,5.192560669260033,5.029932896158089,4.698663619820464,4.8850159716261405,4.726824447282564,5.224020369130005,5.114034380971904,5.286637,5.292489331021864
358,S. aureus,FLGALWKVASK,1.913827383,11,4.086172617,358,358,train,2,4.185811788179804,3.9352815160357193,4.587331262023748,3.9299780667300404,4.337369192058219,4.1352142291499945,4.1624112557696336,4.083802,4.086172617007956
363,S. aureus,FLGAWFKVASK,2.202908983,11,3.797091017,363,363,train,0,3.896981045323132,3.9610875633115867,4.6015529026854045,3.916553371538068,4.362663011160929,3.9503921996100053,4.174749219506035,3.842608,3.797091017062163
367,S. aureus,FLGGILNTITGLL,1.477121255,13,4.522878745,367,367,train,3,4.623043770346184,4.639212068580334,4.694848282323622,4.694150501828465,4.589380921977411,4.554406883610007,4.669040000756249,4.5233097,4.522878744990928
368,S. aureus,FLGGLIKPWWPWRR,1.236651493,14,4.763348507,368,368,train,4,4.735122854240371,4.949918582001571,4.833130010998696,5.128941589451876,4.998415502733961,4.923830040719997,5.2313617063786015,4.9054875,4.763348507667646
369,S. aureus,FLGGLIKWKWPWWPWRR,0.528520391,17,5.471479609,369,369,train,8,5.371423599813517,5.642311450140244,4.978528448336947,5.61629181872236,5.1687753733455795,5.356380295190008,5.244094682394135,5.4285393,5.4714796088258115
370,S. aureus,FLGGLIKWPWWPWRR,0.59197335,15,5.40802665,370,370,train,8,5.307878245874898,5.338851167421173,4.914566954516352,5.492954289265518,5.082084916972449,5.263610209620003,5.243317796091196,5.3002367,5.408026649872409
371,S. aureus,FLGGLIKWWPWRR,0.658373463,13,5.341626537,371,371,train,7,5.24190371526211,5.488933798448728,4.865033051634794,5.444075134860641,4.995030717622047,5.334026507870008,5.332020868291972,5.39463,5.341626536788115
372,S. aureus,FLGGLLASLLGKI,0.437881673,13,5.562118327,372,372,train,8,5.462272942634398,4.6882174295549826,4.605910131336729,4.550974105674819,4.40940109424998,5.1146109882300035,4.677897312612991,5.415494,5.562118326766851
379,S. aureus,FLGKVFKGAVKVFPAVFGKV,1.777072853,20,4.222927147,379,379,train,2,4.322862110167043,4.436126877206255,4.810487441307703,4.403913590381472,4.891703876756443,4.419931834220003,4.696366297297547,4.2605505,4.222927146916835
382,S. aureus,FLGKVFKKASKVFPAVVGKV,1.774839851,20,4.225160149,382,382,train,2,4.325280760248361,4.428292312854799,4.775806807802512,4.545144640626072,4.717349562570974,4.311926447979995,4.505642529580667,4.2215104,4.225160149009697
393,S. aureus,FLGLIFHGLVHAGKLIHGLIHRNRG,0.176091259,25,5.823908741,393,393,train,9,5.723732405438681,5.011025332020991,4.833146760266676,5.007721283687682,4.95324149494403,5.571196891520003,5.246273122003193,5.777306,5.823908740894776
394,S. aureus,FLGLIGSLL,2.137720904,9,3.862279096,394,394,train,1,3.9623973324623067,4.23791314456849,4.692199506723357,4.310677483749293,4.67308464507304,4.051111842840004,4.331397742701288,3.892452,3.8622790959925366
395,S. aureus,FLGLLFHGVHHVGKWIHGLIHGHH,0.463886132,24,5.536113868,395,395,train,8,5.435734093691043,5.293232320241363,4.879240610134591,5.226272435787644,5.010638007740092,5.417901086969993,5.149612123408345,5.463009,5.53611386791517
399,S. aureus,FLGMIPGLIGGLISAFK,0.698970004,17,5.301029996,399,399,train,7,5.20112713902161,4.963019221865605,4.746303822208129,5.092163520914658,4.765151285309439,5.071123050960005,4.9215248430797285,5.1837864,5.301029995935452
400,S. aureus,FLGSIVGALASALPSLISKIRN,1.397940009,22,4.602059991,400,400,train,4,4.702139365567381,4.7515586971412755,4.714144977240287,4.98457195324173,4.6966110589179255,4.6544226806599935,4.824525846998891,4.624445,4.602059991070692
401,S. aureus,FLGSLIGAAIPAIKQLLGLKK,1.176091259,21,4.823908741,401,401,train,5,4.732277062910693,4.594245528678949,4.74977221765862,4.761452809488902,4.793373012172598,4.901850938570007,4.911901896665319,4.8440385,4.823908740942277
423,S. aureus,FLGWLFKWAKK,0.943478106,11,5.056521894,423,423,train,6,4.956387488438883,5.074022485245793,4.844958594126288,5.087161327017414,4.912900745002765,5.086643202290008,5.015057090102297,5.1035295,5.05652189401663
425,S. aureus,FLGWLFKWAWK,0.628556352,11,5.371443648,425,425,train,7,5.271385875909607,5.100320561320183,4.925727420671517,5.147398604560305,5.016878461627165,5.236111002930008,5.001087463042075,5.3199716,5.371443647942747
426,S. aureus,FLHHIVGLIHHGKLDMYRSNN,1.0,21,5.0,426,426,train,6,4.900157990177551,5.000000000022146,4.690794896537927,5.000474470988501,4.723928968109273,4.96159029164,4.862955088981966,5.0059443,4.999999999911598
427,S. aureus,FLIIRRPIVLGLL,0.817311161,13,5.182688839,427,427,train,6,5.082523353388839,5.049063433267101,4.887034239539376,5.103625039769173,5.058636335942093,5.199490409949996,5.187828026074923,5.154004,5.182688838830641
428,S. aureus,FLKALFKALKKLL,0.768701516,13,5.231298484,428,428,train,7,5.131560766597707,5.488251337702865,4.85734463429082,5.44911957001613,4.887787034151365,5.338567583479997,5.269896749455807,5.34031,5.231298485445248
429,S. aureus,FLKALFKALSKLL,0.604411274,13,5.395588726,429,429,train,7,5.295691954450068,5.4289878724066005,4.7903200601764295,5.3909312124606,4.826596636032487,5.403925958180005,5.23150471539977,5.431553,5.395588726377741
430,S. aureus,FLKALFKVALKVL,0.318196412,13,5.681803588,430,430,train,9,5.581925015459393,5.406439415558997,4.891892540687569,5.3517537996708135,4.912474489141618,5.519262156689995,5.255001865677381,5.5917435,5.681803587805352
431,S. aureus,FLKALFKVASKVL,0.325865799,13,5.674134201,431,431,train,9,5.574299402872864,4.791338879357259,4.769305145711574,4.748071880164494,4.58059654302541,5.419555537160001,4.925842641401,5.4749227,5.674134200057669
432,S. aureus,FLKALWNVAKSVF,0.494154594,13,5.505845406,432,432,train,8,5.4060120320763865,4.990056608420795,4.816504335736848,4.827212782627972,4.811692145366915,5.291109165019998,5.029109079201489,5.357701,5.5058454059435
433,S. aureus,FLKGIKGMLGKLF,0.77815125,13,5.22184875,433,433,train,7,5.12193925658587,4.910670656416184,4.6927596899253405,4.88524122609473,4.721501590501764,5.148239638469996,4.883503508355434,5.1785455,5.221848749504534
434,S. aureus,FLKGIKGMLGKLL,1.079181246,13,4.920818754,434,434,train,5,4.8204988354719625,4.9531648940107385,4.68237279723298,4.918748464695041,4.699525431832015,5.030771899689994,4.98987323161338,4.977571,4.920818754465048
435,S. aureus,FLKGIVGKLGKLF,0.77815125,13,5.22184875,435,435,train,7,5.122009100504099,5.409055040030994,4.710970408842065,5.3073179701469275,4.86893268647931,5.286445539669997,5.235630895836485,5.2858844,5.221848749834267
436,S. aureus,FLKGIVGMLGKLF,0.477121255,13,5.522878745,436,436,train,8,5.423012675981549,5.306014538676358,4.764718690382843,5.281122005653098,4.9092626479862345,5.4735677842100054,5.241553997699921,5.5095105,5.52287874517082
437,S. aureus,FLKGIVGMLGKLL,0.477121255,13,5.522878745,437,437,train,8,5.422355084191545,5.133585430570329,4.75437202349343,5.175754024518876,4.887361806100524,5.356524600630005,5.252103839732052,5.4551554,5.522878744557701
438,S. aureus,FLKGIVGMLGKLW,0.477121255,13,5.522878745,438,438,train,8,5.42306111604547,5.153460803822354,4.777835129352085,5.107787230173229,4.930779881676681,5.483508791510006,5.244787544080423,5.5108414,5.522878744935392
439,S. aureus,FLKKAKKFGKAF,2.559200679,12,3.440799321,439,439,train,0,3.5408404497732624,3.8293618602915878,4.673179466314254,3.7188682472533205,4.685991019341842,3.6733306016999956,3.879351651930493,3.4983597,3.4407993210529777
441,S. aureus,FLKLIPRKIVTAL,0.996558023,13,5.003441977,441,441,train,6,4.903558002794613,5.1236103071616235,4.819646100572061,4.957544663180639,4.949440433363004,5.008504918200003,5.054239549936597,5.0470924,5.00344197704771
442,S. aureus,FLKLLKKLL,0.84509804,9,5.15490196,442,442,train,6,5.0548350737418355,5.174578283405463,4.8962056391163555,5.160696606790987,4.92673309365664,4.883431904730005,4.8164934298812705,5.1051645,5.154901959454026
443,S. aureus,FLKPLFNAALKLLP,1.346517699,14,4.653482301,443,443,train,4,4.732277062910382,4.910330925137487,4.722282550292517,4.930467572828564,4.702776417589822,4.657441146439999,4.792453793763403,4.8155437,4.653482301027779
447,S. aureus,FLKWLFKWAKK,0.624738576,11,5.375261424,447,447,train,7,5.275393360301105,5.356047189176031,4.899371642328296,5.264435656698248,4.9679153428393885,5.297782333009994,5.261358024286235,5.384546,5.3752614237651715
448,S. aureus,FLKWLFKWLKK,0.910251771,11,5.089748229,448,448,train,6,4.989821626633519,5.172965564936466,4.975824974101961,5.144734046722252,5.064005057415641,5.192920755510003,5.3021123604563725,5.177313,5.089748229076721
449,S. aureus,FLNALKNFAKTAGKRLKSLLN,0.72427587,21,5.27572413,449,449,train,7,5.175668698040317,4.5560287163979,4.7124206978536165,4.6566974857916925,4.696424117102723,5.092593661910005,4.830103157056756,5.213552,5.275724129926741
450,S. aureus,FLPAALAGIGGILGKLF,0.795880017,17,5.204119983,450,450,train,6,5.104254722787939,5.0945332947588895,4.679357806211499,5.220454868770244,4.68473690041891,5.099373407399999,4.91573618117031,5.175193,5.204119982978241
453,S. aureus,FLPFLAGLFGKIF,2.176091259,13,3.823908741,453,453,train,0,3.9240746147886667,4.491668557653847,4.777529923088499,4.422028008231326,4.81463523416587,4.183860293450004,4.688288525760118,3.9368963,3.8239087412695
454,S. aureus,FLPFLASLLSKVL,1.903089987,13,4.096910013,454,454,train,2,4.197006199724393,4.5809498569938425,4.7343921419707256,4.63481843727384,4.550780972457914,4.095897723930006,4.3909351343106025,4.1106215,4.0969100131637495
455,S. aureus,FLPFLATLLSKVL,2.0,13,4.0,455,455,train,1,4.099890293107784,4.52739852099447,4.79671773450649,4.449398486908909,4.812536811658027,4.190272155940001,4.602442916278993,4.044393,4.0000000000349205
456,S. aureus,FLPFLIPALTSLISSL,1.698970004,16,4.301029996,456,456,train,2,4.401191665593826,4.594633117198809,4.78471143593806,4.545014436292374,4.775370722633997,4.459561662770003,4.606591317220875,4.3410926,4.301029995998297
458,S. aureus,FLPFVGNLLKGLL,0.954242509,13,5.045757491,458,458,train,6,4.945893049332545,4.467242530522619,4.764206204282889,4.408631746583034,4.751470920669074,5.073081084250003,4.979707503941569,5.006919,5.045757490910978
459,S. aureus,FLPGLIAGIAKML,1.015674605,13,4.984325395,459,459,train,5,4.884285752846364,4.826885195110015,4.706099704497831,4.751763163817999,4.680974096036314,4.909867302099998,4.89557980082314,4.830413,4.984325394961872
460,S. aureus,FLPGLLAGLL,1.432434775,10,4.567565225,460,460,train,4,4.667493502812307,4.566861151934216,4.622408443296115,4.440921222217551,4.570275924122844,4.320931178910004,4.310147695617881,4.5678563,4.5675652249713545
461,S. aureus,FLPIAGKLLSGLSGLL,-0.10741706,16,6.10741706,461,461,train,9,6.00758218562311,5.043533211933961,4.654753762510113,5.137855102547036,4.6683889380564425,5.805990621329995,5.240065319385438,5.9372435,6.107417059611131
462,S. aureus,FLPIALKALGSIFPKIL,0.939329318,17,5.060670682,462,462,train,6,4.960323989297354,5.005292937614306,4.8164559858987745,5.103973695923576,4.844006641129034,5.070932673420006,5.033689492117978,5.063509,5.060670682147847
463,S. aureus,FLPIASLLGKYL,2.301029996,12,3.698970004,463,463,train,0,3.7990905446501246,4.667089806905827,4.681965570333078,4.531247751460683,4.460549737124794,3.9568827288199957,4.467824432682772,3.8167226,3.698970004114239
465,S. aureus,FLPIIAKVLSGLL,1.176091259,13,4.823908741,465,465,train,5,4.732278048029113,4.9828143792329405,4.7779467143430985,5.026445277827572,4.77876634064977,4.845177243750007,4.856245458287928,4.872884,4.8239087414102775
466,S. aureus,FLPIIGKLLSG,0.543440729,11,5.456559271,466,466,train,8,5.356652271440132,4.933688233922108,4.6692360780064694,4.89038379558515,4.6466802847036615,5.1749890051200005,4.639332183364461,5.3807015,5.456559270862529
470,S. aureus,FLPIITNLLGKLL,0.77815125,13,5.22184875,470,470,train,7,5.121997235051562,4.897462754983435,4.768299012928726,4.884092001794662,4.755097362073662,5.170116088929997,4.96325505378798,5.1680293,5.22184874989144
471,S. aureus,FLPILASLAAKFGPKLFSLVTKKS,0.477121255,24,5.522878745,471,471,train,8,5.423033317644087,4.982476595794427,4.836795445076191,5.050540240012234,4.814577019815166,5.285959325360003,4.868718610488184,5.3827405,5.522878744870739
476,S. aureus,FLPILINLIHKGLL,2.096910013,14,3.903089987,476,476,train,1,4.003203825817668,4.859339560036604,4.82707948727935,5.061539575601085,4.834947352605772,4.256941697129993,4.8547297783676004,4.065818,3.903089987121602
477,S. aureus,FLPIPRPILLGLL,0.710151054,13,5.289848946,477,477,train,7,5.189675190761931,5.534871950551203,4.759936432502476,5.412732029697291,4.778126239829343,5.127401467300003,5.058945231262095,5.220102,5.289848946022272
479,S. aureus,FLPIVAKLLSGLLGRKKRRQRRR,0.176091259,23,5.823908741,479,479,train,9,5.723752451162059,5.8475791606090555,4.864099804623527,5.769399843757794,5.040842076757634,5.573530853600007,5.475873038337582,5.729254,5.823908740992193
482,S. aureus,FLPIVGKLLSGLSGLL,0.089637291,16,5.910362709,482,482,train,9,5.810298025989334,5.527847262700428,4.7284529933195385,5.50014240149082,4.850305004450266,5.833148078040004,5.4817468943387535,5.9414587,5.9103627089680915
483,S. aureus,FLPIVGKLLSGLSGLS,0.193344967,16,5.806655033,483,483,train,9,5.706859103114829,5.155322639156411,4.653902409147809,5.163391770410718,4.763557020694756,5.673914541660006,5.389881459339414,5.8329797,5.806655033015204
486,S. aureus,FLPIVTNLLSGLLGK,1.763427994,15,4.236572006,486,486,train,2,4.33665473159787,5.112918514226539,4.688909717189293,5.293773429373985,4.789035452301742,4.464590977170002,4.643232675589627,4.2961183,4.23657200613556
487,S. aureus,FLPKLFAGIISKNF,1.119530908,14,4.880469092,487,487,train,5,4.780290695380295,4.83497903898009,4.701928027381927,4.920385467517107,4.710559291901782,4.84723658199,4.967254732474097,4.9279265,4.880469091977574
488,S. aureus,FLPKLFAKITKKNMAHIR,0.011694568,18,5.988305432,488,488,train,9,5.8881404361603815,4.911474947216874,4.779473469451587,4.903420068070929,4.80752677668532,5.3892411961,5.066024213136547,5.828856,5.988305431880601
489,S. aureus,FLPKMSTKLRVPYRRGTKDYH,0.158119229,21,5.841880771,489,489,train,9,5.741819719822293,5.72484301639733,4.715672589109789,5.604931096800469,4.6792632625560975,5.398935398649993,5.005236807579033,5.783591,5.841880770951248
492,S. aureus,FLPLAMALGKLL,1.602059991,12,4.397940009,492,492,train,3,4.4979552451317915,5.240627432702237,4.698205643076212,5.0314883698310675,4.679542990314413,4.408621879890006,4.531546788611806,4.4039016,4.397940009054282
493,S. aureus,FLPLFASLIGKLL,2.146128036,13,3.853871964,493,493,train,1,3.9539706442615814,4.295139787283817,4.733679244739103,4.34071299039571,4.553599837453649,4.208228448890003,4.703587884447489,4.0629926,3.853871964286658
494,S. aureus,FLPLIGKILGTIL,0.698970004,13,5.301029996,494,494,train,7,5.201019756157527,4.549147199745828,4.762842879491338,4.539276888111318,4.782418433275938,5.056310735850005,4.988011975719781,5.2076645,5.301029995919253
501,S. aureus,FLPLIGRVLSGILGWKRKRFG,1.0,21,5.0,501,501,train,6,4.89959340791743,5.138245947372981,4.884242890281096,5.279040809378541,5.000266019229907,5.02001293228,5.204379861571797,5.0277524,5.000000000033017
502,S. aureus,FLPLILPSIVTALSSFLKQG,1.248570124,20,4.751429876,502,502,train,4,4.732277062910382,5.229694633431566,4.812273129673668,5.256691139285304,4.924206175572985,4.804107880389994,4.803105269038236,4.7863545,4.75142987601278
503,S. aureus,FLPLKKLRFGLL,0.495544338,12,5.504455662,503,503,train,8,5.4043869938779885,5.07382259640601,4.791517304490789,5.010988273644487,4.830988922222607,5.31760363141,5.021398188587273,5.4561534,5.504455661989555
504,S. aureus,FLPLLAGLAAKWF,1.274157849,13,4.725842151,504,504,train,4,4.732277062910031,4.79012100964044,4.723018455585369,4.608233756829197,4.761808440763502,4.803756892549999,4.85107471029212,4.7532153,4.7258421510245565
507,S. aureus,FLPLLASLFSRLL,0.301029996,13,5.698970004,507,507,train,9,5.598802411854425,4.882133713543431,4.751897451821047,4.844182906173137,4.582131415603636,5.240886947379995,5.017749485022905,5.621686,5.69897000378214
508,S. aureus,FLPLLFGAISHLL,1.488056526,13,4.511943474,508,508,train,3,4.611769321417347,5.204802262808166,4.759019738536224,5.174382626486567,4.7711332635776165,4.554689239790005,4.802954709265948,4.5010695,4.5119434740481585
509,S. aureus,FLPLLFGALSTLLPKIF,1.397940009,17,4.602059991,509,509,train,4,4.702163697848283,4.923846342945184,4.8082583368373975,5.0565182181522275,4.865906412434961,4.8842656605099934,4.961935921711493,4.7337456,4.602059991074456
511,S. aureus,FLPLLVGAISSILPKIF,1.096910013,17,4.903089987,511,511,train,5,4.803081574291731,4.664590036172615,4.810366024324601,4.834725670266221,4.853843466616906,4.907878278979992,4.954514291782489,4.899594,4.903089986960589
513,S. aureus,FLPLVLGALSGILPKIL,0.424703786,17,5.575296214,513,513,train,8,5.475397277946208,5.119790101072963,4.755077239841408,5.285606193971084,4.797538091411427,5.304245672269996,4.960675022779086,5.366775,5.575296213743456
514,S. aureus,FLPLVTGLLSGLL,1.806179974,13,4.193820026,514,514,train,2,4.29398809510182,4.744491285924353,4.704328765436357,4.657247202345984,4.683715362230264,4.347320657730006,4.59612811333801,4.220242,4.193820026095205
515,S. aureus,FLPLVTMLLGKLF,0.875061263,13,5.124938737,515,515,train,6,5.024763530231102,4.690824721449947,4.830282787811738,4.657775054492649,4.848325695548633,5.098807058949993,4.871202768856631,5.090837,5.124938736947755
516,S. aureus,FLPPSPWKETFRTS,1.098697885,14,4.901302115,516,516,train,5,4.801467818053315,4.763789400199997,4.545693675044608,4.7997440756699525,4.465745132684555,4.715906693730005,4.423107743254034,4.8080673,4.901302114953037
519,S. aureus,FLPVILPVIGKLLNGIL,1.397940009,17,4.602059991,519,519,train,4,4.7021718340625975,4.851173551701844,4.87265016955287,4.589534543962324,4.8603835694478175,4.6991590413999935,4.71171831250638,4.6501455,4.602059990875209
520,S. aureus,FLPVILPVIGKLLNGILGK,1.397940009,19,4.602059991,520,520,train,4,4.7021643746491,4.5741303953565104,4.827678153221014,4.529140109785797,4.844922106520181,4.754423326149993,4.793256465992541,4.640064,4.602059991088501
521,S. aureus,FLPVILPVIGKLLSGIL,1.522878745,17,4.477121255,521,521,train,3,4.577239158711042,4.764521064526051,4.865073361311498,4.864029240422015,4.9013375857828665,4.5497739316799946,4.713628576267056,4.493526,4.477121255177983
522,S. aureus,FLPVLAGVLSRA,1.529982483,12,4.470017517,522,522,train,3,4.57018334283716,4.345380142270625,4.630517933213083,4.255368910840461,4.62634360535581,4.398403127479994,4.407576099595005,4.4836736,4.470017517000174
523,S. aureus,FLPVLGKVIKLVGGLL,0.491361694,16,5.508638306,523,523,train,8,5.408589794567742,4.6577545844256765,4.832466049286377,4.5910572211814324,4.879354937949369,5.339367787790005,5.059919005982609,5.4358807,5.5086383056191695
525,S. aureus,FLQHIIGALGHLF,1.222716471,13,4.777283529,525,525,train,4,4.732277062910391,4.294587700515299,4.742369369246671,4.447794360466547,4.760351409486337,4.836084361009993,5.002000352984219,4.82125,4.777283529013455
526,S. aureus,FLQHIIGALSHFF,1.103803721,13,4.896196279,526,526,train,5,4.796285586061412,4.961892942579665,4.764984245762314,4.981324617009073,4.78128375590003,4.845662116359996,4.935277014519603,4.8676248,4.896196278979523
527,S. aureus,FLQHIIGALTHIF,1.509874285,13,4.490125715,527,527,train,3,4.589986881924807,4.706119405597968,4.804709240754002,4.587030989758558,4.8102698136821855,4.672706785309993,4.947362311572774,4.56858,4.490125714972825
528,S. aureus,FLSAIASMLGKFL,2.301029996,13,3.698970004,528,528,train,0,3.798791607381956,3.9926312596424287,4.6407082725526,4.068563429787422,4.448224122899347,3.8940905366799954,4.22840268706073,3.742665,3.698970004134357
529,S. aureus,FLSAITSLLGKLL,0.77815125,13,5.22184875,529,529,train,7,5.122016893312989,5.105532944899151,4.6624768955697835,5.093614349208486,4.682307964745059,5.022856983999996,4.883396128385756,5.1732335,5.221848749982801
530,S. aureus,FLSGIVGMLGKLF,0.632023215,13,5.367976785,530,530,train,7,5.268097641029382,5.383702268546051,4.748219696380611,5.34849180195199,4.881000163568647,5.201624327759999,5.12178088008799,5.3479495,5.367976785060496
531,S. aureus,FLSGIVGMLGKLFGK,0.477121255,15,5.522878745,531,531,train,8,5.423047532333724,4.782444078822339,4.713157105180616,4.986008607968182,4.83757906786925,5.2883848826600035,5.15285570475044,5.5045824,5.522878744899064
532,S. aureus,FLSGLIGGLAKMLGK,0.973127854,15,5.026872146,532,532,train,6,4.926723866724862,4.759083213506204,4.647900251751442,4.872464711879888,4.653007798489464,4.8806045905300035,4.7925039638361415,4.9201164,5.0268721460092305
533,S. aureus,FLSHIAGFLSNLF,1.0,13,5.0,533,533,train,6,4.900167253386154,4.833639215708809,4.691864480942675,4.7260037945129145,4.704066398941238,4.904888668670001,4.854072010455773,4.987945,4.999999999985919
534,S. aureus,FLSHIAGFLSNLFGK,0.782274918,15,5.217725082,534,534,train,7,5.1175471466847355,4.712501945631823,4.664518158646599,4.862660919582975,4.6819547325208974,4.985665517180001,4.852688852630997,5.113428,5.217725081890357
535,S. aureus,FLSIIAKVLGSLF,0.875061263,13,5.124938737,535,535,train,6,5.024882330268044,5.090450836543495,4.786152948104781,4.928701217163019,4.820540063808722,5.0886873278099936,4.872550592740122,5.0949864,5.124938736909407
536,S. aureus,FLSLIPAAISAVSALANHF,1.517872518,19,4.482127482,536,536,train,3,4.581937240910381,4.6803838461098906,4.672181540242145,4.798847472748057,4.665417667856143,4.640375488910005,4.629591193067229,4.5692368,4.482127482020277
537,S. aureus,FLSLIPHAIKAVGVHAKHF,1.788000754,19,4.211999246,537,537,train,2,4.311834132885859,3.852114958678944,4.783194305970385,4.060272934532872,4.803506476748918,4.231034139080004,4.503472595725216,4.1725984,4.211999245811467
538,S. aureus,FLSLIPHAINAVGVHAKHF,2.393000622,19,3.606999378,538,538,train,0,3.7071090736219956,4.405586787250301,4.758203868337469,4.353953889054505,4.75333277481211,4.271250546980005,4.2409183576176375,3.8219185,3.60699937823941
539,S. aureus,FLSLIPHAINAVSAIAKHF,0.62324929,19,5.37675071,539,539,train,7,5.276516419867403,4.970976716277811,4.73915105106217,4.824172568638415,4.742450851007926,5.159985320420004,4.917739110778358,5.2871656,5.376750709778788
540,S. aureus,FLSLIPHAINAVSAIAKHFG,0.77815125,20,5.22184875,540,540,train,7,5.121802486119163,4.592397940704566,4.733335193384411,4.616730403431938,4.733893113107093,5.037187067479998,4.882362734882935,5.1501174,5.221848750076378
541,S. aureus,FLSLIPHAINAVSAIAKHN,0.897627091,19,5.102372909,541,541,train,6,5.0025381111817255,5.088316268212181,4.67352709562076,4.831152569067475,4.656505587614189,5.0116270809699985,4.857594210204341,5.063432,5.102372908972148
542,S. aureus,FLSLIPHAINAVSALANHG,0.788875116,19,5.211124884,542,542,train,7,5.1111087763242296,5.18681625187981,4.616362957986977,5.101779414819131,4.594369011902329,5.092999222360007,4.788278338743049,5.1599092,5.211124883970437
543,S. aureus,FLSLIPHAINAVSTLVHHF,0.67669361,19,5.32330639,543,543,train,7,5.223401187371331,4.144750762662232,4.807814438507041,4.258243199141694,4.819733904116648,5.023085082470007,5.0250549905215,5.231197,5.323306389953178
544,S. aureus,FLSLIPHIATGIAALAKHL,0.278753601,19,5.721246399,544,544,train,9,5.62129410224672,4.99603605382671,4.755901841603447,5.18823155616751,4.770646353548216,5.553835598699997,5.227784387085829,5.6169324,5.721246398828995
545,S. aureus,FLSLIPHIVSGVAALAKHLG,1.091080469,20,4.908919531,545,545,train,5,4.808495870665504,5.476043944629063,4.768931225757007,5.443243427192857,4.873021356362734,4.899521113169995,4.907205754901024,4.9439774,4.908919531193661
549,S. aureus,FLSLIPKAIKAVGVKAKKF,2.129431306,19,3.870568694,549,549,train,1,3.970736763040114,4.51549265746526,4.782857255694549,4.779450425447574,4.818665488183802,4.102288674559999,4.676911965228072,3.9719112,3.870568694425668
550,S. aureus,FLSLIPKIAGGIAALAKHL,0.616772114,19,5.383227886,550,550,train,7,5.283217393639977,5.512705637299162,4.733559280572439,5.334133956191479,4.759142471607369,5.338981199109993,5.188447336113019,5.461339,5.383227886062782
551,S. aureus,FLSLIPKIATGIAALAKHL,0.301029996,19,5.698970004,551,551,train,9,5.598873407487,5.154783465830538,4.760277715949555,5.107355366106754,4.783608696086161,5.590286883479995,5.229368723306273,5.6608343,5.69897000396749
552,S. aureus,FLSLIPKLVKKIIKAFK,0.397940009,17,5.602059991,552,552,train,8,5.502156989512685,4.83271680365366,4.87506112856543,4.579232455913222,4.961287417212045,5.430039677349994,5.1017570308595515,5.4801292,5.602059990550079
553,S. aureus,FLSLIPSLVGGSISAFK,2.079181246,17,3.920818754,553,553,train,1,4.0209282545180045,4.601711591732187,4.715910486060745,4.771498461286287,4.7220931805535855,4.249970851569995,4.527912668733631,4.018968,3.9208187540710213
554,S. aureus,FLSMIPHIAGGIASLVKNL,1.208176921,19,4.791823079,554,554,train,4,4.732277571133682,4.7754252292191675,4.705997830947672,4.6523657384734225,4.580378972579244,4.891826147709995,4.880176370413215,4.8583446,4.791823079031251
555,S. aureus,FLSMIPHIVSGVAALAKHL,0.795880017,19,5.204119983,555,555,train,6,5.104254443042611,5.588533297311784,4.798221353590533,5.660322926791758,4.892168796694692,5.069064030199999,5.038463623995839,5.205759,5.204119982933308
556,S. aureus,FLSMIPKIAGGIASLVKNL,0.608086824,19,5.391913176,556,556,train,7,5.292007813397757,4.925065866795216,4.710190860734925,4.783562861404996,4.593723886487372,5.268699302970001,4.883490419305199,5.332321,5.391913175836006
557,S. aureus,FLSSIGKILGNLL,1.403335041,13,4.596664959,557,557,train,4,4.696618850837837,4.84964333254674,4.6985882396209036,4.7572976798571,4.684631314269586,4.691235225020004,4.920556711751941,4.640641,4.596664959020569
558,S. aureus,FLSTIWNGIKGLL,0.977723605,13,5.022276395,558,558,train,6,4.922011980176435,5.363464566520468,4.748344339883118,5.411612150977174,4.744798069953544,4.980520193090002,4.9109604970248855,5.0049176,5.0222763950009774
559,S. aureus,FLSTIWNGIKSLF,0.903089987,13,5.096910013,559,559,train,6,4.997087631528397,5.130135097865741,4.768183635995326,5.11694684693823,4.783956958922868,4.973644229220006,4.931870603971048,5.0621552,5.096910013002908
560,S. aureus,FLSTIWNGIKSLL,1.079181246,13,4.920818754,560,560,train,5,4.820721386551004,5.321781217011476,4.754962652640696,5.322328938389883,4.752041679013393,4.906389106679999,4.916803072086786,4.959777,4.920818753981424
561,S. aureus,FLSTLWNAAKSIF,1.056169428,13,4.943830572,561,561,train,5,4.8439342430630745,4.96499562346575,4.701546333031807,4.9130473626870925,4.692494895814242,4.838530800940008,4.789354436890277,4.8780603,4.943830571980431
562,S. aureus,FLTGLIGGLMKALGK,2.176091259,15,3.823908741,562,562,train,0,3.9240737047340932,3.731174337430428,4.669571390328522,3.88968981843891,4.662960213452554,4.194930242290005,4.768726074624491,3.98455,3.823908741073247
564,S. aureus,FLWGLIPGAISAVTSLIKK,0.637851065,19,5.362148935,564,564,train,7,5.262315543749967,5.322719801727208,4.789364850744757,5.108978184704137,4.833338166915076,5.143674655779997,4.9967505589459815,5.254984,5.3621489349426446
565,S. aureus,FLWWLFKWAWK,0.59226113,11,5.40773887,565,565,train,8,5.307767092504716,5.527651025383872,5.055310595026582,5.473997851103388,5.151284416384599,5.335372588810002,5.21086266583949,5.37833,5.407738870080815
566,S. aureus,FLYIVAKLLSGLL,0.176091259,13,5.823908741,566,566,train,9,5.723843993218317,5.152698958515991,4.877335837639222,5.064760042421587,5.007357197868161,5.490147266980005,5.079270945609532,5.74975,5.823908740927641
567,S. aureus,FMPIIGRLMSGSL,-0.064693135,13,6.064693135,567,567,train,9,5.964583428107784,5.8529098076933845,4.705322842440989,5.70719923802726,4.679487579064026,5.450368654860007,4.9115742783222505,5.949881,6.064693134909329
568,S. aureus,FPFSLIPHAIGGLISAIK,1.681241237,18,4.318758763,568,568,train,3,4.418594256434424,4.678137401013891,4.731553283890298,4.691291275998076,4.7335971931284755,4.535340102520002,4.691156103150873,4.4057355,4.318758763115381
569,S. aureus,FPISTLLKWWKG,1.927890158,12,4.072109842,569,569,train,2,4.17228034028662,4.700879540008439,4.796981279247879,4.605797999688143,4.817234370817553,4.299229529199994,4.718592282009598,4.18622,4.072109842034419
571,S. aureus,FPVGRVHRLLRK,1.335533875,12,4.664466125,571,571,train,4,4.731938373448051,4.391816664189465,4.742904242341252,4.489762144930909,4.755975641970154,4.701008572709996,4.655597703998815,4.609671,4.664466124913688
572,S. aureus,FPVKLKFPKVKL,1.986603041,12,4.013396959,572,572,train,1,4.113381310820582,4.245331105588231,4.7711066570481995,4.215694390317458,4.745085378991066,4.327629557099994,4.303623281532866,4.0086927,4.013396958991227
573,S. aureus,FPVTFRFFKFFKG,1.702085896,13,4.297914104,573,573,train,2,4.397971230002618,4.373002741648746,4.875406135930228,4.3323342059503025,4.935848242521507,4.569430846210006,4.7490029164634375,4.3463182,4.297914103952157
575,S. aureus,FPVTWKWWKWWKG,1.301029996,13,4.698970004,575,575,train,4,4.732277064724551,4.742861018585704,4.9325114215173365,4.8003166832893776,5.027290173875017,4.787882362029994,4.884363857046587,4.7041206,4.6989700041597935
576,S. aureus,FPVTWPTKWLKG,2.233666999,12,3.766333001,576,576,train,0,3.8661565167203924,3.9847333160174534,4.722830638317571,3.9820863480791813,4.708770762412368,3.8892147967000046,4.093250711295709,3.77834,3.76633300105901
577,S. aureus,FPVTWPTKWRKG,2.221050469,12,3.778949531,577,577,train,0,3.8791187757805377,3.731446100129329,4.683277382253454,3.784547306653807,4.670450072120994,3.9305088576600036,4.23423206884611,3.8285897,3.778949530982236
578,S. aureus,FPVTWPTKWWEG,2.212192342,12,3.787807658,578,578,train,0,3.887974035193528,3.6351427753911985,4.496595313141025,3.806447210592931,4.396541956239748,3.873862982080004,3.9191156179011957,3.7592711,3.7878076579763675
580,S. aureus,FPVTWPTKWWKS,2.204033855,12,3.795966145,580,580,train,0,3.895790704212503,3.5043992873825807,4.7506605326783795,3.5307632200149417,4.745865727142509,3.8880258306200046,4.182712823885986,3.8283918,3.7959661450315014
583,S. aureus,FPVTWRWWTWWKG,1.241253198,13,4.758746802,583,583,train,4,4.732277062910382,4.689391436700646,4.931970872397504,4.687991239867117,5.027874285283992,4.700445193660006,4.766475223344144,4.7037315,4.758746801946296
584,S. aureus,FQNRRMKWKK,2.408239965,10,3.591760035,584,584,train,0,3.691594434206002,3.7811340419497808,4.6173716581140605,3.571245867320296,4.445887942855044,3.9338781639999976,3.763223102122839,3.582019,3.5917600349039347
587,S. aureus,FQWQRNMRKVRGPPVS,2.698970004,16,3.301029996,587,587,train,0,3.4013350039103813,3.165266276527184,4.7167074494263685,3.1968381165465187,4.685983237826962,3.736862162160003,3.8385283193425166,3.3287468,3.3010299960536753
589,S. aureus,FRFKFRFK,2.327744531,8,3.672255469,589,589,train,0,3.772202049264846,5.021825120267188,4.847531555630776,4.989187115406865,4.912593885769959,4.056352869389998,4.566723749866064,3.7213132,3.672255469139319
590,S. aureus,FRIRVRV,2.10720997,7,3.89279003,590,590,train,1,3.9927231897899875,4.25532645798008,4.8351595012538855,4.278423815219753,4.875185932398696,3.9267683671999998,4.362740601420114,3.9246519,3.892790030105734
591,S. aureus,FRIRVRVFKRIVQRIKDFLR,0.602059991,20,5.397940009,591,591,train,7,5.298109777190641,5.227685508621494,4.935578270007471,5.232247545547471,5.060577516340882,5.277227015010006,5.104165752349091,5.3654585,5.397940009038093
592,S. aureus,FRIRVRVKWKLFKKI,0.602059991,15,5.397940009,592,592,train,7,5.297666539994236,5.401320683820459,4.982033575872149,5.394969264998823,5.082251958092565,5.257567159010006,5.214056842789246,5.4050517,5.397940009101786
593,S. aureus,FRKLFRVYSNFLRGKLKL,1.041392685,18,4.958607315,593,593,train,5,4.858777098540637,5.344428410242724,4.942505084237978,5.40725416101279,5.0076751894598015,5.010701708459997,5.195927017454289,5.021906,4.958607314931655
594,S. aureus,FRPALIVRTKGTRL,1.477121255,14,4.522878745,594,594,train,3,4.6230333176440865,4.7337173901432275,4.6564548645916615,4.693592062240467,4.766331063439347,4.588168267840007,4.783739492082473,4.4951644,4.522878744945886
597,S. aureus,FRRFFKWPRRFFKFF,0.957447649,15,5.042552351,597,597,train,6,4.942686147612361,5.811185509883019,5.020361896034804,5.872735894958456,5.159631987924117,5.104247022269998,5.259512754866062,5.0426335,5.0425523509373305
598,S. aureus,FRRFFKWPRRPFKFF,0.806632129,15,5.193367871,598,598,train,6,5.0927933778720265,5.440803065137901,4.934145878438036,5.3769951652843675,5.068759668816344,5.205606429280006,5.179038735498991,5.1977634,5.193367870797858
599,S. aureus,FRRFRKWFRRFLKLF,1.193820026,15,4.806179974,599,599,train,5,4.732277062945547,4.872718066047661,5.038909958476103,4.9073576532296315,5.168057204968434,5.020423191169993,5.267422503329799,4.9379168,4.806179974334727
600,S. aureus,FRRPFKWPRRFFKFF,0.7981901,15,5.2018099,600,600,train,6,5.101698891574257,5.387853862834866,4.934602989835176,5.31125934168362,5.069954130987897,5.2031123384799995,5.192299116756926,5.217365,5.201809900595761
601,S. aureus,FRRWWKWFK,0.032057099,9,5.967942901,601,601,train,9,5.868114723303942,5.478799429452665,4.95430305916114,5.386425819944224,5.06373900419152,5.783429665130005,5.3260808398946855,5.8517394,5.967942900654603
602,S. aureus,FRVTWRTKWWKG,0.477121255,12,5.522878745,602,602,train,8,5.42297352954115,4.4813194266943865,4.788662499136763,4.64345405585072,4.823597619695707,5.341058299530004,4.781184999638845,5.4355054,5.522878744948824
603,S. aureus,FSEAIKKIIDFLG,2.237759456,13,3.762240544,603,603,train,0,3.8624674936940036,3.7106824592995533,4.326858329017993,3.678964980051739,4.305613808380341,4.019356524070003,4.292393181433269,3.8499868,3.762240543977225
604,S. aureus,FSFLSRIF,2.0,8,4.0,604,604,train,1,4.100167960408761,4.8799303247744685,4.754673786320484,4.93369389952142,4.793795450529858,4.087878162920001,4.215139008422402,4.027113,4.0000000000116716
605,S. aureus,FSIARLLKWWKG,1.144735173,12,4.855264827,605,605,train,5,4.755089406957105,4.574919253045104,4.80918241987053,4.722145648758715,4.848734743839742,4.858693258089996,4.994315601130797,4.8911457,4.855264826984159
606,S. aureus,FSTKTRNWFSEHFKKVKEKLKDTFA,1.906084061,25,4.093915939,606,606,train,2,4.194086770864925,4.003025664255336,4.706726031959508,4.041832348893563,4.701781865312314,4.4398300108,4.647939980829865,4.1718287,4.093915939026756
607,S. aureus,FSVTWRWWKWWKG,0.846036903,13,5.153963097,607,607,train,6,5.054064821653654,5.393250412096057,4.939140448942881,5.360127751223204,5.050235425614028,4.998787248479991,5.041928680679199,5.0911927,5.153963096946583
608,S. aureus,FTVATFI,0.850606277,7,5.149393723,608,608,train,6,5.049282682375328,4.949999901114308,4.710205896625096,5.006836709995743,4.62388864667407,4.786912020180001,4.852272873102491,5.131907,5.149393722919084
609,S. aureus,FVDLKKIANIINSIF,1.158362492,15,4.841637508,609,609,train,5,4.741525985270166,4.8264240840604655,4.660655657722421,4.584663195534757,4.6476432733753805,4.843335710850004,4.70369903005666,4.8170247,4.841637507964236
610,S. aureus,FVDLKKIANIINSIFGK,1.158362492,17,4.841637508,610,610,train,5,4.741503172620356,4.634950664643521,4.648632939146596,4.70343113117939,4.645423837339456,4.785844543550006,4.690798908754634,4.77499,4.8416375080123135
611,S. aureus,FVGAIAAALPHVISAIKNAL,1.204119983,20,4.795880017,611,611,train,4,4.732277062910383,4.6975134746444915,4.683362208323537,4.739898103741752,4.678314122560674,4.790049872430001,4.78952180079762,4.760677,4.79588001685565
613,S. aureus,FVKKFWGGVKAIFKGARKGLK,0.892094603,21,5.107905397,613,613,train,6,5.008022381241757,4.750466468720869,4.819000780911578,4.88612275250519,4.912432365587907,5.069398764230005,4.926195058749675,5.093688,5.107905396956825
614,S. aureus,FVPWFSKFLGRIL,0.977723605,13,5.022276395,614,614,train,6,4.9220424514708,5.1829388749313825,4.859585428519752,5.130171337325828,4.968793430914562,5.091482565600003,5.194803049209114,5.037869,5.022276394936924
615,S. aureus,FVPWFSKFLKRIL,0.971971276,13,5.028028724,615,615,train,6,4.928087401761442,5.073002700568557,4.93456308067137,4.963794972287743,5.040715267634224,5.111242409670009,5.169421321044772,5.1055183,5.0280287239781085
618,S. aureus,FVQWFSKFLGKIL,0.954242509,13,5.045757491,618,618,train,6,4.945877817694122,5.059040375847312,4.858533733172569,5.0896585279864475,4.92388815130636,5.091990660240004,5.075159350490978,5.053601,5.045757490989121
621,S. aureus,FVQWFSRFLGRIL,0.77815125,13,5.22184875,621,621,train,7,5.121683636888031,5.539134313624645,4.882428331144954,5.546833930246406,4.968279671987397,5.167118215159998,5.207111942366392,5.2196584,5.221848749987291
622,S. aureus,FVRWFSKFLGRIL,0.77815125,13,5.22184875,622,622,train,7,5.122014910281722,5.550199347050334,4.882665910362226,5.637420162686388,4.97642911161997,5.209530006869998,5.227122539123746,5.1986637,5.221848750044064
623,S. aureus,FVRWFSRFLGRIL,0.77815125,13,5.22184875,623,623,train,7,5.121734603506831,5.569610953988778,4.896251496595768,5.591926409697753,5.002905824383334,5.210597349279997,5.2250601934757706,5.2313786,5.221848750110683
624,S. aureus,FVVKKKKKVF,1.902875533,10,4.097124467,624,624,train,2,4.19694854495371,4.476565802184491,4.808810021338231,4.374930791778127,4.8403923574954595,4.452582247290004,4.652965005114624,4.095795,4.097124467039325
628,S. aureus,FWGALAKGALKLIPSLVSSFTKKD,0.748188027,24,5.251811973,628,628,train,7,5.151841144434341,5.1204485596383655,4.7671553778259295,5.090893836327686,4.725529160762974,5.101717207429993,4.843752538061795,5.1420436,5.251811972979582
631,S. aureus,FWGFLGKLAMKAVPSLIGGNKK,0.698970004,22,5.301029996,631,631,train,7,5.2010132820547605,4.823922559997034,4.822017695578667,4.924566666300791,4.864866314093083,5.139125124240003,4.86939790959391,5.26263,5.301029995905506
632,S. aureus,FWGFLGKLAMKAVPSLIGGNKSSSK,1.0,25,5.0,632,632,train,6,4.900167871485652,4.838038094455609,4.803647911308129,4.751084005022747,4.860198445274743,5.021308984040001,4.804790712390218,4.9190955,5.000000000072172
633,S. aureus,FWGKLWEGVKNAI,1.505149978,13,4.494850022,633,633,train,3,4.595013655577877,4.531336767887458,4.488605981586907,4.557745104276501,4.451670219589646,4.605220046109994,4.586990205826679,4.4972897,4.494850022086778
634,S. aureus,FWGLKGLKGPGKFSKKL,1.903089987,17,4.096910013,634,634,train,2,4.197073673961845,4.506543055614831,4.656911175437876,4.520394761678465,4.706517000584269,4.3404275487200055,4.728031647176719,4.1714787,4.096910012961185
635,S. aureus,FWGLKGLKKFSKKL,2.477121255,14,3.522878745,635,635,train,0,3.622832713016188,4.486770815940723,4.715421611806824,4.723806673057686,4.77499515787764,4.061846285130005,4.697340584335694,3.710984,3.52287874526289
638,S. aureus,FWQKMSFA,1.374036408,8,4.625963592,638,638,train,4,4.72612982408567,4.628552886622778,4.701560975054373,4.694743617802422,4.632301556134048,4.3329992350100035,4.08509673322099,4.5890536,4.625963591950651
640,S. aureus,GAARKSIRLHRLYTWKATIYTR,1.302220212,22,4.697779788,640,640,train,4,4.732277062910382,4.96391711655608,4.857563500628549,4.981306432230072,4.895156149015274,4.720829277369996,4.854326127424738,4.6764026,4.6977797879913945
641,S. aureus,GAHDILKYGKPS,1.477121255,12,4.522878745,641,641,train,3,4.622981973371373,4.154411039861682,4.244451772412974,4.11155677571025,4.192887109231546,4.565052986190006,4.5016829418002775,4.538221,4.522878744977631
642,S. aureus,GAKALTKAATAFTKFYKTIW,1.761325425,20,4.238674575,642,642,train,2,4.338509089388839,3.99586796197304,4.764311052332058,4.081739938278226,4.767023183394,4.390467335290003,4.459981971167444,4.319988,4.2386745749931825
643,S. aureus,GAKYAKIIYNYLKKIANALW,0.70963328,20,5.29036672,643,643,train,7,5.190190432606655,5.347869148113288,4.877496820529178,5.410197402231122,4.866189090761045,5.085450687650004,4.963318885096567,5.1790476,5.29036672003128
644,S. aureus,GAKYAKYIYNFYKYIAKYIW,1.697786165,20,4.302213835,644,644,train,3,4.40237903833446,4.6701424106234715,5.038458106614529,4.631655119105558,5.052862238729887,4.585035778969993,4.931016947050076,4.3502626,4.302213834974861
645,S. aureus,GALFKVASKVL,2.247031938,11,3.752968062,645,645,train,0,3.8531332041474577,4.558658702981032,4.585108713123712,4.529140317123446,4.2788503885400315,3.9566900122399966,4.09747276953205,3.7895615,3.752968062523024
646,S. aureus,GALFKVASKVLPS,2.181580169,13,3.818419831,646,646,train,0,3.918244719951295,3.8946177208070645,4.550176887003344,3.8851946902984764,4.272993972928971,3.948484464430004,4.236062191803445,3.8131893,3.818419830801188
648,S. aureus,GANAAKKFATIAKKFINYLW,0.850846749,20,5.149153251,648,648,train,6,5.049020559917043,5.041604011019467,4.782307453801275,5.1705610611239035,4.756738350166976,4.958326137369991,4.875848995704912,5.112717,5.149153250987727
649,S. aureus,GANAAKKLATFAKKIFTAYW,1.463642911,20,4.536357089,649,649,train,3,4.6361916430503864,4.7157694102779075,4.730129465968813,4.773685697002954,4.7060944459218,4.558833735319996,4.623985320334708,4.5497327,4.536357089033881
650,S. aureus,GANALKKYFTILKKFFKLAW,0.826103265,20,5.173896735,650,650,train,6,5.073880713420425,5.314750603122281,4.8950972195463525,5.259339508730036,4.936981087730587,5.0318877674399936,4.943203959271002,5.1258655,5.173896735019676
651,S. aureus,GANLAKKFYTYINKFINYAW,1.722358773,20,4.277641227,651,651,train,2,4.3777759320910015,4.754670568117092,4.88071731814441,4.6048625872456475,4.857734986370596,4.501712857810002,4.7421919011800595,4.35224,4.277641226999678
652,S. aureus,GATAIKQVKKLFKKKGG,0.301029996,17,5.698970004,652,652,train,9,5.599031997379665,5.1838131207491855,4.618415930658288,5.153439851515303,4.571699147158809,5.440466678489994,4.730465752315635,5.561546,5.698970003391204
653,S. aureus,GATAIKQVKKLWKKKGG,0.908485019,17,5.091514981,653,653,train,6,4.991447895394591,5.151487679430557,4.6321637432653135,5.0660458076134605,4.595643028193706,5.175175051899993,4.744874752569213,5.1581917,5.091514981597868
654,S. aureus,GAVDILKGAAKDIAGHLASKVMNKL,2.0,25,4.0,654,654,train,1,4.10005487238659,3.7452603113411,4.5233620438054,3.780451685435186,4.347156694555184,4.0363968141,4.005433355383491,4.0289235,3.999999999669895
655,S. aureus,GAWKNFWSSLRKGFYDGEAGRAIRR,1.589949601,25,4.410050399,655,655,train,3,4.510215872761954,4.372336790184823,4.599260551851843,4.409594500944817,4.638864341051631,4.4595333557,4.684172823234044,4.4501643,4.410050398973062
659,S. aureus,GEKLKKIGKKIKNFFQKL,1.096910013,18,4.903089987,659,659,train,5,4.803036357233479,4.466982379122456,4.683659274922446,4.514224272481683,4.68191171894584,4.787301552229992,4.676577680370925,4.6723695,4.903089986998036
660,S. aureus,GEKLKKIGQKIKKFFQKL,1.397940009,18,4.602059991,660,660,train,4,4.702152397207151,4.1522449860380135,4.7041605864234235,4.178169006979442,4.714353366634354,4.656878543169992,4.766337743617415,4.664626,4.602059990954819
664,S. aureus,GFFALIPKI,1.997724881,9,4.002275119,664,664,train,1,4.102440822061073,4.813119932386845,4.723878848018937,4.809256155122774,4.6848347125092715,4.058377071309995,4.3083915434595745,4.057232,4.00227511903161
665,S. aureus,GFFALIPKIISSPLFKTLLSA,1.64517004,21,4.35482996,665,665,train,3,4.4545841631312495,4.90545184513364,4.842029773459107,4.935512850500232,4.886651787622028,4.512342330910005,4.833956605923334,4.4670687,4.354829960217234
666,S. aureus,GFGKAFHSVSNFAKKHKTA,2.0,19,4.0,666,666,train,1,4.100174126099702,4.070189989327802,4.647009397114037,4.142755455668276,4.616912360967279,4.15035856883,4.497702466416093,4.044862,4.000000000012153
667,S. aureus,GFGKALKLLKKVL,1.0,13,5.0,667,667,train,6,4.900094189184218,4.662097657200935,4.740363033077765,4.688274037480622,4.737267192190546,4.988550512610001,4.926075550969703,4.969905,4.99999999999607
669,S. aureus,GFGSKPLDSFGLNFF,1.264185151,15,4.735814849,669,669,train,4,4.732277062910382,4.759228463092025,4.421170351287126,4.741946816089348,4.328555420317478,4.621528613620003,4.404918832158323,4.683594,4.735814848985638
670,S. aureus,GFGSLLGKALKIGTNLL,0.77815125,17,5.22184875,670,670,train,7,5.122013088342189,4.5407976501645315,4.675964858299394,4.560545012684183,4.6525589517293096,5.130601233009997,4.870835639463791,5.1683135,5.221848749928386
671,S. aureus,GFGSLLGKALRLGANVL,0.924308038,17,5.075691962,671,671,train,6,4.975859517411786,4.607855849465093,4.637622422778037,4.599597099465991,4.631006446019079,5.052605718320001,4.904442168663385,5.106422,5.075691961959884
672,S. aureus,GFGSVLGKALKFGANLL,1.096910013,17,4.903089987,672,672,train,5,4.803058764538172,4.62507339214942,4.656099897077573,4.666904903997327,4.643014102672298,4.856354994689993,4.887121717881838,4.9623485,4.903089986976497
673,S. aureus,GFGVLAKVAAHVVPAIAEHF,1.806179974,20,4.193820026,673,673,train,2,4.293882810785759,4.139380360632807,4.622420251297253,4.127889362752853,4.515260989154027,4.274294864470006,4.38992404410488,4.2279305,4.193820026055646
674,S. aureus,GFIFHIIKGLFHAGK,1.171334407,15,4.828665593,674,674,train,5,4.7322773162140255,4.793250355707859,4.725436150952127,4.824971248914654,4.765457723323117,4.882707519129995,4.893935134027636,4.859502,4.828665593130479
683,S. aureus,GFKDWIKGAAKKLIKTVASSIANQ,1.397940009,24,4.602059991,683,683,train,4,4.702173149561266,4.477628114347585,4.681582971714377,4.340817471133463,4.588918573135041,4.484758080049997,4.309656086953348,4.4477854,4.602059990928476
684,S. aureus,GFKEVLKADLGSLVKGIAAHVAN,2.330413773,23,3.669586227,684,684,train,0,3.7694410546728707,3.559166306912436,4.549760347847221,3.6146641156094628,4.526641926630417,3.7754948039100036,4.172121089673391,3.7023308,3.6695862269878
685,S. aureus,GFKEVLKAGLGSLVKGIPAHVAN,2.63748973,23,3.36251027,685,685,train,0,3.462276262464992,3.7779102712092922,4.641925985517173,3.780509862390887,4.627279669126687,3.554006289389995,4.2204374194202385,3.4973018,3.3625102700426237
687,S. aureus,GFKMALKLLKKVL,0.982271233,13,5.017728767,687,687,train,6,4.91805284308565,5.341967290337961,4.841823360859129,5.254625794826078,4.838047415933293,5.048056095339996,4.983145845270672,5.081617,5.0177287671629465
692,S. aureus,GFLDIVKGVGKVALGAVSKLF,0.577049239,21,5.422950761,692,692,train,8,5.323360470745844,4.941139850750285,4.659496305440674,4.93591736075307,4.791949213629582,5.072020230509995,4.656534783454911,5.1780005,5.422950760866964
693,S. aureus,GFLDVIKHVGKAALGVVTHLINQ,0.818539249,23,5.181460751,693,693,train,6,5.081392032562122,5.098657240574554,4.733983764815713,5.154321289219983,4.769487245603205,5.017248634459992,4.69519849656599,5.108774,5.181460750998221
694,S. aureus,GFLDVVKHIGKAALGAVTHLINQ,1.124612415,23,4.875387585,694,694,train,5,4.7753235335699795,4.762331392716994,4.681259994931916,4.8987859503146245,4.708064425609861,4.794577906709998,4.500430947844322,4.7850165,4.875387585006558
695,S. aureus,GFLGSLLKTGLKVGSNLL,1.551754873,18,4.448245127,695,695,train,3,4.548188720268043,4.450053168452065,4.720941546032289,4.438827755988564,4.704103385568325,4.592048452460005,4.768098905886156,4.531185,4.448245127122059
696,S. aureus,GFLSILKKVL,1.037426498,10,4.962573502,696,696,train,5,4.862678160244236,5.074432783082594,4.777665067805887,5.058184172051078,4.765984028572423,4.816136121769998,4.600950279602767,4.960912,4.962573501982447
697,S. aureus,GFLSILKKVLAKVMAHMK,0.672097858,18,5.327902142,697,697,train,7,5.227546551422648,5.323992713560033,4.872370670930152,5.333398773083048,4.8899959460278195,5.249047691530007,4.964361790592055,5.2651415,5.3279021419134756
698,S. aureus,GFLSILKKVLGKVMAHMK,0.633468456,18,5.366531544,698,698,train,7,5.2664883460604415,5.262818471038116,4.834839791275049,5.163954742660294,4.865180170754586,5.25926635079,4.960857473978429,5.227555,5.3665315437288355
699,S. aureus,GFLSILKKVLKKVMAHMK,1.139879086,18,4.860120914,699,699,train,5,4.7602967475657305,4.966375725804983,4.891353194162419,4.974799415690718,4.921891743411448,4.934478815099997,5.002553905396332,4.99961,4.860120914296842
700,S. aureus,GFLSILKKVLPKVMAHMK,0.832508913,18,5.167491087,700,700,train,6,5.06757639335373,5.099752602452376,4.844582598023645,4.954158484492861,4.869869167674553,5.153938124369995,5.009167501838062,5.144949,5.167491087009728
701,S. aureus,GFMKYIGPLIPHAVKAIKKLI,1.830652814,21,4.169347186,701,701,train,2,4.269466632488026,4.094652683889556,4.900235683105188,4.44216140247008,4.9393246866306955,4.308707925579996,4.666452225325088,4.1955075,4.169347186029627
702,S. aureus,GFMKYIGPLIPHAVKAISDLI,1.725298943,21,4.274701057,702,702,train,2,4.3748227021550115,4.494966792970549,4.716096006268195,4.481783179079857,4.6547227656279615,4.2762328709,4.455117534338849,4.2562857,4.274701056893351
703,S. aureus,GFMKYIGPLIPHAVKAISKLI,1.920818754,21,4.079181246,703,703,train,2,4.1791275030015145,4.291892154460913,4.871808878729619,4.280299639832204,4.907005203578601,4.196081532320003,4.5619986739493665,4.130966,4.07918124612437
704,S. aureus,GFMKYIGPLIPHKVKAISDLI,2.301029996,21,3.698970004,704,704,train,0,3.798696974593485,4.08731534609133,4.733147949721595,4.215197137607178,4.682572347504384,3.8392442301299945,4.524702181023244,3.8142521,3.698970004080586
705,S. aureus,GFMKYIKPLIPHAVKAIKKLI,1.920818754,21,4.079181246,705,705,train,2,4.1790753007196235,4.661997571093189,4.905046440421025,4.578765825735861,4.959765524189876,4.360029638460005,4.844923851326901,4.2612095,4.079181246410761
706,S. aureus,GFMKYIKPLIPHAVKAISKLI,1.397940009,21,4.602059991,706,706,train,4,4.701911586857791,4.746631949190238,4.876645234283696,4.804554775235641,4.927524104477036,4.465996285969997,4.630052641173407,4.5264177,4.6020599905695105
707,S. aureus,GFMSKVANFAKKFAKGGVNAIMNQK,2.10720997,25,3.89279003,707,707,train,1,3.992955093807205,4.310553304976604,4.782399223834935,4.339507269869528,4.740926254499831,4.105692350040001,4.4450171716235936,4.008889,3.8927900300281792
708,S. aureus,GFRDVLKGAAKAFVKTVAGHIAN,1.782950133,23,4.217049867,708,708,train,2,4.317145456012155,4.110179628161126,4.647139410321375,4.249422355118471,4.664663353810867,4.243439921490005,4.191621084865675,4.1891575,4.217049866950336
709,S. aureus,GFRDVLKGAAKAFVKTVAGHIANI,1.698970004,24,4.301029996,709,709,train,2,4.401060069169838,4.320595695827729,4.694661230101335,4.428141154514075,4.713571788145238,4.319113859590005,4.295036759972574,4.310735,4.301029996079628
710,S. aureus,GFSPNLPGKGLRIS,1.840835588,14,4.159164412,710,710,train,2,4.258988150313462,4.006948268523309,4.4976035934656196,4.054803422712606,4.412783671741018,4.2607085919399985,4.352152551324363,4.1581926,4.159164411986881
711,S. aureus,GFVALLKKLPLILKHLH,0.204119983,17,5.795880017,711,711,train,9,5.696037353728071,5.138283690780275,4.870714320730259,4.979956744149549,4.922480409699659,5.646489248969998,5.121160918286386,5.642972,5.795880016905158
712,S. aureus,GFVALLKKLPLILKHLP,0.492760389,17,5.507239611,712,712,train,8,5.4070823268762656,4.998262511655021,4.8411286157260385,4.998852609297435,4.881963542296198,5.442753644179995,5.141500429612293,5.4840164,5.507239610998269
713,S. aureus,GFVDFLKKVAGTIANVVT,1.726026326,18,4.273973674,713,713,train,2,4.374091551053741,4.336801201475281,4.6338715916216735,4.418742955730025,4.604307494938678,4.3575003548199955,4.5369370611961495,4.358795,4.273973674037959
714,S. aureus,GFWGKLFKLGLHGIGLLHLHL,0.229727569,21,5.770272431,714,714,train,9,5.670393142275889,5.6825578238592875,4.886163634641256,5.678586648116184,4.9778406416121275,5.569029984480004,5.225472900238242,5.6579247,5.770272430953802
715,S. aureus,GFWGKLWEGVKNAI,1.002144011,14,4.997855989,715,715,train,6,4.898029632936788,4.424218843275718,4.484920593429243,4.513255059604464,4.426910917002506,4.8578431053700015,4.615257510661446,4.9154506,4.99785598887252
718,S. aureus,GFWSSALEGLKKFAKGGLEALTNPK,2.0,25,4.0,718,718,train,1,4.100163602482445,4.775709252943233,4.535785644626778,4.684087446159904,4.524060246174667,4.1269472456,4.34406139134958,4.0629845,4.000000000033694
719,S. aureus,GFWTTAAEGLKKFAKAGLASILNPK,1.903089987,25,4.096910013,719,719,train,2,4.196734863508173,4.342557259509436,4.621951031949048,4.3021688923485915,4.521544675385502,4.157633492540006,4.306131944740394,4.121163,4.096910013007855
720,S. aureus,GGHGGHGGHGGHGGHGGH,1.816597268,18,4.183402732,720,720,train,2,4.283432805151816,4.373715001386904,4.191684030208086,4.393070437207214,4.1368807126214096,4.3301654062799955,4.381870567597143,4.178834,4.183402731937248
721,S. aureus,GGLRSLGRKILRAWKKYG,0.477121255,18,5.522878745,721,721,train,8,5.4227681585664165,5.235875852593743,4.703300680346325,5.345881645882773,4.805073607727879,5.300397044930006,4.929404010244809,5.4099584,5.5228787448395265
722,S. aureus,GIADILKYGKPS,1.301029996,12,4.698970004,722,722,train,4,4.732277062910382,4.8396967598103,4.330622538425233,4.8373735768132535,4.346003509870229,4.7586300722299955,4.843042786711869,4.7456274,4.698970004014319
724,S. aureus,GIGALSAKGALKGLAKGLAEHFAN,1.146128036,24,4.853871964,724,724,train,5,4.754037789776984,4.316411242128669,4.463260667383304,4.454849529722222,4.396168719291431,4.680565870050004,4.563634436716109,4.802202,4.853871963969453
725,S. aureus,GIGAVLKVLALISWIKRKR,0.770852012,19,5.229147988,725,725,train,7,5.129301053067547,5.496921198380655,4.881067160268945,5.519654269546435,4.930907131139632,5.087087332000004,5.191876357333891,5.272781,5.229147988247739
726,S. aureus,GIGDILKNLAKAAGKAALHAVGESL,1.278753601,25,4.721246399,726,726,train,4,4.732277062910382,4.974270664520327,4.458414589425756,4.890565135915113,4.402733964950142,4.603574088059998,4.373383100121322,4.6593056,4.721246399036006
727,S. aureus,GIGGALLSAGKAALKGLAKVLV,0.671289823,22,5.328710177,727,727,train,7,5.228834313267886,4.739493693978029,4.648961531723585,4.825846497768493,4.650095897875691,5.100261888360002,4.787531304414308,5.2739425,5.328710177020059
729,S. aureus,GIGGALLSAGKSALKGLAKGLAEHL,0.907389595,25,5.092610405,729,729,train,6,4.99243491370633,4.998277505785213,4.479739811616994,4.88707791731485,4.437713846465233,4.885579832330004,4.598057179234734,5.0329065,5.092610404983292
731,S. aureus,GIGGKPVQTAFVDNDGIYD,0.405362634,19,5.594637366,731,731,train,8,5.494811313350117,5.6229225725682275,4.319901394527083,5.5939349585129285,4.178129106207812,5.239838455459993,4.712893742619592,5.544106,5.594637365918346
732,S. aureus,GIGHFLHKVKSFGKSWIGEIMNS,1.880813592,23,4.119186408,732,732,train,2,4.219290942429675,3.4940893002762703,4.6846790809151235,3.4496128433438473,4.575128274709862,4.335061378520003,4.425317004741918,4.1762924,4.119186407958449
733,S. aureus,GIGKALKKAKKGIGAVLKVLTTGL,0.602059991,24,5.397940009,733,733,train,7,5.297783714831863,5.130507981299533,4.762752382097469,5.1271823093740165,4.797204437921268,5.251059951520006,4.891601055941297,5.399651,5.397940009440322
735,S. aureus,GIGKFIHSAKKFGKLFVGEIMNS,1.579783597,23,4.420216403,735,735,train,3,4.5200402504382335,4.433667315404393,4.669253451821214,4.400617323187272,4.560577009012406,4.471966512129996,4.408472625100592,4.3796844,4.420216402931604
736,S. aureus,GIGKFIHSAKRFGRAWVGEIMNS,1.875061263,23,4.124938737,736,736,train,2,4.2248928178385965,4.405512789598122,4.654936843685977,4.614291947143791,4.5517521406205566,4.196167275449998,4.403266122827669,4.233893,4.124938737161739
739,S. aureus,GIGKFLHKVGSFIKSWKGEIMNS,1.86332286,23,4.13667714,739,739,train,2,4.236561333402378,4.457836871314514,4.70014164342018,4.483917760513895,4.5999592484865754,4.217459444690004,4.519618821563377,4.1893063,4.136677140060378
741,S. aureus,GIGKFLHSAGKFGKAFIGEIMKS,1.698970004,23,4.301029996,741,741,train,2,4.400499522655889,4.5586267477204006,4.588357528235887,4.52651578514053,4.555440678775257,4.177172437440004,4.179688623469439,4.194169,4.301029995762338
742,S. aureus,GIGKFLHSAGKFGKAFLGEVMKS,2.301029996,23,3.698970004,742,742,train,0,3.799380077995729,4.442784155998865,4.570733193782611,4.379974250896106,4.539805630241677,3.866393360319997,4.207658130312632,3.8085666,3.698970004107521
743,S. aureus,GIGKFLHSAGKFGKAFVGEIMKS,2.06400391,23,3.93599609,743,743,train,1,4.036206469642849,4.490706328587882,4.584556817499133,4.452343246374884,4.549672420979933,3.9970661452500025,4.179688623469439,4.02551,3.9359960902773268
747,S. aureus,GIGKFLHSAKKPGKAFVGEIMNS,2.024992317,23,3.975007683,747,747,train,1,4.074892017107513,4.045229222765879,4.569321667810786,3.7355974048999636,4.442937347777011,4.05690754862,4.140104282430837,3.9991865,3.975007683073546
748,S. aureus,GIGKFLHSAKKWGKAFVGEIMNS,1.572615558,23,4.427384442,748,748,train,3,4.52712180870529,4.126880625565599,4.637859721823946,4.169132094634329,4.52132971072933,4.334632200190002,4.304806797622155,4.297189,4.427384441812511
750,S. aureus,GIGKFLKKAKKF,2.574226373,12,3.425773627,750,750,train,0,3.525719006662044,4.148069449061401,4.65413374715472,4.242427076508649,4.644067846966899,3.665057842930005,4.314175015523415,3.4670851,3.4257736270745758
753,S. aureus,GIGKFLKKAKKGIGAVLKVLTTGL,0.301029996,24,5.698970004,753,753,train,9,5.598637289303334,5.197516442763724,4.81251185433667,5.156085729191668,4.870978409311672,5.425950829119995,4.994483125975695,5.5542865,5.698970003424879
754,S. aureus,GIGKLFLHAAKKFAKAFVAEKMNS,1.583838429,24,4.416161571,754,754,train,3,4.515986137095876,4.423155086796547,4.747713377991389,4.331787263074268,4.609840941632513,4.4284814128699965,4.407682975155724,4.4251986,4.416161571031947
756,S. aureus,GIGSALAKAAKLVAGIV,1.096910013,17,4.903089987,756,756,train,5,4.803158211395896,4.934943429219429,4.621404425437783,4.855349864307946,4.659477880277849,4.825211617479995,4.841084592421091,4.878238,4.903089986869713
758,S. aureus,GIGSLLAKAAKLGANLL,1.096910013,17,4.903089987,758,758,train,5,4.803016367956631,5.057620374897935,4.586766256417812,4.886075717174677,4.5398163266084985,4.821802582329994,4.702412482674082,4.9290237,4.903089987181368
760,S. aureus,GIHDALKYGKPS,1.301029996,12,4.698970004,760,760,train,4,4.732277062911122,5.02723920839946,4.24459804806006,5.068208564037166,4.193269337126443,4.6768217372699965,4.753156660443559,4.704094,4.698970003997223
762,S. aureus,GIHDILAYGKPS,1.0,12,5.0,762,762,train,6,4.900123522940153,4.903227350947368,4.319213223918718,4.907872749089492,4.314779918858426,4.88559318438,4.800024032307716,4.9717326,4.999999999966305
763,S. aureus,GIHDILKAGKPS,1.0,12,5.0,763,763,train,6,4.899998244204031,4.5170130960406984,4.234364269573327,4.494836097461929,4.12666016768048,4.815452585829999,4.657363256060432,4.9749703,4.999999999946078
764,S. aureus,GIHDILKYAKPS,1.0,12,5.0,764,764,train,6,4.900198334580091,4.672909104728168,4.379576917094449,4.69430060864494,4.2983068138506235,4.954277169219999,4.840548572674889,5.003528,4.999999999936631
765,S. aureus,GIHDILKYGAPS,1.301029996,12,4.698970004,765,765,train,4,4.7322770629104784,4.949282405468735,4.321846185566246,4.914905068110557,4.315654404742688,4.718762594549997,4.751015333697257,4.7372856,4.6989700039849005
766,S. aureus,GIHDILKYGKAS,1.0,12,5.0,766,766,train,6,4.900386240217121,4.974641147208587,4.327646346550766,5.070730515705794,4.115136234625565,4.92716355849,4.6520590364621,4.9720964,4.999999999896316
767,S. aureus,GIHDILKYGKKS,1.477121255,12,4.522878745,767,767,train,3,4.622980469653804,5.0301312098166875,4.363850123953095,4.8774126026563485,4.411068384550053,4.630451331080007,4.81090817555017,4.6350226,4.522878745201391
769,S. aureus,GIHDILKYGKPS,1.0,12,5.0,769,769,train,6,4.900172892832603,5.29211418121251,4.347571110459833,5.42814140904096,4.366969063135887,4.94981428927,4.849804983056837,4.966793,5.000000000106668
770,S. aureus,GIHDILKYGKRS,1.0,12,5.0,770,770,train,6,4.900166197826281,5.116360168941572,4.375364941987096,4.943521859879952,4.431830485223552,4.876257681380002,4.796925470950564,4.9411683,4.999999999929305
772,S. aureus,GIHKILKYGKPS,1.0,12,5.0,772,772,train,6,4.8999463742985325,4.5829902997933845,4.601962527522583,4.464931668498452,4.6293678457298,4.997988257359999,4.821181824341063,5.0028334,4.999999999957982
773,S. aureus,GIHRILKYGKPS,1.0,12,5.0,773,773,train,6,4.900144814218313,4.880430566755217,4.613879603586068,4.787373607376121,4.651181073114264,4.994925604840001,4.834914807343884,5.0532627,5.000000000088985
774,S. aureus,GIIKVIKSLIEQFTGK,1.806179974,16,4.193820026,774,774,train,2,4.293996089574043,3.9397746925616577,4.561465807296442,4.062910178164671,4.514883501151342,4.453369734970006,4.535719295466771,4.208524,4.193820025931419
775,S. aureus,GIIPIISIIGKII,1.531478917,13,4.468521083,775,775,train,3,4.56867406668092,4.260255244444161,4.814311490068108,4.356300518594652,4.78985005069948,4.809725734089999,4.788262808151475,4.5302343,4.46852108294852
776,S. aureus,GIKDILKYGKPS,1.176091259,12,4.823908741,776,776,train,5,4.732277062910382,4.8211302045141675,4.438443190001672,4.87036928063941,4.438277587151046,4.857086251780009,4.827582275678998,4.8728857,4.823908741017156
777,S. aureus,GIKDWIKGAAKKLIKTVASHIANQ,1.698970004,24,4.301029996,777,777,train,2,4.401203911760067,4.9415307301836515,4.672797987172328,4.805297699430425,4.593151041502999,4.319515926180006,4.370033994378739,4.3506107,4.301029996106181
778,S. aureus,GIKDWIKGAAKKLIKTVASNIANQ,1.698970004,24,4.301029996,778,778,train,2,4.401145141600933,3.972803794852215,4.678906953543318,4.061790951241386,4.565056899605023,4.331679279080004,4.252750815147016,4.289215,4.301029996038776
779,S. aureus,GIKIAKKAITIAKKIAKIYW,1.151455931,20,4.848544069,779,779,train,5,4.748657726311761,4.901696320158201,4.872906157684922,5.097008036928006,4.913289642008994,4.866462567070007,5.020935730293116,4.8866525,4.848544069069206
780,S. aureus,GIKKILKYGKKS,0.698970004,12,5.301029996,780,780,train,7,5.200864734286253,5.2804859617123565,4.620632961879579,5.255232865186611,4.681126408435371,5.071819633900004,4.785264979221526,5.204177,5.30102999596456
781,S. aureus,GILDAIKAFANALG,0.602503672,14,5.397496328,781,781,train,7,5.297592221828877,4.6693141122443125,4.352262606549803,4.734315924092665,4.2878062089441515,5.132765578209995,4.86527714598871,5.3038077,5.397496327966552
782,S. aureus,GILDAIKAIAKAAG,0.785329835,14,5.214670165,782,782,train,7,5.114738005245307,4.929931993834335,4.32810352911166,4.875922175021163,4.25727248803512,5.050095105969993,4.587982441869462,5.194939,5.214670164962858
783,S. aureus,GILDPIKAFAKAAG,0.603127836,14,5.396872164,783,783,train,7,5.296735244373608,4.836108199490998,4.372533050831741,4.888225605623561,4.299559151684437,5.116963954339999,4.534467322536363,5.3204155,5.3968721639549475
784,S. aureus,GILDTLKQFAKGVGKWLVKGAAQ,1.614595872,23,4.385404128,784,784,train,3,4.485228814173314,5.311430904082655,4.6695220766980805,5.199222126680855,4.723670336036373,4.486260638200002,4.530451734164259,4.4351635,4.385404128067396
785,S. aureus,GILGKLWEGFKSIV,1.204119983,14,4.795880017,785,785,train,4,4.732277713888183,5.1093685924266365,4.522638860194407,5.099484870093601,4.617983704653015,4.85720160655,4.951236426444543,4.900571,4.795880017094759
786,S. aureus,GILGKLWEGVKSIF,0.932765995,14,5.067234005,786,786,train,6,4.967411811839002,4.885848370868945,4.524701346818303,4.8171413875578475,4.519387187344483,4.981845319249996,4.870140044004334,5.0310397,5.067234004928656
787,S. aureus,GILGKLWKGVKSIF,0.685877478,14,5.314122522,787,787,train,7,5.2142375663478635,4.724074150807399,4.725765176730839,4.897162430164137,4.775693195235767,5.179153790019998,5.0085448429418005,5.220334,5.3141225221643325
788,S. aureus,GILKKFMLHRGTKVYKMRTLSKRSH,-0.558710188,25,6.558710188,788,788,train,9,6.458827311419628,5.406284964055007,4.907940031316222,5.397413894124648,4.99999865815888,5.951974561449999,5.564678899743293,6.4787016,6.558710187852417
789,S. aureus,GILKSLLKKLKKIIAK,1.130333768,16,4.869666232,789,789,train,5,4.769836015554257,4.52725417666175,4.774132209547512,4.585368080242089,4.8041088442786055,4.853518484929995,5.004682192553749,4.8501635,4.8696662314919905
790,S. aureus,GILKTIKSIASKLKRKAK,1.401540339,18,4.598459661,790,790,train,4,4.698283730586145,4.868611726104836,4.672087981744437,4.8550480612870635,4.544564682497038,4.667267717979996,4.479288044082282,4.6370373,4.5984596611717174
791,S. aureus,GILSKLLKKLKKIIAK,1.217483944,16,4.782516056,791,791,train,4,4.732605628999268,4.73061896074642,4.779284769216075,4.804376678773866,4.817572821876352,4.836119474370005,4.994249095490378,4.805778,4.782516056290561
794,S. aureus,GILSSLLKKWKKIIAK,1.301029996,16,4.698970004,794,794,train,4,4.743220069412934,4.868332513785926,4.791291658365155,4.929606763644538,4.84148521067398,4.826547881249995,4.9695996155175575,4.774858,4.6989700047164735
796,S. aureus,GILSSLWKKLKKWIAK,0.352182518,16,5.647817482,796,796,train,9,5.547662684416733,4.932581938017639,4.808266658097955,5.052632472898516,4.863582921719002,5.325211799569998,5.010079020959156,5.449706,5.647817481144898
798,S. aureus,GILSSWLKKLKKIIAK,1.204119983,16,4.795880017,798,798,train,4,4.7322857287582885,4.739448966790395,4.809703242324351,4.8408303385773905,4.8510390312551035,4.848087824139999,5.010079020959156,4.9066505,4.795880017186625
799,S. aureus,GIMISLMKKLAAHIAK,1.73239376,16,4.26760624,799,799,train,2,4.367833189694003,4.50093219705605,4.768112032037798,4.482697173438797,4.746222358781114,4.504779265680005,4.670246364807264,4.307179,4.267606240032927
805,S. aureus,GIMSSLMKKLAKIIKK,1.397940009,16,4.602059991,805,805,train,4,4.70215478837133,4.22613935789658,4.773905913837128,4.252559988510471,4.779252402716675,4.702909738999993,4.741344826759824,4.581495,4.602059991171469
808,S. aureus,GIMSSLMKKLKKIIAK,1.322219295,16,4.677780705,808,808,train,4,4.730516660169187,3.986751086216907,4.76979922504522,4.002816025943963,4.768331405787447,4.644714378169994,4.700828257077158,4.587858,4.677780704782428
810,S. aureus,GIRDILKYGKPS,1.0,12,5.0,810,810,train,6,4.899942834373961,4.928946555308158,4.447120260482227,4.944496561616667,4.451624466663542,4.941264622900002,4.8135995710793935,5.00201,4.999999999983282
811,S. aureus,GIRRILKYGKRS,0.342422681,12,5.657577319,811,811,train,9,5.557418244724881,5.280095870479713,4.651151178795573,5.316200797647184,4.732891887648825,5.318633821199998,4.981032226791832,5.5284834,5.657577318847209
812,S. aureus,GIRRILRYGRPS,0.698970004,12,5.301029996,812,812,train,7,5.200889045882431,5.04280137141779,4.64945145814274,4.908979770948299,4.717562341306248,5.158498385450003,4.905728133130204,5.273452,5.301029995936172
813,S. aureus,GIRRILRYGRRS,1.0,12,5.0,813,813,train,6,4.899770177891167,5.405181315861364,4.675398559625557,5.571021276306794,4.777598136220838,5.01346369669,5.089812029237247,5.076227,5.000000000110704
815,S. aureus,GIWDTIKSMGKVFAGKILQNL,1.397940009,21,4.602059991,815,815,train,4,4.702081713611285,4.576652431032244,4.647230769485769,4.598734023816987,4.687898645317084,4.574609857259993,4.641444287362912,4.5681467,4.602059990960157
816,S. aureus,GIWDTIKSMGKVFAGLILQNL,1.397940009,21,4.602059991,816,816,train,4,4.7019141400621995,4.569077256062449,4.678264428477281,4.486098546771631,4.72305654391944,4.661840157949993,4.71652723725991,4.603631,4.602059991006053
817,S. aureus,GIWDTLKNVGKAVLGKVLENV,1.698970004,21,4.301029996,817,817,train,2,4.401164999607582,4.376902841154917,4.530144624109163,4.495479851540408,4.375289638593798,4.399771432400005,4.513046198063343,4.341282,4.3010299959793326
818,S. aureus,GIWGTLAKIGIKAVPRVISMLKKKQ,0.903089987,25,5.096910013,818,818,train,6,4.997075716061073,5.170741508296269,4.918909515035092,5.283279237827848,4.998289822143995,5.011623755220005,5.009178550492532,5.113428,5.096910013039701
819,S. aureus,GIWKSLFTKLLKG,0.826571847,13,5.173428153,819,819,train,6,5.073536687346673,5.560277731983213,4.695867933573755,5.475041183611626,4.697992633863724,4.978247154069995,4.870894667901161,5.0741315,5.17342815300036
824,S. aureus,GIWSSLLKKLKKIIAK,1.102090526,16,4.897909474,824,824,train,5,4.798004864165347,4.382297101775716,4.804675016955809,4.562573872908395,4.83789994736802,4.875295193310002,5.017035725462958,4.9172435,4.8979094739710485
826,S. aureus,GKFLHSAGKFGKAFLGEVMIG,2.0,21,4.0,826,826,train,1,4.099863083744302,4.201742491797588,4.5466010266497,4.139436698564391,4.499998234991063,4.110034149369999,4.238852349271177,4.010624,3.999999999962434
827,S. aureus,GKFLKKAKKFGK,2.569474343,12,3.430525657,827,827,train,0,3.5305983777379955,3.9707468685718315,4.573989351836254,4.048465245466294,4.488291796601358,3.5452369108999964,4.0377878833178436,3.4392555,3.4305256570339964
829,S. aureus,GKGRWLERIGKAGGIIIGGALDHL,1.410347054,24,4.589652946,829,829,train,4,4.6898195547499855,4.552430708311749,4.545808264954314,4.540837540464281,4.524181407533086,4.58019955425,4.517879649191295,4.5782194,4.589652946020185
830,S. aureus,GKIIKLKASLKLL,1.459012698,13,4.540987302,830,830,train,3,4.640871159592489,4.141683555994105,4.675375971183694,4.096018358985448,4.450292215304638,4.625764578670004,4.680087743913758,4.655034,4.540987301928321
831,S. aureus,GKIIKVVK,2.0,8,4.0,831,831,train,1,4.099754661719003,4.056849470894215,4.66245280002275,4.1427593229336175,4.612718609262941,4.035333307940001,4.140334352050686,4.0206757,3.9999999999068896
835,S. aureus,GKKLLKKWKKLWKKW,2.699285525,15,3.300714475,835,835,train,0,3.4007712433314556,4.5043672087212165,4.856952923059691,4.532375220966489,4.92368106696589,3.879397343850003,4.432371366264092,3.5129676,3.300714476156293
836,S. aureus,GKKYRRFRWKFKGKWFWFG,0.787631605,19,5.212368395,836,836,train,7,5.112327967742856,4.80986566294591,4.949692437943108,4.783705084014875,5.0582374311503795,5.070882780569996,4.944653763451762,5.1668353,5.212368394778643
837,S. aureus,GKKYRRFRWKFRKGRFWFWG,0.758004733,20,5.241995267,837,837,train,7,5.1420940432867495,4.8645950452455695,4.9709525763960265,4.886111321977005,5.091639219249564,5.122085499779995,5.085821169241815,5.249301,5.241995266834432
838,S. aureus,GKKYRRFWKFKGKWFWFWG,2.125085155,19,3.874914845,838,838,train,1,3.9750924502534293,4.8001620698289145,5.003119794549778,4.8024136774962916,5.138842283432224,4.270263053399995,4.861752939824922,4.031583,3.8749148453198825
839,S. aureus,GKLFKKILKFL,1.370149679,11,4.629850321,839,839,train,4,4.7298018095954895,4.790551281673711,4.813860551839798,4.906711522520508,4.838168051026154,4.816571743159998,4.867105091948748,4.7576923,4.62985032137362
840,S. aureus,GKLFKKILKIL,0.982726996,11,5.017273004,840,840,train,6,4.917542859211832,5.021152875804118,4.802312098628618,4.979580314177231,4.816583492239029,4.926296091699999,4.890090372699456,4.9720993,5.017273003497058
841,S. aureus,GKLIKKFGRKAISYAVKKARGKH,1.556302501,23,4.443697499,841,841,train,3,4.543975694297583,4.453213398380183,4.769044960394894,4.614925686889628,4.829421132800492,4.598487540129996,4.674076600847198,4.4739637,4.443697499077178
842,S. aureus,GKLNLFLSRLEILKLFVGAL,0.451544993,20,5.548455007,842,842,train,8,5.448620597274925,5.173975336045602,4.72663395643235,5.058363252871743,4.7088931259498255,5.311969809229993,4.9115801395135765,5.408944,5.548455006943331
844,S. aureus,GKLWLKGGKLWLKGGKLWLKG,1.505149978,21,4.494850022,844,844,train,3,4.595017162362444,5.027964674702208,4.822536512983762,4.877762422293149,4.921108702309065,4.661076038199995,5.01344998847935,4.5761046,4.494850022055461
845,S. aureus,GKMKEYFKKFGASFKRRFANLKKRL,0.477121255,25,5.522878745,845,845,train,8,5.422761386195843,5.666748608926745,4.849268668338256,5.545505836501211,4.818714999323332,5.360931474410006,5.307032674349935,5.4884706,5.522878744945982
846,S. aureus,GKSDVRRWRSRY,2.0,12,4.0,846,846,train,1,4.099836265756593,4.099261889352705,4.3373627358426265,3.9978871328358854,4.222838723034869,4.1004808972900015,4.22859397422757,3.976568,4.000000000024725
847,S. aureus,GKWKKILGHLIR,1.451786436,12,4.548213564,847,847,train,3,4.648249969708644,4.380942315073572,4.680979867328278,4.503657873901533,4.701936082493015,4.639127243379994,4.704906721392885,4.6067142,4.548213563917612
848,S. aureus,GKWKSLLKHILK,1.301029996,12,4.698970004,848,848,train,4,4.732277062913243,4.8422286133981,4.675897227800199,4.764400665665601,4.687574082215733,4.658611068449996,4.844180841975823,4.6589594,4.698970003876939
850,S. aureus,GKWMHLLKHILK,1.096910013,12,4.903089987,850,850,train,5,4.802913601211009,4.543706083187545,4.804614746765408,4.594401050505106,4.801356318871534,4.872238041569994,4.927112999531714,4.941571,4.903089986916365
855,S. aureus,GKWMSLLKHIWK,1.086359831,12,4.913640169,855,855,train,5,4.8137408234627035,4.726972708224396,4.759666972716479,4.774458913244221,4.784517946561988,4.839460734510002,4.871638050319164,4.822441,4.913640168862316
856,S. aureus,GKWMSLLKHWLK,1.139879086,12,4.860120914,856,856,train,5,4.760216305170137,4.49470138745071,4.761714831775667,4.577929925655545,4.790021841011718,4.820754013469997,4.886756429747417,4.8151875,4.860120913959385
857,S. aureus,GKWMSLLKKILK,0.799340549,12,5.200659451,857,857,train,6,5.100351816632063,4.908072257923564,4.735833581371527,4.878964157303788,4.748991711021981,5.135048075619993,4.92226821480218,5.154901,5.200659450966597
858,S. aureus,GKWMSLLKQILK,1.033423755,12,4.966576245,858,858,train,5,4.866434904056042,5.10156249164337,4.731406433721437,4.93592966653131,4.728481882433343,4.996222035359999,4.824885111494656,4.930555,4.966576244968323
859,S. aureus,GKWMSLWKHILK,1.431363764,12,4.568636236,859,859,train,4,4.668503075867091,4.818918250378177,4.762906978299409,4.8962739900879955,4.793323222649242,4.710009215639993,4.886756429747417,4.689924,4.568636236176194
863,S. aureus,GKWSKILGHLIR,1.367355921,12,4.632644079,863,863,train,4,4.732277062791337,4.44949945967285,4.639532979137162,4.406637224613162,4.663890611667516,4.561432677149996,4.607562433482812,4.6126857,4.632644079039265
867,S. aureus,GLADFLNKAVGKVVDFVKS,2.0,19,4.0,867,867,train,1,4.099593407917419,4.088361080665908,4.4376511687458375,4.056743807518076,4.375805769566474,4.22827298737,4.326391258661848,4.0447593,3.9999999999944498
868,S. aureus,GLADVIKKVASVIGGL,1.812519411,16,4.187480589,868,868,train,2,4.287345399665364,4.0765203476234335,4.48922093710131,4.0796476208024774,4.296141316422574,4.334958007310001,4.342185985675849,4.2866874,4.187480589030054
870,S. aureus,GLARIVVIRVAR,1.677897156,12,4.322102844,870,870,train,3,4.422008018171309,4.959180888246534,4.727773678381876,4.978807026359833,4.826694288499497,4.535850719820007,4.618175388664353,4.3401523,4.3221028442110585
871,S. aureus,GLASTIGSLLGKFAKGGAQAFLQPK,2.0,25,4.0,871,871,train,1,4.100135667983362,4.190971667445338,4.666606904167999,4.184491759599045,4.612130351447113,4.00685868131,4.330033173975243,3.9974422,3.9999999999904765
872,S. aureus,GLEETVYIYGANMAS,1.393142113,15,4.606857887,872,872,train,4,4.706742221104818,4.80763627898803,4.416923976232944,4.8216056009106145,4.180951298637974,4.585633620999995,4.293317666751882,4.578311,4.606857886970396
873,S. aureus,GLFAVIKKVAAVIKKL,1.167954573,16,4.832045427,873,873,train,5,4.732544624086411,4.787831590229833,4.8141209645229415,4.700197656014348,4.83500209620445,4.843277642680007,4.934666911028762,4.804968,4.8320454267234965
874,S. aureus,GLFAVIKKVAAVIRRL,1.15385756,16,4.84614244,874,874,train,5,4.745989174120521,4.718504209976761,4.832775935617144,4.692700132299167,4.867068140050265,4.846078047599998,4.831406906343897,4.8279686,4.84614243987522
875,S. aureus,GLFAVIKKVAKVIKKL,1.153593332,16,4.846406668,875,875,train,5,4.746300854012274,4.633313635186805,4.838875664060971,4.688310743772845,4.880518476138749,4.881178744309995,4.883308149202192,4.831253,4.846406668054453
883,S. aureus,GLFDIAKKVIGVIGSL,1.486787675,16,4.513212325,883,883,train,3,4.613208074432706,4.266685744923969,4.606395609520125,4.339325564219662,4.590665236443224,4.600044160119996,4.5816943815069715,4.5359797,4.513212325003953
884,S. aureus,GLFDIIKKIAESF,1.744948841,13,4.255051159,884,884,train,2,4.3550558457184145,4.071528566072109,4.323779431884218,4.0120799613509455,4.291294528703896,4.2994959165400015,4.349155665870209,4.2398825,4.255051158971903
885,S. aureus,GLFDIIKKVASVIGGL,1.185968961,16,4.814031039,885,885,train,5,4.732282389942502,4.183844178168336,4.581923936931717,4.130642171268452,4.404255413340302,4.781135297679994,4.465981607940039,4.7365203,4.8140310391013355
886,S. aureus,GLFDIIKKVASVVGGL,1.18978482,16,4.81021518,886,886,train,5,4.732277079030047,4.410456902180686,4.577134960976749,4.364596176678845,4.396608058673714,4.746396624839998,4.465981607940039,4.774469,4.810215179986522
887,S. aureus,GLFDIIKNIFSGL,1.843868762,13,4.156131238,887,887,train,2,4.2559570854173465,4.154758013429488,4.54024734183945,4.145739202303294,4.5157200734023775,4.237371689480002,4.398645475650267,4.180579,4.156131238040029
888,S. aureus,GLFDIVKKIAGHIAGSI,1.45865384,17,4.54134616,888,888,train,3,4.641286837162356,4.430344385254989,4.534190505729344,4.429216009580851,4.6242120270355995,4.524038537289996,4.61347624140754,4.563119,4.54134615994266
889,S. aureus,GLFDIVKKIAGHIASSI,1.451219488,17,4.548780512,889,889,train,4,4.6488100815946805,4.172720864271524,4.535411923606082,4.25289977964159,4.466940107389795,4.504413180250003,4.476308052085096,4.490999,4.548780511695571
890,S. aureus,GLFDIVKKIAGHIVSSI,1.74541676,17,4.25458324,890,890,train,2,4.354747820445859,4.426857952894459,4.610852606820644,4.557270338647662,4.798315184949188,4.420361698309996,4.661983565016957,4.347143,4.2545832403498425
891,S. aureus,GLFDIVKKVVGAFGSL,1.481494009,16,4.518505991,891,891,train,3,4.618332209783313,4.593941825480507,4.5927696487765255,4.717180547696002,4.6972206119969755,4.607170126269999,4.7664851936295625,4.557766,4.518505990947284
892,S. aureus,GLFDIVKKVVGALGSL,1.189511122,16,4.810488878,892,892,train,5,4.732255104108944,5.07210705290106,4.563234299721355,5.012509930274195,4.657921545606474,4.74315910531,4.8865564141915705,4.7990074,4.810488878077361
893,S. aureus,GLFDIVKKVVGTIAGL,1.18575768,16,4.81424232,893,893,train,5,4.732277062907892,4.688635404242477,4.585719259443547,4.603573083430267,4.6726686155927615,4.756077042530002,4.671413579963019,4.834803,4.814242319980574
894,S. aureus,GLFDIVKKVVGTLAGL,1.18575768,16,4.81424232,894,894,train,5,4.732277062901839,4.761865335366224,4.585134156855208,4.650013997675691,4.671139704013173,4.7722730928200034,4.808134747160315,4.843658,4.814242320007927
895,S. aureus,GLFDIWAWWRWRR,1.40444324,13,4.59555676,895,895,train,4,4.695597888742746,4.816010765874067,4.734326221270826,4.8274051521062145,4.824731086242343,4.679301656950003,4.738691118206649,4.608435,4.595556760048672
896,S. aureus,GLFDIWKKLRWRR,1.722987771,13,4.277012229,896,896,train,2,4.376837205287953,4.339882145778376,4.650012451767175,4.426193720338497,4.698933003910132,4.488959385189997,4.648523025300055,4.321373,4.27701222908066
899,S. aureus,GLFDKWAWWRWRR,1.701727581,13,4.298272419,899,899,train,2,4.3982957508638005,4.675554467240709,4.730840432300541,4.69531311891056,4.776991280236251,4.53512338056,4.661585948405338,4.337973,4.298272419011774
902,S. aureus,GLFDVIK,3.112152958,7,2.887847042,902,902,train,0,2.9874205195391976,3.1712685802756564,4.291206333218223,3.093745227596372,4.242685983753825,3.1528040664899972,3.256278722349114,2.9171095,2.8878470419412805
903,S. aureus,GLFDVIKASVIGGL,2.867707064,14,3.132292936,903,903,train,0,3.2324608246564903,3.7723383777133286,4.487285614439186,3.853111003519093,4.2482056314119525,3.59537145091,3.8989041573050938,3.254158,3.1322929367552796
905,S. aureus,GLFDVIKKLLKKIKGL,0.491361694,16,5.508638306,905,905,train,8,5.4087934880357516,4.681743687871591,4.650056301633902,4.492531513436214,4.6945316007403415,5.280940254420004,4.863538154136182,5.254632,5.508638305657841
906,S. aureus,GLFDVIKKV,3.002445708,9,2.997554292,906,906,train,0,3.0977308701610924,3.338088195823401,4.437912582240392,3.443348501470322,4.416776449054547,3.1798659401599996,3.2652757341586502,3.0171525,2.9975542921235006
907,S. aureus,GLFDVIKKVAAVIGGL,1.193832458,16,4.806167542,907,907,train,5,4.732279935295902,4.64128358525659,4.599665673555201,4.470442154799141,4.582326411469483,4.765689648150007,4.552320898550863,4.759113,4.806167542252906
911,S. aureus,GLFDVIKKVASVIG,1.646088365,14,4.353911635,911,911,train,3,4.454017873679854,3.766752251723659,4.543221326965997,3.805358408300491,4.331611188822441,4.294995406959995,4.263880090895709,4.3253365,4.353911635199081
913,S. aureus,GLFDVIKKVASVIGGA,1.803030067,16,4.196969933,913,913,train,2,4.297092057559797,4.074956275903672,4.518836737762377,4.29846139356704,4.324389627296251,4.355320417439996,4.402991960193381,4.3164487,4.1969699334831585
914,S. aureus,GLFDVIKKVASVIGGL,1.131753784,16,4.868246216,914,914,train,5,4.768081231376705,4.284401014862924,4.577131304085572,4.184094247581696,4.396598502976342,4.795219358209995,4.4319403624482545,4.722768,4.868246214083133
915,S. aureus,GLFDVIKKVASVIGLASP,1.741321373,18,4.258678627,915,915,train,2,4.358504371166923,3.8326218531857865,4.56959784552761,3.6105690790741667,4.255054155107153,4.306372268439997,4.351453585750896,4.2500386,4.2586786269378525
917,S. aureus,GLFDVIKKVLKKIGGL,1.096910013,16,4.903089987,917,917,train,5,4.803199959724327,4.5517502086339645,4.6405432579661925,4.498594939868868,4.654938117132765,4.817595162109995,4.7602576962248015,4.8762527,4.9030899870262425
918,S. aureus,GLFDVVIGGL,3.015031128,10,2.984968872,918,918,train,0,3.0851340465686885,3.56175577869611,4.417580971808479,3.603868617790781,4.344898113098504,3.2624252501300015,3.4404242452308886,3.004559,2.9849688720589755
921,S. aureus,GLFGVLAKVAAHVVPAIAE,1.806179974,19,4.193820026,921,921,train,2,4.293994248249087,4.390252790045224,4.6278961787721995,4.32954555036873,4.490191390104023,4.378188637330005,4.509571508942311,4.259477,4.193820026033186
927,S. aureus,GLFGVLAKVASHVVPAIAEHFQA,1.325738213,23,4.674261787,927,927,train,4,4.732277062904435,4.510402092617942,4.650125440317012,4.534812979790309,4.474656916186995,4.549676824699995,4.466346978483233,4.6335716,4.674261786996774
929,S. aureus,GLFKGKKKNKKTK,2.397940009,13,3.602059991,929,929,train,0,3.7022277769051097,4.4781121304074825,4.443586918351356,4.554703806151133,4.384026025364728,3.9516271672399963,4.3862068633560956,3.6525316,3.602059991080742
930,S. aureus,GLFKKLRRKIKKGFKKIFKRL,1.026647335,21,4.973352665,930,930,train,5,4.8732793749339285,5.252727716103312,4.925470153271381,5.284024955071645,5.043902352395461,4.978962257949997,5.053135018624738,4.9839435,4.973352664963639
931,S. aureus,GLFKVIKKVAKVIKKL,1.440721822,16,4.559278178,931,931,train,4,4.659382373054733,5.168408653810701,4.85895685667464,5.1198908237888805,4.913814890628771,4.759738594320001,4.914100510578385,4.678342,4.55927817824554
933,S. aureus,GLFKVLGSVAKHLLPHVAPVIAEKL,1.070216618,25,4.929783382,933,933,train,5,4.829882062261884,4.499871653563369,4.782985032497414,4.563269970653862,4.756435292788047,4.723902277519996,4.729261820175939,4.8777246,4.929783381913223
935,S. aureus,GLFLDTLKKFAKAGMEAVINPK,1.903089987,22,4.096910013,935,935,train,2,4.19701453606207,3.772554335836767,4.537824975042133,3.802084047918534,4.515554137235931,4.142168697360006,4.279421657765133,4.0849338,4.0969100129924545
936,S. aureus,GLFLDTLKKFAKAGMEAVTNPK,1.903089987,22,4.096910013,936,936,train,2,4.197007011712692,4.153983300898021,4.5006491725746764,3.9111741782693485,4.471286248677535,4.109933530630006,4.272476459162343,4.115448,4.096910012979016
937,S. aureus,GLFRALLRLLRSLWRLLLRA,1.806179974,20,4.193820026,937,937,train,2,4.2939245221916185,5.364982983086572,4.988574140992474,5.349181808345819,5.128596118647084,4.465018143730008,5.149077155370909,4.3721128,4.193820026703166
938,S. aureus,GLFSKFAGKGIKNFLNKGVKHIGKE,0.189650158,25,5.810349842,938,938,train,9,5.71047416720317,4.961863648428045,4.696876692145786,4.796767736550748,4.624806355843211,5.370001558360001,4.832180264275072,5.679481,5.810349841843372
939,S. aureus,GLFSKFAGKGIVNFLIEGVE,1.029485795,20,4.970514205,939,939,train,5,4.870921774326126,4.312773641510151,4.537422563203147,4.245299387706903,4.539327572198161,4.817722759599991,4.821001109876876,4.926473,4.9705142049610185
945,S. aureus,GLGKFLHSAKRFGKAFVGEAMNS,1.875061263,23,4.124938737,945,945,train,2,4.224759013223351,4.133003418400118,4.565628789838944,4.079702481052163,4.457649560203327,4.159637541709997,4.2242331718371,4.090886,4.12493873704738
946,S. aureus,GLGSLVGNALRIGAKLL,1.096910013,17,4.903089987,946,946,train,5,4.803181063122738,5.126751822952652,4.643457485598947,4.884118804044478,4.627685004589686,4.940785513219994,4.858600340218251,4.9370027,4.9030899869719144
947,S. aureus,GLGSVFGRLARILGRVIPKV,0.452297671,20,5.547702329,947,947,train,8,5.447878843175061,5.46962141916475,4.779684165130474,5.446534748708887,4.851157440448788,5.309180253370003,4.955279409478232,5.5178046,5.547702328949004
948,S. aureus,GLGSVLGKALKIGANLL,0.784141614,17,5.215858386,948,948,train,7,5.115842727802949,4.533239878542036,4.59675582671036,4.430378033710168,4.578946551436898,5.1174124904599925,4.82334685432599,5.069624,5.215858385811399
949,S. aureus,GLHKVMREVLGYERNSYKKFFLR,0.110113488,23,5.889886512,949,949,train,9,5.7897765403231345,5.711521643150221,4.827030149339586,5.861504584317835,5.469186566252498,5.456799923669994,5.413525799162925,5.8598623,5.889886511938171
950,S. aureus,GLIGSIGKALGGLLVDVLKPKL,1.665210745,22,4.334789255,950,950,train,3,4.434695687398033,4.86699971325893,4.628870571756061,4.6244216221038394,4.605626012540497,4.469253481269993,4.597530255348474,4.430684,4.334789255074457
951,S. aureus,GLKALKKVFKGIHKAIKLINKHVK,1.301029996,24,4.698970004,951,951,train,4,4.732277062910644,4.917943209715862,4.898952584482055,5.092410217606549,4.985558521121658,4.741333085769995,5.016231519634133,4.7459035,4.698970004165441
952,S. aureus,GLKALKKVFKGIHKAIKLINKHVQ,1.301029996,24,4.698970004,952,952,train,4,4.732277062910394,5.488053160334979,4.896503141176086,5.438173597046028,4.972166610015507,4.765059354679995,4.980145202969635,4.6962843,4.698970003936926
956,S. aureus,GLKDIFKAGLGSLVKGIAAHVAN,2.301029996,23,3.698970004,956,956,train,0,3.7987908643772994,3.7452724144825567,4.623886556038508,3.8539172669031094,4.625597160092167,3.745869199659995,4.267538293768863,3.762571,3.698970003863318
957,S. aureus,GLKEIFKAGLGSLVKGIAAHVAN,2.301029996,23,3.698970004,957,957,train,0,3.7993203277147636,3.8498736198746437,4.641526668535237,3.8830273488756344,4.63505763065994,3.7287987281899957,4.217802574567708,3.688333,3.698970004168903
958,S. aureus,GLKEIFKAGLGSLVKGIAAHVAS,2.243038049,23,3.756961951,958,958,train,0,3.8571290839904813,3.8792958163133857,4.6290847691168935,3.920383454315343,4.51871033380929,3.7302624932499953,4.084236862362434,3.6900043,3.7569619508544356
959,S. aureus,GLKEVAHSAKKFAKGFISGLTGS,2.408239965,23,3.591760035,959,959,train,0,3.691859573643529,3.68469641346866,4.617537574223872,3.7904128349620327,4.619401113955652,3.839157742949997,4.140514431768964,3.6348512,3.5917600350667827
960,S. aureus,GLKKIFKAGLGSLKKGIAAHVAS,2.397940009,23,3.602059991,960,960,train,0,3.70200379660092,3.8174740837520207,4.675574500399878,4.021312879000185,4.60615327686035,3.8205457938799974,4.157851206874517,3.7181053,3.6020599911802686
961,S. aureus,GLKKIFKAGLGSLVKGIAAHVAS,2.397940009,23,3.602059991,961,961,train,0,3.7019490045922,4.078957680832593,4.6963022874448015,4.277775433912446,4.612663271519638,3.6855147026199955,4.216277161357841,3.6147072,3.602059991171692
962,S. aureus,GLKKIFKAGLGSLVKGIKAHVAS,2.397940009,23,3.602059991,962,962,train,0,3.7021504631542266,4.036219317893745,4.713842004393511,4.124540392156446,4.641821064283395,3.6965732239499967,4.3000300478857065,3.6116304,3.602059990875503
963,S. aureus,GLKKIFKKGLGSLVKGIAAHVAS,2.397940009,23,3.602059991,963,963,train,0,3.7021154586636835,4.310861923575124,4.710700734872363,4.445454579018343,4.633612720240483,3.811211165629996,4.26244226762229,3.6860893,3.60205999121636
964,S. aureus,GLKKLISWIKRAAQQG,0.444385121,16,5.555614879,964,964,train,8,5.455598165058952,5.050532507070534,4.691063995916436,5.1571367334452765,4.683071247389009,5.198744490270003,4.763785892462366,5.4698772,5.555614878903977
965,S. aureus,GLKKLLGKLLKKLGKLLLK,2.204119983,19,3.795880017,965,965,train,0,3.8960328156859183,4.81831155248115,4.812747842449171,4.8301999238872915,4.8825535351071965,4.217896224160001,4.92139940012674,4.0293264,3.7958800180906156
966,S. aureus,GLLALISWIKRKRQQ,-0.178543899,15,6.178543899,966,966,train,9,6.0785289229332005,5.721683929981765,4.786161572308685,5.495929314297129,4.799089433903937,5.783165393899996,5.327268429523945,6.028997,6.178543898827679
968,S. aureus,GLLDFVTGVGKDIFAQLIKQI,1.806179974,21,4.193820026,968,968,train,2,4.293988069004831,5.137246989988107,4.645708727054965,5.011780583780505,4.652933445246668,4.235081157480005,4.559350509941251,4.2560945,4.193820026034443
969,S. aureus,GLLDTLKGAAKNVVGSLASKVMEKL,2.301029996,25,3.698970004,969,969,train,0,3.7988049486314623,4.219822758478981,4.565795086167418,4.258181047936078,4.410753703544133,3.8580461913599944,4.094621033291157,3.8550208,3.698970004067698
970,S. aureus,GLLGKLLKIAAKVGKKLL,0.477121255,18,5.522878745,970,970,train,8,5.422295272962248,4.960304750194224,4.746478573243954,5.002175643326062,4.782797830382559,5.315325273250004,4.918897739936231,5.3894696,5.522878743597958
972,S. aureus,GLLGLLGSVVSHVLPAITQHL,1.371708199,21,4.628291801,972,972,train,4,4.728386401106387,4.995350098490087,4.754297853985916,5.1591848518210615,4.793655316032487,4.620682811819995,4.660632123551654,4.6533484,4.6282918010526375
973,S. aureus,GLLGLLGSVVSHVVPAIVGHF,0.792391689,21,5.207608311,973,973,train,7,5.107740827367861,4.512924621489778,4.775664731558799,4.561888777431597,4.889291355401078,4.95937442932,5.0544491220648915,5.162626,5.207608310939254
981,S. aureus,GLLKFIKWLL,0.86923172,10,5.13076828,981,981,train,6,5.030630081710539,5.244164857638259,4.892449376648409,5.2490082709363755,4.9241624986727075,5.012138506119997,5.119943122964065,5.1171994,5.1307682802409875
985,S. aureus,GLLKKLLKIAAKVGKKLL,0.77815125,18,5.22184875,985,985,train,7,5.122023815975707,5.347909064607521,4.803763580169697,5.336833363742705,4.841246318743832,5.124188919909999,5.006826407845413,5.1777205,5.221848751186549
986,S. aureus,GLLKKWLKKWKEFKRIVGY,1.473341366,19,4.526658634,986,986,train,3,4.626761213626324,4.9043358036940035,4.8715459569206585,4.873408626268667,4.978956795784101,4.655325838360001,4.958425478345441,4.6076493,4.526658634020814
991,S. aureus,GLLKRIK,1.529615921,7,4.470384079,991,991,train,3,4.570557922125218,4.490130633202766,4.600708071072159,4.499811676798647,4.476400087778728,4.346209863669997,4.239370550544982,4.4470677,4.470384078993442
996,S. aureus,GLLKRIKKLLKKIKKLL,1.096910013,17,4.903089987,996,996,train,5,4.803206432038394,5.4164977341571445,4.891541766304334,5.201194668203155,4.96472055148102,4.967495317249995,5.059276799534153,5.0026174,4.903089987319144
999,S. aureus,GLLKRIKT,1.394098624,8,4.605901376,999,999,train,4,4.7055937416318265,4.573385024932359,4.574194585125476,4.537039718648902,4.437870094546538,4.464351477460004,4.161118846654072,4.5730977,4.605901375946318
1001,S. aureus,GLLKRIKTL,1.615879575,9,4.384120425,1001,1001,train,3,4.484233989493092,4.354955018514434,4.6543288956117115,4.340626531315275,4.603111284312535,4.440227668739998,4.350533779060185,4.37849,4.3841204249715595
1008,S. aureus,GLLPLLSLLGKLL,0.193124598,13,5.806875402,1008,1008,train,9,5.707043925935206,4.681338454605373,4.6649300349166465,4.624272220447911,4.691603901434512,5.474025290039999,5.032028884197374,5.668824,5.806875401907666
1009,S. aureus,GLLRKWGKKWKEFLRRVWK,1.104602008,19,4.895397992,1009,1009,train,5,4.795467394510696,4.735272716375953,4.839644323985697,4.711820202328479,4.882367072817151,4.9674263738200075,5.010105564581807,4.9235444,4.895397991977605
1010,S. aureus,GLLSGTSVRGSI,1.19595075,12,4.80404925,1010,1010,train,5,4.732277062910382,4.59646050432665,4.490212212454864,4.683396954367983,4.400434248853066,4.413919165379998,4.270282159327318,4.7601132,4.804049249962238
1011,S. aureus,GLLSKFGRLARKLARVIPKV,0.56427143,20,5.43572857,1011,1011,train,8,5.335842226122295,5.50571904217026,4.796467719102834,5.497562273839796,4.887246647795412,5.204769429079995,4.973924690414001,5.408643,5.435728569955408
1012,S. aureus,GLLSLLSLLGKLL,0.494154594,13,5.505845406,1012,1012,train,8,5.4060085999579846,4.729477258390383,4.661151314541566,4.735729925338367,4.696376341426795,5.360651517739998,5.063745525406439,5.5242357,5.505845405866331
1013,S. aureus,GLLSNVAGLLKQFAKGGVNAVLNPK,2.10720997,25,3.89279003,1013,1013,train,1,3.9927229477860795,4.840481300813332,4.752657044450379,4.805098571025192,4.753876678470443,4.065429681699999,4.524287967409709,4.0067463,3.8927900300628306
1022,S. aureus,GLMSSIGKALGGLIVDVLKPKTPAS,1.610311233,25,4.389688767,1022,1022,train,3,4.489630902515428,4.8400296702995105,4.5943996889179886,4.797225304796114,4.527119110419864,4.357688878099998,4.268905343164374,4.3854785,4.389688767003247
1023,S. aureus,GLMSVLGHAVGNVLGGLFKPKS,1.661225034,22,4.338774966,1023,1023,train,3,4.438794031410194,4.541487089209202,4.691587267534833,4.55346780880449,4.708611822835856,4.379032038040003,4.612464742841047,4.376805,4.338774966052975
1040,S. aureus,GLNTLKKVIQGLHEVIKLVNNHA,0.77815125,23,5.22184875,1040,1040,train,7,5.121982546615019,5.102921895177023,4.705398563478098,5.054448255239387,4.642668770059052,5.087116110829997,4.842351138792822,5.150736,5.221848749967001
1043,S. aureus,GLPALISWIKRKR,-0.072982853,13,6.072982853,1043,1043,train,9,5.972811695404314,5.052400740579734,4.678841421317638,5.164448026194783,4.702447500444937,5.630909747109996,5.125718418451044,6.0132866,6.072982852720117
1044,S. aureus,GLPALISWIKRKRGG,0.196964383,15,5.803035617,1044,1044,train,9,5.702919721283953,5.671323850355073,4.629975069997548,5.559791584592235,4.640024231845574,5.413699354299994,5.039882743478085,5.7164826,5.803035616935467
1045,S. aureus,GLPALISWIKRKRQ,0.193292486,14,5.806707514,1045,1045,train,9,5.706531355432709,5.360937567546078,4.685167185556475,5.393597174830803,4.6999992156067245,5.580053481369996,5.250537353457187,5.8255925,5.806707514001723
1047,S. aureus,GLPALISWIKRKRQQG,1.130485963,16,4.869514037,1047,1047,train,5,4.76968027754923,5.109363093863023,4.667313410334824,5.1043393278496705,4.6787593749125795,4.913767066899995,5.001435174323671,5.027661,4.869514037198085
1051,S. aureus,GLPGPLGPAGPK,2.973127854,12,3.026872146,1051,1051,train,0,3.1268561244204247,3.7002924791466922,4.243167884610915,3.6277781919590915,4.082327245911207,3.406118734739999,3.574320350676039,3.0852787,3.026872145983176
1053,S. aureus,GLPWILLRWLFFRG,1.146128036,14,4.853871964,1053,1053,train,5,4.754026975006319,4.995550117983312,4.90162817949105,4.996933272933893,4.989014635238143,4.931611398170004,5.022411788164649,4.907002,4.853871964103085
1055,S. aureus,GLRILLLKV,0.477121255,9,5.522878745,1055,1055,train,8,5.422972878672709,4.512968822665633,4.787225973424529,4.571576330977641,4.7480673333937045,5.130265809080004,4.634369472124481,5.4485574,5.522878744582935
1056,S. aureus,GLRKALRKFRNKIKEALKKI,0.301029996,20,5.698970004,1056,1056,train,9,5.598794692021511,4.54134144195313,4.695190394831868,4.462454445034941,4.661214341594007,5.322045904239996,4.799575775407388,5.616978,5.698970003857906
1062,S. aureus,GLRRALLRLLRSLRRLLLRA,1.505149978,20,4.494850022,1062,1062,train,3,4.594680980819535,5.081870873284145,4.90277532535137,5.0658149379744355,4.988309580183929,4.642790854209997,5.016173450803449,4.5010166,4.494850022004412
1063,S. aureus,GLRRLFADQLVGRRNI,1.423844618,16,4.576155382,1063,1063,train,4,4.675639093026146,4.429495833775264,4.501690363708541,4.3907515916851,4.448324888994001,4.654893122970008,4.867125341365633,4.5723634,4.576155381944686
1065,S. aureus,GLTFLKKILNFAKKIYTAIW,0.829573566,20,5.170426434,1065,1065,train,6,5.070596201517683,5.144830325710102,4.939897644487408,5.238214317301599,4.9798933704600445,5.074707552619995,5.067262183593831,5.1832433,5.170426434037687
1066,S. aureus,GLTRLFSVIK,1.175454279,10,4.824545721,1066,1066,train,5,4.732277062910382,4.0508466367871225,4.717790758159334,4.055629283565908,4.708436308160421,4.673354158719997,4.528330458481235,4.8040457,4.824545720905343
1069,S. aureus,GLVSSIGRALGGLLADVVKSKGQPA,1.620915675,25,4.379084325,1069,1069,train,3,4.478921045194603,4.319154600389696,4.533934928492236,4.19798701620804,4.524296249308531,4.421721337210001,4.47594363992873,4.3766484,4.379084324996661
1070,S. aureus,GLVTGLLKTAGKLLGDLFGSLSG,1.096910013,23,4.903089987,1070,1070,train,5,4.803256307544733,5.015189646676804,4.575399480239545,4.9906391999426445,4.562489321578668,4.880149176399993,4.559684025234918,4.909217,4.903089987256921
1071,S. aureus,GLVTGLLKTAGKLLGDLFGSLTG,1.096910013,23,4.903089987,1071,1071,train,5,4.802963644123316,4.550260021534955,4.592377695433214,4.565871131422971,4.5757773333832565,4.878582761229992,4.552984533976961,4.896542,4.903089986793955
1072,S. aureus,GLVTSLIKGAGKLLGGLFGSVTG,0.795880017,23,5.204119983,1072,1072,train,6,5.104244119264851,4.632496224946315,4.686874505146637,4.641477450583435,4.726044730865461,5.034187616639999,4.581086281545434,5.0767694,5.204119982967165
1073,S. aureus,GLWEKIKEKASELVSGIVEGVK,1.619828534,22,4.380171466,1073,1073,train,3,4.479895559000032,4.616964859010137,4.487263932791723,4.4758312599757355,4.46275528208764,4.372283169089999,4.313543467051018,4.373513,4.380171465969569
1074,S. aureus,GLWEKVKEKANELVSGIVEGVK,1.617482474,22,4.382517526,1074,1074,train,3,4.482341612839928,4.9188010198865095,4.496103755650546,4.8577484530544295,4.578215087353249,4.410745104229999,4.522141356869692,4.39849,4.38251752602022
1075,S. aureus,GLWSKIKEAAKTAGLMAMGFVNDMV,1.342422681,25,4.657577319,1075,1075,train,4,4.732277062910382,4.6575773190039,4.654924724634309,4.655988411940848,4.606651298569909,4.5525132242599975,4.273741024911865,4.532421,4.6575773189502705
1076,S. aureus,GLWSKIKEVGKEAAKAAAKAAGK,2.0,23,4.0,1076,1076,train,1,4.099983892324067,4.409831878730651,4.481391732472472,4.326152669587856,4.436208981805672,4.24507967234,4.318991360121168,4.0529532,4.00000000003423
1080,S. aureus,GMASKAGAIAGKIAKVALKAL,1.458611969,21,4.541388031,1080,1080,train,3,4.6412766719848735,4.132296773135556,4.5811758092969335,4.268115465504039,4.447480218383722,4.452226804569999,4.294328558739668,4.4924164,4.541388030888887
1081,S. aureus,GMASKAGSIVGKIAKIALGAL,1.698970004,21,4.301029996,1081,1081,train,2,4.400894602471763,4.801110654710011,4.610428204291605,4.672345905831502,4.549413038341267,4.2858691611800035,4.336593192356079,4.2799664,4.30102999613436
1082,S. aureus,GMASKAGSVAGKIAKFALGAL,1.903089987,21,4.096910013,1082,1082,train,2,4.196744428627145,4.189495307575409,4.559009305049354,4.302137118609873,4.4219126685187815,4.147518086900005,4.231468236960587,4.107469,4.096910012903123
1083,S. aureus,GMASKAGSVLGKITKIALGAL,2.0,21,4.0,1083,1083,train,1,4.100094486377873,4.426361127030288,4.603270838098466,4.480538148218648,4.478758558011095,4.10225157247,4.30696100994072,4.015232,4.000000000145808
1084,S. aureus,GMASKAGSVLGKLAKVAIGAL,2.0,21,4.0,1084,1084,train,1,4.099862543518658,4.231059338619671,4.605077073297668,4.166004989637288,4.466956707963689,4.069656170720001,4.154148723839467,4.022692,4.000000000093653
1085,S. aureus,GMASKAGSVLGKVAKVALKAAL,1.574031268,22,4.425968732,1085,1085,train,3,4.525724025047942,4.527155082147289,4.640958061210822,4.598505642536389,4.521514928747169,4.335169295979999,4.33021235758222,4.442245,4.425968732043981
1090,S. aureus,GMASTAGSVLGKLAKAVAIGAL,2.301029996,22,3.698970004,1090,1090,train,0,3.798794363140937,4.155715924317003,4.614267413140073,4.2216454424141885,4.469718229899634,3.9361639755999964,4.178032877079664,3.8075056,3.6989700040921383
1091,S. aureus,GMATAAGTTLGKLAKFVIGAV,1.903089987,21,4.096910013,1091,1091,train,2,4.197017220780428,4.005453777409624,4.649114865062682,4.055173919759957,4.637103184048019,4.206767322370005,4.386388260384121,4.141842,4.096910013012417
1092,S. aureus,GMATKAGTAFGKAAKAIIGAAL,2.408239965,22,3.591760035,1092,1092,train,0,3.6915838404326937,3.9790708148616387,4.593009774991839,4.1062134143470015,4.551554949031542,3.8133303286499967,4.129597941912061,3.6738799,3.5917600349980714
1093,S. aureus,GMATKAGTALGKVAKAVIGAAL,2.0,22,4.0,1093,1093,train,1,4.099884181276653,4.366411383082612,4.605313752119366,4.49246858244609,4.572387425445242,4.07078038309,4.107109193320287,3.9628024,4.000000000036982
1095,S. aureus,GMWKKILGKLIR,1.176091259,12,4.823908741,1095,1095,train,5,4.73227706291038,4.499152163119745,4.730369746744787,4.621739041497052,4.746237033631877,4.801991441670005,4.703206587597236,4.793741,4.823908740951187
1100,S. aureus,GMWSKILGHLIR,1.487986331,12,4.512013669,1100,1100,train,3,4.611837345427978,4.584748334634492,4.693559982532364,4.579537554968475,4.717479342743632,4.509070145259998,4.545536511649964,4.414061,4.512013668983492
1104,S. aureus,GMWSKIPGHLIR,2.0,12,4.0,1104,1104,train,1,4.099931281576358,4.341113598958989,4.651376527994027,4.217006218140502,4.628764227967889,4.14453389933,4.418749025938337,4.076792,4.000000000009714
1105,S. aureus,GNNRPVYIPQPRPPHPRI,2.0,18,4.0,1105,1105,train,1,4.100103628782833,3.862896215620463,4.47039089732019,3.8708818062549755,4.267194237263999,4.170833296900001,4.30629739185166,4.0267067,3.9999999999846034
1106,S. aureus,GPIRRPEPRPRPE,1.301029996,13,4.698970004,1106,1106,train,4,4.732277062910382,4.1873234994982615,3.9780919794106304,4.177293024650669,3.7880879894430337,4.639696561129994,4.430400167487907,4.694452,4.6989700039509215
1107,S. aureus,GPIRRPKPRPRPE,1.301029996,13,4.698970004,1107,1107,train,4,4.732277062910382,4.60655848210423,4.170648468772685,4.608396967516216,3.971764281790289,4.637466867809994,4.414541181495862,4.7055597,4.698970004002552
1108,S. aureus,GPIRRPKPRPRPRPE,1.301029996,15,4.698970004,1108,1108,train,4,4.732277062910382,4.702062898481118,4.216227586919777,4.658192899929662,4.055561291207476,4.628077888029995,4.447865143507069,4.64213,4.698970003958203
1109,S. aureus,GPIRRPKPRPRQRPE,1.301029996,15,4.698970004,1109,1109,train,4,4.732277062910382,5.206606358106429,4.265339148215457,5.138177536270767,4.091521606666422,4.652305869079993,4.5494610964874065,4.6772194,4.698970004037418
1110,S. aureus,GRFKRFRKKFKKLFKKLS,0.522878745,18,5.477121255,1110,1110,train,8,5.3771060651419935,5.231677705017035,4.836878002314538,5.175508745823856,4.911854377304875,5.270307929609996,5.099794200760421,5.388686,5.477121254751376
1111,S. aureus,GRFRRLRKKTRK,2.10720997,12,3.89279003,1111,1111,train,1,3.9930523096139434,4.440825198191585,4.595154627749887,4.534246492896868,4.527088814654188,4.036346157130001,4.3999641927822895,3.9574895,3.8927900300018043
1112,S. aureus,GRFRRLRKKTRKRLKKIGKV,1.669006781,20,4.330993219,1112,1112,train,3,4.4308286087990405,4.7214787506640254,4.803859959081319,4.553084913423189,4.873118424362118,4.467919032659998,4.594230607196412,4.389905,4.330993219149001
1118,S. aureus,GRIKRIRKKIKKLIKKLS,0.602059991,18,5.397940009,1118,1118,train,7,5.29822917752605,5.1529681660060485,4.798322980788461,5.098975646155981,4.849274203688882,5.090340678410006,4.910643279762003,5.2979784,5.397940008869112
1119,S. aureus,GRILSFIKGLAEHL,1.80859197,14,4.19140803,1119,1119,train,2,4.291732092298263,4.747860694234926,4.465443183437701,4.879331127348712,4.406771052837753,4.397861191569995,4.6546595098938655,4.2569222,4.191408030002753
1120,S. aureus,GRKKRRQRRRGGWMWVTNLRTD,1.657848051,22,4.342151949,1120,1120,train,3,4.4417774667010175,4.792861332989794,4.721609759360039,4.892355978673061,4.621563197276481,4.455683885100006,4.7341421074128816,4.364435,4.342151949014762
1121,S. aureus,GRKKRRQRRRPPQ,0.602059991,13,5.397940009,1121,1121,train,7,5.298063531940153,4.826345295716998,4.334941584975281,4.830319643526445,4.116009362399174,4.994401120390006,4.56542195205945,5.2894835,5.397940008935136
1122,S. aureus,GRKLWRKWLKRWLP,0.726998728,14,5.273001272,1122,1122,train,7,5.172891760272004,5.381919209668619,4.833148340501119,5.521267662313296,4.875277300511382,5.176433153829993,5.108755043646113,5.239449,5.273001272141883
1123,S. aureus,GRPRPFPGRPKPIFRPR,2.0,17,4.0,1123,1123,train,1,4.1001769288064756,4.163400261980934,4.49235342505856,4.189986122911156,4.4285218487888836,4.03859613324,4.166138994603959,4.024441,3.99999999999931
1124,S. aureus,GRRGPRRANQNGTRRRRRRT,2.0,20,4.0,1124,1124,train,1,4.100098677582329,4.037649738904957,4.543818711962496,3.972371101334731,4.537112139088127,4.1852958709,4.341394651600787,4.0860295,4.000000000003391
1125,S. aureus,GRRPRPRPRP,2.204119983,10,3.795880017,1125,1125,train,0,3.8957469476504283,4.101773542018061,4.160215994455481,4.077011976134711,4.105571269308427,3.9962814213900013,3.948080575993809,3.8287954,3.795880017020114
1126,S. aureus,GRRPRPRPRPFFF,1.602059991,13,4.397940009,1126,1126,train,3,4.498052246647758,4.602666376397571,4.482093033060876,4.65816067017758,4.407356531043498,4.488410268940006,4.399350228028291,4.4433656,4.397940012723758
1127,S. aureus,GRRPRPRPRPFFFF,1.0,14,5.0,1127,1127,train,6,4.959326345189746,4.763928028638557,4.570722593167293,4.764173242216818,4.551794033774166,4.8979348802,4.533048091535653,4.935067,4.9999999988505115
1128,S. aureus,GRRPRPRPRPFFFFF,0.397940009,15,5.602059991,1128,1128,train,8,5.502080805157477,5.080547945676617,4.644533450955846,4.956982931260804,4.652103872589852,5.324689589449995,4.8417133852559,5.358087,5.602059988360335
1129,S. aureus,GRRPRPRPRPWWW,1.602059991,13,4.397940009,1129,1129,train,3,4.498106398988705,4.648676065101569,4.522586956907043,4.673202282771735,4.5149986839696,4.445479310900007,4.50908881064162,4.448146,4.397940005303897
1130,S. aureus,GRRPRPRPRPWWWW,1.602059991,14,4.397940009,1130,1130,train,3,4.497548003504878,4.672659880967174,4.621154622010864,4.660782532187864,4.670500859950271,4.554719181760004,4.6747962129513345,4.5202003,4.39794001168266
1131,S. aureus,GRRPRPRPRPWWWWW,1.301029996,15,4.698970004,1131,1131,train,4,4.6921166090288615,5.21364772464491,4.706792813392026,4.939460190914698,4.787823505324243,4.865294195299995,4.949816547650016,4.7321844,4.69897000500705
1132,S. aureus,GRRYKKFRWKFKGRWFWFG,0.481963504,19,5.518036496,1132,1132,train,8,5.4178801526836375,5.155817722450612,4.95588745764372,5.245925900395374,5.066552433887194,5.239900026999992,5.052976053790404,5.4974103,5.5180364959619235
1133,S. aureus,GRWKRWRKKWKKLWKKLS,0.602059991,18,5.397940009,1133,1133,train,7,5.298103763322953,5.190581352158831,4.883799609356158,5.095846942750459,4.9875401982506915,5.360529171800006,5.155991749724673,5.404867,5.397940008868016
1134,S. aureus,GSAQPYKQLHKVVNWDPYG,0.836324116,19,5.163675884,1134,1134,train,6,5.063394096079669,5.147954166058513,4.592697919570865,5.095024494284829,4.5045270941435245,4.972547071199994,4.622061631353925,5.128608,5.1636758839512105
1136,S. aureus,GTAWRWHYRARS,1.91780585,12,4.08219415,1136,1136,train,2,4.182562746270272,4.645218646608999,4.646950117556724,4.807185302396439,4.571489063973486,4.382326098500004,4.530124032305408,4.109447,4.082194149985238
1137,S. aureus,GVADILKGAAKDIAGHLASKVMNKL,2.0,25,4.0,1137,1137,train,1,4.1001044403671845,3.934110008013023,4.5232340526142005,3.8732833325998595,4.34680734720362,4.0300995118800005,4.041305249914247,4.011981,3.999999999991267
1138,S. aureus,GVAKFGKAAAHFGKGWIKEMLNS,1.880813592,23,4.119186408,1138,1138,train,2,4.2190107588257755,4.396312370543162,4.661569345594864,4.439125884150535,4.555103150000789,4.0883770918600035,4.2580855974039835,4.1436806,4.119186408019707
1139,S. aureus,GVFDIIKDAGKQLVAHAMGKIAEKV,2.481630767,25,3.518369233,1139,1139,train,0,3.618535289048427,3.921721728891488,4.568156726138552,4.022862249565556,4.544346682500122,3.5893016790499956,3.991130751734823,3.5172582,3.51836923294156
1140,S. aureus,GVFDIIKDAGKQLVAHATGKIAEKV,2.48661118,25,3.51338882,1140,1140,train,0,3.6135607773204423,3.540869737427025,4.544320950931214,3.6045850784919082,4.513542161462396,3.6359337297699956,4.084519565984293,3.5662546,3.5133888200227834
1141,S. aureus,GVFDIIKDAGRQLVAHAMGKIAEKV,2.477045168,25,3.522954832,1141,1141,train,0,3.622700009872889,4.173585867017717,4.576263427749651,4.255202004502908,4.558594134079454,3.5989602444599984,4.000720834583028,3.5352433,3.5229548320813557
1142,S. aureus,GVFDIIKGAGKQLIAHAMGKIAEKV,2.488934048,25,3.511065952,1142,1142,train,0,3.6112378202126587,3.9518112952662303,4.611886304856552,3.9830842073942465,4.582329154634403,3.6299945827800038,4.234501135999188,3.6282098,3.511065952104617
1143,S. aureus,GVFLDALKKFAKGGMNAVLNPK,2.0,22,4.0,1143,1143,train,1,4.099953754515755,4.031939410099183,4.602875659486302,4.072671132714483,4.520123077448671,4.088401965260001,4.324548194707984,4.056205,4.000000000048944
1144,S. aureus,GVFRRLRKVTRKVLKKIGKVLKWI,0.602059991,24,5.397940009,1144,1144,train,7,5.297811628124955,5.25517580498854,5.039795910545283,5.191426260896433,5.19103517292041,5.293711074180005,5.263523080150759,5.3879247,5.397940008782623
1145,S. aureus,GVFRVLRKVTRVVLKVIGKVLKWI,0.301029996,24,5.698970004,1145,1145,train,9,5.599122715662016,5.71899914485338,5.102492591484951,5.593826404357251,5.259244183388795,5.520648824409994,5.31172641790345,5.6752,5.6989700041392135
1146,S. aureus,GVGDLIRKAVSVIKNIV,1.448270046,17,4.551729954,1146,1146,train,4,4.651716435925826,4.618613828962955,4.632907454622964,4.6540606791891195,4.698468929670927,4.668685743909998,4.780807312814768,4.6062346,4.551729953977522
1147,S. aureus,GVGKFLHSAKKFGQALASEIMKS,2.0,23,4.0,1147,1147,train,1,4.100165098118816,4.205274908291328,4.569947412656041,4.217071084271705,4.417955267172565,4.03753692347,4.108126331043384,4.0127463,3.999999999992832
1148,S. aureus,GVGKFLHSAKKFGQALVSEIMKS,2.0,23,4.0,1148,1148,train,1,4.100097504767125,4.259357172064882,4.626940079346773,4.413081350152407,4.586474720049491,4.08763810086,4.309820121884219,4.0938807,4.000000000046554
1149,S. aureus,GVIAAAKKVVNVLKNLF,1.146498178,17,4.853501822,1149,1149,train,5,4.753665220424761,4.586779936078855,4.78195223985163,4.675640363679484,4.753970775244796,4.85922876913,5.029724286672053,4.8638644,4.85350182195979
1150,S. aureus,GVIDAAKKVVNVLKNLF,1.13591571,17,4.86408429,1150,1150,train,5,4.7639063546847265,4.317210412005257,4.625654760814504,4.408270405110686,4.604605394943984,4.843640448249997,4.849493817568662,4.9029474,4.864084290007076
1151,S. aureus,GVIDAAKKVVNVLKNLP,1.147973104,17,4.852026896,1151,1151,train,5,4.752130507842257,4.6717961103995655,4.550701285586937,4.6432876182645195,4.509013702327495,4.730236749049996,4.596619776546264,4.7827597,4.852026895950883
1152,S. aureus,GVIDIIKGAGKDLIAHAIGKLAEKV,2.49996696,25,3.50003304,1152,1152,train,0,3.6001968381253766,3.8132357372067296,4.528521100608895,3.9303665012239306,4.5078478921807665,3.686150865360002,4.102557594489143,3.624343,3.5000330400491153
1153,S. aureus,GVIKSVLKGVAKTVALGML,1.096910013,19,4.903089987,1153,1153,train,5,4.802810047302578,4.997534755986538,4.755046508698663,4.977593227451099,4.767271775792176,4.808515857579994,4.77374403837084,4.882234,4.903089987023601
1154,S. aureus,GVLDILKGAAKDLAGH,1.607455023,16,4.392544977,1154,1154,train,3,4.492368605530817,4.290986247441723,4.239163710045199,4.254474085463435,4.166065408062709,4.50368314367,4.335244769298971,4.4158716,4.392544976983859
1155,S. aureus,GVLDILKGAAKDLAGHVATKVI,1.164352856,22,4.835647144,1155,1155,train,5,4.735813384709618,4.373590533313817,4.500986755033914,4.153012412910233,4.492034647873214,4.622762395930003,4.3747659638969925,4.7742634,4.835647143805479
1156,S. aureus,GVLDILKGAAKDLAGHVATKVINKI,1.698970004,25,4.301029996,1156,1156,train,2,4.401201743885434,4.7797171670794665,4.589848949654563,4.770936448155776,4.607880932670147,4.2498569649100055,4.186445007169006,4.1523886,4.301029996090437
1157,S. aureus,GVLSAFKNALPGIMKIIV,0.632205502,18,5.367794498,1157,1157,train,7,5.267929237788112,4.7505467611129,4.7629228767141765,4.74637518389059,4.847163573497794,5.220675897090007,4.895917421193059,5.3368683,5.367794497941449
1158,S. aureus,GVLSNVIGYLKKLGTGALNAVLKQ,1.706518891,24,4.293481109,1158,1158,train,2,4.393310302480311,5.2058016020196565,4.8221306039583265,5.148228839601905,4.827048110458786,4.434827833800007,4.72188512138781,4.4022145,4.293481109079343
1159,S. aureus,GVLSVIKNALPGIMRF,0.633468456,16,5.366531544,1159,1159,train,7,5.266484949189456,5.1830061971170185,4.750572418865706,4.958981999397014,4.736920631300021,5.164212803009999,4.816020205361673,5.277445,5.36653154389488
1160,S. aureus,GVLSVIKNALPGIMRFIA,0.624485763,18,5.375514237,1160,1160,train,7,5.275699504188086,4.759546636548237,4.787069968994691,4.871925084876182,4.785062285028626,5.177808637900003,4.879110552031354,5.3426595,5.375514237014797
1161,S. aureus,GVSVAGAKKVKVLFVFPFLF,2.075065142,20,3.924934858,1161,1161,train,1,4.024810875208699,4.634077268790636,4.910704467245863,4.658256433793742,4.969532342746887,4.246575217779993,4.827864320142422,4.083958,3.9249348581157206
1162,S. aureus,GVVAILKGAAKDIAGHLASKVMNKL,2.0,25,4.0,1162,1162,train,1,4.100164908103624,4.119061350443449,4.655423621078598,4.1031499430120055,4.478350672111601,4.08747963122,4.152363550053067,4.198012,4.000000000169824
1163,S. aureus,GVVDALKGAAKDIAGHLASKVMNKL,2.0,25,4.0,1163,1163,train,1,4.100160760969908,4.067969046052577,4.519657204547525,4.0285135807695704,4.350206271330351,4.005741001199999,4.010488695383158,3.9930034,4.000000000551087
1164,S. aureus,GVVDIAKGAAKDIAGHLASKVMNKL,2.0,25,4.0,1164,1164,train,1,4.100238226056749,3.92062856965037,4.531275928339189,3.884140901028179,4.356052924522043,4.0283046797,3.978662035847247,3.995769,4.000000000085031
1165,S. aureus,GVVDILAGAAKDIAGHLASKVMNKL,2.0,25,4.0,1165,1165,train,1,4.099971554260647,3.7658119967878987,4.557066658559033,3.728725043524049,4.389327981358177,4.02309481689,4.015602221143618,4.0159,3.999999999693085
1166,S. aureus,GVVDILKAAAKDIAGHLASKVMNKL,2.0,25,4.0,1166,1166,train,1,4.100017624487331,3.9281803216246267,4.5994707018814625,3.9059701287034714,4.431589852307187,4.00384870354,3.999839861426572,3.98205,4.000000000299135
1167,S. aureus,GVVDILKGAAADIAGHLASKVMNKL,2.0,25,4.0,1167,1167,train,1,4.1001722938530625,3.754570877727839,4.515521119785754,3.749219016328424,4.358055830425567,4.04606676896,3.9998981172437715,3.9936264,4.000000000026483
1168,S. aureus,GVVDILKGAAKAIAGHLASKVMNKL,1.765916794,25,4.234083206,1168,1168,train,2,4.33418490604267,4.19589071157603,4.643220818039892,4.2209999706970995,4.5117261957876496,4.184913865579996,4.139979733704417,4.088039,4.234083205957584
1169,S. aureus,GVVDILKGAAKDAAGHLASKVMNKL,2.0,25,4.0,1169,1169,train,1,4.099901174037783,4.179682375818084,4.518688128385588,4.157422254424395,4.347640491153719,3.9987804729000005,3.978662035847247,3.9518545,3.9999999994652846
1170,S. aureus,GVVDILKGAAKDIAAHLASKVMNKL,2.0,25,4.0,1170,1170,train,1,4.099471859112614,4.079232996454397,4.6000814027080414,4.124218619563084,4.43319682722603,3.968920948119999,4.048972137215264,3.9612193,3.9999999998250564
1171,S. aureus,GVVDILKGAAKDIAGALASKVMNKL,2.0,25,4.0,1171,1171,train,1,4.099944840330538,3.9697494732304057,4.556969896229604,3.9867764862549406,4.390912125242247,4.0076016352299995,3.988977618823412,3.9675496,4.000000000071314
1172,S. aureus,GVVDILKGAAKDIAGHASKVMNKL,2.0,24,4.0,1172,1172,train,1,4.100093678358805,3.431876674369848,4.520453239873145,3.7012036608826393,4.3363483157422245,4.02423211805,3.985361527105204,4.0230494,3.999999999778026
1173,S. aureus,GVVDILKGAAKDIAGHLAAKVMNKL,2.0,25,4.0,1173,1173,train,1,4.100085333745814,4.080811910949458,4.598677006225438,4.119406094420052,4.538659242401901,3.9891847768899997,4.132170847631103,3.9938803,3.9999999996921773
1174,S. aureus,GVVDILKGAAKDIAGHLASAVMNKL,2.0,25,4.0,1174,1174,train,1,4.100095655515904,3.7765272751552414,4.553128186761273,3.71487156796743,4.379040219773958,4.03796143899,4.044897203886697,3.9944303,3.999999999998458
1175,S. aureus,GVVDILKGAAKDIAGHLASKAMNKL,2.0,25,4.0,1175,1175,train,1,4.10011785525604,4.157770404719715,4.536414268938494,4.158168587900626,4.365493477332285,4.0357863293200005,3.974080962098176,4.0233192,3.9999999999877334
1176,S. aureus,GVVDILKGAAKDIAGHLASKVANKL,2.0,25,4.0,1176,1176,train,1,4.099832802798497,4.114065665339236,4.52913375773814,4.235815439373806,4.426929448920696,4.056912950540001,4.073445845429462,4.0318775,4.000000000161313
1177,S. aureus,GVVDILKGAAKDIAGHLASKVMAKL,2.0,25,4.0,1177,1177,train,1,4.099658011949886,4.357421195358255,4.585568050820931,4.313756643508189,4.4901342307016545,3.9936800249999997,3.967381470840219,3.997923,4.0000000000907505
1178,S. aureus,GVVDILKGAAKDIAGHLASKVMNAL,2.0,25,4.0,1178,1178,train,1,4.100121818633758,3.9270578578894186,4.556675371203081,3.9487900988004068,4.385616383905297,4.00436565143,3.978662035847247,3.9659195,4.000000000222098
1179,S. aureus,GVVDILKGAAKDIAGHLASKVMNKA,2.0,25,4.0,1179,1179,train,1,4.100029093283186,3.9597194518016696,4.532014620356967,4.005403553402968,4.358068838566564,3.9937154188799995,4.033755107091551,3.967855,3.999999999521802
1180,S. aureus,GVVDILKGAAKDIAGHLASKVMNKL,2.010628522,25,3.989371478,1180,1180,train,1,4.043133354233751,3.94025576021038,4.572076111013042,3.9560845751824076,4.412633129184705,3.990081160740004,3.978662035847247,3.9639564,3.98937147917998
1181,S. aureus,GVVDILKGAAKDIAGHLLSKVMNKL,1.875061263,25,4.124938737,1181,1181,train,2,4.224744551720014,4.2246762263043305,4.616140288382632,4.242396288629166,4.5786862567324915,4.128468982929996,4.197089725120966,4.0705023,4.124938737087811
1182,S. aureus,GVVDILKGAAKDILGHLASKVMNKL,1.765916794,25,4.234083206,1182,1182,train,2,4.334121500303838,4.185358968768417,4.6126678508898,4.21560669268582,4.4686500366677295,4.2160202405099945,4.100562489175271,4.1390767,4.234083205993563
1183,S. aureus,GVVDILKGAAKDLAGHLATKVMNKL,2.301029996,25,3.698970004,1183,1183,train,0,3.798798842524229,4.318251126461881,4.593099158282279,4.273794078513089,4.539925855976514,3.8355721304499957,4.1631666109528584,3.92136,3.6989700042540963
1184,S. aureus,GVVDILKGALKDIAGHLASKVMNKL,1.765916794,25,4.234083206,1184,1184,train,2,4.334086620439698,4.3173616407388575,4.611925501980844,4.197631736524641,4.466706505615245,4.240756868359994,4.1540731612991255,4.1638827,4.234083205608591
1185,S. aureus,GVVDILKGLAKDIAGHLASKVMNKL,1.619788758,25,4.380211242,1185,1185,train,3,4.480333575902055,4.254401644620037,4.612708076692748,4.212375105588674,4.468740251395297,4.337734890359992,4.072476119420369,4.22614,4.380211241452361
1186,S. aureus,GVVKVSRLKGESLRARL,1.029599212,17,4.970400788,1186,1186,train,5,4.870705795910382,4.797901129213988,4.482651059197573,4.915828548587238,4.432815247561152,4.822714795000002,4.598248940517694,4.907428,4.9704007879386936
1187,S. aureus,GVVPVVSVVGKVV,2.0,13,4.0,1187,1187,train,1,4.100174126099702,3.724957740755742,4.77008510108159,3.78973940266154,4.717233708587056,4.294987809099998,4.235647140494921,3.9884872,3.9999999999708504
1191,S. aureus,GVVVRIGRVIVRGVRR,0.903089987,16,5.096910013,1191,1191,train,6,4.996492062902908,5.312017926885859,4.826903395123708,5.398955891170172,4.979564078898498,5.143324006890009,5.106108904032423,5.142764,5.096910013974528
1192,S. aureus,GVVVRIGRVVVRGVRR,0.903089987,16,5.096910013,1192,1192,train,6,4.997015511848135,5.1640238664300995,4.821927917718706,5.157087561791722,4.874538395838153,5.115766473050009,4.990685586314264,5.073489,5.096910012039511
1193,S. aureus,GVVVRVARVVVRWVRR,0.602059991,16,5.397940009,1193,1193,train,7,5.297763747308533,5.51292270038609,4.942317736765665,5.217656059557333,5.011020004523314,5.361753728110006,5.145415522339456,5.357259,5.39794000876168
1195,S. aureus,GVVVRVGRVVVRWV,0.903089987,14,5.096910013,1195,1195,train,6,4.997003303297938,5.034215649769009,4.9042698366347555,4.941912710328459,4.95032360010948,5.131665049540008,5.205944001374924,5.100638,5.096910012992497
1197,S. aureus,GVVVRVGRVVVRWVRRRR,0.301029996,18,5.698970004,1197,1197,train,9,5.598939183243108,5.644553609350434,4.938087319259159,5.658156849505193,5.031662521808323,5.499170040469997,5.249224029613516,5.6036205,5.698970004080205
1198,S. aureus,GVVVRVPRVVVRWVRR,0.602059991,16,5.397940009,1198,1198,train,7,5.297363679350887,5.272503259481907,4.928837232816279,5.14504922395399,4.998365693971488,5.371265964610007,5.191525002869136,5.3540387,5.397940008949221
1199,S. aureus,GVVVRWGRVIVRGVRR,0.602059991,16,5.397940009,1199,1199,train,7,5.298032169103353,5.639988762840838,4.852157596481511,5.599839901183632,5.023295888794689,5.314172832250008,5.27816306236052,5.3937435,5.397940007967982
1200,S. aureus,GVVVRWGRVVVRGVRR,0.903089987,16,5.096910013,1200,1200,train,6,4.997036247101827,5.493446130697601,4.847171148402978,5.3600059326280896,4.918241538642226,5.161303123940009,5.156126961572391,5.158642,5.096910014055137
1201,S. aureus,GVVVRWGRVWVRGVRR,0.602059991,16,5.397940009,1201,1201,train,7,5.29783505453224,5.451575586598114,4.871191425947031,5.426525483102322,4.953882469632621,5.318628187550008,5.149301858856552,5.328759,5.397940008981686
1205,S. aureus,GWASKIGQALGKVAKVGLQQFIQPK,2.0,25,4.0,1205,1205,train,1,4.100103627335595,4.508545986106215,4.752842933522722,4.493436999253141,4.694282878229179,4.144381044520002,4.336885868423398,4.0380597,4.000000000091698
1206,S. aureus,GWASKIGQTLGKIAKVGLKELIQPK,2.069292536,25,3.930707464,1206,1206,train,1,4.03087125974374,4.470209423337497,4.670081864318453,4.497098029045312,4.5301184710050775,4.082783946330005,4.447433081489147,4.105261,3.9307074640764457
1207,S. aureus,GWASKIGQTLGKMAKVGLQEIIQPK,1.698970004,25,4.301029996,1207,1207,train,2,4.401134379649842,4.202798631110777,4.631063103499652,4.235942459125807,4.485829674813382,4.255738136690006,4.355267490365912,4.2813373,4.3010299960441145
1208,S. aureus,GWASKIGQTLGKMAKVGLQELIQPK,1.698970004,25,4.301029996,1208,1208,train,2,4.4012162398841745,4.24376607583382,4.631125270649663,4.224469911375684,4.485954876809891,4.273637882990007,4.3842158926207855,4.288339,4.30102999590153
1209,S. aureus,GWASKIGTQLGKMAKVGLKEFVQS,1.397940009,24,4.602059991,1209,1209,train,4,4.702164082199341,4.230386468319638,4.678822359456126,4.2121441328628695,4.5058326818795456,4.461984064579995,4.319382720529522,4.412382,4.602059991010598
1210,S. aureus,GWASSIGSILGKFAKGGAQAFLQPK,2.408239965,25,3.591760035,1210,1210,train,0,3.691644252848418,4.347076700420404,4.707883800993943,4.368924944109127,4.656521923278271,3.844632945779996,4.296804295635936,3.8013012,3.5917600351241408
1211,S. aureus,GWFDVVKHIAKRF,1.698970004,13,4.301029996,1211,1211,train,2,4.401150095940409,4.0025108594618635,4.6089965411144425,4.029511434511448,4.605037938691085,4.448490734450005,4.592774959249279,4.3373194,4.301029996012305
1212,S. aureus,GWGDTFGKVLKNFAKVAGVKAAK,1.204119983,23,4.795880017,1212,1212,train,4,4.732277062910382,4.556837253358284,4.652416555095167,4.593159320978735,4.681477928328813,4.751480312700001,4.3909958965047196,4.770661,4.795880016980654
1213,S. aureus,GWGDTFLKTMAKIAKVGPKLLHS,1.204119983,23,4.795880017,1213,1213,train,4,4.732277062910382,4.521115065223032,4.721302006995307,4.599529420379168,4.745305701398696,4.716566895570001,4.531623668038267,4.7489767,4.795880017029778
1214,S. aureus,GWGSFFKKAAAVGKAVGKAALTAYL,0.803937155,25,5.196062845,1214,1214,train,6,5.095961701807266,4.868084637648545,4.802427083047382,4.906302426263441,4.83664179652978,4.937147752750008,4.721244251655293,5.0958266,5.196062844911438
1215,S. aureus,GWGSFFKKAAHVG,1.763427994,13,4.236572006,1215,1215,train,2,4.336675761949463,4.148624241977492,4.641080548370459,4.1098402159044145,4.592375060812458,4.355946760040004,4.332518703762624,4.24322,4.236572005979508
1217,S. aureus,GWGSIFKHGRHAAKHIGHAAVNHYL,1.063439215,25,4.936560785,1217,1217,train,5,4.836629009395896,5.004089474209875,4.8085026363511,5.094566496156731,4.868284365517935,4.796567011149998,4.837430883474602,4.9548497,4.936560785007283
1218,S. aureus,GWKKWFNRAKKVGKTVGGLAVDHYL,0.747855444,25,5.252144556,1218,1218,train,7,5.152172352200624,4.896418863911824,4.763570612999165,4.807236451689387,4.757735423540571,5.069005870560004,4.981412301760512,5.2322516,5.252144555941327
1219,S. aureus,GWKKWFTKGERLSQRHFA,1.451577412,18,4.548422588,1219,1219,train,3,4.648356895371954,5.7310546531764475,4.627240665048861,5.707986017469171,4.681629331710643,4.696013776139999,4.629135004600678,4.5967956,4.548422588013104
1220,S. aureus,GWKKWLRKGAKHLGQAAIK,0.812196408,19,5.187803592,1220,1220,train,6,5.087734957028754,4.530525021607499,4.691901080570799,4.495914368432459,4.731157481748132,4.988526667230006,4.678889045984072,5.118971,5.187803591975798
1221,S. aureus,GWKKWLRKGAKHLGQAAIKGLAS,0.805316535,23,5.194683465,1221,1221,train,6,5.0943615017866986,4.2217707514469875,4.699320531908115,4.2992058010742795,4.644376608280318,4.930471803470008,4.327461308790803,5.0798364,5.194683464914331
1222,S. aureus,GWKRKRFG,2.301029996,8,3.698970004,1222,1222,train,0,3.7988248380460656,3.8013016072740666,4.577660111116708,3.777166583019512,4.424970303297686,3.8976592176399953,3.9574532371475755,3.7521327,3.698970003975064
1223,S. aureus,GWKSVFRKAKKVGKTVGGLALDHYL,1.365388277,25,4.634611723,1223,1223,train,4,4.732277062925989,5.093540504042806,4.728320035199656,5.159715590770635,4.733283898367553,4.749977692009995,4.766253656197751,4.7539725,4.634611723048955
1226,S. aureus,GWLPTFGKILRKAMQLGPKLIQPI,1.204119983,24,4.795880017,1226,1226,train,4,4.732277062910382,4.112598481038997,4.896373118456998,4.141759619916111,4.978259906190977,4.726207911790001,4.690796018673127,4.7276607,4.7958800169954925
1227,S. aureus,GWMSKIASGIGTFLSGMQQ,2.0,19,4.0,1227,1227,train,1,4.099984351820581,4.432580995078811,4.6820991665989276,4.527970869716747,4.5256942903806765,4.141866326560001,4.484758565624214,4.0504117,4.000000000025177
1228,S. aureus,GWRLIKKILRVFKGL,0.340248022,15,5.659751978,1228,1228,train,9,5.559629894074634,5.1777112897119615,4.882079057632177,5.003584170009286,4.958186995989201,5.3649237461599935,5.173431427626526,5.5896416,5.6597519778645715
1229,S. aureus,GWRTLLKKAEVKTVGKLALKHYL,0.178287531,23,5.821712469,1229,1229,train,9,5.7218900572110485,4.981206908449156,4.7899763823478505,4.848781647016349,4.80471761331459,5.564565786939993,4.948786067763059,5.7255154,5.821712468926356
1230,S. aureus,GYKYINNIIKYINKFFKYIW,0.483282568,20,5.516717432,1230,1230,train,8,5.416755135643685,5.056768021594869,5.094678759499976,5.104344453170439,5.1237448011955875,5.3812855342100026,5.024649314992854,5.48804,5.516717431944968
1231,S. aureus,GYNYAKKLANLAKKFANALW,1.021390424,20,4.978609576,1231,1231,train,5,4.878249651211799,4.945190033866693,4.77503284493143,4.9991254901881765,4.75943682425819,4.974908885419999,4.8737262415310925,5.000837,4.978609575967241
1240,S. aureus,HFLGTLVNLAKKKL,2.10720997,14,3.89279003,1240,1240,train,1,3.9928948865113245,3.85625580570375,4.715420868875898,3.8594174848988976,4.664741618331666,4.187455638500001,4.392310392891564,3.925904,3.892790030030527
1244,S. aureus,HKLGTLVNLAKKIL,2.10720997,14,3.89279003,1244,1244,train,1,3.9926786834294177,4.035449077242907,4.710808990540828,4.068962173567657,4.668724438763303,4.21612827522,4.663329091035386,3.921037,3.8927900300527347
1245,S. aureus,HKTDSFVGLM,2.644240081,10,3.355759919,1245,1245,train,0,3.4556378348616223,3.33728485704859,4.363503651978846,3.361644560420789,4.230898911138421,3.631845185449998,3.4705042004875106,3.3617098,3.3557599189546727
1246,S. aureus,HKVVFKVKFH,1.493289027,10,4.506710973,1246,1246,train,3,4.606730038410194,4.4086296460281185,4.790829995461752,4.46900493697316,4.768812164689871,4.615372577139997,4.798681218831661,4.525082,4.506710973045174
1248,S. aureus,HLHFPHLHFP,1.591263018,10,4.408736982,1248,1248,train,3,4.50863844602454,3.7809689084908635,4.6577364847526175,3.77154673632044,4.516253918596075,4.3914642147499965,4.354970675052274,4.3540683,4.408736981971398
1249,S. aureus,HLNKRVQRELIGWLDWLK,2.257678575,18,3.742321425,1249,1249,train,0,3.842491192517681,3.985596211165869,4.638011661443345,3.9718636827664566,4.574789634413988,4.332069447140001,4.612276301587873,3.7692502,3.7423214250349766
1250,S. aureus,HLRRINKLLTRIGLYRHAFG,1.644176107,20,4.355823893,1250,1250,train,3,4.455828579718414,4.952631808394729,4.875514016919483,4.8495730158009325,4.904828639798806,4.602401355839996,4.8805985056798935,4.445133,4.355823893104535
1251,S. aureus,HNSSKQWSHWLWHNGIRI,1.447006622,18,4.552993378,1251,1251,train,4,4.652869395208699,4.424403327600979,4.769803831451824,4.666546155592798,4.754630960293642,4.608952593489999,4.714484589938924,4.57507,4.552993377952804
1252,S. aureus,HPLKQYWWRPSI,2.096910013,12,3.903089987,1252,1252,train,1,4.0032640031796785,3.7735223235274624,4.711866432317336,3.8315049633312155,4.6689307148645,4.143112581169995,4.593351516192416,3.9854279,3.9030899869417777
1253,S. aureus,HQFRFRFRVRRK,0.301029996,12,5.698970004,1253,1253,train,9,5.598842634001667,5.2838595929562615,4.798588808351736,5.260261358227632,4.820394512075089,5.4314340172199955,5.009294639086996,5.6694636,5.698970003892645
1254,S. aureus,HRVKRNGFRKFMRRLKKFFAGG,1.669889714,22,4.330110286,1254,1254,train,3,4.429935120128893,5.078688468707495,4.88654656873974,5.012584472814672,4.956308735362843,4.474491202369997,4.811981885776354,4.385524,4.330110286144293
1255,S. aureus,HRWWRWWRH,1.204119983,9,4.795880017,1255,1255,train,4,4.732277063269294,5.126050679623519,4.879606395242516,5.029835462224486,4.928303648529038,4.891382441890003,5.321918408686955,4.8930492,4.795880016973111
1256,S. aureus,HRWWRWWRR,0.903089987,9,5.096910013,1256,1256,train,6,4.997004642471316,5.588049836121493,4.898203441883065,5.482385592434815,4.9675605656114135,5.118208176380006,5.264768952579624,5.104366,5.096910013035447
1257,S. aureus,HVINLEESFQEPEYENHLA,-2.22184875,19,8.22184875,1257,1257,train,9,8.121822220049394,7.769253145301127,4.173553320302749,7.6387300792723485,4.824574140012465,6.6584716063600045,7.134376005167693,8.084913,8.221848749869523
1258,S. aureus,IAAAGLPQE,2.892651034,9,3.107348966,1258,1258,train,0,3.2072331594022208,3.166118721542971,3.940823058050289,3.0273034873899975,3.3851019533805697,3.0527592374299997,3.041091288226565,3.1122966,3.1073489659952624
1259,S. aureus,IAAQGLPQE,3.096910013,9,2.903089987,1259,1259,train,0,3.00292670719461,3.132107514068243,3.9528501596789605,3.024243720766582,3.3740941003076053,2.869934627709995,2.933307528954073,2.8620706,2.903089986995495
1260,S. aureus,IDGLKAIVKKVADLLKNT,1.84509804,18,4.15490196,1260,1260,train,2,4.255002417882331,4.271686931615387,4.424066353273454,4.314748897090352,4.476424898117151,4.271354085690004,4.437931467664856,4.108998,4.154901960013806
1261,S. aureus,IDGLKAIWKKVADLLKNT,1.860338007,18,4.139661993,1261,1261,train,2,4.239482261570479,4.4365540704239095,4.454078562954514,4.4207904953537644,4.443536368706745,4.335610249840005,4.413021531012584,4.2169833,4.139661992990329
1265,S. aureus,IFGAILPLALGALKNLIK,0.903089987,18,5.096910013,1265,1265,train,6,4.996744659982725,4.714521974765803,4.720509894648152,4.687750130910607,4.745775168598219,5.047096597670006,4.987974744837788,5.094077,5.096910013135473
1266,S. aureus,IFGAIWKGISSLL,1.545694126,13,4.454305874,1266,1266,train,3,4.554476826939057,4.505505163998453,4.734236001920661,4.44253745997432,4.7522821840452245,4.60020039742,4.9626184830488995,4.6405377,4.454305874007554
1268,S. aureus,IFGAIWPLALGALKNLIK,0.602059991,18,5.397940009,1268,1268,train,7,5.297790587381942,4.646730940172191,4.7638709068656135,4.78271793996015,4.810175066489001,5.2321879719200055,5.199012772688307,5.3076262,5.397940008730465
1269,S. aureus,IFGLLLHGAIHVGKLIHGLVRRH,1.150514998,23,4.849485002,1269,1269,train,5,4.749658871444014,5.254788769653636,4.8790211631175495,5.16708692348235,4.98719094525147,5.021777725139997,5.1112826406340295,4.9457283,4.8494850022343305
1270,S. aureus,IGGIISFFKRLF,0.650464499,12,5.349535501,1270,1270,train,7,5.24955009897096,4.9397026720194175,4.861746470383947,4.9638383225289955,4.8958143537279435,5.152560847539997,5.017075437837218,5.2671814,5.34953550105038
1271,S. aureus,IGKEFKRIVQRIKDFLRNL,0.602059991,19,5.397940009,1271,1271,train,7,5.298117589764738,4.884510213505569,4.696535674934598,4.845122369109453,4.76300183626414,5.187499856200007,4.883516011774366,5.347759,5.397940008960309
1272,S. aureus,IGKFLKKAKKFG,2.574226373,12,3.425773627,1272,1272,train,0,3.5256500513262035,3.6376178182191747,4.6572311339817425,3.818723559141327,4.6582758450781485,3.6332044716900054,4.10041655833778,3.4909086,3.425773627017373
1273,S. aureus,IGKKFKRIVKRIKKFLRKL,0.602059991,19,5.397940009,1273,1273,train,7,5.297599753164975,5.383682445062843,4.937514433153923,5.394235032491786,5.121025166400219,5.399533965520006,5.189028807072765,5.4477735,5.397940009756094
1274,S. aureus,IGKKFKRIVKRIKKWLRKL,0.301029996,19,5.698970004,1274,1274,train,9,5.598639493267682,5.422632194388931,4.947931538733537,5.414398820388559,5.136737862068937,5.601063513609996,5.299688398017904,5.5505896,5.698970003309862
1275,S. aureus,IGKKFKRIVQRIKKFLRKL,0.602059991,19,5.397940009,1275,1275,train,7,5.298111619253539,5.326499786294661,4.9324462556725015,5.484390860281835,5.102590633806623,5.391638110500006,5.2255063491485805,5.4136815,5.397940009233743
1276,S. aureus,IGKKFKRIVQRIKKFLRNL,0.602059991,19,5.397940009,1276,1276,train,7,5.297735062347416,5.077386413116122,4.895451641536616,5.1604579478599995,5.051867610876434,5.316144228080007,5.156132943136797,5.361591,5.397940008701132
1277,S. aureus,IGKKWKRIVKRIKKFLRKL,0.602059991,19,5.397940009,1277,1277,train,7,5.297859660668527,5.341603984408713,4.947620702983482,5.341752594683179,5.135925627792282,5.482291727440005,5.299688398017904,5.39857,5.397940008228825
1278,S. aureus,IGKLFKRIVKRILKFLRKL,0.602059991,19,5.397940009,1278,1278,train,7,5.297794142316976,5.4446156180385215,5.0017090343889095,5.530826667387648,5.203766882499692,5.332062868390006,5.307881096666041,5.351985,5.397940009560877
1279,S. aureus,IGKLFKRIVQRILKFLRNL,0.903089987,19,5.096910013,1279,1279,train,6,4.996791293443293,5.344173311925346,4.957269263506475,5.3495297096918035,5.128398123683831,5.145661483750007,5.266999585502025,5.1427293,5.096910013338377
1280,S. aureus,IGKLVKWIIKTVNKFTKK,0.568201724,18,5.431798276,1280,1280,train,8,5.3316806504095435,4.9054704989877385,4.864526909266319,5.046969059990836,4.91291881868185,5.312354475269999,5.010936253837214,5.33856,5.43179827584492
1281,S. aureus,IHHQGLPQE,3.397940009,9,2.602059991,1281,1281,train,0,2.702162322246798,2.4089476820711373,3.9961324066128885,2.4136888523454973,3.445411442873602,2.7431417894200014,2.772525399279262,2.6420166,2.6020599910141753
1282,S. aureus,IHQGLPQE,3.273001272,8,2.726998728,1282,1282,train,0,2.8270933281063866,2.2537687412588974,3.9247089243986077,2.4123727353966884,3.3410475384821052,2.7479257534100032,2.8090806234868353,2.7000544,2.726998727979432
1283,S. aureus,IIGAIAAALPHVINAIKNTF,1.204119983,20,4.795880017,1283,1283,train,4,4.732277062910382,5.023927193781042,4.718397791305513,4.938521768356092,4.701815171283467,4.864238664850001,4.771640843544655,4.803015,4.795880016987596
1284,S. aureus,IIGHLIKTALGMLGL,1.079181246,15,4.920818754,1284,1284,train,5,4.820698010207672,4.494609370514812,4.702761926001801,4.381081885111436,4.7023464059744615,4.904989215499996,4.850630627151539,4.91268,4.920818753938585
1285,S. aureus,IIGPVLGLIGKALGGLL,2.203304916,17,3.796695084,1285,1285,train,0,3.8965692847193925,4.100019556624989,4.708413471855489,4.1142274369655905,4.707828235571722,4.107419707950002,4.313134564216336,3.9117284,3.796695083712608
1286,S. aureus,IIGPVLGLVGKALGGLL,2.206842185,17,3.793157815,1286,1286,train,0,3.893056504063796,4.194296372453616,4.702977001508588,4.192449194213249,4.698360920942642,4.001626684479996,4.380309240148464,3.8260584,3.7931578154734145
1289,S. aureus,IIPLPLGYFAKKKKKKDPVPLDQ,1.578855434,23,4.421144566,1289,1289,train,3,4.52097124795379,4.1560265607349525,4.587894410235401,4.294711770868151,4.561393371176971,4.440013400630004,4.474817156006526,4.443181,4.421144565991953
1292,S. aureus,IIRKIIRK,2.682203295,8,3.317796705,1292,1292,train,0,3.4176959462284,3.6698815914268366,4.760322228260514,3.607553007578809,4.741157277754099,3.564843730999999,3.922300729270165,3.3253903,3.3177967049024373
1293,S. aureus,IISTIGKLPKWIIKTVNKFTKK,1.342422681,22,4.657577319,1293,1293,train,4,4.746451760326835,4.90533578010262,4.879646792804013,4.888609467171428,4.968168530866858,4.857340678519998,4.933490952648992,4.9092307,4.657577319518166
1296,S. aureus,IISTIGKLVKWIIKTVNKFTKK,0.672097858,22,5.327902142,1296,1296,train,7,5.227801382913425,5.175266097099481,4.943008693373874,5.058513044607977,5.0396780699179535,5.266229680010008,5.089535062946128,5.272458,5.327902141521748
1297,S. aureus,IKAQGLPQE,3.096910013,9,2.903089987,1297,1297,train,0,3.002974195050037,2.990261571866035,3.9805233019006625,2.9934024191091164,3.4288552694224674,2.8792442967999956,2.6824556910106834,2.8455946,2.9030899869908886
1298,S. aureus,IKFEPPLPPKKAH,1.629564057,13,4.370435943,1298,1298,train,3,4.470539466013385,3.8279696440012985,4.311343310373273,3.7702037118976937,4.182429854949492,4.352716310690003,4.299280831674405,4.314194,4.370435942979455
1299,S. aureus,IKHAGLPQE,3.235212711,9,2.764787289,1299,1299,train,0,2.865148723910405,2.8669254194679814,3.9857015147411063,2.8754845730502634,3.461963397464006,2.8582759039799996,2.797127424939213,2.7971692,2.764787289032243
1300,S. aureus,IKHQGLPQA,3.193820026,9,2.806179974,1300,1300,train,0,2.9064601796603817,3.149506875587002,4.183830369826444,3.1322674013463088,3.7599370598899657,3.2288790798099973,3.2171963267004027,2.906033,2.8061799739912914
1301,S. aureus,IKHQGLPQE,3.140272214,9,2.859727786,1301,1301,train,0,2.9594049486116876,2.6533764793507237,3.99913651947297,2.6424140209045954,3.4545652944163847,2.7984373444400017,2.69296581305514,2.7654042,2.859727785945528
1302,S. aureus,IKHQGLPQED,3.038918066,10,2.961081934,1302,1302,train,0,3.0609481376574754,3.3060018110556246,3.989175370634898,3.2527039300224514,3.466771641030183,3.0794852547099962,2.909474863665932,2.941993,2.9610819339806387
1303,S. aureus,IKHQGLPQEE,3.397940009,10,2.602059991,1303,1303,train,0,2.7020385897755848,2.6878144976122544,4.028946201308279,2.490374109784051,3.4864634897156503,2.9917117133899995,3.0550077440359837,2.6874912,2.6020599910606976
1304,S. aureus,IKHQGRPQE,3.397940009,9,2.602059991,1304,1304,train,0,2.702215195997004,3.332474562029039,3.9582039337934276,3.2836429716484483,3.508928995867313,2.8496039068199996,3.010853892754781,2.6719353,2.602059991046292
1305,S. aureus,IKHRGLPQE,3.038918066,9,2.961081934,1305,1305,train,0,3.0609336547248622,2.7383091119130025,4.0123141083226646,2.8425192645268167,3.4992379285550124,2.952449512639997,2.733927922098213,2.9034033,2.961081934002407
1306,S. aureus,IKIKIKIK,1.771142527,8,4.228857473,1306,1306,train,2,4.329063848983305,4.436816741872833,4.763689643348224,4.525949202962519,4.772556568851114,4.070687060460003,4.0433494510919195,4.171882,4.228857472860859
1307,S. aureus,IKKIIKKI,2.698970004,8,3.301029996,1307,1307,train,0,3.401146756985514,3.8322793566193534,4.747891873463059,3.915327509108681,4.726771563858632,3.4267132472400057,3.597502968552162,3.2641008,3.3010299957385487
1308,S. aureus,IKKIIKKIIK,2.698970004,10,3.301029996,1308,1308,train,0,3.4008536250134864,4.24878436613031,4.786073393580353,4.249388025158816,4.787396212798022,3.7327721615700047,4.041548192475478,3.3360336,3.3010299960642486
1309,S. aureus,IKKIIKKIIKKI,2.397940009,12,3.602059991,1309,1309,train,0,3.702165218836374,4.199152181703363,4.826225978042116,4.274871837825143,4.844751869219499,4.015349553569997,4.259897330827648,3.7110677,3.602059991536214
1310,S. aureus,IKKILSKIKKLL,0.795880017,12,5.204119983,1310,1310,train,6,5.104253812998574,5.115848493112857,4.759807536280864,5.120589768031554,4.791612648253082,5.15453758419,4.919017026645027,5.1555963,5.204119982898699
1311,S. aureus,IKKILSKIKKLLK,0.698970004,13,5.301029996,1311,1311,train,7,5.20113604435312,5.03311591430753,4.763391129012304,4.985463816280193,4.808502018887987,5.291339343370003,5.032571665038754,5.3034387,5.301029996452268
1312,S. aureus,IKKILSKIKKLWK,1.096910013,13,4.903089987,1312,1312,train,5,4.802990712455956,4.987697153975803,4.7875782993240295,4.977832029076736,4.847396586750923,5.071082901289994,5.1970936067131825,5.1547914,4.903089987311187
1313,S. aureus,IKKILSKIKKWLK,0.698970004,13,5.301029996,1313,1313,train,7,5.200855773632024,5.030676434197319,4.789271439939037,5.033718294138315,4.851820874634355,5.250489788850001,5.1970936067131825,5.2787876,5.301029995382116
1314,S. aureus,IKKILSKIKKWWK,1.096910013,13,4.903089987,1314,1314,train,5,4.803190893259386,5.194246156690937,4.813688994394919,5.1456399972504485,4.891317451431753,5.104617553269994,5.164734759963787,5.017908,4.903089987431123
1315,S. aureus,IKKIVSKIKKLL,0.494154594,12,5.505845406,1315,1315,train,8,5.405669630667085,5.1635809246826545,4.78147852267836,5.267213025732984,4.9327154403352065,5.404059972999999,5.048776585836549,5.449239,5.50584540613026
1316,S. aureus,IKKIVSKIKKLLK,0.494154594,13,5.505845406,1316,1316,train,8,5.405939771987252,5.190250891654666,4.783213503961295,5.087890566913308,4.937600374193163,5.420374672099999,5.18066830936174,5.438839,5.505845405434681
1317,S. aureus,IKKIVSKIKKVL,0.892651034,12,5.107348966,1317,1317,train,6,5.007531081735235,5.063106097443295,4.775987477690625,5.219270109647638,4.923958948530246,5.151968527750005,4.93107368129526,5.1287026,5.107348965783531
1318,S. aureus,IKKIVSKIKKVLK,0.846955325,13,5.153044675,1318,1318,train,6,5.0531354963664485,5.041843272204718,4.777977299520753,4.998245059514154,4.929286592756732,5.217886839749997,5.070504959302734,5.2166753,5.153044675537698
1319,S. aureus,IKKIWSKIKKLLK,0.397940009,13,5.602059991,1319,1319,train,8,5.501971360763976,5.169418639658859,4.81130577032509,5.132443218879351,4.860325662751623,5.498033687959994,5.218325586376635,5.5618186,5.6020599911644595
1320,S. aureus,IKKIWSKIKKLWK,0.397940009,13,5.602059991,1320,1320,train,8,5.5015885613228,5.222637212193362,4.835368606336792,5.223939415400215,4.898895336903896,5.567451012789993,5.1816084917140905,5.5520697,5.602059990297525
1321,S. aureus,IKKIWSKIKKWLK,0.397940009,13,5.602059991,1321,1321,train,8,5.501906410224839,5.1959513411029405,4.836955697107663,5.2037688280099434,4.903042509563528,5.567344496049994,5.1816084917140905,5.5293283,5.602059991732774
1322,S. aureus,IKKIWSKIKKWWK,0.397940009,13,5.602059991,1322,1322,train,8,5.5020321368702385,5.366635036237822,4.861252574154701,5.142289120423141,4.942223748347637,5.509413872279995,5.1816084917140905,5.504032,5.6020599905887485
1323,S. aureus,IKKRWWWFR,1.357259682,9,4.642740318,1323,1323,train,4,4.732277072911408,4.846254545294779,4.912319410416024,4.874344912158387,4.967230719141344,4.913443676779997,5.213807196716775,4.704143,4.642740318155837
1324,S. aureus,IKKVASV,3.13876514,7,2.86123486,1324,1324,train,0,2.9614063917718827,2.4841737848952654,4.545714841409423,2.412714964644725,3.936065002216935,3.258626004340002,3.4521339690764563,2.8892944,2.861234859959904
1325,S. aureus,IKKVASVIGGL,2.975129472,11,3.024870528,1325,1325,train,0,3.1249292540962923,3.456226342678731,4.60212455436637,3.4738351705812507,4.282830955567585,3.265775042160002,3.4545980525556867,3.0259538,3.024870528242737
1326,S. aureus,IKKWLSKIKKLLK,0.193124598,13,5.806875402,1326,1326,train,9,5.707003789239098,4.961237144213662,4.786415407929704,4.970655705201578,4.844357874986492,5.657391088689999,5.210126298959389,5.664853,5.8068754010670665
1327,S. aureus,IKKWWSKIKKLLK,0.193124598,13,5.806875402,1327,1327,train,9,5.706860024907039,5.254886061435121,4.834666483230785,5.289334339274632,4.897060643008391,5.687644518369998,5.239732321984192,5.679673,5.806875402019548
1329,S. aureus,IKQGLPQE,3.397940009,8,2.602059991,1329,1329,train,0,2.702204674408046,2.3966428782039366,3.9261013438344627,2.4597443472966005,3.345936731878741,2.7037450231300006,2.7086500232346493,2.6573167,2.6020599910035895
1330,S. aureus,IKQLLHFFQRF,1.626568568,11,4.373431432,1330,1330,train,3,4.473296018101156,4.705905577575082,4.880490974028484,4.627922744918405,4.886928065961761,4.592118914890004,4.787874314895338,4.4465036,4.373431431975614
1331,S. aureus,IKQLLHFFQRFGGGFIKHFIHRF,1.337333977,23,4.662666023,1331,1331,train,4,4.732277062910387,4.839147307419075,5.050957749243692,4.806418943022847,5.152091244616084,4.729988079849995,4.712946121668792,4.6389527,4.662666022976335
1332,S. aureus,IKQVKKLFKK,0.889301703,10,5.110698297,1332,1332,train,6,5.010798630226592,5.034670277871507,4.726220133367825,5.090579650626877,4.703980181291348,4.8509259468199994,4.67344072618617,5.0409956,5.110698296985643
1333,S. aureus,IKRFWPVVIRTVVAGYNLYRAIKKK,0.066088677,25,5.933911323,1333,1333,train,9,5.833747588077982,5.848535244076713,5.04645660824003,5.814313315354445,5.1547680052769405,5.7793115973699996,5.414350052861992,5.885584,5.933911322161318
1335,S. aureus,IKWKAILDAVKKVI,1.470374509,14,4.529625491,1335,1335,train,3,4.629490097471388,4.6500416740517325,4.598119415514716,4.676397116362341,4.602169415252446,4.559410097779995,4.869176651040508,4.5148444,4.529625490959785
1336,S. aureus,IKWKRWWWR,1.345363738,9,4.654636262,1336,1336,train,4,4.732282051733167,5.118844100460228,4.91791886460591,5.042451506818029,4.965895178499174,4.840327238379998,4.961371252770805,4.7493753,4.654636262757259
1337,S. aureus,ILAWKWAWWAWRR,0.302020352,13,5.697979648,1337,1337,train,9,5.598149730728661,5.291403775958552,4.94372910106726,5.253778790920689,5.022438295738853,5.4668520657799995,5.255775210421945,5.6439157,5.697979647943099
1338,S. aureus,ILGAAWNGAKSLF,1.870451792,13,4.129548208,1338,1338,train,2,4.229432289425903,4.271925926168741,4.549868716131641,4.380840924048266,4.519109939357919,4.3614578267000015,4.515028881055184,4.2688775,4.129548208016784
1339,S. aureus,ILGAIIPLVSGLLSHL,1.285557309,16,4.714442691,1339,1339,train,4,4.732277062910382,4.807169360776366,4.7138180625830515,4.777910535094237,4.736839351837756,4.654751117159995,4.612082697452037,4.6731277,4.714442690983631
1340,S. aureus,ILGAILPLVSGLLSNKL,2.10720997,17,3.89279003,1340,1340,train,1,3.9929675730589604,4.237089024159869,4.697995029847952,4.320798036610497,4.703861403224657,4.314490656709999,4.513948389725631,4.033513,3.8927900300812888
1342,S. aureus,ILGIITSLLKSL,1.293930953,12,4.706069047,1342,1342,train,4,4.7322770629103825,4.791132838976199,4.696166264151558,4.8620167553562466,4.71431598849857,4.724532645410005,4.534656548262994,4.737695,4.706069046986319
1345,S. aureus,ILGKIIKVVK,2.0,10,4.0,1345,1345,train,1,4.099934963167018,4.504923868493937,4.748950176637917,4.536209740706747,4.77364540389231,4.10560196173,4.0905270672173835,3.9813848,4.000000000366847
1347,S. aureus,ILGKILKGIKKLF,0.301029996,13,5.698970004,1347,1347,train,9,5.599154108612305,5.466416007770153,4.766555877454257,5.350889686403017,4.823828135244655,5.543623782689996,5.127872426392955,5.62178,5.698970003883146
1351,S. aureus,ILGKIWKIKKLF,0.0,12,6.0,1351,1351,train,9,5.899823515687247,5.478960361408137,4.835195789686712,5.516035430647633,4.895006558394643,5.71783695986,5.135954671844373,5.8925724,5.9999999997686055
1352,S. aureus,ILGKIWKPIKKLF,0.06694679,13,5.93305321,1352,1352,train,9,5.833042724532951,5.588857795485673,4.805469840052351,5.473958673423906,4.876507817864108,5.766800813250009,5.180940316472085,5.8644543,5.933053209910004
1355,S. aureus,ILGKLLSTAAGLLKNL,1.204119983,16,4.795880017,1355,1355,train,4,4.732277062910382,5.480598882019675,4.613997619124502,5.429217146851871,4.615540437453635,4.8062870351,4.776639027021553,4.8123355,4.795880017003303
1369,S. aureus,ILGPVLGLVGDTLGDLL,1.778591083,17,4.221408917,1369,1369,train,2,4.3212853413261225,4.301356987014457,4.403131737491082,4.163624871929088,4.322605253805663,4.232323617150003,4.297935122316928,4.2144265,4.221408916947027
1372,S. aureus,ILGPVLGLVGSALGGLI,1.809974545,17,4.190025455,1372,1372,train,2,4.2899144578823964,4.334163931083443,4.664725421973636,4.361700703324886,4.6262852762594155,4.310948163870004,4.259573902478199,4.183348,4.190025454949127
1373,S. aureus,ILGPVLGLVSDTLDDVLGIL,2.113943352,20,3.886056648,1373,1373,train,1,3.9862203089718724,3.6391107347023324,4.5360207975157305,3.705645941935331,4.49172559836788,4.091195598960004,4.3485830903189955,3.9449396,3.8860566480454715
1374,S. aureus,ILGPVLGLVSNALGGLL,1.794265628,17,4.205734372,1374,1374,train,2,4.305846116309636,4.2240876401003575,4.681101594653679,4.174940979656048,4.626211564497656,4.298800793219998,4.421974694075448,4.209649,4.205734371992278
1375,S. aureus,ILGPVLGLVSNTLDDVLGIL,1.694348426,20,4.305651574,1375,1375,train,3,4.405763684830042,3.7554232867064874,4.65326167202381,3.6962392398158816,4.56842187703461,4.274003529280006,4.391662670086596,4.2521806,4.305651573994862
1378,S. aureus,ILGTILGLLKSL,1.082468374,12,4.917531626,1378,1378,train,5,4.817398934917041,4.712649009382672,4.662334356333891,4.681779950223499,4.6894803233694775,4.818784184650008,4.734540466100387,4.8880672,4.9175316260348945
1382,S. aureus,ILKKWPWWPWRRK,0.929895423,13,5.070104577,1382,1382,train,6,4.96999047361318,5.66816207317715,4.912592588718769,5.623507552648288,5.075877634406603,5.192603893219997,5.441840662057506,5.1525583,5.070104577388879
1383,S. aureus,ILKLFKRIVKRILKFLRKL,0.903089987,19,5.096910013,1383,1383,train,6,4.997002479961548,5.571421921109525,5.072662098351863,5.584969116013452,5.299715275856735,5.167530363030007,5.3611561914486,5.1704664,5.096910012989572
1385,S. aureus,ILKWKWPWWPWRR,0.411543093,13,5.588456907,1385,1385,train,8,5.48828281048779,5.818421572144367,4.977373314842314,5.842968379616952,5.1538818722704,5.5537871774300065,5.551452051955835,5.5980515,5.588456906952373
1386,S. aureus,ILPFKFPFFPFRR,0.562353731,13,5.437646269,1386,1386,train,8,5.337756834252847,5.2396436413702965,4.8772205110204965,5.187476787949515,4.905961391028705,5.376566378280006,5.194782684979459,5.438122,5.437646268820251
1387,S. aureus,ILPIIGKILSTIFGK,0.795880017,15,5.204119983,1387,1387,train,6,5.104239878294499,4.582648022095882,4.750441146234374,4.684432833114008,4.779829115704619,5.199403304660001,4.8060000055585785,5.13741,5.2041199828705285
1388,S. aureus,ILPILAPLIGGLL,2.0,13,4.0,1388,1388,train,1,4.1000552640794075,4.432841386131841,4.714035742252028,4.522107167534591,4.6582192172988,4.33039932949,4.468429050759376,4.0222583,3.999999999985351
1389,S. aureus,ILPILGNLLNGLL,2.0,13,4.0,1389,1389,train,1,4.099984308397591,4.71221561370972,4.708925580044933,4.888335945427817,4.582609634467108,4.29056470445,4.60057297427122,4.042512,4.000000000068199
1391,S. aureus,ILPILSLIGGLL,1.831443159,12,4.168556841,1391,1391,train,2,4.268676736294895,4.739611688496696,4.73622784344563,4.642106857054021,4.705837103119375,4.341327100219999,4.255928659065042,4.1427345,4.168556840987651
1392,S. aureus,ILPILSLIGGLLGK,1.612783857,14,4.387216143,1392,1392,train,3,4.487070977046064,4.7391767725378084,4.673004506859726,4.694018166017464,4.696455784638084,4.481864252699995,4.733516289278349,4.3839054,4.387216143072966
1393,S. aureus,ILPIRSLIKKLL,1.096910013,12,4.903089987,1393,1393,train,5,4.802952053021303,4.75709010797518,4.766016695190492,4.81305829414206,4.779699145620807,4.922745935249993,4.725999374743196,4.894246,4.90308998700871
1394,S. aureus,ILPKKKPWWPWRR,0.542737367,13,5.457262633,1394,1394,train,8,5.357292177716717,5.24477279572295,4.763148922415841,5.2413409908626845,4.915686484896181,5.34816553315001,5.181039858395308,5.3365903,5.45726263307102
1395,S. aureus,ILPKKWPKLPWRR,0.560821014,13,5.439178986,1395,1395,train,8,5.339284249570781,5.1754351202683635,4.693462301513218,5.144870994571742,4.764427099917603,5.408516383120001,5.278264303546359,5.5363317,5.439178986202955
1396,S. aureus,ILPLKLPLLPLRR,0.307457767,13,5.692542233,1396,1396,train,9,5.592718922521707,5.280639224403378,4.701082698726867,5.336283513883567,4.744050190813855,5.624504251309998,5.225814392454217,5.5447183,5.6925422326660975
1397,S. aureus,ILPLKLPLLPWRR,0.490781316,13,5.509218684,1397,1397,train,8,5.40909477698271,5.326559249370338,4.750122512043461,5.331818480538682,4.841307796760599,5.44167540234,5.315915802667807,5.4829383,5.509218683456435
1398,S. aureus,ILPLKLPWLPLRR,0.791811312,13,5.208188688,1398,1398,train,7,5.108299140364078,5.397334760300045,4.7521082039526386,5.265327461976068,4.846496540433826,5.33883894864,5.352261897012229,5.3318424,5.2081886885410915
1399,S. aureus,ILPLKLPWWPWRR,0.249744365,13,5.750255635,1399,1399,train,9,5.650228971970571,5.488977574550352,4.85041936520873,5.463522668950995,5.008855800635491,5.713611526029995,5.439428169706702,5.745238,5.750255635360431
1400,S. aureus,ILPLKWPWWPWRR,0.232093623,13,5.767906377,1400,1400,train,9,5.667988931178588,5.74150932783365,4.896358134807127,5.676294117916006,5.065794715184909,5.733118815309998,5.476532439954512,5.808098,5.767906376773806
1401,S. aureus,ILPWKKPKKPKRR,0.775954361,13,5.224045639,1401,1401,train,7,5.124161647147663,5.2349236288323695,4.555982425497792,5.400780277234544,4.579427087329431,5.148665226389998,4.992477543622114,5.2343554,5.224045639030607
1402,S. aureus,ILPWKKPKKPWRR,0.76116222,13,5.23883778,1402,1402,train,7,5.13887812705757,4.8362641840068346,4.659248099663778,4.938739394363873,4.775210666208488,5.1100022379499945,4.8551523882794205,5.20352,5.238837780263916
1403,S. aureus,ILPWKKPKLPWRR,0.260485334,13,5.739514666,1403,1403,train,9,5.6393387439588905,4.981209682652885,4.702319291944207,5.003083584183472,4.8198483943377255,5.547860148839996,5.1960646910746835,5.5589933,5.739514665338545
1404,S. aureus,ILPWKLPWWPWRR,-0.070326116,13,6.070326116,1404,1404,train,9,5.970424950399499,5.4035083699626405,4.893714202486068,5.37616044104071,5.091101406010155,5.9071347345700005,5.46646659808861,5.8623757,6.070326115315199
1405,S. aureus,ILPWKWKWWPWRR,0.411543093,13,5.588456907,1405,1405,train,8,5.488611367267653,5.432455330388799,4.949576874439861,5.564383066648983,5.1200419578273,5.559498853340006,5.50377555386445,5.542688,5.588456907344691
1406,S. aureus,ILPWKWPKKPWRR,0.445827354,13,5.554172646,1406,1406,train,8,5.453898648724913,5.328967467170626,4.743654035550606,5.297653278929604,4.864745062203786,5.393769813949999,5.245438176385161,5.500363,5.554172645872649
1407,S. aureus,ILPWKWPKLPWRR,0.246057509,13,5.753942491,1407,1407,train,9,5.653873849606428,5.430689133922409,4.787814981401816,5.453948233177217,4.912230388150006,5.628970557729993,5.328230723204226,5.736877,5.753942490822559
1408,S. aureus,ILPWKWPLLPWRR,0.550080045,13,5.449919955,1408,1408,train,8,5.350079071947736,5.730883575859769,4.844612222019462,5.742554568687925,4.99368135320808,5.524908767879998,5.437993535656967,5.590727,5.4499199556333275
1409,S. aureus,ILPWKWPLWPWRR,-0.070326116,13,6.070326116,1409,1409,train,9,5.970148801886018,5.846579571860605,4.888408053388065,5.714153977422975,5.045020629097258,5.890248045420002,5.4805003958312755,5.8791237,6.070326115919489
1410,S. aureus,ILPWKWPWAPARR,1.076495561,13,4.923504439,1410,1410,train,5,4.823325372855552,4.876448732956335,4.720603184643745,4.881947015387013,4.84665246752707,4.923359820929999,5.206888314976195,4.9583235,4.923504438973156
1411,S. aureus,ILPWKWPWLPKRR,0.546393189,13,5.453606811,1411,1411,train,8,5.3537201979401665,5.670673242645047,4.807774293446545,5.779927941901607,4.964385384408699,5.469761466159993,5.4846711794034055,5.515788,5.453606810987814
1413,S. aureus,ILPWKWPWLPWKK,0.245566125,13,5.754433875,1413,1413,train,9,5.653906830206941,5.368836833815832,4.876540970497231,5.279918529104381,5.064273257099635,5.702460623880005,5.391114460506064,5.681351,5.75443387484751
1415,S. aureus,ILPWKWPWLPYRR,0.537918332,13,5.462081668,1415,1415,train,8,5.362185339063125,5.868252738751772,4.889383741475863,5.744265824870639,5.028439424247421,5.520390311249998,5.474591590271943,5.514616,5.462081668084287
1420,S. aureus,ILPWKWPYLPWRR,0.537918332,13,5.462081668,1420,1420,train,8,5.36218539505094,5.7154075341317645,4.883218222951236,5.542777724467788,5.0123285184775135,5.554574714439999,5.488919284001572,5.51821,5.462081667981279
1422,S. aureus,ILPYKYPYYPYRR,1.14458121,13,4.85541879,1422,1422,train,5,4.755243816085056,4.583131851208523,4.89737695127322,4.724334303015006,4.843437597763881,4.889704141289994,4.95421421147716,4.911734,4.855418789929625
1423,S. aureus,ILRWKWRWWRWRR,-0.15490196,13,6.15490196,1423,1423,train,9,6.055059942306127,5.43922511447334,5.02236430886112,5.436942694331613,5.1376457021902695,5.9290194458900025,5.511015923313113,6.0929627,6.1549019590698615
1426,S. aureus,ILSLRWRWKWWKK,1.832508913,13,4.167491087,1426,1426,train,2,4.267610522744288,4.915754388920666,4.922049855763539,5.004373382403205,5.040844714374069,4.323898242339991,5.080869537852046,4.2708306,4.167491087684844
1427,S. aureus,ILSLRWRWWKWKK,1.832508913,13,4.167491087,1427,1427,train,2,4.267760835557246,5.042718072850496,4.911126721817476,5.085098086098152,5.012301846322637,4.451674648189992,5.0703972809024975,4.231571,4.167491087383604
1428,S. aureus,ILSLRWWRKWWKK,1.505149978,13,4.494850022,1428,1428,train,3,4.594712056694308,4.819930057214995,4.916462126044896,4.84520286947624,5.026243608789004,4.708990133619995,5.211772613526215,4.7221427,4.494850021893799
1433,S. aureus,INLKAIAALARNY,0.929153575,13,5.070846425,1433,1433,train,6,4.970788652909494,5.418390808951643,4.6518221253157845,5.289688039267866,4.55728495957707,4.845533162150008,4.825445807295693,5.0720115,5.070846424977073
1438,S. aureus,INLKGLIKKVASLLT,2.0,15,4.0,1438,1438,train,1,4.100069284116564,4.3723698796207735,4.671388928171543,4.376581788630749,4.477988992450177,4.198076407910001,4.622688454665886,4.127814,4.000000000099761
1439,S. aureus,INLKILARLAKKIL,0.665111737,14,5.334888263,1439,1439,train,7,5.234984449724616,5.180015784223711,4.815078736407556,5.194874833724902,4.821195155409095,5.2505380275199975,4.931564992744968,5.2895746,5.334888262814899
1440,S. aureus,INLLKIAKGIIKSL,1.400607435,14,4.599392565,1440,1440,train,4,4.699216165326619,4.708795297848022,4.709210253232684,4.646660871510784,4.709225629778081,4.698372945170004,4.909143053543138,4.722782,4.599392564932851
1441,S. aureus,INMKASAAVAKKLL,0.287313505,14,5.712686495,1441,1441,train,9,5.61238423484295,4.4072556050591825,4.5916420311898385,4.371476355360436,4.314439424985996,5.359452333230006,4.710699229250617,5.578077,5.712686494905521
1442,S. aureus,INPKSVQSLL,2.301029996,10,3.698970004,1442,1442,train,0,3.7988088852264568,3.675112337724533,4.509358031547334,3.6820074049849985,4.390993274012268,3.8281518229099953,3.946907736327699,3.698333,3.6989700039377658
1443,S. aureus,INWKALLDAAKKVL,0.391603665,14,5.608396335,1443,1443,train,8,5.508493839578589,5.180892400412493,4.527925438211178,5.198013514843537,4.472201937706466,5.265386734620002,4.886355404105981,5.5136333,5.608396334917733
1444,S. aureus,INWKGIAAMAKKLL,0.375925357,14,5.624074643,1444,1444,train,9,5.523983509021706,5.211810685218788,4.73325250355619,5.400978409359588,4.68000552996272,5.336279236589997,4.99370074257261,5.562904,5.624074642911525
1445,S. aureus,INWKGIAAMKKLL,0.396218513,13,5.603781487,1445,1445,train,8,5.503680525155652,5.656886460600318,4.752067562688678,5.623751218166704,4.704365348917075,5.398283003829996,5.063671955754517,5.541998,5.603781486939431
1446,S. aureus,INWKKIASIGKEVLKAL,1.411619706,17,4.588380294,1446,1446,train,4,4.68855431961428,4.452737038169044,4.661935951160802,4.3181037109550315,4.429675256301192,4.702434449929997,4.591768077520215,4.6342354,4.588380293982239
1447,S. aureus,INWKKIFEKVKNLV,1.071882007,14,4.928117993,1447,1447,train,5,4.828226527346673,4.448833248274395,4.709645011753433,4.484909908123903,4.635506713710312,4.928532938500001,4.931796230503145,4.9511967,4.9281179929777945
1448,S. aureus,INWKKIKSIIKAAMN,1.698970004,15,4.301029996,1448,1448,train,2,4.401155928959302,4.270576262049964,4.744124755621989,4.423484444553289,4.595302521092687,4.491100257960004,4.86091150281566,4.3378024,4.3010299960100475
1450,S. aureus,INWKKMAATALKMI,0.253138515,14,5.746861485,1450,1450,train,9,5.64676681289361,5.5775866867387744,4.773525867066949,5.4527818379562545,4.705720871427817,5.403136055150003,5.043832129371235,5.6453586,5.746861484928542
1451,S. aureus,INWLKAKKVAGMIL,1.432425505,14,4.567574495,1451,1451,train,4,4.6674133919460346,4.925225003112746,4.772319347966006,4.871325839781499,4.749323257933607,4.680957046719991,4.883452435203832,4.656561,4.567574495068954
1453,S. aureus,INWLKLGKKILGAL,1.190331698,14,4.809668302,1453,1453,train,5,4.732277062910405,5.070884017674289,4.728606180423975,5.072809423486903,4.738403701825207,4.837926817109994,4.833498560446176,4.8936086,4.809668302139076
1455,S. aureus,IPHAVKAISDLI,2.301029996,12,3.698970004,1455,1455,train,0,3.7989551615232178,3.748768526202338,4.399896586699757,3.8170260072582596,4.288935132629091,3.996319633459996,4.153496927368889,3.7386456,3.6989700040104228
1456,S. aureus,IPPFIKKVLTTVF,1.698970004,13,4.301029996,1456,1456,train,2,4.401196236277543,4.972022381881288,4.836836840138621,5.010484921460114,4.833873381974519,4.445410917100005,4.862691098140347,4.3702617,4.3010299960393406
1457,S. aureus,IPWGKVKDFLVGGMKAV,0.954242509,17,5.045757491,1457,1457,train,6,4.9458809458488515,4.636674465857436,4.677592285294158,4.559386977611914,4.6666870310799276,4.846320041660005,4.633972841675091,4.99643,5.045757490759064
1458,S. aureus,IRHQGLPQE,3.307763378,9,2.692236622,1458,1458,train,0,2.792328835357945,2.5229799912334516,4.015292614494714,2.520627629232691,3.4861399373513304,2.7731794022699985,2.8019456976435717,2.7130656,2.6922366220221465
1460,S. aureus,IRIKIRIKIRIK,1.605538541,12,4.394461459,1460,1460,train,3,4.4943260495478965,5.101695665397231,4.881351415688959,5.094828206742878,4.9638204441639395,4.577858753760005,4.899012175566369,4.5106697,4.394461459192409
1462,S. aureus,IRKLKSWKWLRWL,1.505149978,13,4.494850022,1462,1462,train,3,4.595017275357248,4.984632636109277,4.914272717207455,4.85940127248656,4.99298644919705,4.780130636759995,5.1974223869958,4.6784143,4.494850022136952
1463,S. aureus,IRMRIRVLL,0.602059991,9,5.397940009,1463,1463,train,7,5.298104925951721,5.727155437754419,4.9237230808694905,5.8239385374326735,4.956815940060097,5.020075883800007,4.731294779219359,5.343443,5.397940008979516
1464,S. aureus,IRRIIRKIIHIIKK,1.045677443,14,4.954322557,1464,1464,train,5,4.854439640173625,4.830252609926558,4.906519789705419,4.9509146684572976,4.984737119158232,4.953004425640006,4.990581763940984,4.891379,4.954322556920458
1465,S. aureus,IRRQGLPE,3.038918066,8,2.961081934,1465,1465,train,0,3.060943100924807,3.821498952061461,4.141790011223119,3.9703965760448816,3.844194016262114,2.8920883995199973,2.960199413937956,2.9036965,2.961081934007543
1466,S. aureus,IRVKIRVK,2.393056351,8,3.606943649,1466,1466,train,0,3.7070384335330004,3.8733317576889807,4.780650656836517,3.85676649587787,4.808362402075403,3.7408002702,3.985811926396569,3.622322,3.606943649803246
1467,S. aureus,IRVKIRVKIRVK,1.112758351,12,4.887241649,1467,1467,train,5,4.787486703288174,4.43631917325316,4.864486993369801,4.367223515064514,4.936528509130208,4.812632070569995,4.890443570849599,4.8870726,4.887241648175049
1468,S. aureus,IRWRIRVWVRRI,0.128960768,12,5.871039232,1468,1468,train,9,5.770919458283742,5.21751044197595,4.965406964773208,5.38431295324898,5.04913767491694,5.654751979459998,5.277710108826862,5.8213787,5.8710392320253115
1470,S. aureus,ISKRILTGKK,2.350032966,10,3.649967034,1470,1470,train,0,3.7500480982778432,3.87143479446847,4.527897740731251,3.7966993896287478,4.417721082426209,4.0244568875099995,4.06687442249701,3.6798687,3.649967033959372
1472,S. aureus,ITIPPIVKDTLKKFIKGAISGVM,1.301029996,23,4.698970004,1472,1472,train,4,4.732277062910382,4.779589585379229,4.798291098539864,4.7521383306602525,4.876692513777842,4.7483974842699945,4.630903503251503,4.6739407,4.69897000399105
1473,S. aureus,ITIPPIVKDTLKKFIKGAISSVM,1.301029996,23,4.698970004,1473,1473,train,4,4.732277062910382,4.676194946003622,4.804277238235206,4.704296886129383,4.88410041718593,4.694097063909994,4.630903503251503,4.668682,4.698970004012949
1474,S. aureus,ITIPPIVKNTLKKFIKGAVSALMS,1.0,24,5.0,1474,1474,train,6,4.899832802876182,5.282997815226355,4.850900173870306,5.305503889053354,4.962391423012893,4.90523680654,4.722791106957188,4.928924,5.0000000000871
1475,S. aureus,ITPATPFTPAIITEITAAVIA,-1.546435043,21,7.546435043,1475,1475,train,9,7.446323856343155,6.688055068767284,4.57858210715424,6.493250880531381,4.471085321580775,6.533933596979989,6.480455788213174,7.4105453,7.546435042869785
1476,S. aureus,IWGLIAHGVGHVGRLIHGLIRG,0.77815125,22,5.22184875,1476,1476,train,7,5.121983171335482,5.034445766288909,4.800985813534116,5.063924947725412,4.893582244516464,5.152549493569998,4.885539148248897,5.190952,5.221848749944021
1477,S. aureus,IWKRWWWKR,1.822484993,9,4.177515007,1477,1477,train,2,4.277827699494805,4.806233823405,4.901119106538214,4.866817276248465,4.921996304770256,4.591949957260004,4.897446916901268,4.2447433,4.177515007251327
1478,S. aureus,IWLTALKFLGKHAAKHLAKQQLSKL,0.491361694,25,5.508638306,1478,1478,train,8,5.408804076605132,5.442780121751491,4.87896068772435,5.490856760481011,4.966319123343434,5.360752953510005,5.197516388243459,5.4821115,5.508638305981319
1479,S. aureus,IWLTALKFLGKNLGKHLAKQQLAKL,0.667919685,25,5.332080315,1479,1479,train,7,5.232243602996737,5.376329322623529,4.880091108177397,5.428404956223192,4.964882750334333,5.314502333539997,5.177197469943668,5.3111086,5.332080315040804
1480,S. aureus,IWRIFRRIF,0.602059991,9,5.397940009,1480,1480,train,7,5.298105228237553,5.305136947840971,4.9775844608545645,5.233986029847744,5.073099361061458,5.359009035660005,5.077416177736257,5.400317,5.397940009100496
1481,S. aureus,IWRIFRRIFRIF,0.0,12,6.0,1481,1481,train,9,5.899987614002928,5.309767330029755,5.053653976570705,5.308686369622096,5.188499369890979,5.694155405200002,5.2834702177051955,5.85034,5.999999999358857
1482,S. aureus,IWRIFRRIFRIFIRF,0.903089987,15,5.096910013,1482,1482,train,6,4.996734082584213,5.692274737286723,5.1209008427305065,5.74177654790792,5.289734378481674,5.184693230620006,5.284699263857124,5.166568,5.096910013675759
1483,S. aureus,IWRVWRRWK,0.602059991,9,5.397940009,1483,1483,train,7,5.2981051163364485,5.275331929421924,4.9320059829773335,5.212340376078063,5.0277876759487805,5.302501131350006,5.169583189594374,5.349005,5.397940008917249
1485,S. aureus,IWSFLIKAATKLLPSLFGG,0.889727057,19,5.110272943,1485,1485,train,6,5.010390895413956,4.803737139309001,4.8395969574277915,4.901596643255731,4.882080554981958,5.003451873939996,4.837755020993204,5.026555,5.1102729430582015
1486,S. aureus,IWSFLIKAATKLLPSLFGGGKKDS,1.763950121,24,4.236049879,1486,1486,train,2,4.336145451620568,4.5975574824754695,4.7421006603026195,4.652035735102142,4.714461158982438,4.532211473910003,4.572947334729708,4.467784,4.236049879064259
1487,S. aureus,IYYPPNHNFP,2.307392923,10,3.692607077,1487,1487,train,0,3.792767718524302,3.866792809227801,4.632666358589745,3.775564562488357,4.4339529912334035,3.9566585055099965,4.122668880371745,3.7045076,3.6926070769404404
1488,S. aureus,KAAAKWAAKAAK,2.0,12,4.0,1488,1488,train,1,4.10018473253675,4.292014234291213,4.440215428319606,4.16095891368485,4.290613690330891,4.194114836089999,4.381930220000149,4.0582476,4.000000000064764
1489,S. aureus,KAIAKSILKWIKSIAKAI,0.146128036,18,5.853871964,1489,1489,train,9,5.753596057000038,5.0367904258592056,4.778104706007068,5.0908155208863946,4.814778843275252,5.485973834630001,4.899833441622387,5.736253,5.8538719637662116
1490,S. aureus,KAKKFGKAFVKI,2.574226373,12,3.425773627,1490,1490,train,0,3.525598478477086,4.051976329472867,4.65109852747771,4.036501537406296,4.6057742265591575,3.654351241240004,4.105381491680223,3.452768,3.42577362695139
1491,S. aureus,KAKLFKKIPKFLHLWKKF,0.301029996,18,5.698970004,1491,1491,train,9,5.598903723388642,5.562441767494583,4.926712036995411,5.46805061128705,5.002677518745471,5.585512733829994,5.304408772466307,5.6675234,5.69897000299751
1492,S. aureus,KALAKALAKLWKALAKAA,0.176091259,18,5.823908741,1492,1492,train,9,5.723743123942718,5.238218196246559,4.698709016144934,5.42034334802924,4.6796530701870225,5.595128849400005,5.1335636880739886,5.817652,5.823908740657283
1493,S. aureus,KALKKLLAKWLAAAKALL,0.176091259,18,5.823908741,1493,1493,train,9,5.723732833757961,5.597665789236549,4.7922238970063695,5.598503680012004,4.789185962531471,5.519803050460007,5.113521592635692,5.7475724,5.823908741433204
1495,S. aureus,KALWKTMLKKLGTMAL,1.348304863,16,4.651695137,1495,1495,train,4,4.731590817805545,4.674122959363469,4.794422928759908,4.711064625279024,4.770038628214627,4.710307067789997,4.716495978330581,4.686022,4.651695137006102
1496,S. aureus,KARQWQSKIRRTNPIFAIRR,1.403753832,20,4.596246168,1496,1496,train,4,4.696230476399072,4.670292950497121,4.796605828116247,4.5844021050170625,4.809769357895687,4.733229397009996,4.6941205582165955,4.624806,4.596246168048514
1497,S. aureus,KARRAVRAI,1.789035152,9,4.210964848,1497,1497,train,2,4.310836835190409,4.279129380319934,4.560794249754499,4.326062388974652,4.415129620504678,4.196870954540001,4.097612225130409,4.1660037,4.2109648480128765
1498,S. aureus,KARRAVRWI,1.743447987,9,4.256552013,1498,1498,train,2,4.3564299290856185,4.815824345209234,4.683832387566715,4.846695530448095,4.586753647478808,4.367996591599994,4.411585067682618,4.2784724,4.256552013050515
1499,S. aureus,KARRWVRAI,1.743447987,9,4.256552013,1499,1499,train,2,4.3566326913681035,4.413414593859938,4.680296173798439,4.365856502945679,4.573509423853289,4.281878266039993,4.4498265749308725,4.2839594,4.256552012992121
1500,S. aureus,KDLHTVVSAILQAL,1.821664067,14,4.178335933,1500,1500,train,2,4.2785021075308,4.333739267941939,4.562579993336015,4.308585352207609,4.499233219407066,4.377268963749993,4.4771187739786615,4.2286024,4.178335932948069
1502,S. aureus,KFAKKFKWFAKAAFKFFKK,0.620339576,19,5.379660424,1502,1502,train,7,5.279571068635466,4.959306410295154,4.907941064889605,4.999826390686284,5.0052474132624445,5.211973431520004,5.122974280041758,5.321654,5.379660423880814
1503,S. aureus,KFFKKLKKAVKKGFKKFAKV,0.512748884,20,5.487251116,1503,1503,train,8,5.386896687382523,4.702620310013059,4.864446751616159,4.713758399570328,4.947856761212516,5.315491609329999,4.905185475482412,5.491953,5.487251115662522
1504,S. aureus,KFFRKLKKSVKKRAK,1.66499874,15,4.33500126,1504,1504,train,3,4.434929537281975,4.5247404308689525,4.720167701447975,4.379025757640845,4.743520284172657,4.454910374660005,4.547566939771116,4.343826,4.335001260086508
1505,S. aureus,KFGKAFVKILKK,2.260007667,12,3.739992333,1505,1505,train,0,3.8398158433366043,3.9615296730888305,4.724955042854186,4.089432059819869,4.732844846525176,3.970962723679995,4.262337335751572,3.8535376,3.7399923328174154
1506,S. aureus,KFHHIFRGIKHVGKTIHRLVTG,0.574031268,22,5.425968732,1506,1506,train,8,5.3261536565398035,5.3019125809904875,4.881273271686265,5.277912317721075,4.959637817009189,5.35207220845,5.065676705670656,5.357015,5.425968731858625
1508,S. aureus,KFKWWRMLI,0.079181246,9,5.920818754,1508,1508,train,9,5.8206825609544435,5.972326478990464,4.942681854343374,5.925980740468507,4.939806080762968,5.765742498799997,5.139734649039133,5.8898563,5.920818753969172
1510,S. aureus,KFLHLAKKFPKWKLFKKI,0.193124598,18,5.806875402,1510,1510,train,9,5.706780418060511,5.431537517874887,4.922323767582866,5.398032820436352,5.0013705682855445,5.709065536499996,5.296209568950995,5.688714,5.806875401772461
1511,S. aureus,KFLKKAKKFGKA,2.565081528,12,3.434918472,1511,1511,train,0,3.5350319315472643,4.252703521909849,4.605943961994392,4.257746393817985,4.519140443313773,3.5569093816899993,3.9187382427250608,3.4157503,3.434918472082483
1512,S. aureus,KFRRFVRFI,0.602059991,9,5.397940009,1512,1512,train,7,5.298110091395739,4.666548546555507,4.890819813147454,4.657188448667547,4.9518945692918415,5.229818060810007,5.07618677733447,5.3434186,5.397940008786103
1513,S. aureus,KFWKLLKKALRLWAKVL,0.72359276,17,5.27640724,1513,1513,train,7,5.176231239206403,5.320677723354749,4.978927471547552,5.29733142270264,5.071883713854335,5.249835551120009,5.2185568886095055,5.2731643,5.276407240302264
1514,S. aureus,KFWKLLKKALRLWKKVL,0.736990521,17,5.263009479,1514,1514,train,7,5.162996731116454,5.489836426000925,4.998177056397664,5.484316896221342,5.103489697153455,5.285428320530002,5.282778979897499,5.3025436,5.263009479327284
1515,S. aureus,KFWSLLKKALRLWANVL,0.680567832,17,5.319432168,1515,1515,train,7,5.219491026803964,5.052694041840107,4.919689375925958,4.879189908974167,4.980833985533325,5.226456084239998,5.081436962813878,5.2899847,5.319432167968479
1516,S. aureus,KGGGKWGGKGGK,1.096910013,12,4.903089987,1516,1516,train,5,4.802832860459754,4.083414495468701,4.2725211054687,4.088296417445685,4.1573698353692015,4.5516212887799945,4.159483169245968,4.7946076,4.903089986930108
1517,S. aureus,KGIVGMLGKLF,1.602059991,11,4.397940009,1517,1517,train,3,4.498020529828546,5.343056264947138,4.644034332547544,5.285498265001463,4.76610882426679,4.430214008620004,4.681956862431518,4.4022374,4.397940009221219
1518,S. aureus,KGLFHAGKMIH,1.907102586,11,4.092897414,1518,1518,train,2,4.1929922110610365,4.176890094041838,4.534894844959403,4.2013600163003595,4.482581377619648,4.142332208719997,4.216428416168885,4.093289,4.09289741401972
1519,S. aureus,KGRGKQGGKVRAKAK,0.406473199,15,5.593526801,1519,1519,train,8,5.493691975568687,4.790445177838224,4.36594291139763,4.689010880987851,4.257880486558099,5.180082713549998,4.703164892267527,5.512231,5.593526800892667
1522,S. aureus,KHQGLPQE,3.038918066,8,2.961081934,1522,1522,train,0,3.061048695549157,2.777067406072158,3.8455309785538474,2.7243434581867114,3.2461875939732794,3.0073111145599984,2.8926280722244213,2.943468,2.9610819338596537
1523,S. aureus,KHVGKAALTHYL,0.662757832,12,5.337242168,1523,1523,train,7,5.237355556129311,5.340728961032314,4.617899978801211,5.189805912366023,4.5303229028972325,4.908310527039996,4.546570809608335,5.229097,5.337242167942029
1526,S. aureus,KIAGKIAKIAGKIA,2.267810775,14,3.732189225,1526,1526,train,0,3.8320563263248726,4.0815447912411615,4.520358851081418,4.153144732520108,4.490907599083783,3.860253102090005,4.220033038542176,3.7883692,3.732189224760734
1527,S. aureus,KIAGKIAKIAGKIAK,2.229285625,15,3.770714375,1527,1527,train,0,3.8705913819935716,4.033105624695221,4.540044727321133,3.990412983445729,4.524436872078528,3.8878737372600045,4.204831266903908,3.8452008,3.770714374953059
1528,S. aureus,KIAGKIAKIAGKIAKIA,2.179286336,17,3.820713664,1528,1528,train,0,3.920531561929688,4.239887832681008,4.599668292961493,4.305381832460152,4.597449188906054,4.094856981079998,4.273072780769553,3.8885906,3.8207136656818204
1532,S. aureus,KIAGKIAKIAGKIAKIAGKIAKIA,0.226209205,24,5.773790795,1532,1532,train,9,5.6739283429281295,4.690779535206727,4.711872015484829,4.6180738352333295,4.773710909936307,5.296562548420006,4.731706254397293,5.6795917,5.773790792945744
1533,S. aureus,KIAGKIAKIAKKIAK,2.209296448,15,3.790703552,1533,1533,train,0,3.8911003702870897,4.255774192635787,4.607340861951769,4.238613097949064,4.5920105730354726,4.030428330560005,4.3122731215975385,3.7966983,3.7907035525732287
1534,S. aureus,KIAGKIAKKAGKIAK,2.22498832,15,3.77501168,1534,1534,train,0,3.8751866716967536,3.72530472410946,4.501411706995724,3.623498158524826,4.401984616865961,3.9228651814899984,4.134094179199594,3.7593257,3.7750116796452415
1535,S. aureus,KIAGKIAKKAGKIAKIA,2.175454297,17,3.824545703,1535,1535,train,1,3.924442033859934,3.9805757306223892,4.565740734818366,4.0446269799164,4.5601659348317405,4.0753675935400056,4.253148250485697,3.8245418,3.824545704016411
1538,S. aureus,KIAHGVKKYGPTVLRIIRIAG,0.941043788,21,5.058956212,1538,1538,train,6,4.958587552341636,5.084582944077014,4.8228614945947275,5.142472522535171,4.894209924962206,5.09735163317,4.720831783855774,5.030741,5.0589562118060245
1539,S. aureus,KIAKKIAKIAKKIA,2.225257535,14,3.774742465,1539,1539,train,0,3.8746870341390602,4.632389540912967,4.663404289460499,4.6578461464495415,4.63370958136453,4.100472075619995,4.464175436619804,3.8302217,3.774742464645054
1540,S. aureus,KIAKVALKAL,1.486884774,10,4.513115226,1540,1540,train,3,4.6131977731175935,4.9417782039739295,4.643075639783663,4.913044896213287,4.563099304008921,4.562338304040006,4.678996320661552,4.6077323,4.5131152262624825
1541,S. aureus,KIAKVALKALKIAKGALKAL,0.243038049,20,5.756961951,1541,1541,train,9,5.657124807154096,5.253457811839623,4.745055161306225,5.163316911578907,4.7668601854836306,5.5101076168799965,5.139050441621638,5.734083,5.75696195096163
1542,S. aureus,KIAKVALKALKIAKVALKAL,0.051152522,20,5.948847478,1542,1542,train,9,5.848951842423496,5.370912005956446,4.821564541798731,5.315537979143678,4.828412665338726,5.60605054821,5.290974197544567,5.8522096,5.948847477668724
1543,S. aureus,KIFGAIWPLALGALKNLIK,0.602059991,19,5.397940009,1543,1543,train,7,5.297763519224777,5.240559432678391,4.777633011455845,5.200360577907728,4.827983025870292,5.218395387930006,5.222500339845909,5.3710384,5.39794000901416
1544,S. aureus,KIGAIKKWGAIKKIGAIK,2.124162541,18,3.875837459,1544,1544,train,1,3.975902222048873,4.470994978819451,4.693692248549087,4.503108724210863,4.709120198447724,4.171682026580004,4.60665670132308,4.0176597,3.875837459202425
1545,S. aureus,KIGAKIKWGAKIKIGAKI,0.619012563,18,5.380987437,1545,1545,train,7,5.281008370405588,4.9942362545012635,4.710320132731458,4.824469549552072,4.750567842091252,4.980742207899996,4.88623801478064,5.2382126,5.380987436699707
1546,S. aureus,KIGKAIKWGKAIKIGKAI,2.124162541,18,3.875837459,1546,1546,train,1,3.9760030492749188,4.542891084507072,4.710078777913768,4.462612333232356,4.74792849426268,4.125809194150004,4.548143406026129,3.9069333,3.8758374591330176
1547,S. aureus,KIKEKLKKIGQKI,2.204119983,13,3.795880017,1547,1547,train,0,3.8960452203670233,3.881486847215856,4.6316451544096084,3.7717141027889824,4.540494751138166,3.9047770727700013,4.023430093709091,3.800356,3.795880017091099
1548,S. aureus,KIKEKLKKIGQKIQG,2.155336037,15,3.844663963,1548,1548,train,1,3.9444873516430063,3.6194087068090672,4.60905235030878,3.5403913484057554,4.51712122243994,3.9141155241799988,4.175592049421945,3.878438,3.8446639627437205
1549,S. aureus,KIKEKLKKIGQKIQGLL,2.103803721,17,3.896196279,1549,1549,train,1,3.9957687688152275,3.8373419753214475,4.702629172426594,3.910098949452441,4.66321211953501,4.061005824299995,4.512199852858877,3.96716,3.8961962791195677
1550,S. aureus,KIKFLKVLT,0.414352161,9,5.585647839,1550,1550,train,8,5.485811441482444,4.461819199593672,4.781355453436852,4.577226203748302,4.729774802578387,5.155326747169997,4.760212576963285,5.537943,5.585647838754532
1551,S. aureus,KIKGAIKWKGAIKIKGAI,0.920042559,18,5.079957441,1551,1551,train,6,4.979791995050387,4.722407905167027,4.654524438319157,4.678467479698073,4.704161724552437,4.952729572759993,4.882797480981596,5.033485,5.079957440788933
1552,S. aureus,KIKIPWGKVKDFLVGGMKAV,1.508716858,20,4.491283142,1552,1552,train,3,4.591374700880126,4.92160539240119,4.749942442587221,5.016137500693453,4.754798938903749,4.562693261459994,4.555315612117817,4.5053806,4.49128314226066
1553,S. aureus,KIKLFKKWPKFLHLAKKF,0.301029996,18,5.698970004,1553,1553,train,9,5.598856461095579,5.620788999084724,4.926518221763024,5.572109541698572,5.015083884404752,5.500391697229997,5.461779790009666,5.673764,5.698970003021541
1554,S. aureus,KIKWILKYWKWS,1.12764463,12,4.87235537,1554,1554,train,5,4.772315564464588,4.790610078901424,4.951626594902453,4.6557254057566055,4.995359632210675,4.975385949549996,5.053492485770281,4.884672,4.872355369977405
1555,S. aureus,KILGKLWKGVKSIF,0.73329011,14,5.26670989,1555,1555,train,7,5.166799780411161,4.8758734229955945,4.751439808282722,4.87512443777628,4.817247226252614,5.189117404780004,4.947250440387618,5.175826,5.266709889746016
1556,S. aureus,KILGVSKKIMRRISKDILTGKK,2.008023006,22,3.991976994,1556,1556,train,1,4.092135363999485,4.255982137836804,4.724636103482295,4.440205335839048,4.724650891217462,4.107122738830009,4.3724041870235135,3.9748597,3.991976994144626
1558,S. aureus,KILRGVSKKIMRRISKDILTGKK,1.902656891,23,4.097343109,1558,1558,train,2,4.197446582420216,4.67054311731819,4.747501395517886,4.602132515299777,4.754068346834169,4.184071334280004,4.39476359342413,4.1034446,4.097343108942758
1559,S. aureus,KILRGVSKKIMRTFLRR,1.784445316,17,4.215554684,1559,1559,train,2,4.315552928201645,4.4559544801598925,4.8270444611843235,4.56386322065827,4.872640552863952,4.363566290169997,4.680502764912426,4.3015003,4.215554684130221
1560,S. aureus,KILRGVSKRILTGKK,2.178527132,15,3.821472868,1560,1560,train,0,3.9216390283897686,4.682469800006274,4.650851825594136,4.628932797329708,4.64869395181013,4.12776090922,4.489878381990259,3.8444026,3.821472868086886
1561,S. aureus,KILSSLLKKLKKIIAK,1.322219295,16,4.677780705,1561,1561,train,4,4.732277280909942,4.735421389519082,4.787744414707778,4.564106639259825,4.830423707504932,4.692684853399992,4.931568679740292,4.75044,4.677780704772926
1562,S. aureus,KIRVRLSA,2.133085123,8,3.866914877,1562,1562,train,1,3.9670809832167797,4.0283893632768,4.555323415952911,4.205439892791856,4.458816792380668,4.0057168356199995,4.073417486543665,3.9071984,3.866914876958473
1563,S. aureus,KISKKIMRTFLRR,2.183677614,13,3.816322386,1563,1563,train,0,3.91622771389361,4.136763200115973,4.759630851606599,4.088567096590289,4.760835137389225,3.999629663250005,4.55342265461572,3.8545196,3.81632238599168
1564,S. aureus,KISKKIMRTFLRRILTGKK,2.043140005,19,3.956859995,1564,1564,train,1,4.05718131449856,4.614756327232856,4.835930841739116,4.569585002505786,4.893469037200133,4.150230258920001,4.654552298194614,4.1097336,3.9568599956036814
1565,S. aureus,KISKKIMRTFLRRISKDILTGKK,1.817344754,23,4.182655246,1565,1565,train,2,4.282527875912574,4.1198996195916555,4.785865816865274,4.147452551961673,4.788381250951718,4.245753203440006,4.544853438801269,4.194155,4.182655245752825
1566,S. aureus,KIWFQNKKMKWKK,2.408239965,13,3.591760035,1566,1566,train,0,3.691856221724683,3.601476338163662,4.765923473398936,3.5989972465599185,4.743163529496865,3.735661901989995,4.226122796192381,3.6147108,3.5917600349424785
1567,S. aureus,KIWFQNRRMKWKK,2.408239965,13,3.591760035,1567,1567,train,0,3.691862816133119,4.047556941870833,4.7874666903444325,4.111286855231123,4.782643541594462,3.7079186677699942,4.169661718056453,3.6429508,3.591760035167328
1568,S. aureus,KIWVIRWR,1.141002511,8,4.858997489,1568,1568,train,5,4.759070960602593,4.578900619348519,4.8978489026715515,4.6675152260522,4.919562590026593,4.903421332789995,4.786768210637622,4.926588,4.858997489220202
1569,S. aureus,KKAAAAFAAFAAWFAAFAAAAKKKK,1.505149978,25,4.494850022,1569,1569,train,3,4.594948419393228,4.692602943130284,4.755666162212406,4.71137197384674,4.768499542284351,4.560130991909996,4.779833889514994,4.4957433,4.494850022028016
1570,S. aureus,KKAAAFAAAAAFAAWAAFAAAKKKK,1.505149978,25,4.494850022,1570,1570,train,3,4.5950224382378835,4.813690998312907,4.704754228442556,4.660486204080025,4.698472430264872,4.511971174299996,4.7328075570545955,4.5154862,4.494850021983211
1571,S. aureus,KKAAHVGKHVGKAAKK,1.750508395,16,4.249491605,1571,1571,train,2,4.3493819057717165,4.352838952460399,4.513671663470588,4.277476141000408,4.41568536528839,4.339311719140002,4.447244383014719,4.2853093,4.249491604985543
1572,S. aureus,KKAAHVGKHVGKAAL,1.305351369,15,4.694648631,1572,1572,train,4,4.732258272539977,4.382223564100807,4.5288873864368036,4.293343376645364,4.375514303554572,4.583591334230005,4.304395260771226,4.6506653,4.6946486309465945
1573,S. aureus,KKAFAAAAAFAAWAAFAKKKK,1.505149978,21,4.494850022,1573,1573,train,3,4.59493800238551,4.254396038424528,4.690373634028667,4.204539584467969,4.6808080482581005,4.559389909559993,4.761963137475276,4.483053,4.494850021948642
1574,S. aureus,KKAGKIAKKAGKIA,2.258473402,14,3.741526598,1574,1574,train,0,3.8417099793288103,3.88531978522571,4.435588791697335,3.92976106872131,4.3091418228905205,3.9049324783100032,4.092885636102165,3.7597468,3.741526597850791
1575,S. aureus,KKAKKAKKA,2.903089987,9,3.096910013,1575,1575,train,0,3.1965669001607875,3.513996335629435,4.363583209186315,3.5537011459359307,4.236802204405384,3.4412238087600056,3.49020823976492,3.1359556,3.096910012929005
1576,S. aureus,KKAKKFGKAFVK,2.569474343,12,3.430525657,1576,1576,train,0,3.5305105249631348,3.7471982664203467,4.597161714947247,3.6595498024813358,4.486543086334958,3.5664910522599977,3.8566466956347325,3.418077,3.4305256568696563
1577,S. aureus,KKFGGGKTERARKAMAVE,0.899917622,18,5.100082378,1577,1577,train,6,5.000195766129309,4.663879192755084,4.423007815285073,4.673922538519589,4.163560420130343,4.875537357410007,4.476028714772676,5.052876,5.100082377956518
1578,S. aureus,KKFGKAFVKILK,2.260007667,12,3.739992333,1578,1578,train,0,3.840201308064372,3.8599929215695967,4.724154183686397,3.9805407218801276,4.721625733698748,3.8872976683099942,4.311919971927382,3.802813,3.739992333377084
1579,S. aureus,KKFLHSAKKWLKAFVKLFKNW,0.974982438,21,5.025017562,1579,1579,train,6,4.924906521375329,5.219845166522795,4.945846528878928,5.222461187528082,5.05622369833054,5.148082407680004,5.260754879285703,5.0757537,5.025017561947185
1580,S. aureus,KKFPWWWPFKK,0.403977157,11,5.596022843,1580,1580,train,8,5.496118749669129,5.439785726255928,4.8669175372685105,5.484143167354584,4.95771149226529,5.561164652450006,5.326962377283022,5.602321,5.596022842896281
1581,S. aureus,KKFWEDDG,2.397904512,8,3.602095488,1581,1581,train,0,3.7022312098893915,3.3854902463809546,4.057829689871972,3.3661033687824258,3.757212356261169,3.561871608489995,3.6456337925074864,3.5888793,3.602095487946253
1582,S. aureus,KKHKWLWK,0.239042066,8,5.760957934,1582,1582,train,9,5.661168313866515,5.1318899662954465,4.728111326348256,5.037528633804388,4.6459572614444875,5.291579028239991,4.672082713696381,5.6236577,5.760957933885209
1583,S. aureus,KKIGAIKKWGAIKKIGAI,2.124162541,18,3.875837459,1583,1583,train,1,3.975775930036913,4.592204329152171,4.697641691020378,4.560878142987621,4.7053476162001795,4.141546458930005,4.55037881962382,3.9462972,3.875837459012145
1584,S. aureus,KKIMRTFLRR,2.278322708,10,3.721677292,1584,1584,train,0,3.8216982254133,3.60917631781002,4.745034291219675,3.6091252897833455,4.691205366148066,3.9023778354699976,4.330662150742727,3.78181,3.7216772919312886
1585,S. aureus,KKIMRTFLRRISKDILTGKK,2.02209509,20,3.97790491,1585,1585,train,1,4.078155505802226,3.996123708098835,4.73036674789907,4.094257426312286,4.716642904761083,4.186366007780004,4.368243433495749,4.020163,3.9779049102255555
1586,S. aureus,KKIMRTFLRRISKKILTGKK,1.718735691,20,4.281264309,1586,1586,train,2,4.381430145639209,4.456223151230468,4.847301837698364,4.414515017811519,4.906463892434704,4.366244897519998,4.564007088128715,4.2410026,4.281264308516835
1587,S. aureus,KKKAAAFAAWAAFAKKK,1.505149978,17,4.494850022,1587,1587,train,3,4.594982566966949,4.262105343671061,4.628347744068768,4.1595438037495205,4.5304835394707546,4.4941384863499945,4.593985867578417,4.516113,4.494850022009551
1588,S. aureus,KKKKKKAAFAAFAAFAA,1.505149978,17,4.494850022,1588,1588,train,3,4.594917314744589,4.126067343048346,4.615294740785395,4.182430398146516,4.491224286714132,4.490296782739993,4.379161287160124,4.462738,4.49485002178546
1589,S. aureus,KKKKKKAAFAAWAAFAA,1.505149978,17,4.494850022,1589,1589,train,3,4.594951475692395,4.263743952988677,4.630146934527912,4.315105420809429,4.5180539883555015,4.510109068339993,4.40917850350563,4.4786854,4.494850022290049
1590,S. aureus,KKKKKKAAWAAWAAWAA,1.505149978,17,4.494850022,1590,1590,train,3,4.594711589015377,4.556982477625028,4.655503278403348,4.646101768494446,4.560351667462427,4.5238838266999934,4.468469371344854,4.496192,4.4948500219150995
1591,S. aureus,KKKKPLFGLFFGLF,0.777260046,14,5.222739954,1591,1591,train,7,5.122860494650126,5.046797957678667,4.7664186204922965,5.031997688599575,4.798013383966913,5.1424315023700045,5.125318524519939,5.1937656,5.222739954047506
1592,S. aureus,KKKLFKKL,0.0,8,6.0,1592,1592,train,9,5.8998266665632615,4.243691538271548,4.657296145785099,4.157169125096118,4.492133235681051,5.1028650017300015,4.9349782277326755,5.850601,5.9999999992725
1593,S. aureus,KKKLFWKIPKFLHLAKKF,0.301029996,18,5.698970004,1593,1593,train,9,5.598965179686277,5.7276717507640384,4.922279884888741,5.554274772296808,4.9910890936855985,5.522688243099996,5.30488490432307,5.6385717,5.698970002918458
1594,S. aureus,KKKLKKLKKKLK,2.0,12,4.0,1594,1594,train,1,4.0999465803308635,3.8585758560442844,4.66059216802894,3.8325767125074917,4.54486610351192,4.1360456139499995,3.9687591236403073,4.004691,4.000000001084152
1595,S. aureus,KKKLLLLLLLLLKKK,1.698970004,15,4.301029996,1595,1595,train,2,4.401013888134828,4.8469691974339435,4.955253420774545,4.901989362512828,5.0003365730809115,4.532195890560005,4.947268760099744,4.3013883,4.301029996580006
1597,S. aureus,KKKVVFKVKFKK,0.317442036,12,5.682557964,1597,1597,train,9,5.58257869737004,4.814524377989878,4.777663112488166,4.830644530964266,4.760928150525908,5.462732678190005,5.054454651837263,5.6518016,5.682557963297126
1598,S. aureus,KKKVVFKVKFKKK,0.281990909,13,5.718009091,1598,1598,train,9,5.617856694035193,5.000491383296973,4.779954311560087,4.9768059104475135,4.77467996554492,5.523523375300001,5.047293086046506,5.653383,5.718009091634299
1600,S. aureus,KKLAGLAKKWAGLAKKLAGLA,0.874382876,21,5.125617124,1600,1600,train,6,5.02507454878597,4.685834060382859,4.66099685183843,4.77091683825267,4.6990747620983,5.069315153439989,4.769338900794462,5.122206,5.125617123677361
1605,S. aureus,KKLIKKILKIL,0.669481554,11,5.330518446,1605,1605,train,7,5.230622530372692,5.0144523588755465,4.840100928665601,5.048958547024525,4.839992210031286,5.210403280279996,5.074719826372272,5.283083,5.330518445960127
1606,S. aureus,KKLIKVFAKGFKKAKKLFKGIG,1.588142153,22,4.411857847,1606,1606,train,3,4.511707162152462,4.912864745382836,4.864977453123157,4.991002308737331,4.948392796893195,4.607281070710005,4.886097322431648,4.489038,4.411857847539295
1607,S. aureus,KKLKKLKKKWKKLKKKLK,1.633932936,18,4.366067064,1607,1607,train,3,4.46605681189599,4.68837779109517,4.831619191923221,4.735854500952395,4.884843225278843,4.397279244319996,4.426324478980915,4.336958,4.366067062525258
1608,S. aureus,KKLKKLLKKWKKLLKKLK,1.639583426,18,4.360416574,1608,1608,train,3,4.460782939073917,4.918038996907974,4.912035886324549,5.001508314509028,4.998696561505599,4.478533344819999,4.792589330839501,4.3982453,4.3604165789232745
1609,S. aureus,KKLLFKLKFK,1.383353214,10,4.616646786,1609,1609,train,4,4.716473452563273,5.059729857698262,4.808002021579056,5.047373374373271,4.797859820774719,4.689234971009994,4.912545846485237,4.668292,4.616646786262848
1610,S. aureus,KKLLKKLKKLLK,1.301029996,12,4.698970004,1610,1610,train,4,4.5988264553832625,4.597565485386526,4.782133516560464,4.6258833536171835,4.787699526845673,4.494974905069995,4.450027405092933,4.639256,4.698969997641736
1611,S. aureus,KKLLKKLLKWL,0.248451563,11,5.751548437,1611,1611,train,9,5.651627932855215,4.963578249271967,4.864597919194826,4.975428112480458,4.880985384817137,5.568157258529998,5.186385447185646,5.67384,5.751548434833153
1612,S. aureus,KKLLKLLLKLLK,0.494154594,12,5.505845406,1612,1612,train,8,5.405990052619886,4.731337006525577,4.886167405885413,4.865591045574075,4.9127163693945874,5.127771039609997,5.076569892361564,5.4241657,5.5058454028262345
1613,S. aureus,KKLLKWLKKLL,0.593498388,11,5.406501612,1613,1613,train,8,5.306475114119847,5.336303787164132,4.873286692631666,5.268060011497509,4.900413767310359,5.425612562449999,5.24601496914353,5.391283,5.406501615748876
1614,S. aureus,KKLLKWLLKLL,0.05927812,11,5.94072188,1614,1614,train,9,5.840897362136214,5.124161414578053,4.928636992071037,5.180381495912284,4.964266227874717,5.751366869030003,5.351604463954554,5.8326573,5.940721878956189
1615,S. aureus,KKLLPIVANLLKSLL,0.478041352,15,5.521958648,1615,1615,train,8,5.421784392397454,4.978797200719243,4.746153084279362,5.168407407074087,4.84502412486422,5.2970692624200035,5.1447102987243625,5.464742,5.521958648031171
1616,S. aureus,KKPKKPWKPKK,1.260071388,11,4.739928612,1616,1616,train,4,4.732277062910382,4.915681800223326,4.375723609156424,4.879158995557983,4.315262912396514,4.666668181359994,4.466185254772937,4.7157884,4.73992861193508
1617,S. aureus,KKPKLPWKPKK,1.204119983,11,4.795880017,1617,1617,train,4,4.732277062965877,4.825838398703832,4.442541919327247,4.855475302098125,4.409082039920794,4.691521258690002,4.479147616323842,4.7996006,4.795880017015759
1618,S. aureus,KKPKLPWLPKK,1.123851641,11,4.876148359,1618,1618,train,5,4.77623639900965,4.7812799935310455,4.5000461276699415,4.808275556155609,4.468606219211101,4.733086185320004,4.466479364537146,4.8213863,4.8761483589385435
1619,S. aureus,KKPKLPWLPLK,1.380211242,11,4.619788758,1619,1619,train,4,4.7199565439059885,4.788846283900976,4.553381480070717,4.743431311591199,4.557062156388861,4.579991008590007,4.732170386115772,4.6051817,4.619788758204713
1620,S. aureus,KKPWWKPWWPKWKK,0.301029996,14,5.698970004,1620,1620,train,9,5.599144398163132,5.313608989494771,4.784843005406172,5.183264160740311,4.906598175828863,5.5426481730099955,5.313491520181274,5.6177077,5.698970003772661
1621,S. aureus,KKRLKKIFKKPMVIGVTIPF,1.732084959,20,4.267915041,1621,1621,train,2,4.368078128931801,4.419608088063713,4.902272682369389,4.487341754103061,4.939652737790096,4.523522613299995,4.789195210996796,4.3492584,4.2679150409821744
1622,S. aureus,KKRWVWIRY,0.861416416,9,5.138583584,1622,1622,train,6,5.03840691150778,5.751031687888741,4.880841137089318,5.7998020543367765,4.852099885968521,5.220186018500002,5.096787180345108,5.207056,5.138583584004129
1623,S. aureus,KKRWWWWWR,0.2959122,9,5.7040878,1623,1623,train,9,5.604199910830337,5.799486656535977,4.985256493679722,5.8414469376691,5.076181044491931,5.590541208800008,5.365503135103205,5.652889,5.704087799748014
1624,S. aureus,KKRYKKKYKAYKPYKKKKKF,1.574031268,20,4.425968732,1624,1624,train,3,4.525520420548201,4.623320772080252,4.860562618805996,4.6245974513295875,4.885887772585536,4.550220045100001,4.6935426724290545,4.4651394,4.425968731957655
1625,S. aureus,KKTWWKTWWTKW,0.602059991,12,5.397940009,1625,1625,train,7,5.298043320958848,5.340696995853035,4.844814579830195,5.252198663063909,4.8507818010432,5.1906703706000075,5.124712785212785,5.360112,5.39794000898803
1626,S. aureus,KKTWWKTWWTKWKK,0.301029996,14,5.698970004,1626,1626,train,9,5.598839153211018,5.281779420089428,4.853108139374985,5.104356396764923,4.889329705019736,5.512712119659995,5.293584990325741,5.660553,5.69897000397361
1627,S. aureus,KKTWWKTWWTKWSQP,0.602059991,15,5.397940009,1627,1627,train,7,5.298000817720735,5.91632374377806,4.782144213298676,5.933337196749013,4.8962009807843385,5.130503841630006,5.094658189658186,5.395054,5.397940008971846
1628,S. aureus,KKTWWKTWWTKWSQPKK,0.301029996,17,5.698970004,1628,1628,train,9,5.598834594548702,5.8627972893967915,4.786691911860376,5.90690291047736,4.92278797547296,5.407860476439995,5.227466025692707,5.6621885,5.698970003992518
1629,S. aureus,KKTWWKTWWTKWSQPKKKRKV,0.301029996,21,5.698970004,1629,1629,train,9,5.5991475153358214,5.575214972007595,4.879628802893981,5.726595633968961,5.0429537538877405,5.427466515609995,5.323638677801001,5.649567,5.698970003988892
1630,S. aureus,KKVADKVLLLKQLRIMRL,0.903089987,18,5.096910013,1630,1630,train,6,4.997064627965232,4.622380047754274,4.802679381328339,4.476023766983124,4.786195968898289,5.0184134549900055,4.7612988358069845,5.06706,5.096910012967822
1631,S. aureus,KKVLFKLKFK,1.166242592,10,4.833757408,1631,1631,train,5,4.733588460443859,5.045999495465841,4.802347191125177,5.033039587933868,4.78925567913318,4.808822774999997,4.9125305758197575,4.815313,4.833757407915498
1632,S. aureus,KKVLKAAA,0.954242509,8,5.045757491,1632,1632,train,6,4.945874537043893,4.77209131725135,4.494974821872979,4.64763051165959,4.329080751021328,4.845983640370005,4.403047759118373,4.960621,5.045757490741187
1634,S. aureus,KKVVFKVKFH,1.172773999,10,4.827226001,1634,1634,train,5,4.732277062910406,5.102088419751295,4.7851613601165,5.126846701849672,4.755346111967613,4.780534598159992,4.778125088633022,4.841288,4.827226001001009
1637,S. aureus,KKVVFKVKFKKK,0.317442036,12,5.682557964,1637,1637,train,9,5.582496913931163,4.86428290092716,4.776785458605657,4.920601963027474,4.767761198258393,5.532193007260007,5.072163556727152,5.6605716,5.682557963912081
1640,S. aureus,KKWLKKWLK,1.724362137,9,4.275637863,1640,1640,train,2,4.375774038787654,4.520051522969992,4.782831261367066,4.513872749017667,4.768288629341108,4.507360026639997,4.574992654786998,4.336721,4.275637864001724
1641,S. aureus,KKWMQKVIDRFGG,2.10720997,13,3.89279003,1641,1641,train,1,3.992956073673578,4.135429175137063,4.589340209744926,4.032768351562403,4.467928836181501,4.037790294930002,4.376729636367277,3.9041586,3.8927900299559464
1643,S. aureus,KKWRKLLKKLKKLL,0.040146854,14,5.959853146,1643,1643,train,9,5.859786443320725,4.993714743754055,4.864282591108548,5.11918180996361,4.911409398549527,5.673734544570002,5.226848452939006,5.7451377,5.959853143476528
1644,S. aureus,KKWRKLLKWLAKK,0.39637601,13,5.60362399,1644,1644,train,8,5.503786963391662,5.192742792873848,4.814879559698696,5.156903273348887,4.843586601526855,5.319217337410004,5.15569466551548,5.5513086,5.603623989439369
1645,S. aureus,KKWRWWLKALAKK,0.483187034,13,5.516812966,1645,1645,train,8,5.41698217876176,5.398622589231254,4.821661023544179,5.326465640481674,4.858069310676574,5.434097297229994,5.21865463539661,5.516597,5.516812967518043
1646,S. aureus,KKWRWWLKALAKKLL,-0.595160649,15,6.595160649,1646,1646,train,9,6.495336902357434,5.54078248400778,4.908777102303419,5.505883043028099,4.967530267147496,6.096649941439999,5.532922223614541,6.3857822,6.595160647284977
1647,S. aureus,KKWWWKWKKW,1.051152522,10,4.948847478,1647,1647,train,5,4.848737966272416,5.4706295667992215,4.916991493691291,5.367406370381111,4.969656894925238,5.11101357423,5.270662194981223,4.9757543,4.948847477991242
1648,S. aureus,KKYRYHLKPFSKK,2.10720997,13,3.89279003,1648,1648,train,1,3.992955692219701,4.419489500112516,4.693595225046252,4.50766070376939,4.655685642814246,4.152389025940001,4.318110100513642,3.9447064,3.8927900300265814
1649,S. aureus,KLAGKLAKWAGKLAKLAGKLA,0.57335288,21,5.42664712,1649,1649,train,8,5.326813120225214,4.904092827657387,4.662865523229939,4.943370727065602,4.714321110639372,5.227749111199996,4.744625600788416,5.303888,5.426647119925843
1650,S. aureus,KLAGLAKKLAGLAKKLAGLAK,0.889491096,21,5.110508904,1650,1650,train,6,5.010602929053001,4.939062428979683,4.638739262974104,4.9902159482458215,4.674854603794841,4.9864407171599945,4.813312867472624,5.064309,5.110508904004401
1651,S. aureus,KLAGLAKKWAGLAKKLAGLAK,0.874382876,21,5.125617124,1651,1651,train,6,5.025274840726957,4.84389480859889,4.660784752150157,4.918995935388226,4.712315905448904,5.012159363329993,4.854309944147901,5.108534,5.125617123916901
1652,S. aureus,KLAGLKAKWAGLKAKLAGLKA,2.078502859,21,3.921497141,1652,1652,train,1,4.021658998888284,4.637463593254034,4.6485341667068,4.696307234580282,4.678588325944061,4.184254366549994,4.725380153837692,3.9974396,3.9214971414366735
1653,S. aureus,KLAKGLAKWAKGLAKLAKGLA,0.57335288,21,5.42664712,1653,1653,train,8,5.326812993788658,5.095957666462419,4.658323664387955,5.110657887974217,4.7007310102561695,5.283480169959996,4.774222441754803,5.386575,5.426647119937552
1656,S. aureus,KLFAVIKKVAAVIGGL,1.487564914,16,4.512435086,1656,1656,train,3,4.6122652407948515,4.8648025950763305,4.790011429319146,4.784202799073709,4.780272754696362,4.562496480879997,4.669116680801776,4.46696,4.5124350858473905
1657,S. aureus,KLFAVIKKVAAVIRRL,1.738657538,16,4.261342462,1657,1657,train,2,4.361390323124431,4.779696324400041,4.876073466188428,4.854440025361832,4.91702276400106,4.547638754830002,4.893996987565849,4.4481397,4.261342462638338
1658,S. aureus,KLGFENFLVKALKTVMHVPTSPLL,2.408239965,24,3.591760035,1658,1658,train,0,3.691743812444617,4.342748468362086,4.818546969504354,4.237006718298378,4.757328696824927,3.885836813739997,4.6141959717104575,3.741803,3.591760035043857
1659,S. aureus,KLGHHGRAPP,2.10720997,10,3.89279003,1659,1659,train,1,3.9926555650814377,3.8964415529605247,4.263671138390741,3.9198718736504383,4.15439151216418,3.904299219700002,3.9597876879453957,3.8835218,3.892790029809446
1660,S. aureus,KLKAGLAKWKAGLAKLKAGLA,2.078502859,21,3.921497141,1660,1660,train,1,4.021622718198593,4.567264801747734,4.649729970121719,4.631067002999334,4.676559128123752,4.202093296679994,4.653810364992309,3.959497,3.92149714097331
1661,S. aureus,KLKFPKLKFP,1.603592207,10,4.396407793,1661,1661,train,3,4.496475312074391,4.929357741171424,4.652922199880671,4.79231634638648,4.554842771004734,4.413892670319995,4.421934463659883,4.38013,4.396407793104593
1662,S. aureus,KLKHVGLHVGKLK,1.604226053,13,4.395773947,1662,1662,train,3,4.495494007302576,4.535841121061491,4.655952119259803,4.467654988601561,4.631598933038817,4.482276203590003,4.657207875766005,4.4180245,4.395773946923533
1663,S. aureus,KLKKKLKKLLKK,2.524031415,12,3.475968585,1663,1663,train,0,3.5757991385637613,4.409240277126896,4.72136736706062,4.443418454651319,4.712401441550997,3.7677913596399946,4.114714204092862,3.5630083,3.4759685831315768
1664,S. aureus,KLKKLLKKLLKK,2.528412189,12,3.471587811,1664,1664,train,0,3.571803981260409,4.5816812759086085,4.7689796789963586,4.5640622222710086,4.762454098498928,3.8324324335600015,4.1063773398211545,3.5327682,3.471587816998685
1665,S. aureus,KLKKLLKKLLKL,2.532837604,12,3.467162396,1665,1665,train,0,3.567334036319772,4.763124549735918,4.8304314028958055,4.825109007946758,4.8466134108822985,4.065059806359998,4.412752277167991,3.5529819,3.4671624043285125
1666,S. aureus,KLKKLLKKWLKLLKKLLK,0.602059991,18,5.397940009,1666,1666,train,7,5.297855804456952,5.09402614465529,4.979876531967756,5.149059867907142,5.067518935928225,5.273773407640008,5.201317018328774,5.3454585,5.397940005469873
1667,S. aureus,KLKLLKLLKLLKLLK,1.397940009,15,4.602059991,1667,1667,train,4,4.702149743291816,5.022229610980255,4.952177975294585,5.063671906525207,4.999600925586747,4.658024925849995,4.851106343449897,4.5792294,4.602059990876791
1670,S. aureus,KLKLLLLL,1.564835946,8,4.435164054,1670,1670,train,3,4.535330680109572,4.467422724565106,4.915134010712984,4.531772292221593,4.908004057857237,4.479004698589998,4.467094894732086,4.4736304,4.435164054315031
1672,S. aureus,KLKLVALHKQVL,0.857056755,12,5.142943245,1672,1672,train,6,5.0427680382311015,4.807743800691014,4.784342338797762,4.966104001339543,4.743755804113189,5.040505998430008,4.922290384909851,5.1254797,5.142943244964756
1673,S. aureus,KLLAKAALKWLLKALKAA,0.204119983,18,5.795880017,1673,1673,train,9,5.695789313817366,5.198900377818523,4.800397048787236,5.384798212212839,4.818636983943739,5.554887841659998,5.170159450042283,5.6894126,5.795880016550545
1675,S. aureus,KLLKKLLKLWKKLLKKLK,1.645308403,18,4.354691597,1675,1675,train,3,4.454928664436231,5.120389397494309,4.979876531967756,5.160263786078592,5.079687854468588,4.723677010090002,5.042758325500276,4.4745007,4.354691597173719
1676,S. aureus,KLLKKLLKWLK,0.549481559,11,5.450518441,1676,1676,train,8,5.350446953083346,5.046006538560112,4.870876801345943,4.991053008870105,4.910625058695658,5.375018277689991,5.167373846935093,5.369349,5.450518441467552
1677,S. aureus,KLLKLLLKLWKKLLKLLK,1.651109857,18,4.348890143,1677,1677,train,3,4.448981269286251,5.2953656523707755,5.051918945573476,5.255527839911791,5.171658643712492,4.533240206240003,5.009262023589609,4.3785405,4.348890142872544
1678,S. aureus,KLLKLLLKLWLKLLKLLL,1.65698986,18,4.34301014,1678,1678,train,3,4.442906007946313,5.382452968513959,5.114080439218613,5.327448632286421,5.219635043540471,4.654829447719996,4.971992656171996,4.4535832,4.343010141692769
1679,S. aureus,KLLKQWPIGKLLKKLLKKLLK,-0.704205049,21,6.704205049,1679,1679,train,9,6.604054607820419,5.545395954095285,4.97099376236098,5.300869814482304,5.066587683596858,6.452650559760006,5.580124311447894,6.570192,6.70420504882968
1681,S. aureus,KLLKRIKTLL,1.291859017,10,4.708140983,1681,1681,train,4,4.7308862303271155,4.885285171880387,4.795423325355127,4.886410539178845,4.792712989096289,4.671041839830004,4.626602983791444,4.681992,4.708140982892404
1682,S. aureus,KLLKVIKKLL,0.876648067,10,5.123351933,1682,1682,train,6,5.023218864279468,5.292019849619823,4.854385792404528,5.326737978587494,4.864860848983444,4.972208195139995,4.860369476526154,5.09589,5.1233519324519055
1683,S. aureus,KLLKWLKKLLK,0.549481559,11,5.450518441,1683,1683,train,8,5.350343759620855,5.048276398305978,4.869904068292829,5.0390626144747666,4.908083243194593,5.377659348549993,5.245506768565014,5.4230967,5.450518442405819
1684,S. aureus,KLLKWLLK,1.380333904,8,4.619666096,1684,1684,train,4,4.719801838787236,4.946832260832746,4.855129803374133,4.96347046292302,4.8546301500318485,4.6276496207100015,4.717519039656141,4.608593,4.619666097299975
1685,S. aureus,KLLKWLLKL,0.428956434,9,5.571043566,1685,1685,train,8,5.471101366127223,5.099205877613731,4.906281128107038,5.053091190504947,4.928928672324341,5.238460275500004,4.970346866542491,5.5174146,5.571043564003066
1686,S. aureus,KLLKWWKKLL,1.079181246,10,4.920818754,1686,1686,train,5,4.820639812220469,5.6964144215003625,4.913142898029383,5.689074739701485,4.957051667613878,5.059746946819995,5.262889427801753,5.029349,4.920818753522103
1687,S. aureus,KLLLKLKLKLLK,1.698970004,12,4.301029996,1687,1687,train,2,4.400886234653803,4.449394307921252,4.877767526851565,4.546193813023364,4.899893347631996,4.460472344480003,4.741546158576779,4.3525057,4.301029995287219
1688,S. aureus,KLLLKLKLKLLKGWKRKRFG,1.397940009,20,4.602059991,1688,1688,train,4,4.702142538117642,4.959774606157383,4.949271300900953,4.855132686788465,5.047448887276524,4.778006182369995,4.862053372940499,4.6334925,4.602059990991665
1691,S. aureus,KLLNLLPGLLAGIF,1.096910013,14,4.903089987,1691,1691,train,5,4.802940490606037,4.488412710344158,4.717008861248231,4.612621193463449,4.6695766612102085,4.795809348899995,4.615531337162409,4.8789306,4.903089987041469
1692,S. aureus,KLPKLPWKPKK,1.271841607,11,4.728158393,1692,1692,train,4,4.732277063731858,4.687401642251091,4.494805802613127,4.723621426348928,4.464869491902826,4.636223686490001,4.483860229666015,4.6726875,4.728158392986694
1694,S. aureus,KLPLLPWLPKK,1.806179974,11,4.193820026,1694,1694,train,2,4.293974772879555,5.021713140587625,4.611529301260586,4.9520335399947895,4.658094486522352,4.337437062240005,4.724111804700433,4.2733235,4.19382002609756
1695,S. aureus,KLPLLPWLPLK,1.806179974,11,4.193820026,1695,1695,train,2,4.293974586025439,4.92006118108579,4.66290263884873,4.872428747546801,4.71250105303564,4.3463194608500055,4.658916445793364,4.2853556,4.193820026083545
1696,S. aureus,KLRKLFRKLLKLIRKLLR,0.835637068,18,5.164362932,1696,1696,train,6,5.0640735600633375,5.138853224896327,5.003014415451051,5.163920127599487,5.107664778091467,5.103886079620003,5.093156971582586,5.154889,5.16436293183661
1697,S. aureus,KLRRLIRLL,1.626891983,9,4.373108017,1697,1697,train,3,4.472991678981203,4.617191961756147,4.85915037654642,4.557587336831907,4.898170450105304,4.511650685649996,4.752633349252105,4.3723063,4.373108016908624
1698,S. aureus,KLRRWVRWI,1.580834064,9,4.419165936,1698,1698,train,3,4.519042422151551,4.846387910644506,4.904795420790075,4.902425649583412,4.969676938795803,4.747475910920005,5.172400292668891,4.6239476,4.419165936719136
1699,S. aureus,KLRRWVRWL,1.279804069,9,4.720195931,1699,1699,train,4,4.732185179064722,4.720794758751612,4.903515508878082,4.781448772655315,4.966332444715454,4.8073750828299975,5.112310947330758,4.7539535,4.720195930681447
1700,S. aureus,KLSPSLGPVSKGKLLAGQR,1.819543936,19,4.180456064,1700,1700,train,2,4.280549064426091,3.8533745382301947,4.550927308896959,3.670801799057701,4.551777940656525,4.297279488749998,4.459353521266109,4.192709,4.180456063972774
1701,S. aureus,KLVKRFKKFFRKLKKS,1.494508212,16,4.505491788,1701,1701,train,3,4.605480934295602,4.42978437066133,4.8527633258504155,4.478615445922708,4.938787775778822,4.5358801366799915,4.774743471481873,4.489761,4.505491788316799
1702,S. aureus,KLVKWIIKTVNKFTKK,1.342422681,16,4.657577319,1702,1702,train,4,4.7324756065430025,5.197767766712204,4.848946310379859,5.084004483701763,4.879633423156342,4.793818271959996,4.929467605652051,4.7014236,4.657577319069377
1703,S. aureus,KLWKKWKKWLK,0.669006781,11,5.330993219,1703,1703,train,7,5.231176842110527,4.792090780326337,4.872896684902326,4.811227808899545,4.94314843676578,5.202140828259998,5.131948083721831,5.2784295,5.330993217543775
1704,S. aureus,KLWKLWLKWLK,0.669006781,11,5.330993219,1704,1704,train,7,5.231167141710161,4.966729581634088,4.98167915166256,5.057758426565334,5.066787321464101,5.240533438029997,5.214686038725521,5.2474318,5.330993218869913
1705,S. aureus,KLWLLWLKWLL,1.630088715,11,4.369911285,1705,1705,train,3,4.470076875198633,5.447371912008243,5.090247782985038,5.450910397998706,5.172412775070967,4.670766692220001,5.201198663050798,4.534125,4.369911285076877
1706,S. aureus,KMDSRWRWKSSKK,1.365771941,13,4.634228059,1706,1706,train,4,4.732277062910382,4.634228059030088,4.402410296905529,4.634798483360034,4.377575061739884,4.545110532230004,4.5212174216897205,4.6284647,4.634228058924081
1707,S. aureus,KMWSKILGHLIR,1.620136055,12,4.379863945,1707,1707,train,3,4.479584866476387,4.702409634127643,4.750314324116277,4.756261592371475,4.785215016748445,4.473356757220004,4.644648748194414,4.427178,4.379863945046598
1708,S. aureus,KNKRKRRRRRRGGRRRR,1.726067654,17,4.273932346,1708,1708,train,2,4.374055963968999,4.802757089969342,4.561258759102295,4.676477791281903,4.5672690070680435,4.435609835309996,4.213606014862466,4.3076296,4.273932345997724
1709,S. aureus,KNLRRIIRKIIHIIKKYG,2.119617501,18,3.880382499,1709,1709,train,1,3.980537707946568,4.990217901891214,4.897735915394342,5.336920675891133,4.996864675360486,4.291207525560003,4.798350177483059,4.024656,3.8803824992436424
1710,S. aureus,KNVNSIVKIQAFFRARKAQDDYR,0.662757832,23,5.337242168,1710,1710,train,7,5.237086880628132,5.465855085133087,4.719409142996903,5.596914690453323,4.726974973240919,5.110867974279996,4.976757929769051,5.3249135,5.337242167958596
1714,S. aureus,KNWKGIAGMAKKLLGKNWKLM,1.164352856,21,4.835647144,1714,1714,train,5,4.735812858019036,4.870486658063867,4.775745885867241,4.824940582973456,4.79060377249641,4.7753767552500035,4.901482232921969,4.8334637,4.835647143948022
1715,S. aureus,KQFRIRVRVIRK,0.875337427,12,5.124662573,1715,1715,train,6,5.0244894706658245,5.571140351311479,4.801504277258876,5.347466091870801,4.792719935829714,5.134771519580007,4.983570577617688,5.114607,5.124662573057728
1716,S. aureus,KQIKIWFQNKKMKWKK,2.408239965,16,3.591760035,1716,1716,train,0,3.69158342371627,3.918836042961143,4.832075089140146,3.989539183816282,4.839803651405879,3.8579232119099967,4.114243628658896,3.6404216,3.5917600350732144
1718,S. aureus,KQLIRFLKRLDRNLWGLA,1.041392685,18,4.958607315,1718,1718,train,5,4.858761929965231,4.550933204122626,4.743023665897189,4.776435742973549,4.754753989730509,4.863780458529998,4.720543900325926,4.9296227,4.95860731499582
1720,S. aureus,KQWRIRVAVIRA,1.330271572,12,4.669728428,1720,1720,train,4,4.7322770629105495,4.823494826159058,4.758102987343461,4.713949365679277,4.715608267096955,4.656771971439999,4.807557406292806,4.677557,4.669728428050577
1721,S. aureus,KRFKKFFKKLKKFVKKGFKKFAKV,0.472103819,24,5.527896181,1721,1721,train,8,5.427745739828142,5.223427792065036,5.008609353772096,5.147531683581078,5.143828342439217,5.2988960820700015,5.104513798123221,5.502224,5.527896180696953
1722,S. aureus,KRFKKFFKKLKNSVKKRAKKFFKK,0.740649333,24,5.259350667,1722,1722,train,7,5.159259533021694,5.37370159973003,4.9587538977636925,5.108288868587371,5.075305501582918,5.073230596479993,4.924938618489677,5.2805195,5.259350667010134
1723,S. aureus,KRFKKFFKKVKKSV,1.852355602,14,4.147644398,1723,1723,train,2,4.247579651501796,4.825808297823835,4.781698613821528,4.853911122361264,4.821827486234769,4.403627778500004,4.716925545199117,4.2139254,4.147644398180317
1724,S. aureus,KRFRIRVRVIRK,0.566753181,12,5.433246819,1724,1724,train,8,5.333475689727192,5.030006091537,4.818492113819624,5.031326016618841,4.8358867852168546,5.381248085579997,5.0054774869785685,5.4559646,5.43324681884483
1725,S. aureus,KRFWPVVIRTVVAGYNLYRAIKKK,0.082675954,24,5.917324046,1725,1725,train,9,5.816921707166763,5.8070363309344,5.011438099226269,5.828461902095182,5.1101174809169425,5.729360341339991,5.43168088655332,5.8959703,5.917324045740887
1726,S. aureus,KRFWQLVPLAIKIYRAWKRR,0.602059991,20,5.397940009,1726,1726,train,7,5.297893900837837,5.317750592760656,4.990180565577322,5.324371370671038,5.083391476202897,5.358533301710005,5.067796250102803,5.3530827,5.397940009087163
1727,S. aureus,KRGKQGGKVRAKAKTRSS,1.216618553,18,4.783381447,1727,1727,train,4,4.732277062911727,4.487044258347915,4.474541126207449,4.45017785687832,4.411827402601433,4.744024630310005,4.546476849157291,4.747391,4.783381447021013
1728,S. aureus,KRIGLIRLIGKILRGLRRLG,1.31915252,20,4.68084748,1728,1728,train,4,4.732277062919778,5.106796024941962,4.8431732929515485,4.990676468311348,4.930483987860955,4.866409897810004,4.907545825122254,4.7466135,4.680847480084047
1729,S. aureus,KRIKTLL,1.845250704,7,4.154749296,1729,1729,train,2,4.254884795909725,4.483929365204631,4.698078216493483,4.49695554312267,4.5807070079621015,4.160530263329997,4.258508119307281,4.1805573,4.154749296040741
1730,S. aureus,KRIMKLKMR,2.354108439,9,3.645891561,1730,1730,train,0,3.746054848497299,4.056159443973966,4.751524719992728,4.078331736913155,4.665556769798989,3.915583719919998,4.161599401298039,3.7013013,3.6458915610121543
1731,S. aureus,KRIRKRIKKWKR,0.602059991,12,5.397940009,1731,1731,train,7,5.2979295171821725,4.6043373596683645,4.729804463784849,4.515443288136245,4.672323615594088,5.001646066250005,4.604045998775237,5.2980785,5.397940008615391
1732,S. aureus,KRIRKRIKKWLR,0.602059991,12,5.397940009,1732,1732,train,7,5.2979283332936085,4.982672461361319,4.792122870893275,4.9476852335458466,4.825637532506975,5.139972056130006,4.945537952702904,5.3086996,5.397940009051798
1733,S. aureus,KRIVKLIKKWLR,0.477121255,12,5.522878745,1733,1733,train,8,5.423047409268475,5.471615304108175,4.880667503568263,5.503194668333715,5.065524322132542,5.442502127790004,5.436700967169863,5.481168,5.522878745064803
1734,S. aureus,KRIVKLILKWLR,0.812913357,12,5.187086643,1734,1734,train,6,5.086912887713154,5.570325279234709,4.93007708482145,5.616456656381473,5.121219531180461,5.240934420959998,5.422898766974546,5.2456317,5.187086643624248
1735,S. aureus,KRIVKRIKKWLR,0.477121255,12,5.522878745,1735,1735,train,8,5.422906551583999,5.359073319204572,4.836961940268632,5.392662719028532,5.015407210633338,5.445593919820006,5.30193462409042,5.517941,5.522878744868714
1736,S. aureus,KRIVQRIKDFLR,0.602059991,12,5.397940009,1736,1736,train,7,5.2981050493284725,5.081506512916824,4.6352754167032355,4.994790779154511,4.710386634183296,5.329791362740005,4.898679926881738,5.3726654,5.397940008989316
1737,S. aureus,KRIVQRIKDFLRNLVPRTES,1.568201724,20,4.431798276,1737,1737,train,3,4.531913421620535,5.161167419741382,4.58049125917856,5.373380831388179,4.614734070423576,4.53565935143,4.448760892746799,4.4062414,4.431798276048436
1738,S. aureus,KRIVQRIKDWLR,0.301029996,12,5.698970004,1738,1738,train,9,5.598795748161288,4.566153266407789,4.648172281993104,4.477782675796131,4.730237922264677,5.588119197299996,4.969860153004593,5.590938,5.698970003931894
1739,S. aureus,KRIVQRIKKWLR,0.477121255,12,5.522878745,1739,1739,train,8,5.423049070721834,5.321172487258725,4.831112261950643,5.367136553361428,4.992018225090336,5.434460180310006,5.356820988117184,5.548853,5.522878744924394
1740,S. aureus,KRKFHEKHHSHRGY,1.867762025,14,4.132237975,1740,1740,train,2,4.232296652763969,4.647493398665282,4.437074806716311,4.633526059861937,4.243829720702811,4.296477927310004,4.175911414511628,4.138951,4.132237975004363
1741,S. aureus,KRKIFLRTKILV,0.726998728,12,5.273001272,1741,1741,train,7,5.1728343353658435,4.53412528620448,4.834493940029418,4.4595744735652625,4.820043066253414,5.147003449199994,4.9844311238592915,5.236575,5.273001271975226
1742,S. aureus,KRKKRFKWW,0.414973348,9,5.585026652,1742,1742,train,8,5.48496181298704,5.068377694806667,4.755080599322854,5.121666270877024,4.687440622778325,5.279073889040004,4.881782104774478,5.4826527,5.585026652196035
1744,S. aureus,KRLFKKLLFSLRKY,0.562292864,14,5.437707136,1744,1744,train,8,5.337664666589733,5.347205755639946,4.879254358595255,5.337644363767584,4.915579432253799,5.307720043019994,4.979550862214591,5.4111943,5.437707136123644
1745,S. aureus,KRLRKFRNKIKEKLKKIG,1.787814567,18,4.212185433,1745,1745,train,2,4.312348555116462,4.223620491359619,4.730130531203139,4.434968577457134,4.655968571629364,4.213599102260002,4.290265466936156,4.191773,4.212185433013018
1746,S. aureus,KRLRRVWRRWR,0.698970004,11,5.301029996,1746,1746,train,7,5.200914077425903,5.154712942821886,4.830965714768839,5.113508001104337,4.878441999592882,5.224038370250005,5.076773339953045,5.2805753,5.301029995823532
1747,S. aureus,KRRGSVTTRYQFLMIHLLRPKKLFA,-0.531579503,25,6.531579503,1747,1747,train,9,6.431550601689987,5.738398536859417,4.9845946204090135,5.69257025201022,5.067893069498336,5.921598937499996,5.749257553262755,6.421242,6.53157950292231
1748,S. aureus,KRRKLAFRLFRLFLKLVLKK,1.204119983,20,4.795880017,1748,1748,train,4,4.73227719688962,5.241431160984289,5.029318108764251,5.182253148033693,5.127139377701197,5.013112843520002,5.196086012459352,4.9078765,4.795880017464484
1749,S. aureus,KRRKLIKILKLIAKLIRKKR,0.301029996,20,5.698970004,1749,1749,train,9,5.599196894721551,5.586772624334723,4.949455443583126,5.56856204403505,5.033190484378036,5.560113708869995,5.039288040808671,5.6221914,5.698970003837622
1750,S. aureus,KRRKLIKILKLIIKLIRKKR,0.301029996,20,5.698970004,1750,1750,train,9,5.599030927712019,5.5142659375042395,4.997437293143625,5.4833799420181855,5.097948629794989,5.563587308799994,5.13987756968229,5.610337,5.698970003566662
1751,S. aureus,KRRLFLFRLFRLFLRLFLKK,0.602059991,20,5.397940009,1751,1751,train,7,5.298103772871685,5.332376623838137,5.135691675628547,5.452283199383799,5.276331575579644,5.364835936810005,5.307989929942197,5.391814,5.397940008563517
1752,S. aureus,KRRLIARILRLAARALVKKR,0.903089987,20,5.096910013,1752,1752,train,6,4.996731835089864,5.608126700811759,4.875590433972126,5.574492775939275,4.935750754509544,5.1090246915600055,4.938145205057095,5.1111,5.096910013185096
1753,S. aureus,KRRLILRILRLAIRALVKKR,0.602059991,20,5.397940009,1753,1753,train,7,5.298094600584692,5.652611938740329,4.971257924907776,5.588838748754188,5.059023193114295,5.326671362280006,5.005189787577979,5.3321486,5.397940009022884
1754,S. aureus,KRRRRRR,0.954255151,7,5.045744849,1754,1754,train,6,4.945861246178715,4.481025179012938,4.4250875151858935,4.448158264175371,4.301367782858756,4.537578890990002,4.116882155336965,4.9937153,5.0457448487200365
1755,S. aureus,KRRWPWWPWRLI,0.652638292,12,5.347361708,1755,1755,train,7,5.247537934590143,5.441059987252863,4.928902572247472,5.373503215817741,5.06916947184179,5.405418181849999,5.403091756769721,5.36183,5.347361708100952
1756,S. aureus,KRRWRIWLV,0.784954047,9,5.215045953,1756,1756,train,7,5.115007493713934,5.2922414287575235,4.897368274809342,5.305802197317933,4.921927616085298,5.255358976230002,5.173645578489023,5.25921,5.215045952969082
1757,S. aureus,KRWRIRVRVIRK,0.255426577,12,5.744573423,1757,1757,train,9,5.644901132556218,5.213462497428188,4.830796562738799,5.193885941383757,4.854190050323902,5.596303744110006,5.113580649372685,5.6806817,5.744573423148376
1758,S. aureus,KRWWKWIRW,0.500602351,9,5.499397649,1758,1758,train,8,5.39953277177763,5.856342469828291,4.945122478072516,5.8107888463034945,5.012642174171915,5.5085207699300005,5.429730903400961,5.5139384,5.499397648757903
1759,S. aureus,KRWWKWWRR,0.45484486,9,5.54515514,1759,1759,train,8,5.445258892200957,5.62464479635859,4.895305382582051,5.466683335064248,4.97193394965153,5.494216697380007,5.3890829017824995,5.4569683,5.5451551403703
1760,S. aureus,KRWWRKWWR,-0.15490196,9,6.15490196,1760,1760,train,9,6.0545323971708465,5.371035364242781,4.867933552121297,5.113646292758491,4.900409554818932,5.785899272299999,5.351298022801488,5.9594507,6.15490195864487
1761,S. aureus,KRWWWWRFR,-0.15490196,9,6.15490196,1761,1761,train,9,6.055036578067181,5.193862833138658,4.951367279144846,5.167959864688783,5.00512020074496,5.9040112039,5.433668305057243,6.077922,6.154901959708616
1762,S. aureus,KSDVRRWRSRY,2.0,11,4.0,1762,1762,train,1,4.099834876253221,4.018245507013452,4.350113862669251,4.168331076957083,4.230058727152505,4.079357604689999,4.108505521914035,3.9888756,3.999999999926786
1764,S. aureus,KSLRRVWRSWR,1.77815125,11,4.22184875,1764,1764,train,2,4.321731581878112,4.590262016738827,4.695175055093948,4.749840232952144,4.754106680364562,4.366601899279998,4.824544094953175,4.268376,4.221848750010806
1765,S. aureus,KSLVRRWRSRW,1.477121255,11,4.522878745,1765,1765,train,3,4.62299230952447,4.4082083753889965,4.645110530631239,4.3898631982513,4.681704267597362,4.524227533830006,4.756835412731514,4.4903297,4.522878744912473
1766,S. aureus,KSRQWQWKIRRTWPIFSIRR,1.370145121,20,4.629854879,1766,1766,train,4,4.729689328649717,5.4483490719838645,4.93063517949286,5.336687757966144,5.0333928883876595,4.948967073619997,4.8859416689024435,4.6511965,4.629854879091987
1767,S. aureus,KTKQQFLIKAQTQLFKVFGYTL,-0.71219827,22,6.71219827,1767,1767,train,9,6.612425121769853,6.119254176841823,4.941002096662658,6.071377369586795,4.964929796912284,6.178974467550001,5.542648926969503,6.648886,6.712198269923087
1768,S. aureus,KTLLKKVLKAAA,0.954242509,12,5.045757491,1768,1768,train,6,4.945360655813796,4.9501274457589535,4.631798348312546,4.958380950126022,4.543048384373687,4.953594392020003,4.6544847620308065,4.975088,5.0457574910075165
1769,S. aureus,KTRNWFSEHFKKVKEKLKDTFA,1.955746467,22,4.044253533,1769,1769,train,1,4.144344849546157,3.9921118085785205,4.617032523622455,3.855590666725156,4.556919774239044,4.1994572999100015,4.424323141386008,4.0429835,4.04425353298135
1770,S. aureus,KVALGVAQNYLNPQQ,2.193124598,15,3.806875402,1770,1770,train,0,3.906968903666069,3.5696363746293285,4.514320913270856,3.748498886310289,4.232818678842161,4.095372294630002,4.137414016747647,3.846479,3.8068754019905655
1771,S. aureus,KVASVIGGL,3.084460739,9,2.915539261,1771,1771,train,0,3.015700758309257,3.084520646968283,4.5199780919804935,3.1704683527572364,4.086168879630941,3.298403946989998,3.3819557949889076,2.9297771,2.91553926091382
1772,S. aureus,KVFIATLVVSSFLLAKPPRV,2.068650943,20,3.931349057,1772,1772,train,1,4.031515113081831,4.540146380543813,4.872005597113947,4.6014393492817955,4.90303363509018,4.141520073039996,4.609753167410359,3.976695,3.9313490570438594
1773,S. aureus,KVFKRLEKLFS,2.0,11,4.0,1773,1773,train,1,4.100103853632754,3.828199452009979,4.641941361265686,3.9256068185996944,4.575502013970808,4.247867378029999,4.413999257247563,4.0098753,3.9999999999866573
1774,S. aureus,KVFKRLEKLFSKI,0.795880017,13,5.204119983,1774,1774,train,6,5.1042155542990395,4.833767846476851,4.685724268985156,4.754576021333772,4.660476924569053,5.189243263570001,4.793417535071832,5.184871,5.204119982705881
1775,S. aureus,KVFKRLEKLFSKIQNDK,2.0,17,4.0,1775,1775,train,1,4.099632622611189,4.318138286300712,4.576341056320068,4.22438410138017,4.497781354834931,4.1004122473699995,4.312900714077157,4.0357304,4.000000000130773
1776,S. aureus,KVFLGLK,1.687922706,7,4.312077294,1776,1776,train,3,4.412123087866476,4.138800510242932,4.660242914249609,4.168526776670986,4.668319658563745,4.226746512450003,4.344146897327005,4.309521,4.312077293991096
1777,S. aureus,KVLKAAA,1.255272505,7,4.744727495,1777,1777,train,4,4.733184701246588,4.887241387302613,4.484512335221777,4.774018591189314,4.306821687270588,4.632081933090004,4.49926962431925,4.7415543,4.744727494955608
1778,S. aureus,KVLKAAAKAALNAVLVGANA,1.698970004,20,4.301029996,1778,1778,train,2,4.400854846440902,4.421486710690384,4.608553207642356,4.498398660724308,4.516520567806265,4.310340776150005,4.398841562453445,4.2822247,4.301029996132327
1781,S. aureus,KVVFKVKFKKK,0.356046307,11,5.643953693,1781,1781,train,9,5.543889097548147,4.95081580781561,4.786415974156631,4.940953640477877,4.789884476986464,5.411664079960003,4.9828967117155605,5.5880017,5.643953692658329
1782,S. aureus,KVVKQWPIGKVVKKVVKKVVK,-0.383475137,21,6.383475137,1782,1782,train,9,6.283650094286412,5.34130587556794,4.93996356089099,5.16815328179839,5.020290931319732,6.290897408640002,5.5187947489904365,6.319602,6.383475136783757
1783,S. aureus,KVVVKWVVKVVK,2.0,12,4.0,1783,1783,train,1,4.099928192892079,4.94492330307724,4.928625015087533,4.85469939372965,4.963224464502099,4.598137825300001,5.117391475076845,4.195501,4.000000000176783
1784,S. aureus,KWAKKWKWFAKAAWKWYKK,1.590218687,19,4.409781313,1784,1784,train,3,4.5101671876895955,4.818752163860704,4.955541642541345,4.873039009298945,5.067030535601036,4.720530459309997,5.139849495673196,4.5006633,4.4097813131567225
1785,S. aureus,KWARLWRWFRITRWLWYIK,1.558255956,19,4.441744044,1785,1785,train,3,4.541719684825748,5.154280820745289,5.161680832229209,5.1247706530202075,5.329753338749749,4.663551610780004,5.14908645655471,4.451044,4.441744044119612
1786,S. aureus,KWASLWNWFNITNWLWYIK,1.590074701,19,4.409925299,1786,1786,train,3,4.510069982408046,4.337987777282217,5.050929918128692,4.447531547905671,4.964426999781814,4.636899739940004,4.76001914797284,4.436789,4.409925298997946
1787,S. aureus,KWFKIQLQIKKWKNKK,1.505149978,16,4.494850022,1787,1787,train,3,4.594953855837293,4.698064158234856,4.8208782748474945,4.743581671340507,4.835700156830502,4.585412297249996,4.831044957709453,4.51366,4.494850022068715
1788,S. aureus,KWFKKIPKFLHLAKKF,0.494850022,16,5.505149978,1788,1788,train,8,5.405059218203676,5.265470870464215,4.882526773517782,5.301169390382327,4.958807987355814,5.498572817140005,5.272099546959926,5.51617,5.505149978796466
1789,S. aureus,KWFKKIPKFLHLLKKF,0.193124598,16,5.806875402,1789,1789,train,9,5.706842786213413,5.835244897963438,4.941154116938095,5.624830140847113,5.031886431496796,5.683940307359998,5.313375994625978,5.729243,5.806875399063921
1790,S. aureus,KWFKRLEKLFSKI,0.193124598,13,5.806875402,1790,1790,train,9,5.70704590066425,5.016718332240683,4.715184212649195,4.910563111558799,4.707780830842144,5.5464804362299995,4.883934504211709,5.737075,5.806875401958826
1791,S. aureus,KWFRVYRGIYRRR,1.187520721,13,4.812479279,1791,1791,train,5,4.732277062910382,5.3680370046676495,4.882684176039775,5.374007819140635,4.929803968835137,4.902313903510002,4.989695431106558,4.862781,4.812479279021279
1792,S. aureus,KWIKWIKWI,1.204119983,9,4.795880017,1792,1792,train,4,4.73227706291191,5.434410412175931,4.969306917421322,5.540704566171409,5.035289136934116,5.026311146480001,5.1955973397644595,4.8779826,4.795880016987379
1793,S. aureus,KWIRWVRWI,0.602059991,9,5.397940009,1793,1793,train,7,5.298106169287504,5.27441590883283,4.985602382803247,5.307911192301817,5.06314485773826,5.336345894850004,5.325005706113085,5.3133717,5.397940008689283
1794,S. aureus,KWKARKNFIKGSSLGWLIQLFRKR,1.334659996,24,4.665340004,1794,1794,train,4,4.732277062910382,5.321501477916076,4.935152792557527,5.163137473057065,5.022294549582815,4.87370333742999,5.137605882649494,4.76184,4.665340004111011
1795,S. aureus,KWKIFRRWW,0.194532384,9,5.805467616,1795,1795,train,9,5.705301998943195,4.864672957305312,4.920547415564547,4.8923963598757805,4.976562119688936,5.563088444449994,5.326863611968944,5.7167187,5.805467615710749
1796,S. aureus,KWKKFKKIGAVLKKL,1.204119983,15,4.795880017,1796,1796,train,4,4.732274957001057,4.746786044283638,4.796124880045049,4.745383616496803,4.837049509730978,4.8079029264600015,4.86449019117937,4.788013,4.795880016803801
1799,S. aureus,KWKKLLKKLLKLL,0.903089987,13,5.096910013,1799,1799,train,6,4.996824973125444,5.067616822859848,4.902554094298609,5.009938602047001,4.952953233502894,5.224151886520004,5.208447694577192,5.2008505,5.096910014234129
1800,S. aureus,KWKKLLKKLLKLLKKLL,0.602059991,17,5.397940009,1800,1800,train,7,5.297966596223361,5.382905592462665,4.976190135058909,5.347717012076405,5.049377963677137,5.381523692080006,5.2555530404058635,5.407705,5.39794001123249
1801,S. aureus,KWKKLLKKLLKLLKKLLK,0.602059991,18,5.397940009,1801,1801,train,7,5.297936066153988,5.135451214711283,4.978673414770483,5.219579960426954,5.064375111492698,5.343073122830009,5.20838202269764,5.3694186,5.3979400092971
1802,S. aureus,KWKKLLKKLLKLLKKLLKKLK,0.903089987,21,5.096910013,1802,1802,train,6,4.996962710292656,5.318119564448436,5.023798451488694,5.295839610668817,5.138808664322041,5.1464820072400075,5.271085006556177,5.140511,5.096910007123603
1803,S. aureus,KWKKLLKKLLKLLKKLLKKLKKLLK,0.903089987,25,5.096910013,1803,1803,train,6,4.996705071522558,5.489416348780131,5.110962368677303,5.515000521484851,5.270988286323232,5.125755157200007,5.4920771315537715,5.115635,5.096910016896351
1804,S. aureus,KWKKLLKKLLKLPKKLLKKLKKLLK,0.301029996,25,5.698970004,1804,1804,train,9,5.599076278818613,5.612187138483325,5.051371028312665,5.6081483349002275,5.205812687103501,5.556631633549996,5.539575241079623,5.6885805,5.698970002967241
1805,S. aureus,KWKKLLKKLLPLLKKLLK,0.301029996,18,5.698970004,1805,1805,train,9,5.599098611098626,5.249327762713187,4.929532002670191,5.520258703367123,5.007769590538403,5.617453698689993,5.268198548173384,5.6851516,5.698970004434616
1806,S. aureus,KWKKLLKKPLKLLKKLL,0.301029996,17,5.698970004,1806,1806,train,9,5.598826158287711,5.526561354750528,4.889077096415708,5.444614132340994,4.947912016887589,5.6220681956699945,5.20549109222647,5.631199,5.69897000467772
1807,S. aureus,KWKKLLKKPLKLLKKLLK,0.301029996,18,5.698970004,1807,1807,train,9,5.598842118371635,5.235678559008306,4.895486384977717,5.341038472091038,4.967419624842624,5.6496559623499945,5.226494323621201,5.672243,5.6989700046784355
1808,S. aureus,KWKKLLKKPLLKK,1.096910013,13,4.903089987,1808,1808,train,5,4.803205665259531,5.031020761156018,4.721356480790359,4.953331933778554,4.719192784794294,4.905948535879995,4.8487586618543155,4.8928056,4.9030899867329145
1809,S. aureus,KWKKPLLKKLLKKL,0.795880017,14,5.204119983,1809,1809,train,6,5.104113425496134,4.815865452249587,4.776527495113411,4.854192493646041,4.793333576975726,5.195376647489999,5.048405925112639,5.24556,5.204119982054293
1810,S. aureus,KWKLFKGIRAVLKVL,0.647987493,15,5.352012507,1810,1810,train,7,5.2518534415057445,5.279318268961444,4.889037257669643,5.304589738051614,4.942828219008284,5.185254853039996,5.0618882219760275,5.2397213,5.352012506661454
1811,S. aureus,KWKLFKKAVLKVLTT,0.903089987,15,5.096910013,1811,1811,train,6,4.996733437700702,5.140338452270015,4.841165003030998,5.151690788761339,4.848108205403033,4.844447313740006,4.987421429415951,5.059841,5.096910012948344
1812,S. aureus,KWKLFKKGAVLKVLT,2.301029996,15,3.698970004,1812,1812,train,0,3.799074615690253,4.601938504552029,4.78727332397551,4.672907431130871,4.807718738649719,4.052373020009996,4.827676340305383,3.8517437,3.698970004746619
1813,S. aureus,KWKLFKKGIGAVLKV,1.462397998,15,4.537602002,1813,1813,train,3,4.637426359453014,4.836607477705423,4.785909188145628,4.962094883886741,4.823449438492022,4.617577097149993,4.956382339348045,4.5655246,4.537602002187202
1814,S. aureus,KWKLFKKI,1.806179974,8,4.193820026,1814,1814,train,2,4.293994051607626,4.756647680808397,4.792158231648149,4.954299735888549,4.783502359279228,4.2390833047700065,4.659367567795317,4.243357,4.193820026422133
1815,S. aureus,KWKLFKKIFKRIVQRIKDFLRN,0.189980319,22,5.810019681,1815,1815,train,9,5.710149244280955,5.810324992314461,4.937263059440914,5.631020632471476,5.041850944612434,5.510975196649997,5.399724242648049,5.7611914,5.810019680930476
1818,S. aureus,KWKLFKKIGIGAVLKVLT,0.84509804,18,5.15490196,1818,1818,train,6,5.054737349722714,5.120391335940269,4.883419561291889,5.0324226114654085,4.923169248927827,5.068435518980003,5.095453535783653,5.167901,5.154901959649284
1819,S. aureus,KWKLFKKIGIGAVLKVLTTG,0.301029996,20,5.698970004,1819,1819,train,9,5.598854331068725,5.04021360720626,4.869483522793889,5.088540460626224,4.908103121657463,5.461643522909996,5.00081674780815,5.5962067,5.698970004028654
1820,S. aureus,KWKLFKKIGIGKFLHSAKKF,0.314393957,20,5.685606043,1820,1820,train,9,5.585767710621012,5.293102426053668,4.856372644989175,5.356309120651015,4.932009928333396,5.449001264150005,5.129070734038818,5.5892196,5.685606042852005
1823,S. aureus,KWKLFKKIGPGKFLHSAKKF,0.494850022,20,5.505149978,1823,1823,train,8,5.405439173423022,5.01765308299373,4.816585789284171,5.0361286959936304,4.885299808920968,5.281595206980004,4.948744968397002,5.497169,5.505149977969633
1824,S. aureus,KWKLFKKIKFLHSAKKF,0.494850022,17,5.505149978,1824,1824,train,8,5.405251023797588,5.261886521947769,4.858871877970342,5.180996105058708,4.943487638151186,5.416832605990004,5.232244433696801,5.4481916,5.5051499782422155
1825,S. aureus,KWKLFKKILKFLHLAKKF,0.494850022,18,5.505149978,1825,1825,train,8,5.405133731636348,5.730690731326963,4.987589976403024,5.653728941019965,5.081883467018177,5.458280003730003,5.363411798498281,5.4723787,5.505149977615498
1826,S. aureus,KWKLFKKIPFLHLAKKF,0.494850022,17,5.505149978,1826,1826,train,8,5.404984322817096,5.281129135280168,4.931078077361812,5.273419140990496,4.9832417649732434,5.503405465180005,5.2633348353252725,5.481181,5.505149977569443
1827,S. aureus,KWKLFKKIPHLAKKF,0.795880017,15,5.204119983,1827,1827,train,6,5.104290484251027,4.989140650292211,4.818700673143091,4.799595615806601,4.859247668670498,5.210504634220001,5.018021664575225,5.2020755,5.20411998291713
1828,S. aureus,KWKLFKKIPKFLH,0.795880017,13,5.204119983,1828,1828,train,6,5.103953238939737,5.585170985004675,4.839482900708237,5.598491576620735,4.887551844396895,5.217731472720001,5.195773911372297,5.1866145,5.204119983017991
1829,S. aureus,KWKLFKKIPKFLHL,0.795880017,14,5.204119983,1829,1829,train,6,5.104019058445029,5.733392315133829,4.883128205193354,5.708463436124714,4.941896399654672,5.248517106280001,5.193834024621711,5.244847,5.204119983106551
1830,S. aureus,KWKLFKKIPKFLHLA,0.795880017,15,5.204119983,1830,1830,train,6,5.104286214964,5.357231406123301,4.866413754261292,5.401951399317294,4.920380488086206,5.237778026770001,5.108856721069344,5.2255845,5.20411998283498
1831,S. aureus,KWKLFKKIPKFLHLAK,0.494850022,16,5.505149978,1831,1831,train,8,5.405158446021023,5.214578550991449,4.870833683876921,5.324897533595158,4.93824406083661,5.376312782480005,5.178074544154792,5.466513,5.505149977418597
1832,S. aureus,KWKLFKKIPKFLHLAKK,0.494850022,17,5.505149978,1832,1832,train,8,5.404610859457706,5.475302139441974,4.8769692671184535,5.447108558650027,4.9520624902461154,5.313063361240004,5.1532746540881895,5.521007,5.505149977044787
1833,S. aureus,KWKLFKKIPKFLHLAKKF,1.136986768,18,4.863013232,1833,1833,train,5,4.962609905103267,5.634018148722434,4.92643411326595,5.493787723735428,5.008029372777665,5.1266297836600065,5.338862960077734,5.155227,4.863013242338995
1834,S. aureus,KWKLFKKIPKFLHSAKKF,0.494850022,18,5.505149978,1834,1834,train,8,5.405361737362845,5.246767647849019,4.843753292119443,5.421324088276393,4.934182283150841,5.406918182550004,5.211841722927773,5.480366,5.50514997761412
1835,S. aureus,KWKLFKKIPLAKKF,0.795880017,14,5.204119983,1835,1835,train,6,5.104005669084337,5.137988077751339,4.808458626970823,5.171288908075264,4.8335393262544235,5.169714939089999,5.06771401388821,5.1843944,5.20411998222387
1836,S. aureus,KWKLFKKIPLHLAKKF,0.494850022,16,5.505149978,1836,1836,train,8,5.404653158980409,5.282880296787221,4.860257954592686,5.272204067346065,4.910608984035558,5.418518335330004,5.136121140393786,5.440793,5.505149977944899
1837,S. aureus,KWKLFKKIPLKKF,1.096910013,13,4.903089987,1837,1837,train,5,4.803255042624827,5.532920841275976,4.816908266005047,5.394890345731899,4.829997691544407,5.084747829669995,5.011435522239227,4.976546,4.903089987333328
1838,S. aureus,KWKLFKKISKFLHLAKKF,0.795880017,18,5.204119983,1838,1838,train,6,5.103946048464367,5.462370066097867,4.923287672897001,5.399689219225081,5.010968441295569,5.245625082270001,5.326559436275353,5.236465,5.204119983161249
1839,S. aureus,KWKLFKKLKVLTTGL,1.707570176,15,4.292429824,1839,1839,train,2,4.39229290438289,4.661658181464593,4.831593686435538,4.722650394010639,4.859770994598556,4.431752376830004,4.867349051917214,4.2971163,4.292429824248014
1840,S. aureus,KWKLFKKVLKVLTTG,0.903089987,15,5.096910013,1840,1840,train,6,4.9970821765899265,4.863806594081577,4.851273481168034,4.964081798451649,4.877131859694657,4.9785376888400075,4.831249028562535,4.9923944,5.096910012743519
1841,S. aureus,KWKLFLGILAVLKVL,1.264288175,15,4.735711825,1841,1841,train,4,4.732277113448011,5.353626026932356,4.959300761871177,5.4881076626119984,5.017513842847476,4.938597461880005,5.002804747643548,4.8673277,4.73571182561233
1842,S. aureus,KWKLKKHIGIGKHFLSAKKF,1.806179974,20,4.193820026,1842,1842,train,2,4.293807362930476,5.183288232689251,4.816913299868818,5.168610237348088,4.879725302092641,4.559357633910007,4.756223707400578,4.2958674,4.193820026209292
1843,S. aureus,KWKRWWWFR,1.210318041,9,4.789681959,1843,1843,train,4,4.7322784985429855,5.005689295213904,4.935763374690848,5.047155344359342,4.987157386653614,5.145962439160004,5.277225352572141,4.8947787,4.789681959334828
1844,S. aureus,KWKSFIKKLTKKFLHSAKKF,-0.82287798,20,6.82287798,1844,1844,train,9,6.723034709480271,5.238801598366183,4.849107062409039,5.185654479900039,4.945510959751478,6.106762413340001,5.400978814507235,6.615889,6.8228779796988634
1845,S. aureus,KWKWKWKW,1.096910013,8,4.903089987,1845,1845,train,5,4.8032057878261485,5.2417689826408385,4.887734024333229,5.243711906900283,4.9584498680312645,4.8338129108799945,4.9092539152481605,4.916248,4.903089985840832
1846,S. aureus,KWKWKWKWKW,1.096910013,10,4.903089987,1846,1846,train,5,4.802985855296216,5.294635935731026,4.9419863448869155,5.273341136204192,5.045922222673449,4.960921162609993,5.145511788095122,4.9548664,4.903089987971918
1847,S. aureus,KWKWWKWK,0.971971276,8,5.028028724,1847,1847,train,6,4.927461757814215,4.885290603893896,4.825544932975102,4.959262914329744,4.795945678515813,4.895935771930004,4.894207779248911,5.034618,5.028028723738689
1848,S. aureus,KWKWWWRKI,0.079181246,9,5.920818754,1848,1848,train,9,5.820678256242206,5.264317558962903,4.924351386385244,5.3294316166876765,4.9771732954269465,5.811234733279999,5.513329856524832,5.8938494,5.920818753894352
1849,S. aureus,KWLKKLLKKLL,0.549481559,11,5.450518441,1849,1849,train,8,5.3505963028633055,5.083676012288896,4.856307746896292,5.073014490869582,4.866003251436601,5.378301299269995,5.1744882548320845,5.4691267,5.450518440450683
1850,S. aureus,KWLKKWL,1.902539997,7,4.097460003,1850,1850,train,2,4.197571951199737,4.5720789975250415,4.844332608401091,4.7310483720447625,4.8525553237380255,4.126928585999997,4.509126634437437,4.114327,4.097460002863825
1851,S. aureus,KWLKKWLKWLKK,0.801389747,12,5.198610253,1851,1851,train,6,5.098415030226943,4.9402492673474425,4.914020701263914,4.942960615713439,4.992384230859356,5.214103109920007,5.104038608814796,5.1938868,5.198610252070282
1852,S. aureus,KWLLKWL,1.784163133,7,4.215836867,1852,1852,train,2,4.3158920390247895,4.592359581451099,4.942888442641737,4.609811125114858,4.981498697316292,4.317176762190004,4.57673244453279,4.248827,4.215836867337377
1853,S. aureus,KWRQWQSKWRRTNPWFWIRR,0.741373686,20,5.258626314,1853,1853,train,7,5.158452587622471,4.915611785529638,4.974332042880386,4.91059742512426,5.113876888943154,5.192559126730006,5.153135490518202,5.2218213,5.258626313949556
1854,S. aureus,KWRRAVRAI,1.743447987,9,4.256552013,1854,1854,train,2,4.356541869431249,4.481470920343594,4.68338258995193,4.387870146611701,4.581574432435615,4.324617004659993,4.524898188244014,4.3454885,4.256552013006446
1856,S. aureus,KWRRWIRWW,0.624265047,9,5.375734953,1856,1856,train,7,5.275900119549902,4.959519005755208,4.966485986130481,5.109805733529168,5.069993048705555,5.339785186080002,5.389560506815046,5.3887916,5.375734953402913
1858,S. aureus,KWRRWVRWL,0.955252392,9,5.044747608,1858,1858,train,6,4.944908249560978,4.914963858461473,4.930758983085935,4.993859500434572,5.008356400338036,5.115328505940006,5.28776812518669,5.0763245,5.044747608315693
1859,S. aureus,KWWKIWRWR,1.044333743,9,4.955666257,1859,1859,train,5,4.855838416934946,4.8947701148278835,4.929964664143347,4.8942336950937575,4.985202727103578,5.168415866710003,5.266712334104498,5.0267286,4.955666257537588
1860,S. aureus,KWWKKWWKWWKKWWKK,0.397940009,16,5.602059991,1860,1860,train,8,5.501978802324643,5.159439844614031,5.089870730130623,5.272806151608079,5.254417078100778,5.445691865829997,5.264289801473866,5.484842,5.6020599884797555
1861,S. aureus,KWWKWWKKWWKK,0.903089987,12,5.096910013,1861,1861,train,6,4.996884374914716,5.141743218921033,4.980499405814272,5.253676122226787,5.090441134718896,5.1474677579100065,5.285224856115888,5.172981,5.09691001656174
1863,S. aureus,KYKKALKKLAKLL,1.01518911,13,4.98481089,1863,1863,train,5,4.884928767053746,5.102244072732707,4.753414198897222,4.976900104806177,4.729575885911761,4.904099256220003,5.065968012716347,5.019867,4.984810890098605
1864,S. aureus,LAAKLTKAATKLTAALTKLAAALT,2.06069784,24,3.93930216,1864,1864,train,1,4.039396957061002,5.114741090672923,4.737254937203585,5.149276058336385,4.734784041254216,4.251268222850005,4.555830598429811,4.0247464,3.9393021600342633
1865,S. aureus,LALERRSGWLRLFGLKPRRKH,1.096910013,21,4.903089987,1865,1865,train,5,4.802944136064202,5.179115699787142,4.765060776398172,5.284695709653501,4.8423585595311565,5.011441181879995,5.039742704054922,4.956719,4.9030899870058935
1866,S. aureus,LALKSGGWLRLFGLKDKKH,1.230448921,19,4.769551079,1866,1866,train,4,4.732277062910382,5.2905737112606985,4.709705094247022,5.221065892731287,4.669185657275029,4.761996194599998,4.929075191427623,4.7432647,4.769551078998796
1867,S. aureus,LDPKVVQSLL,2.301029996,10,3.698970004,1867,1867,train,0,3.798796697617152,4.346836221264201,4.327521717573164,4.326439233497667,4.283059332860175,3.8655610437299956,3.7571312283067297,3.709792,3.698970003974249
1868,S. aureus,LFGFLIKLIPSLFGALSNIGRNRNQ,0.350387936,25,5.649612064,1868,1868,train,9,5.549704530975775,5.3486391977673255,4.876373233841853,5.300601158523016,4.94465571291676,5.31020115483,5.237193549512079,5.5518775,5.6496120639454706
1869,S. aureus,LFGFLIPLLPHIIGAIPQVIGAIR,0.386085586,24,5.613914414,1869,1869,train,8,5.513796290681453,5.576469967496628,4.868307103894746,5.688622890551332,4.8804750239921235,5.239462532270003,5.003557403980987,5.5824747,5.613914413942852
1870,S. aureus,LFGLIPSLIGGLVSAFK,1.460393683,17,4.539606317,1870,1870,train,3,4.639475466207265,4.606852410342337,4.763951994224275,4.6960061821618675,4.791854529916297,4.616095859869996,4.796583004830078,4.5861487,4.53960631699654
1873,S. aureus,LFHAGKMIH,1.977455997,9,4.022544003,1873,1873,train,1,4.1226122134561995,4.115979051864288,4.612891934844412,4.275085838271977,4.562512671256578,4.068266510820003,3.9434091436889522,3.9881737,4.022544002962344
1874,S. aureus,LFKVASKVLPSVK,2.150039775,13,3.849960225,1874,1874,train,1,3.950125947340136,3.9944350823026484,4.675405672851598,3.9768736807086937,4.469613865613946,4.040606311890004,4.460401749454507,3.9225204,3.849960224988155
1875,S. aureus,LFRLIKSLIKRLVSAFK,0.947229066,17,5.052770934,1875,1875,train,6,4.952952642665019,4.856650333364788,4.882500108991184,4.8963699197110575,4.976060803112942,5.0978790042600055,5.0492185026922956,5.053504,5.052770933964337
1876,S. aureus,LFWKLLLKALRLWAKVL,0.754548718,17,5.245451282,1876,1876,train,7,5.145630642935684,5.330273504589911,5.045484391465926,5.2142907896916455,5.149507321821599,5.253425041899995,5.328428674412944,5.271529,5.2454512819189025
1877,S. aureus,LGALFRVASKVFPAVISMVK,1.477058667,20,4.522941333,1877,1877,train,3,4.623045186632755,4.507669752309572,4.803717849433968,4.504096107621015,4.727610259016315,4.510011590600004,4.394758237494654,4.4703937,4.522941332982789
1878,S. aureus,LGAWLAGKVAGTVATYAWNRYV,0.477121255,22,5.522878745,1878,1878,train,8,5.423044595781042,4.8664296463322065,4.783440893463749,4.858891840300974,4.806415055848978,5.1548536345600064,4.868076674539396,5.3796554,5.52287874494915
1879,S. aureus,LGGDNYGTFSGSNGNNFQHGSN,0.444817259,22,5.555182741,1879,1879,train,8,5.455056603835913,5.370507505162279,4.521077040034121,5.374888903892829,4.430778441279519,5.131184230900005,4.696458027179838,5.528277,5.55518274095296
1880,S. aureus,LGRKIAHGVKKYGPTVLRII,0.954732388,20,5.045267612,1880,1880,train,6,4.945402944418305,4.949845588894705,4.809591890984989,4.957496547888448,4.892400984153309,4.891402576479993,4.8695729968296,5.0303006,5.04526761216043
1881,S. aureus,LHLIALRKK,1.76819873,9,4.23180127,1881,1881,train,2,4.331627847335739,4.629693995445354,4.715739363868133,4.707943040243229,4.689253091409892,4.333683715130004,4.451898809025386,4.202677,4.231801270076762
1882,S. aureus,LHRIALRKK,1.751405602,9,4.248594398,1882,1882,train,2,4.3484154560277375,4.383561942114375,4.639353218226399,4.497607709504261,4.517395526336322,4.268344198740006,4.287940955308045,4.2788577,4.248594398057986
1884,S. aureus,LIGSLVRGILPLF,1.660751561,13,4.339248439,1884,1884,train,3,4.439331967217315,4.844455838401982,4.76536729736428,4.828012806723953,4.807360773827628,4.536031090370003,4.776113748429703,4.3948026,4.339248439174892
1885,S. aureus,LIKHILHRL,2.641136642,9,3.358863358,1885,1885,train,0,3.4586071125937403,4.56990631984702,4.790664265462695,4.581205400846707,4.754061296331464,3.7125207888100027,4.151768937301499,3.4330254,3.358863358142242
1886,S. aureus,LIKHILHRLGGGFHFHLHF,1.43800409,19,4.56199591,1886,1886,train,4,4.662186552703169,4.659514534836062,4.9113318392133785,4.57605825415088,4.961290824897108,4.587718835330006,4.756727740554002,4.5691543,4.561995909979772
1887,S. aureus,LILGKLWKGVKSIF,0.933636174,14,5.066363826,1887,1887,train,6,4.965932779426501,4.933630786857702,4.79370502844066,4.864899183803601,4.865317491814443,5.106931229869995,5.018844414783618,5.1112285,5.06636382615137
1888,S. aureus,LIRGLFKSFWQVF,0.875061263,13,5.124938737,1888,1888,train,6,5.024763425021509,5.2026628536242505,4.868407574861334,5.113583428326331,4.9462098373332255,5.169785798669994,5.155829857055367,5.124257,5.124938737012289
1889,S. aureus,LKFLKFG,2.10720997,7,3.89279003,1889,1889,train,1,3.9929439843900316,3.925799459784952,4.756705694156009,3.9336348162060633,4.713391977824712,3.925864892310001,4.038825336095358,3.8800507,3.892790029978324
1890,S. aureus,LKIAKGIIKSL,1.92682194,11,4.07317806,1890,1890,train,2,4.173344668176927,4.293321874167489,4.6194201796723755,4.109627651855403,4.607946788203416,4.218782991999994,4.411056374667421,4.087937,4.073178060193783
1891,S. aureus,LKKAKKFGKAFV,2.574226373,12,3.425773627,1891,1891,train,0,3.5257049744925686,3.2399877552089276,4.652308958457337,3.3174789863806575,4.645413876414865,3.5295560515600055,3.8565535995843927,3.448028,3.425773627047221
1892,S. aureus,LKKLLKKL,2.698970004,8,3.301029996,1892,1892,train,0,3.4014378773609497,4.164971832019119,4.745138234406687,4.252216591451043,4.7195761237371965,3.524075700980005,3.681046768793655,3.3182988,3.3010299966606156
1894,S. aureus,LKKLLKKLLKKL,1.750122527,12,4.249877473,1894,1894,train,2,4.349779849763061,4.52682826999168,4.823808772974039,4.562336522247245,4.838435553256326,4.244152071680005,4.43920851064536,4.1940303,4.249877473302894
1896,S. aureus,LKKLLKLLKKLLKLAG,1.301029996,16,4.698970004,1896,1896,train,4,4.7322770640958325,4.987554787996179,4.8609578269220926,4.970865676524294,4.903085302319388,4.690818375769994,4.945185641991288,4.732937,4.698970004246776
1897,S. aureus,LKKLLKWLKKL,0.804754064,11,5.195245936,1897,1897,train,6,5.095337333563005,4.818797783102644,4.876874102876422,4.79724031798472,4.932977034949185,5.224557900789996,5.198656684760845,5.2226324,5.1952459351788365
1898,S. aureus,LKKLLKWLLKLLK,0.882810956,13,5.117189044,1898,1898,train,6,5.017295594650795,5.135394428749587,4.955476951410202,5.08697934618868,5.012029250108046,5.182809098619995,5.292283577224155,5.1424966,5.1171890463786065
1899,S. aureus,LKKVLKAAA,1.255272505,9,4.744727495,1899,1899,train,4,4.733968941047828,4.6255863869669,4.5819724096927885,4.591981785292543,4.447863478571739,4.621449321730004,4.613796651508738,4.835,4.744727495202208
1900,S. aureus,LKKWLKK,2.326412575,7,3.673587425,1900,1900,train,0,3.7736684884457325,3.7101030032227484,4.697306196476543,3.701444662420786,4.587893332859096,3.8726596173499983,4.042457092858866,3.6826346,3.6735874247424936
1901,S. aureus,LKKWLKKWLKK,1.577542925,11,4.422457075,1901,1901,train,3,4.522339909596332,4.587138883898654,4.823430441415716,4.512974255945857,4.850141501811083,4.564329871040005,4.804140766728034,4.4869843,4.422457076514642
1902,S. aureus,LKLKAIAALAKKKW,1.180996884,14,4.819003116,1902,1902,train,5,4.732277369750624,4.928995059112418,4.720316772221294,4.767263810083271,4.709479884869051,4.856066893799994,5.070985465614893,4.8858685,4.819003116030382
1903,S. aureus,LKLKLFPLKLKLFP,0.743131831,14,5.256868169,1903,1903,train,7,5.1566939134369285,5.166595357982355,4.874447806353674,5.141873352570531,4.875975311091843,5.047127548009993,5.032032552099419,5.190099,5.256868168759714
1905,S. aureus,LKLKSIVSWAKKVL,1.293414314,14,4.706585686,1905,1905,train,4,4.7322770629103825,5.140612028113486,4.809756157908156,5.0121402246128754,4.949898699391879,4.759836013599997,5.043061423936683,4.725413,4.706585686038026
1906,S. aureus,LKLLKKLLKKLLKLL,0.903089987,15,5.096910013,1906,1906,train,6,4.997106157542986,4.99084743414526,4.957868097966187,5.006984616078033,5.01696681485852,4.955626058980006,4.938433515402962,5.007112,5.0969100027392935
1907,S. aureus,LKLLKWLLKLL,0.351216668,11,5.648783332,1907,1907,train,9,5.548794325773491,5.120920062870758,4.981105661262835,5.124747879899514,5.020588798909604,5.492677880049996,5.283814108443615,5.5924063,5.648783332340399
1908,S. aureus,LKLLLLKLLL,1.201258887,10,4.798741113,1908,1908,train,5,4.732264268025767,4.473269079196555,4.9514066317956225,4.6289943649935905,4.919548141457218,4.735514534210003,4.593359031359185,4.78477,4.798741113743714
1909,S. aureus,LKRIKTLL,1.498243077,8,4.501756923,1909,1909,train,3,4.601598584876957,4.52406160101103,4.7503086407938,4.69775397775074,4.727430522039268,4.327921969250004,4.326672449155021,4.4608393,4.501756922890807
1910,S. aureus,LKRRWKWWI,0.380211242,9,5.619788758,1910,1910,train,8,5.519219910228616,5.5897312011113955,4.927748953151714,5.423080411019696,5.016743018571846,5.51383111505001,5.189576189127194,5.5362816,5.619788757806303
1911,S. aureus,LKVVFKVLFK,1.067245768,10,4.932754232,1911,1911,train,5,4.83292873395267,5.0740753886302965,4.9280598255009975,5.1595239003564295,4.973893350875005,4.779672630159995,4.774011081443105,4.9333377,4.932754232130494
1913,S. aureus,LKWLKKLLKKL,0.549481559,11,5.450518441,1913,1913,train,8,5.350683626502487,4.697600547058363,4.863577646556409,4.669870289545076,4.89823251930305,5.359480813039995,5.171281469734214,5.3145137,5.450518438366578
1914,S. aureus,LKWLKKWLK,1.658997331,9,4.341002669,1914,1914,train,3,4.440579434587927,4.623937708286025,4.867761775741473,4.607872489487268,4.914446069055813,4.491351442119994,4.827536422564576,4.3378778,4.3410026690829895
1915,S. aureus,LKWLKWG,2.10720997,7,3.89279003,1915,1915,train,1,3.9929608159981385,3.6178115554849866,4.795155561859604,3.6651495666781186,4.777087817092534,3.9561351455800002,4.096926159895116,3.882073,3.892790029987255
1918,S. aureus,LKWRKMFRW,1.056968734,9,4.943031266,1918,1918,train,5,4.842855106140281,4.9257893026244375,4.9083792123679535,4.852656696954299,4.96058933505439,4.982123516799995,5.006591846272174,4.989347,4.943031265968844
1919,S. aureus,LLAAHLLAIGRR,1.453057705,12,4.546942295,1919,1919,train,3,4.646766100432005,5.071768668142225,4.6768402365044235,5.014997417305447,4.657141967452839,4.610766260320004,4.657501814850626,4.531666,4.546942295074193
1920,S. aureus,LLAIVGNLLKSLL,0.864316987,13,5.135683013,1920,1920,train,6,5.03579642927713,4.969346204468513,4.765679739870719,4.941707801322012,4.859011397628656,5.117058388930004,5.1112781304090555,5.1453853,5.135683013018405
1930,S. aureus,LLGSLLKLLPKLL,-0.107905397,13,6.107905397,1930,1930,train,9,6.008070571502128,5.0151289413253854,4.771178174088983,5.118023890254292,4.80516420940809,5.7579350686900055,5.24204370551291,6.0496054,6.107905396799481
1931,S. aureus,LLIILKKKWKKQAKAKSK,0.602059991,18,5.397940009,1931,1931,train,7,5.298034198159247,4.842927628121723,4.785657496995457,4.922356472327903,4.843246590517364,5.335052598840007,5.046358074649414,5.3554544,5.397940008890468
1932,S. aureus,LLIILRRRIRKQAHAHSK,0.84509804,18,5.15490196,1932,1932,train,6,5.0550670003284734,5.101618267751414,4.805824749316485,4.932186708985536,4.8821382459741995,5.188486153160005,4.948321351626478,5.1524262,5.154901959989015
1933,S. aureus,LLIILRRRWRKQAKAKSK,0.602059991,18,5.397940009,1933,1933,train,7,5.298046528902305,5.062297338726421,4.82603488879749,5.084629629264524,4.916709546008617,5.3771213631600085,5.06056370330779,5.3614774,5.397940008995598
1934,S. aureus,LLIILRRRWRKQARARSK,0.602059991,18,5.397940009,1934,1934,train,7,5.297924925918983,5.143226148116516,4.839920932754738,5.116614517072191,4.93697177933287,5.374005588030009,5.11182985815333,5.365254,5.397940008980398
1935,S. aureus,LLIILRRRWRRQARARSR,0.602059991,18,5.397940009,1935,1935,train,7,5.298009408590553,5.30052374579376,4.854830906241579,5.268310464641939,4.959909607921402,5.370393390700007,5.212386966326029,5.379544,5.397940009002773
1936,S. aureus,LLIRAAKKFIKK,1.795880017,12,4.204119983,1936,1936,train,2,4.304214116672536,4.883080384943847,4.753383493496314,4.741973053065209,4.753954926721799,4.383055028499999,4.703187142896931,4.303826,4.204119983220663
1937,S. aureus,LLKALKKLLKKLL,0.176091259,13,5.823908741,1937,1937,train,9,5.724013681318218,4.9183381558888,4.854364185837116,5.026954903513226,4.880824225832513,5.397491946360003,5.216011547460752,5.6763597,5.823908740183564
1938,S. aureus,LLKELWTKIKGAGKAVLGKIKGLL,1.767155866,24,4.232844134,1938,1938,train,2,4.332899398079406,4.849710251054414,4.755936773247761,4.770654148652759,4.841621922300715,4.432539288860003,4.520771349679248,4.278181,4.23284413423543
1939,S. aureus,LLKKALRLWKKVL,1.599597749,13,4.400402251,1939,1939,train,3,4.500566070617298,5.52878498567165,4.889387423942284,5.2949295866678066,4.944379599235631,4.708734822820001,5.240312113914022,4.634213,4.400402252225089
1942,S. aureus,LLKKLLKLLLKLLKK,1.397940009,15,4.602059991,1942,1942,train,4,4.6808774366396415,4.95056807386002,4.958208188845659,4.940370187650705,5.0299618489732065,4.6993864217899946,5.005186657705729,4.690697,4.602059991566336
1943,S. aureus,LLKKLLKWLKK,0.804754064,11,5.195245936,1943,1943,train,6,5.095308011526918,5.13325333391237,4.8703684934723235,5.019174917906453,4.9192534037873,5.218620024899995,5.15380372165818,5.2189503,5.195245932500317
1944,S. aureus,LLKKVLKAAA,1.096910013,10,4.903089987,1944,1944,train,5,4.803192768099244,4.813574496722395,4.645064988584017,4.759764765007642,4.5756462257123225,4.779434115839995,4.632696348435265,4.916536,4.90308998715651
1945,S. aureus,LLKLLKKLLKKLLKL,1.653212514,15,4.346787486,1945,1945,train,3,4.4466866883844025,4.979251085411968,4.957868097966187,4.992688297322576,5.026670706417185,4.515841364139996,4.947072893411505,4.4239545,4.346787490987337
1946,S. aureus,LLKLLKWLLKLLK,1.187842251,13,4.812157749,1946,1946,train,5,4.735417359370763,5.192186559513101,5.000797131764559,5.153919101514512,5.079392498463233,4.940827137539998,5.2796274689786085,4.897419,4.812157750626099
1947,S. aureus,LLKRIKTLL,1.737771454,9,4.262228546,1947,1947,train,2,4.362052222421119,4.772844474834238,4.8096311459847625,4.760237342083066,4.811826232203067,4.304599714770004,4.4237380616696855,4.277608,4.262228546200901
1948,S. aureus,LLKWLKK,2.33338146,7,3.66661854,1948,1948,train,0,3.7665197022959163,4.723484675793094,4.814810119655337,4.680778617180834,4.829879271145616,3.981962478220002,4.324740349533558,3.7430084,3.666618541060625
1949,S. aureus,LLKWLKKL,1.380333904,8,4.619666096,1949,1949,train,4,4.719775452579149,4.463662569485262,4.869417277203147,4.508496912470978,4.901150037581915,4.524402351160003,4.62244271040753,4.577016,4.619666096751116
1950,S. aureus,LLKWLKKLLKK,0.804754064,11,5.195245936,1950,1950,train,6,5.0951124971432895,4.912554583049376,4.863771461788796,4.805274484911482,4.902014925727446,5.168988712529997,5.180862593795327,5.186431,5.195245935012003
1952,S. aureus,LLKWLLK,1.437374011,7,4.562625989,1952,1952,train,4,4.662529440765512,4.790340858032726,4.89033851015365,4.859912680997845,4.8986504183697255,4.477657032210007,4.449836614800027,4.5359993,4.562625988444026
1954,S. aureus,LLKWLLKWLLK,0.457254939,11,5.542745061,1954,1954,train,8,5.443086071561421,5.080106365341438,5.005474660600861,5.190413541611997,5.074480065777488,5.3493291377900025,5.238248078751237,5.4861765,5.5427450605891275
1955,S. aureus,LLLFLLKKRKKRKY,1.238046103,14,4.761953897,1955,1955,train,4,4.732277062910382,5.077741523751294,4.917997365077845,5.175227767474061,4.982284727376578,4.816325902910005,5.069408158096589,4.763235,4.761953896998848
1956,S. aureus,LLLLLKKKKKKLLLL,1.698970004,15,4.301029996,1956,1956,train,2,4.401200185855138,4.799789567599626,4.9686778682857575,4.782614830001346,5.0477103201003,4.492302751640005,4.830768605673179,4.3010836,4.3010299960023195
1958,S. aureus,LLPIVANLLKALL,0.555706759,13,5.444293241,1958,1958,train,8,5.343835129485973,5.290832126537612,4.772928386247791,5.206071413543052,4.857937337241923,5.3575368039200075,5.065888208892067,5.3771186,5.444293240961736
1959,S. aureus,LLPIVANLLKSLL,0.55073925,13,5.44926075,1959,1959,train,8,5.349202017665224,4.847400408295973,4.728864336297689,4.820300742425739,4.835673902144975,5.354675321040005,5.129290053760842,5.4324727,5.449260749876854
1960,S. aureus,LLPIVGALLKSLL,1.170778751,13,4.829221249,1960,1960,train,5,4.732277069076092,5.2256661665659205,4.735375111835739,5.246910736208557,4.856280578439869,4.73315572487,4.8810929778274925,4.864314,4.829221249081309
1961,S. aureus,LLPIVGNLLKALL,0.861138984,13,5.138861016,1961,1961,train,6,5.03860388937931,5.329248478407149,4.793539499212296,5.397560797523226,4.868676124858626,5.1923663599100065,5.180325284008345,5.187401,5.138861015940053
1964,S. aureus,LLPIVGNLLKSLLGWKRKAFG,1.698970004,21,4.301029996,1964,1964,train,2,4.401134080834297,4.583190067606138,4.849795534028712,4.639327488240169,4.987706807493714,4.475888396970005,4.935740531214684,4.393793,4.3010299961030745
1966,S. aureus,LLPIVINLLKSLL,0.838969231,13,5.161030769,1966,1966,train,6,5.061133997463755,5.499905150426853,4.823783397194385,5.42997781286098,4.945650758289332,5.153026013079997,5.176665049104389,5.1814237,5.161030769025429
1967,S. aureus,LLPIVVNLLKSLL,0.843194134,13,5.156805866,1967,1967,train,6,5.056752240298358,4.845435744991974,4.818053512444931,4.832834984909332,4.9360469577076245,5.133487226310004,5.077559407081251,5.154231,5.156805865933144
1968,S. aureus,LLPPWLRPRNG,2.180927167,11,3.819072833,1968,1968,train,0,3.9190937664139405,4.341317561587873,4.570642917502102,4.369963937895795,4.554923875506832,4.043061897920004,4.384114556670969,3.8880725,3.8190728330231765
1970,S. aureus,LLQWLSKLLGRLL,0.352182518,13,5.647817482,1970,1970,train,9,5.547985709012174,5.4490419439043585,4.811384488089402,5.429346426560252,4.867623705762892,5.488904601520001,5.246995369116923,5.619658,5.647817481894803
1971,S. aureus,LLQWLSKLLGRWL,0.77815125,13,5.22184875,1971,1971,train,7,5.121672350354456,5.263947276650294,4.835860552804119,5.383682796437412,4.910045356942198,5.2294568426499985,5.07174253294283,5.2384424,5.221848750173008
1972,S. aureus,LLRHVVKILEKYL,0.187348074,13,5.812651926,1972,1972,train,9,5.712747498620567,5.015151011931235,4.800653419560447,5.0861419297218475,4.742878737873147,5.4380263059799985,5.114554322023508,5.723523,5.812651925938525
1974,S. aureus,LLRRVARLLKRFAK,0.662492395,14,5.337507605,1974,1974,train,7,5.23761481278045,4.711945267665053,4.838774189079203,4.722304723108429,4.898067160995903,5.168054165589996,5.02973174992099,5.310442,5.337507604919598
1976,S. aureus,LLWKALRLWWKVL,0.967287531,13,5.032712469,1976,1976,train,6,4.932875698113041,5.615523754346378,5.034062992816631,5.48311692633643,5.129574021554948,5.1194007433299955,5.317751770633508,5.116615,5.032712468803777
1977,S. aureus,LNLKGIFKKVASLLT,1.51851394,15,4.48148606,1977,1977,train,3,4.581843249026195,4.529223292629307,4.682736121291405,4.324600859342413,4.466458986304973,4.4496612692500035,4.576024832033664,4.4095607,4.481486059782265
1978,S. aureus,LNLKGLFKKVASLLT,1.77815125,15,4.22184875,1978,1978,train,2,4.321980681152127,4.219535555309796,4.661571309185726,4.152274029242017,4.453215968455723,4.317940307979998,4.576876457842627,4.224057,4.221848750243159
1979,S. aureus,LNLKGLIKKVASLLN,1.77815125,15,4.22184875,1979,1979,train,2,4.321747825747916,3.524020091213511,4.633357800318169,3.514447269184716,4.36777184372694,4.414065571729997,4.5826447039950455,4.3009167,4.22184875000973
1980,S. aureus,LNWGAALKHAAK,2.0,12,4.0,1980,1980,train,1,4.099804074303745,4.232774594280264,4.516351378976411,4.231427076627549,4.331415641832243,4.1468170203,4.3630615137398525,4.020607,4.000000000067489
1981,S. aureus,LNWGAFLKHFFK,1.336459734,12,4.663540266,1981,1981,train,4,4.732277062910382,3.941978566608549,4.776134645140351,3.917290480041537,4.725178635829002,4.659765416239997,4.596569578527357,4.61749,4.663540265980259
1982,S. aureus,LNWGAGLKHGGK,2.0,12,4.0,1982,1982,train,1,4.100167218225381,4.056755372670893,4.395118544272301,4.154050707292866,4.243464906533141,4.15926677102,4.159068104965356,3.9838185,3.9999999999664544
1990,S. aureus,LNWGAWLKHWWK,1.301029996,12,4.698970004,1990,1990,train,4,4.732277062910382,4.528369032772987,4.818248091151744,4.386323863220817,4.812406057176322,4.698753993569994,4.928723850210091,4.7304797,4.698970003976849
1993,S. aureus,LPFFLLSLIPSAISAIKKI,0.397940009,19,5.602059991,1993,1993,train,8,5.50215898093371,5.075617784253818,4.823056956906354,4.9105588564602165,4.8713894083762375,5.316865171529994,4.895451252635005,5.4481645,5.602059990695079
1994,S. aureus,LPKVMAHMK,2.0,9,4.0,1994,1994,train,1,4.100164328795519,3.687760090059271,4.619175685429473,3.676181653911303,4.532512209324042,4.109216364650001,4.210466218092513,4.005857,3.9999999999466733
1995,S. aureus,LPRRNRWSKIWKKVVTVFS,0.956377373,19,5.043622627,1995,1995,train,6,4.9437937540551085,5.13947092406222,4.8570165151050535,5.193099119489334,4.924967725602766,4.998215993949997,5.002487777096207,4.992617,5.043622627018246
1996,S. aureus,LPVLFKLASKVFPAVFSSLK,1.766429833,20,4.233570167,1996,1996,train,2,4.333745793335907,4.315595716262348,4.83343893966101,4.3709438181524805,4.767490831805449,4.265923287639997,4.594475126717154,4.2518024,4.2335701670348
1997,S. aureus,LPVVFRVASKVFPALISKLT,2.068650943,20,3.931349057,1997,1997,train,1,4.0315210142571045,4.396596727683931,4.832958657873453,4.320039907146958,4.764059986713749,4.126391095619995,4.505172468598313,4.062779,3.9313490571024094
1998,S. aureus,LQFPVGRVHRLLRK,0.968821798,14,5.031178202,1998,1998,train,6,4.9313442307528,4.869755535023974,4.793330393483971,5.058862709857599,4.816678192793595,4.990370353389993,4.963894286879992,4.9632645,5.0311782018529705
1999,S. aureus,LQKYYARVRGGRAAVLS,2.196494837,17,3.803505163,1999,1999,train,0,3.9033830788616215,3.9242653380977273,4.707902168449336,3.8896897088025355,4.692709443177019,4.156322803960002,4.399330059992192,3.822811,3.8035051630023604
2000,S. aureus,LQKYYWRVRGGRWAVLS,1.845987061,17,4.154012939,2000,2000,train,2,4.254157629513493,4.391696113140325,4.864444445074125,4.518962846460666,4.901547694961717,4.429790633199997,4.819733224638479,4.2065973,4.154012939053111
2001,S. aureus,LRAAHRLAIGRR,1.401160987,12,4.598839013,2001,2001,train,4,4.698716512200814,4.575344910064588,4.5873866434866315,4.48938592718902,4.479595619530872,4.596067707939994,4.492556581972371,4.590096,4.598839012961155
2002,S. aureus,LRALLRALLRAL,0.356058277,12,5.643941723,2002,2002,train,9,5.543846897171308,5.3398030764759605,4.804428966499419,5.3485130672914245,4.822525925911414,5.267069639470004,5.12011342588713,5.6245527,5.643941722771087
2003,S. aureus,LRFIKKILKKLI,-0.204119983,12,6.204119983,2003,2003,train,9,6.104254735572802,5.2717127517336335,4.9026651451720396,5.172145889078687,4.94737741429044,5.949586713530006,5.234414392447851,5.9396477,6.2041199824269775
2004,S. aureus,LRFILWWKR,0.204119983,9,5.795880017,2004,2004,train,9,5.695984638456079,5.748457123652209,4.981582246907649,5.7109230942336735,5.078220853026592,5.608293351959998,5.305227410692831,5.7481294,5.795880016968556
2005,S. aureus,LRFLKKALKKLF,-0.204119983,12,6.204119983,2005,2005,train,9,6.103985668102579,5.122463936255676,4.840478269261662,5.188119651411974,4.874842443905891,5.896013883490003,5.132530074111095,5.9828916,6.204119981710079
2006,S. aureus,LRFLKKILKHLF,0.176091259,12,5.823908741,2006,2006,train,9,5.723792842948249,5.394658364776698,4.918132559395576,5.398434939690119,4.981020755402887,5.725434092390008,5.131023498933806,5.7830467,5.823908741279177
2007,S. aureus,LRFLKKILKKLF,0.176091259,12,5.823908741,2007,2007,train,9,5.723893521309918,5.2033010142548415,4.913404013137455,5.107896744428483,4.97007505391018,5.765644291850004,5.1745031629315354,5.843407,5.823908741275127
2009,S. aureus,LRIIKKILKKLI,0.477121255,12,5.522878745,2009,2009,train,8,5.423151440747873,4.992117079832795,4.891363115965348,4.919072070563146,4.929214173850618,5.3948533613500045,5.0700838323059045,5.4633565,5.52287874470041
2011,S. aureus,LRILRRLLRRLF,0.795880017,12,5.204119983,2011,2011,train,6,5.10429093596678,5.157339425358665,4.941132711224341,5.173074495146755,5.01659416581455,5.23226519456,5.18254197072802,5.22488,5.204119982367241
2012,S. aureus,LRIVKLILKWLR,0.602059991,12,5.397940009,2012,2012,train,7,5.297632987268812,5.372183285866632,4.979536126801635,5.527276795968053,5.176097815301466,5.332750396530006,5.402571402098357,5.370289,5.397940009014008
2013,S. aureus,LRKAKKIAKKLF,1.397940009,12,4.602059991,2013,2013,train,4,4.7021219106471746,4.69809673509419,4.702150859295226,4.593085301130183,4.694442129375168,4.512649195999996,4.717824318799866,4.5603433,4.6020599910367395
2014,S. aureus,LRKFRNKIKEKLKKIGQKI,1.44870632,19,4.55129368,2014,2014,train,4,4.651457583841838,4.026735628764538,4.7591471371951615,4.170137117926929,4.728016248141415,4.484998633540001,4.6235058415821,4.478614,4.551293679577943
2015,S. aureus,LRKFRNKIKEKLKKIGQKIQG,1.991226076,21,4.008773924,2015,2015,train,1,4.108597930057088,4.238455368986427,4.7545274343838475,4.26100434348049,4.729183954979911,4.216407112390006,4.504584280840731,4.067643,4.0087739243188425
2016,S. aureus,LRKLKKILKKLF,0.795880017,12,5.204119983,2016,2016,train,6,5.104286354112798,5.287481942252765,4.853869921636609,5.24576347000155,4.8992935389763606,5.24435027458,5.13782881549629,5.3338647,5.204119983656027
2017,S. aureus,LRKLLLLLRL,1.408009954,10,4.591990046,2017,2017,train,4,4.692154993767255,4.731120804418748,4.942742056337395,4.796486128248873,4.994839375286228,4.714866363859996,4.936454040771784,4.646253,4.591990046934466
2018,S. aureus,LRKLRKRLLLRKLRKRLL,1.129837691,18,4.870162309,2018,2018,train,5,4.770327391043727,5.175732505458802,4.952127709138641,5.008221698841338,5.01890782710412,4.944117667850005,5.033963640400152,4.891406,4.870162308477558
2019,S. aureus,LRKLRKRLVRLASHLRKLRKRLL,0.738188556,23,5.261811444,2019,2019,train,7,5.161882782258824,5.2853015608151255,4.971506712952246,5.220169010298458,4.975066626281789,5.183983870799994,5.015637726966701,5.237721,5.261811443116105
2020,S. aureus,LRLKKRRWKYRVPP,0.625174995,14,5.374825005,2020,2020,train,7,5.2746559638108295,4.95380358426603,4.81576279603076,5.070100681767451,4.811923342988338,5.097139993049997,4.762352032346069,5.3142123,5.374825004948464
2021,S. aureus,LRPAILVRTK,2.642400185,10,3.357599815,2021,2021,train,0,3.4575519037492883,4.076310848445937,4.624444662784803,4.082900034404153,4.607082220236483,3.7830634326200006,4.190340138279766,3.4278965,3.357599815096687
2022,S. aureus,LRRIIRKIIHIIK,0.776722299,13,5.223277701,2022,2022,train,7,5.123433125246164,5.07264760941329,4.910066208708603,4.983660013868335,4.982355658992155,5.135777640649992,4.97035333456036,5.1388345,5.223277700655125
2023,S. aureus,LRRIIRKIIHIIKK,1.045677443,14,4.954322557,2023,2023,train,5,4.85445676873623,4.8801469083174505,4.905879833749422,4.985362015826829,4.9830648721180575,4.994888777590005,5.053424559364829,5.0066643,4.954322556998317
2024,S. aureus,LRRLRKWLRRLLKLL,0.795880017,15,5.204119983,2024,2024,train,6,5.104293836639621,5.227115175293493,4.987019373686478,5.124941765298679,5.079023514468454,5.18446752815,5.273371256134098,5.22781,5.204119983703089
2025,S. aureus,LRRLWLRANRL,2.10720997,11,3.89279003,2025,2025,train,1,3.9929676103940035,4.195697048077979,4.741084546392626,4.34266849752323,4.7274987818814465,4.429351824490001,4.778044920394404,3.9828885,3.892790030275973
2026,S. aureus,LRRLWLRANRLLRRLWLRANRL,0.477121255,22,5.522878745,2026,2026,train,8,5.4227682706032745,4.98621028374289,5.0009334549109985,5.0222989298562055,5.114536170871592,5.259881424290005,5.204357491320121,5.4607773,5.522878744665057
2027,S. aureus,LRRWIRIRW,0.113943352,9,5.886056648,2027,2027,train,9,5.786159134712335,5.0182549081894035,4.893853493495121,5.0255976958511095,4.940056257582358,5.643186054690006,5.208334673673618,5.7399344,5.886056647559653
2028,S. aureus,LRVRLASHLRKLRKRLL,2.0,17,4.0,2028,2028,train,1,4.100167000894114,5.060719898015144,4.833398247762896,5.062266867236021,4.742612629680517,4.41743247678,4.805565701588151,4.1822486,4.000000000942502
2030,S. aureus,LRWLRWG,2.10720997,7,3.89279003,2030,2030,train,1,3.992667181081264,3.8376291805845617,4.827702307161465,3.772801031254435,4.837843336928361,3.9218868875900013,4.174977522865879,3.9018593,3.8927900299778946
2031,S. aureus,LRWQNEMRKV,2.477121255,10,3.522878745,2031,2031,train,0,3.6228389394645877,3.411043421563595,4.417017272847082,3.3895882020001236,4.322587663671068,3.8353761902900048,3.7113825399996756,3.5155578,3.52287874496107
2032,S. aureus,LRWTPTPSYPRYPTRSRGSRWSR,1.505149978,23,4.494850022,2032,2032,train,3,4.5947096368427705,4.112269422326366,4.77559809006005,4.037544895309294,4.844415214342753,4.494563226109996,4.677281190417864,4.5021048,4.494850021966254
2033,S. aureus,LRWWWIKRI,0.530286331,9,5.469713669,2033,2033,train,8,5.369874152583547,5.5578668671422555,4.967266271746932,5.530519982496645,5.020841120227814,5.461681228989994,5.22384942271717,5.4683256,5.469713669160895
2034,S. aureus,LSPAAMASLA,2.301029996,10,3.698970004,2034,2034,train,0,3.7988464901515515,3.3605361333102612,4.351520446702709,3.4373100413965485,3.815583874934144,3.795368515309996,3.777060856939117,3.685093,3.698970003973396
2035,S. aureus,LSPAVMASLA,2.301029996,10,3.698970004,2035,2035,train,0,3.7988594175664154,3.2989346310848537,4.435672650167138,3.253320876327596,4.016023295120236,3.849430907419996,3.7119260624270773,3.689307,3.698970003969896
2036,S. aureus,LVKKLLKLAMGFG,1.977723605,13,4.022276395,2036,2036,train,1,4.122236752846364,4.215551742342291,4.790456159190904,4.297564060539492,4.7892479231997696,4.3028438219100025,4.6418757881907275,4.0904474,4.0222763950241305
2037,S. aureus,LVKLVAGIKKFLKWK,1.733983499,15,4.266016501,2037,2037,train,2,4.366054204643689,4.645273288587414,4.873686038662991,4.583350966132125,4.9306602414978595,4.724252490170002,4.936925443051192,4.387024,4.266016501071135
2038,S. aureus,LVKRFKKFFRKLKKS,1.522107633,15,4.477892367,2038,2038,train,3,4.577683641754199,4.462619697528755,4.8466599886448725,4.39647728720459,4.932453592598085,4.533115707199996,4.720414650161669,4.4725437,4.477892366816531
2041,S. aureus,LVKRFKKFFRKLKKSVKK,1.4561311,18,4.5438689,2041,2041,train,3,4.643704727709466,4.785384972436506,4.897787374925603,4.695295181223851,5.008004958059617,4.631492917120003,4.89710734940035,4.597766,4.543868900184485
2042,S. aureus,LVQRGRFGRFLRKIR,1.204119983,15,4.795880017,2042,2042,train,4,4.732277062910382,5.1526364325939324,4.77932193827912,5.126036003633747,4.854745108563302,4.83871422853,4.925920344604805,4.7752547,4.795880017023853
2043,S. aureus,LWGTRSGIQP,2.0,10,4.0,2043,2043,train,1,4.100134676414714,3.9459035514027843,4.523057698627256,3.861365508765478,4.358572308951736,4.150862815800001,4.100507388001126,3.9821901,3.999999999971802
2044,S. aureus,LWKTLLKKVLKAAA,0.954242509,14,5.045757491,2044,2044,train,6,4.94576817841439,5.108128479214493,4.767931410481732,5.102294311045553,4.758293471757539,5.006831003260004,4.98245267245718,5.0744452,5.04575749130914
2045,S. aureus,LYRRRFVVGR,1.397940009,10,4.602059991,2045,2045,train,4,4.702265106129104,4.61744008120032,4.775068939588856,4.599130538000353,4.771705168087766,4.651117633739994,4.629003048279826,4.6199203,4.60205999127004
2046,S. aureus,MAIVGTIIKIIKAIIDIFAK,1.806179974,20,4.193820026,2046,2046,train,2,4.293945931531821,4.387799362635651,4.800187832529364,4.4336064311013645,4.858401743808055,4.550467674790006,4.491133712734611,4.225157,4.193820026052017
2047,S. aureus,MGIIAGIIKVIKSLIEQFTGK,1.806179974,21,4.193820026,2047,2047,train,2,4.293940882076805,4.375698978982814,4.686165704377737,4.3544327397070735,4.6690258705175305,4.402144889800006,4.641429685221355,4.2140775,4.193820026071283
2048,S. aureus,MIHGLVTRR,1.965642952,9,4.034357048,2048,2048,train,1,4.134456037962051,4.610174636004036,4.630956681882577,4.647871347738575,4.599852108003046,4.116458340780003,3.991349672744878,4.0171337,4.034357048000543
2049,S. aureus,MKTFLRLYRSLINKVLH,0.875207238,17,5.124792762,2049,2049,train,6,5.024490501804116,4.726228798926211,4.9030340309162845,4.699606371334318,4.9366095894031,5.067490626840008,4.951421605489849,5.1243606,5.124792762030012
2050,S. aureus,MKTFLRLYRSLINKVLHV,0.855474945,18,5.144525055,2050,2050,train,6,5.044389218104538,4.728210014987864,4.939913751259421,4.7818299545899325,4.985830208928286,5.031799339349995,4.910201969288963,5.1581197,5.144525054912978
2051,S. aureus,MMRVMRRKTKVIWEKKDFIGLYSID,-0.006234127,25,6.006234127,2051,2051,train,9,5.9063286273682705,5.599372809365382,4.874825338536161,5.4794056364976935,4.888450276542753,5.579608263810007,5.277368852835989,5.9462566,6.00623412696455
2052,S. aureus,MPLSWFFPRTWGKR,1.839437141,14,4.160562859,2052,2052,train,2,4.260531906968404,4.5202575822248,4.713867667234027,4.589528461931173,4.746402759195579,4.281842547729997,4.590478539848824,4.1546593,4.160562859009156
2053,S. aureus,MWITNGGVANWYFVLAR,1.096910013,17,4.903089987,2053,2053,train,5,4.802835738055526,4.133369857722682,4.901770574054731,4.122551771940276,4.893645576503365,4.867160580039994,4.69856386906107,4.88203,4.903089986952762
2054,S. aureus,MWSKILGHLIR,1.653212514,11,4.346787486,2054,2054,train,3,4.4467158178921276,4.354213154738293,4.7485525314206765,4.314441733190646,4.786577321609637,4.499891417149995,4.710565845555652,4.424132,4.346787485980074
2055,S. aureus,NFAEIFAAVNKLIKQGVVKG,1.698970004,20,4.301029996,2055,2055,train,2,4.401156811819251,3.8127032232797404,4.651916894402428,3.8038796304321263,4.609096154611053,4.385405651910005,4.3755544688806935,4.3108773,4.30102999599785
2056,S. aureus,NFLDTLINLAKKFI,1.698970004,14,4.301029996,2056,2056,train,2,4.401191853964608,4.679266113542576,4.604269107079969,4.685813657165427,4.559640002543608,4.472634069700006,4.7634702598968826,4.2826495,4.30102999598762
2057,S. aureus,NFLGTLINLAKKIM,1.681241237,14,4.318758763,2057,2057,train,3,4.41871556553418,4.2003697510702676,4.765234716309399,4.259348492619481,4.699838846695443,4.556559311150002,4.733312019903426,4.407884,4.318758763004181
2059,S. aureus,NGVQPKY,2.39529341,7,3.60470659,2059,2059,train,0,3.7048720637619548,2.9469617551716114,4.432080510246263,2.95435186169326,4.14495554468015,3.744714390009999,3.5661621454466372,3.5587308,3.604706589943837
2060,S. aureus,NGVQPKYKWWKWWKKWW,1.276287636,17,4.723712364,2060,2060,train,4,4.69599138155534,4.765267971570777,4.974132760323784,4.819169107474441,5.028583922459768,4.674002608520001,4.807146284572114,4.6613846,4.7237123629062046
2061,S. aureus,NGVQPKYKWWKWWKKWWW,1.540566319,18,4.459433681,2061,2061,train,3,4.559263835795064,4.897678357900643,5.0309129942193085,4.919237065260275,5.109345134746039,4.544085739570004,4.945033265788162,4.5171995,4.459433682244748
2062,S. aureus,NGVQPKYRWWRWWRRWW,1.553030812,17,4.446969188,2062,2062,train,3,4.546940286478517,4.810951771271326,5.007867192505157,4.729121896734077,5.084069365975383,4.535748347190008,4.799818949923735,4.4567833,4.446969189214216
2063,S. aureus,NGVQPKYRWWRWWRRWWW,1.522385521,18,4.477614479,2063,2063,train,3,4.577629057558247,4.911303658015892,5.063764503978826,4.9185815439604585,5.163142465044842,4.591440913790004,4.937705931139783,4.495813,4.477614478596196
2064,S. aureus,NGVQPKYRWWRWWRRWWWW,1.493760865,19,4.506239135,2064,2064,train,3,4.606190089281103,5.108142272379858,5.123020280889413,5.0918426335459275,5.255304878799126,4.607475387749996,5.0129240148199505,4.5057507,4.506239134121587
2065,S. aureus,NGVQPWYKWWKWWKKWW,1.562340664,17,4.437659336,2065,2065,train,3,4.537092301169686,4.397814088022758,5.05819595420822,4.579629563316201,5.176659950528302,4.617590419100007,4.912218018574359,4.5032544,4.437659335957606
2066,S. aureus,NILNTIINLAKKIL,0.681241237,14,5.318758763,2066,2066,train,7,5.218671143152884,4.7772212686619415,4.768397429143368,4.874311253609058,4.653789891652051,5.114611892870003,4.908516366754268,5.246448,5.318758762929589
2067,S. aureus,NILSSIVNGINRALSFFG,1.290357649,18,4.709642351,2067,2067,train,4,4.732277062910382,5.14605704340873,4.768460656519993,5.188761527974981,4.812436918845057,4.697961269320006,4.7430461869021805,4.7740088,4.709642351034506
2068,S. aureus,NIRRIIRKIIHIIKKY,0.682436475,16,5.317563525,2068,2068,train,7,5.217591333271311,4.9081007277415685,4.949649107091645,4.7383138354094285,4.976609650572438,5.185764264240009,5.029916839269397,5.287237,5.317563525003567
2070,S. aureus,NLLGSLLKTGLKVGSNLL,1.40654018,18,4.59345982,2070,2070,train,4,4.693573475412266,4.503607667381631,4.7092809179854065,4.397865939136197,4.676641641638784,4.568494155430003,4.613148969638642,4.61817,4.5934598198709695
2071,S. aureus,NLLKSALKTVNKLLAAS,2.10720997,17,3.89279003,2071,2071,train,1,3.9927335878545387,4.083563469670233,4.628390215968545,4.405173371219374,4.41962574204982,4.09490931862,4.425203213167006,4.0017614,3.8927900302154512
2072,S. aureus,NLLNDALGTVNGLLGRS,1.505149978,17,4.494850022,2072,2072,train,3,4.594716861859441,4.1298563311675744,4.3972229088488834,3.914864846336534,4.287614441191689,4.510459894009995,4.434135239221187,4.4206357,4.494850022008052
2073,S. aureus,NLLNKALGTVNGLLGRS,1.505149978,17,4.494850022,2073,2073,train,3,4.594944651536705,4.595633344284483,4.557546758441463,4.391914703790478,4.468234740575063,4.457804109499996,4.548953253645467,4.479185,4.494850021926212
2074,S. aureus,NLRRIIRKIIHIIKKY,0.682436475,16,5.317563525,2074,2074,train,7,5.217550463327006,4.961334143480816,4.929440839085739,4.75661525818293,4.962945171157881,5.221454206890009,5.071105888030251,5.2332015,5.317563525073253
2075,S. aureus,NLVSGLIEARKYLEQLHRKLKNRKV,1.963787827,25,4.036212173,2075,2075,train,1,4.1363463847347,3.798715441386202,4.711746678217235,3.8694845315210795,4.735633344833671,4.469744234770006,4.845983956680055,4.217542,4.0362121730560325
2076,S. aureus,NLWAGILKHIIK,1.564666064,12,4.435333936,2076,2076,train,3,4.535498572848855,4.54080950933828,4.741680023843709,4.646906568642631,4.718217230124328,4.5627997362700015,4.691561482621166,4.5556397,4.435333935981104
2077,S. aureus,NQHGQVVKIFHH,3.204119983,12,2.795880017,2077,2077,train,0,2.8958929314355855,3.5316889103558267,4.59362622031212,3.580624124111606,4.479773183619067,3.3992452279500007,3.8345993860052228,2.8901958,2.795880017002044
2078,S. aureus,NTVKETIKYLKSLFSHAFEVVKT,0.77815125,23,5.22184875,2078,2078,train,7,5.1220160900309555,5.6059091816500635,4.6954032114973545,5.583884981147352,4.64893707900229,4.975403394049996,4.825883624657796,5.185899,5.221848749982464
2079,S. aureus,NVLSSVANGINRALSFFG,1.303148362,18,4.696851638,2079,2079,train,4,4.732277062910382,4.677153428835419,4.694506746751944,4.714174002197042,4.644878437366397,4.585022230689999,4.63919720790229,4.675613,4.696851638006659
2080,S. aureus,NVWKKILGKIIKVAK,1.294466226,15,4.705533774,2080,2080,train,4,4.732277062910382,4.854386593599411,4.7897423644689345,4.739641762376219,4.799009582040807,4.771672919710002,4.791987294567486,4.68427,4.705533774006075
2081,S. aureus,NWRKILGQIASVGAGLLGSLLAGYE,1.286176732,25,4.713823268,2081,2081,train,4,4.732277062910382,5.511902815968052,4.681284300077851,5.519581136906894,5.105542125641607,4.64004887144,4.562273665390646,4.67873,4.713823267989522
2082,S. aureus,NWRKLYRRK,1.937016107,9,4.062983893,2082,2082,train,2,4.163273112422673,4.3605841004980554,4.709814964551054,4.456670262447646,4.553639329569718,4.241733786090005,4.398631080823594,4.140304,4.062983893077759
2083,S. aureus,NWVKEWIKYLKSLFSHAFEVVKT,0.77815125,23,5.22184875,2083,2083,train,7,5.121675647665825,4.79853998958622,4.806688410393657,4.818771498147391,4.828461035817396,5.1415863112099975,5.19268394041343,5.228154,5.221848749997523
2084,S. aureus,PFKISIHL,1.020376063,8,4.979623937,2084,2084,train,5,4.879764512668907,4.863306878260075,4.720624631644351,4.811545152292863,4.647274846816188,4.867318318639999,4.5193234543627225,4.9448647,4.97962393699922
2085,S. aureus,PFKLSLHL,1.108421692,8,4.891578308,2085,2085,train,5,4.791563118142017,4.87468270798299,4.636150528737982,4.836981078107226,4.593618183134954,4.812250345600005,4.645656180326551,4.8816175,4.891578308029295
2086,S. aureus,PGKYGFYTHVFRLKKWIQKVI,0.795880017,21,5.204119983,2086,2086,train,6,5.104250379943906,4.602109961213433,4.983352000464259,4.680880426729589,5.087877675321538,5.139809276959998,5.151820705497602,5.2094173,5.204119982961079
2087,S. aureus,PKAMRLLRRLLRLQKKG,1.488611223,17,4.511388777,2087,2087,train,3,4.611233182896392,5.523147417520935,4.799068078819167,5.249556222520886,4.833359707866412,4.672318399879995,4.902010786416361,4.604821,4.511388777302542
2088,S. aureus,PKKKRKV,2.698970004,7,3.301029996,2088,2088,train,0,3.4006555137010186,3.524241069722732,4.428505160360995,3.674404907370901,4.231105708889748,3.5393536984900043,3.5843492225572104,3.308517,3.301029996008929
2091,S. aureus,PKLLKFLKWIG,0.903089987,11,5.096910013,2091,2091,train,6,4.9970153601818375,4.966365156563734,4.810603519752988,4.861472346989304,4.81290420701954,5.004720952920005,4.832188539983635,5.090788,5.096910012962027
2093,S. aureus,PKLLKKFLKKWIG,1.113943352,13,4.886056648,2093,2093,train,5,4.78594244070441,4.839599793152762,4.792582863407452,4.726100925795121,4.789852436396892,4.902759127850006,4.908475897833603,4.92155,4.886056648027361
2094,S. aureus,PKLLKTFLKWIG,1.146128036,12,4.853871964,2094,2094,train,5,4.754037779131432,4.803295256728599,4.790146343928338,4.660152773417133,4.786239672025077,4.784354569200004,4.678875304375281,4.8486204,4.8538719641067845
2096,S. aureus,PKLLKTFLSKWKKIG,1.230448921,15,4.769551079,2096,2096,train,4,4.732277064712922,4.791231907807646,4.732812953915985,4.86519825687108,4.748511111940936,4.776723017849997,4.868076790515904,4.6910114,4.769551078837682
2097,S. aureus,PKVTITIQGSARF,1.505149978,13,4.494850022,2097,2097,train,3,4.594401710548199,4.7394133169426365,4.569717850839448,4.61268422185346,4.5150213905544545,4.4610409586499955,4.338975143648089,4.4863853,4.494850021946888
2098,S. aureus,PLPFPRPGPRPIPRP,2.698970004,15,3.301029996,2098,2098,train,0,3.401136724470503,4.232112472197773,4.457526920429246,4.208931974556888,4.337751581168174,3.603493889420004,3.9096058694534346,3.4615827,3.301029996269602
2100,S. aureus,PPRLPRPRPRPLPFPRPG,2.698970004,18,3.301029996,2100,2100,train,0,3.401094961079067,3.581602778393558,4.467593794675544,3.719502160182972,4.39237102828594,3.426736969130005,3.8764235332655623,3.365782,3.3010299960439937
2101,S. aureus,PRPFPGRPKPIFRPR,2.0,15,4.0,2101,2101,train,1,4.0998596145859985,3.8676152178418874,4.490539199129488,3.9170701905999934,4.4029177506133355,4.0415949194300005,4.14160370899257,3.9999495,3.999999999966555
2102,S. aureus,PRPGPRP,2.217404889,7,3.782595111,2102,2102,train,0,3.8827595027037134,3.3697635215881157,4.136845999429829,3.3800062704881437,4.011163400544561,3.7333711929999986,3.671505580749275,3.7316062,3.7825951109865636
2103,S. aureus,PRPLPFPRPG,2.698970004,10,3.301029996,2103,2103,train,0,3.4008557403974535,3.407042435322574,4.327288988841211,3.3732715592193863,4.183358898973539,3.530181556390005,3.607174491593171,3.3206375,3.30102999604657
2104,S. aureus,PRPLPFPRPGPRPI,2.10720997,14,3.89279003,2104,2104,train,1,3.992501255715543,3.6361711113607385,4.438234453295171,3.6331611285086822,4.295785180140251,3.862565059800001,3.9101381189444764,3.8293855,3.8927900297698956
2105,S. aureus,PRPLPRP,2.187083981,7,3.812916019,2105,2105,train,0,3.9133018936895967,3.736934807406693,4.169252367310905,3.6197745860715687,4.061887901577399,3.7743818228700006,3.6424854464839216,3.8053463,3.812916018961778
2106,S. aureus,PRPPRLPRPRPRPLPFPRPG,2.698970004,20,3.301029996,2106,2106,train,0,3.401284623425279,3.888264020657875,4.491981068312561,3.8062257134608535,4.437519683975184,3.4722582645700055,3.917677350422325,3.362111,3.301029996242477
2107,S. aureus,PRPRPLPFPRPG,2.698970004,12,3.301029996,2107,2107,train,0,3.401204971952736,3.1313202166341996,4.3343796702563955,3.28922942353612,4.208461961866053,3.539139225140005,3.8958947549530962,3.3141437,3.3010299959804903
2108,S. aureus,PRPRPRP,2.165185439,7,3.834814561,2108,2108,train,1,3.9349348887923457,3.2216712448955,4.083675046770603,3.3048036572762065,4.017296396516086,3.8064295583099947,3.765332567667153,3.8241248,3.8348145608732596
2109,S. aureus,PRPRPRPLPFPRPG,2.698970004,14,3.301029996,2109,2109,train,0,3.401207098965254,3.3507293360972197,4.356762602511847,3.3916061012720067,4.257643987357504,3.5511480721800046,3.9465347511431434,3.3384936,3.3010299960293805
2110,S. aureus,PRPWPRP,2.150533846,7,3.849466154,2110,2110,train,1,3.9496403762490866,3.7957127797647523,4.293904358986476,3.8883138824935926,4.2626460707244815,3.8006411804800058,3.695104884666463,3.8508017,3.849466153969851
2111,S. aureus,PVGRVHRLLRK,1.682123414,11,4.317876586,2111,2111,train,3,4.417603371561098,4.362012379080246,4.676833972980198,4.432862309434099,4.659917573473662,4.434916903330004,4.576962880514053,4.3353095,4.317876585983616
2113,S. aureus,QAKIRVRLSA,1.748754472,10,4.251245528,2113,2113,train,2,4.35122986849248,4.464034187718114,4.54777577081858,4.418496135314088,4.428406744116767,4.269425505370006,4.175975283164137,4.2471313,4.2512455279911014
2114,S. aureus,QFPVGRVHRLLRK,1.600453174,13,4.399546826,2114,2114,train,3,4.499659984561,5.019968160762336,4.742305844708538,4.77273146328609,4.739365991717684,4.590812437740001,4.771621392143234,4.448497,4.399546826142839
2115,S. aureus,QGDGNFVIYTWKP,2.176091259,13,3.823908741,2115,2115,train,0,3.92374765329952,3.9034847138941493,4.478115704339838,3.919077871887053,4.357907649407097,4.007671014450004,4.287711800545446,3.8334727,3.8239087409778656
2116,S. aureus,QHSSGKSDVRRW,2.0,12,4.0,2116,2116,train,1,4.099825324326183,3.6585860832038555,4.2460745495867895,3.6896669299717724,4.050831637738212,4.1263822674,3.9705208280283713,4.0046496,4.0000000000182805
2117,S. aureus,QIAALEQEIAALEQEIAALQ,2.397940009,20,3.602059991,2117,2117,train,0,3.7021798862944992,3.8782515635831247,4.258049566177905,3.9808139731474865,4.190076019769355,4.183153094699995,4.253994107246107,3.666367,3.6020599909809676
2118,S. aureus,QKAIRVRLSA,1.748754472,10,4.251245528,2118,2118,train,2,4.351070107957112,4.153598130222151,4.527944449965051,4.210348835271901,4.3765737425424,4.235872732640005,4.033036177564103,4.2294264,4.251245528021333
2119,S. aureus,QKALNEINQF,0.243038049,10,5.756961951,2119,2119,train,9,5.657030161456201,5.319158843256137,4.242222199365891,5.3891712733189685,3.9121802705076876,5.121725401229996,4.6882719375542665,5.7095394,5.75696195091609
2120,S. aureus,QKKARVRLSA,1.743078576,10,4.256921424,2120,2120,train,2,4.356804255859553,4.394971203894835,4.467774671098276,4.368962355050256,4.308386992220426,4.245734467999998,4.158042120039755,4.2341743,4.256921424060247
2121,S. aureus,QKKIAVRLSA,1.759546661,10,4.240453339,2121,2121,train,2,4.3405446746055585,4.196227833764283,4.513358165470117,4.209110309244174,4.348562495114326,4.20987903949,4.030127912746219,4.212511,4.240453338957131
2122,S. aureus,QKKIRARLSA,1.737842396,10,4.262157604,2122,2122,train,2,4.362483797685961,3.983829810220111,4.475601694911365,3.9543849821773644,4.322667218101186,4.226437269519996,4.194727854097743,4.234097,4.262157603966522
2123,S. aureus,QKKIRVALSA,1.759546661,10,4.240453339,2123,2123,train,2,4.340394605176775,4.618715310488028,4.536096714809458,4.613384443828106,4.40077279362629,4.2618597947499985,4.2107543937882115,4.2143703,4.240453339099793
2124,S. aureus,QKKIRVRASA,1.743078576,10,4.256921424,2124,2124,train,2,4.356748105953792,3.9012715888659484,4.455462083971341,3.893390666572651,4.028912967098309,4.214988526449999,4.0093793884068925,4.2106285,4.256921423963469
2125,S. aureus,QKKIRVRLSA,1.949404492,10,4.050595508,2125,2125,train,1,4.15052370070093,4.457847153619313,4.557899854548992,4.416470111752849,4.430736998875864,4.130609254960002,4.245656261773533,4.189259,4.050595508026254
2126,S. aureus,QKRIRVRLSA,1.717521168,10,4.282478832,2126,2126,train,2,4.382556027032416,4.639249370238081,4.571443925058446,4.613358920927756,4.456012417829088,4.294357808469995,4.223587239578986,4.247231,4.282478831921999
2127,S. aureus,QLKVDLWGTR,2.0,10,4.0,2127,2127,train,1,4.100153864384225,3.9769793169109935,4.383553709682054,4.113393150126239,4.301056984677942,4.176875867229999,3.9231277389734682,3.97312,3.9999999999748193
2128,S. aureus,QLKVDLWGTRSGI,2.0,13,4.0,2128,2128,train,1,4.10002917143434,4.4790117252832005,4.456967930455069,4.46934347153536,4.404720910165189,4.134122081829999,4.094574292610343,4.0483823,4.000000000006191
2129,S. aureus,QPFSLERW,2.276231958,8,3.723768042,2129,2129,train,0,3.823843763571122,3.2100882942713826,4.3638207468559305,3.250605682431866,4.11231834068318,3.743419571350001,3.694422490671265,3.720545,3.723768041958545
2130,S. aureus,QQRFEWEFEQQ,2.517646465,11,3.482353535,2130,2130,train,0,3.5824045385990484,3.8379531719555873,3.9893853673376154,3.810106787243481,3.8207201136989752,4.15705812242,4.05095737963179,3.5152795,3.482353534939424
2131,S. aureus,QRFSQPTFKLPQGRLTLSRKF,1.595860529,21,4.404139471,2131,2131,train,3,4.504304495702358,4.725773317459205,4.646825434834248,4.587527942913632,4.675212471630774,4.479579892580002,4.464675312780047,4.3832726,4.404139471052672
2132,S. aureus,QRFSQPTFKLPQGRLTLSRKFR,1.569904198,22,4.430095802,2132,2132,train,3,4.529600230043531,4.405659728195691,4.680067276071048,4.302772900899743,4.72781930730161,4.504245526099998,4.6285056663172375,4.458473,4.430095801964778
2133,S. aureus,QRKIRVRLSA,1.717521168,10,4.282478832,2133,2133,train,2,4.382154899588345,3.974682504348725,4.564931001871993,3.959994967741214,4.4389937208088,4.259348724759995,4.223587239578986,4.2359047,4.282478831999293
2134,S. aureus,QRPYTQPLIYYPPPPTPPRIYRA,2.301029996,23,3.698970004,2134,2134,train,0,3.7988587833375065,3.5535323840561284,4.835363956747851,3.6122025226136234,4.815470869257617,3.924568275699995,4.166519444142456,3.7288008,3.698970004032043
2135,S. aureus,QRRIRVRLSA,1.70771322,10,4.29228678,2135,2135,train,2,4.3921140497549755,4.129085544239142,4.578584779116761,4.12726642049601,4.464555810683196,4.315076450309997,4.361193941542516,4.289315,4.2922867800191
2136,S. aureus,QTRRLTYKPRTVTYTRGR,1.010299957,18,4.989700043,2136,2136,train,6,4.890061477910406,4.799110619781277,4.683796118893217,4.898890553206873,4.670240088034472,4.810177148400008,4.680646173002299,4.9440804,4.989700042959638
2137,S. aureus,QVFTLIKGATQLIRKTLGEQ,0.551697469,20,5.448302531,2137,2137,train,8,5.348291379444765,4.923269425227975,4.599268404228322,4.817566270565325,4.530826418192461,5.194178849460006,4.859992337932642,5.3837423,5.448302530958179
2139,S. aureus,RAGLQFLVGRVHRLLRK,1.19991782,17,4.80008218,2139,2139,train,5,4.732276940595307,5.145403700511528,4.792020189125505,5.124575373372325,4.837507455928962,4.931788815590002,5.035556388302111,4.9194546,4.800082180110207
2140,S. aureus,RAGLQFPVGKLLKKLLKRLKR,-0.090453671,21,6.090453671,2140,2140,train,9,5.990623545243977,5.260835482470418,4.855948211303912,5.112688968186015,4.915876876196378,5.858672388479993,5.222852696714365,5.9750843,6.090453670919224
2141,S. aureus,RAGLQFPVGRLLRRLLRRLLR,-0.23217383,21,6.23217383,2141,2141,train,9,6.1320641307664205,5.639512156974688,4.917425152799395,5.49114352909757,5.004714839693077,5.866479587050003,5.347528319327141,6.111344,6.232173829663992
2143,S. aureus,RAGLQFPVGRVHRLLR,1.533125223,16,4.466874777,2143,2143,train,3,4.567040754719915,4.416948405083083,4.733787767757838,4.563949827608412,4.7497602098595495,4.557542629729994,4.708477850642703,4.464472,4.466874777014256
2144,S. aureus,RAVAVIIRLRRV,1.208895527,12,4.791104473,2144,2144,train,4,4.732277062660291,4.271021119147711,4.817417366930065,4.301281029170777,4.82677262636218,4.847188083490002,4.770829978230971,4.780954,4.791104472840009
2146,S. aureus,RERSKGSKYLYVG,1.604099653,13,4.395900347,2146,2146,train,3,4.4957350852862525,4.521496495071993,4.5553523948286605,4.377107604383649,4.417679701582467,4.469216864270002,4.417174228906696,4.3946333,4.395900346961757
2147,S. aureus,RFIYMKGFGKPRFGKR,1.099434813,16,4.900565187,2147,2147,train,5,4.800678575124989,4.613234717798923,4.717469745687196,4.430222469590179,4.742957604829394,4.7609999372499985,4.60873317756914,4.8310146,4.900565186940978
2148,S. aureus,RFRPPIRRPPIRPPFRPPFRPPVR,1.094162624,24,4.905837376,2148,2148,train,5,4.8055301960688865,4.898487703585216,4.848210628253528,4.82476917945605,4.922452474435615,4.7457863874100035,4.841004220389761,4.9014673,4.905837375919906
2149,S. aureus,RFRRLFRIRVRVLKKI,0.301029996,16,5.698970004,2149,2149,train,9,5.598854604978795,5.070303425031524,4.97600442254351,5.1497666728377,5.058701097121176,5.494914768869993,5.103050470679631,5.621352,5.698970003502075
2150,S. aureus,RFRRLRDKTRDRLKKI,2.10720997,16,3.89279003,2150,2150,train,1,3.992956129291941,3.8185548398465174,4.629110692151794,3.862434691973098,4.571410527133655,3.9068369334500006,4.113898406537674,3.8506637,3.892790029955864
2151,S. aureus,RFRRLRIKTRIRLKKI,1.806179974,16,4.193820026,2151,2151,train,2,4.293933447831341,4.755742396771624,4.873782298918901,4.853958503383949,4.931473665388516,4.548075439970007,4.913592158473355,4.3898687,4.193820026900062
2152,S. aureus,RFRRLRKKFRKRLKKI,2.10720997,16,3.89279003,2152,2152,train,1,3.9926680472156497,4.442822229184842,4.855374682191647,4.429621285661362,4.9184950254595705,3.89525016695,4.378009090151185,3.8696604,3.892790029228941
2153,S. aureus,RFRRLRKKIRKRLKKI,2.408239965,16,3.591760035,2153,2153,train,0,3.691175271412906,4.460475213043081,4.845926923733537,4.472927634183373,4.903806081329353,3.764203330759997,4.343340431999734,3.6713889,3.591760035328988
2154,S. aureus,RFRRLRKKKRKRLKKI,2.10720997,16,3.89279003,2154,2154,train,1,3.9929724984686543,4.3115730121314675,4.796150460121953,4.335914817530968,4.827841204120191,3.94493904041,4.325538371627785,3.8861341,3.8927900295354028
2155,S. aureus,RFRRLRKKTRKRLKKI,2.10720997,16,3.89279003,2155,2155,train,1,3.9924181370387393,4.170581959701807,4.792054795042503,4.139779919837647,4.827069084653517,3.9309500196900014,4.264657283513699,3.843238,3.8927900302179337
2156,S. aureus,RFRRLRKKWRKRLKKI,2.10720997,16,3.89279003,2156,2156,train,1,3.9928732075703603,4.542923702258603,4.8672536239671125,4.527330019593743,4.9372750722475605,4.040195498540001,4.460691884257367,3.949987,3.892790031839765
2157,S. aureus,RFRRLRKWTRWRLKKI,0.903089987,16,5.096910013,2157,2157,train,6,4.996467139957906,4.614970703116523,4.917741209536283,4.762287247763574,5.001823031186885,5.079425744420006,5.027427210723222,5.1078324,5.096910012984341
2158,S. aureus,RFRRLRPKTRPRLKKI,2.10720997,16,3.89279003,2158,2158,train,1,3.9929746465710507,4.010617310492959,4.693391291270199,4.007285401456377,4.730322866449398,4.026733343830001,4.334782788110807,3.8826342,3.8927900299625158
2159,S. aureus,RFRRLRWKTRWRLKKI,0.77815125,16,5.22184875,2159,2159,train,7,5.121672462606291,4.875446992978322,4.915905450165368,4.822317914239847,4.997026071105928,5.157091466039999,5.057567215398228,5.189343,5.22184874927702
2160,S. aureus,RFRRLRWRTRWRLRRI,0.602059991,16,5.397940009,2160,2160,train,7,5.297961706504305,4.768259166431181,4.940362663711926,4.752499221064745,5.035913444607633,5.270975583420007,5.098927528119964,5.3340406,5.397940008893588
2161,S. aureus,RFRRLRWWTRKRLKKI,0.903089987,16,5.096910013,2161,2161,train,6,4.997033630873297,4.584467596599733,4.916062696485984,4.726117719049962,4.997436966092943,5.0508960896100055,5.022314043431817,5.082717,5.096910012964412
2163,S. aureus,RGARIVVIRVAR,1.356014843,12,4.643985157,2163,2163,train,4,4.732277103480244,4.929065991692346,4.66422717983361,4.964001252464567,4.750533656505003,4.630993690399993,4.667787057993952,4.6163416,4.6439851569381005
2164,S. aureus,RGDWLWLW,1.946428125,8,4.053571875,2164,2164,train,2,4.153735477482444,4.135926527342626,4.5218770875090435,4.2195448828575595,4.5529905105294795,4.031016150149995,4.10243235457596,4.0386252,4.05357187496096
2165,S. aureus,RGGRLTYTRPRFTVTVGR,1.378118801,18,4.621881199,2165,2165,train,4,4.721534506305229,5.130974533793495,4.6649514737406514,5.261723043013345,4.671893452762252,4.742173767089992,4.690738238640428,4.657343,4.621881199027209
2166,S. aureus,RGGRLYRRRFVVGR,0.301029996,14,5.698970004,2166,2166,train,9,5.598794838128894,4.740129622528587,4.703008948107457,4.8115775746106735,4.701779345379853,5.459672180189995,4.901846313530904,5.61868,5.698970003968308
2167,S. aureus,RGKRWWRRKK,1.397940009,10,4.602059991,2167,2167,train,4,4.702135712570801,4.5789521186654545,4.589185986380663,4.595217839815344,4.549641382214964,4.606191335079995,4.561765846924391,4.610816,4.60205999100536
2168,S. aureus,RGLRALGRKIAHGVKAYG,1.016989242,18,4.983010758,2168,2168,train,5,4.8831654236778155,4.438499862866636,4.619289607842483,4.569011589486463,4.679849799847805,4.851265511779994,4.647153317955265,4.9690723,4.983010757955161
2169,S. aureus,RGVRPVVQGVKEKVR,1.573938057,15,4.426061943,2169,2169,train,3,4.525720123239062,4.132343334693218,4.610594929694948,4.165589939019565,4.4893220380729115,4.461220653579995,4.412812150437652,4.3865876,4.426061942913321
2170,S. aureus,RHWRRFWH,2.0,8,4.0,2170,2170,train,1,4.100165436823881,4.592557584951019,4.769848186406774,4.542534183877014,4.705755917477937,4.2678591805499995,4.73771383886836,4.068516,4.0000000001056275
2171,S. aureus,RHWRRFWHR,1.096910013,9,4.903089987,2171,2171,train,5,4.8031912625169575,4.270691997411917,4.756762715350621,4.293963552231165,4.692281532234841,4.840265259209994,4.804377055882022,4.813102,4.903089986853294
2176,S. aureus,RIGVLLARLPKLFSLFKLMGKKV,1.316269962,23,4.683730038,2176,2176,train,4,4.732277062910389,5.067170541594167,4.9555314229370415,5.098399639537117,5.064950648305615,4.824765475930005,4.987687735088846,4.8041973,4.683730038041197
2177,S. aureus,RIIDLLARVRRPQKPKFVTVWVR,0.494850022,23,5.505149978,2177,2177,train,8,5.405075054015953,5.2907073420589,4.786646186376468,5.305753652135591,4.84214865722951,5.400300811850005,5.285154751707559,5.4278154,5.505149977896765
2178,S. aureus,RIIDLLWRVRRPQKPKFVTVAVR,0.795880017,23,5.204119983,2178,2178,train,6,5.103974665812586,5.198910167506133,4.787505555803092,5.128344641515404,4.84439424611203,5.221430379780002,5.119648209722106,5.2321353,5.20411998293418
2179,S. aureus,RIIDLLWRVRRPQKPKFVTVWVR,0.569178765,23,5.430821235,2179,2179,train,8,5.3307226995101695,5.21901892236542,4.848849925309509,5.373748660388257,4.931817228549872,5.387503935010002,5.299880381484743,5.3798285,5.4308212351145215
2180,S. aureus,RIIRKIIHII,1.195641124,10,4.804358876,2180,2180,train,5,4.73284311331538,4.6405647468742375,4.885340998112415,4.575033981206193,4.917997814311315,4.858501629549994,4.856470454038163,4.824646,4.804358875837542
2181,S. aureus,RIIRKIIHIIK,1.154029223,11,4.845970777,2181,2181,train,5,4.746048044699555,5.0848331252351375,4.868538456860869,5.078113896910478,4.910057299082327,4.883343480339995,4.968938662236375,4.8703713,4.845970777364902
2183,S. aureus,RIKRFWPVVIRTVVAGYN,0.63459355,18,5.36540645,2183,2183,train,7,5.265351891904582,5.124802316608632,4.922063040160035,5.154366703554552,4.948862298967482,5.2569856748000054,4.984649616140767,5.3426285,5.365406449961779
2184,S. aureus,RIKRFWPVVIRTVVAGYNL,0.612562845,19,5.387437155,2184,2184,train,7,5.28759077979683,5.334170368896056,4.943023556577853,5.252611904434164,4.98981656931256,5.339797679309995,5.119953806784918,5.340612,5.387437154847084
2190,S. aureus,RIKRFWPVVIRTVVAGYNLYRAIKK,0.488000729,25,5.511999271,2190,2190,train,8,5.412262845511284,5.911272706205633,5.0562857055955535,5.895096440855657,5.168796407620323,5.549817269769997,5.526538655489542,5.5426307,5.511999272332332
2191,S. aureus,RIKRWWWWR,0.113943352,9,5.886056648,2191,2191,train,9,5.785952178553991,5.683797108463426,4.941801970684912,5.597661247399492,5.00549209144169,5.669315199360008,5.30163391830588,5.701045,5.886056647395311
2193,S. aureus,RIRFPWPWRWPWWPPFRG,0.966141733,18,5.033858267,2193,2193,train,6,4.934023482398427,4.769467203446843,4.9917921975005015,4.781356465535088,5.196404879745006,4.8886447125700085,5.008655149562222,5.0168333,5.033858266961922
2196,S. aureus,RIRKKLR,2.698970004,7,3.301029996,2196,2196,train,0,3.400853466326807,4.033417640885206,4.652843310993243,3.9899871918140004,4.581891413873753,3.6092508497700044,3.988579407405567,3.356822,3.3010299962012293
2197,S. aureus,RIRRWKFRW,0.113943352,9,5.886056648,2197,2197,train,9,5.786182553531802,4.837489515006373,4.8199071613573725,4.697506500155436,4.82157237483215,5.549492645220007,5.069985348593785,5.8489456,5.886056647806012
2198,S. aureus,RIRWILRYWRWS,0.929418926,12,5.070581074,2198,2198,train,6,4.970412133084191,5.132328758174298,4.996661937508864,4.974677266301797,5.075732439640388,5.041318950170004,5.097021645064466,5.051933,5.070581073988352
2199,S. aureus,RIVQRIKKWLLKWKKLGY,1.257740059,18,4.742259941,2199,2199,train,4,4.732277062910382,5.203357206951325,4.980479014350616,5.28387267406528,5.158752159384742,4.829254833289994,5.013625632611909,4.806389,4.742259940950356
2200,S. aureus,RIWFQNRRMRWRR,1.505149978,13,4.494850022,2200,2200,train,3,4.595013778230045,4.334722784980764,4.820251661789474,4.412172556120542,4.83296445381393,4.447804063229996,4.555089527251786,4.531459,4.494850021972917
2201,S. aureus,RIWKIWWKR,1.84501963,9,4.15498037,2201,2201,train,2,4.255146469291931,5.018143848079202,4.908491764212992,5.029378696114529,4.958257661934682,4.587908211839994,5.14964010491764,4.3446407,4.154980370178004
2202,S. aureus,RIWKRWWFR,1.524781195,9,4.475218805,2202,2202,train,3,4.575279689654719,4.644823575053704,4.9174902043416955,4.615177462558403,4.957931128629163,4.618845221889998,4.995397442538208,4.5155463,4.475218805148725
2203,S. aureus,RIWVIRWR,0.899741948,8,5.100258052,2203,2203,train,6,5.0001558910491894,4.62495042876178,4.904921621051313,4.719868806329357,4.926744061836356,5.02585576116,4.813451686360939,5.0864058,5.100258051985342
2204,S. aureus,RIWVIWRR,0.598711953,8,5.401288047,2204,2204,train,8,5.301108315422569,5.68175554999077,4.938151791177816,5.524374699011959,5.013576683859577,5.234511002369994,4.909022228279848,5.33777,5.401288046806955
2205,S. aureus,RKFRNKIKEKLKKIG,1.816804523,15,4.183195477,2205,2205,train,2,4.283025613745947,4.0940528142735815,4.644685766297848,3.99692661492496,4.532582421165928,4.1415132420400065,4.223390804032108,4.1443796,4.183195477008069
2206,S. aureus,RKFRWWVIR,0.146128036,9,5.853871964,2206,2206,train,9,5.753740315740017,5.12285618556179,4.886316030812666,5.135151051977972,4.900026269216335,5.729719910369999,5.216567701874446,5.755219,5.853871964066248
2207,S. aureus,RKGLQKLVGRVHRLLRK,0.890772012,17,5.109227988,2207,2207,train,6,5.009391621578441,5.152591306945256,4.761551081894573,5.01742800713677,4.800308984193045,5.022135440549992,4.954122663035928,5.0762744,5.109227987982234
2208,S. aureus,RKGWFKAMKSIAKFIAKEKLKEHL,0.892094603,24,5.107905397,2208,2208,train,6,5.008008625501489,4.945783740963327,4.805579483981439,5.037492314125163,4.767726137568765,5.021128495410007,4.940849682591329,5.109681,5.10790539699062
2209,S. aureus,RKKKAKIIKKII,1.795880017,12,4.204119983,2209,2209,train,2,4.3041873032002576,4.619507394605168,4.703778292753374,4.609176673859166,4.627406645427368,4.1881894515499996,4.5137059950829865,4.205972,4.204119983276669
2210,S. aureus,RKKKIKIIKKII,1.795880017,12,4.204119983,2210,2210,train,2,4.304022615594483,4.817681768051986,4.780253142212669,4.734532455193792,4.749199206051353,4.281422719019999,4.622949974935326,4.227116,4.204119982419556
2211,S. aureus,RKKKIKIIKRLI,1.795880017,12,4.204119983,2211,2211,train,2,4.303944319408282,4.833599262062981,4.790820825431797,4.808147282341298,4.767486381105393,4.354080043109998,4.776237168393378,4.3286595,4.204119984009317
2213,S. aureus,RKKKLKVVKRLV,1.795880017,12,4.204119983,2213,2213,train,2,4.304062099567181,4.435239946704651,4.7738942359626275,4.455582748852054,4.740031999216331,4.261886906039999,4.8134752086199155,4.2303367,4.204119983376692
2216,S. aureus,RKKRLKLLKRLV,1.397940009,12,4.602059991,2216,2216,train,4,4.702177923594826,4.6175019290966475,4.792536780671414,4.546035379822353,4.768235378469215,4.542981975479993,4.834458922399141,4.593838,4.602059990872189
2218,S. aureus,RKKRLRVVRRLV,1.795880017,12,4.204119983,2218,2218,train,2,4.304065209708057,4.6009168819987725,4.798843007615865,4.670145351519494,4.777244151331582,4.349338655209999,4.824620132122374,4.277846,4.204119982932297
2220,S. aureus,RKKRWWRRKK,0.77815125,10,5.22184875,2220,2220,train,7,5.121869564239319,4.972091612103942,4.672404711552213,4.934895372843225,4.607134096222307,5.1663350541599975,4.970373239880062,5.226931,5.221848749994128
2221,S. aureus,RKKTRKR,2.408239965,7,3.591760035,2221,2221,train,0,3.691584885508173,3.7889474683515934,4.381153619184418,3.81274726136271,4.239004373113128,3.6897437712899968,3.7966402287651113,3.5805266,3.5917600349869696
2222,S. aureus,RKKTRKRLKKIGKVLKWI,0.77815125,18,5.22184875,2222,2222,train,7,5.12172654312108,4.655598035351398,4.845991810812572,4.7084300347270736,4.889662147266748,5.141965268799997,5.011093064703323,5.2375903,5.221848749802687
2223,S. aureus,RKLKHMRF,2.0,8,4.0,2223,2223,train,1,4.100178351150474,4.510254372083656,4.690258279384045,4.590840124932226,4.526221067346666,4.206708764429999,4.171017811283922,4.0379095,3.9999999999873523
2224,S. aureus,RKRLKWWIY,0.542201982,9,5.457798018,2224,2224,train,8,5.357782799632076,5.390286585074383,4.915910264783683,5.4589738707505555,4.937178634344599,5.4041669620400015,5.294613169604555,5.4376945,5.457798018002002
2225,S. aureus,RKRLRKFRNKIKEKLKKIGQKI,1.640481437,22,4.359518563,2225,2225,train,3,4.459320354808468,4.353907558049,4.816097575073963,4.351198784649586,4.798699541826818,4.4008481217699975,4.556180439360589,4.379658,4.359518563233391
2226,S. aureus,RKRWWWWFR,0.29907772,9,5.70092228,2226,2226,train,9,5.601317869214202,5.167276843512857,4.980677261929475,5.163513058904638,5.0695401966445806,5.623583015509995,5.37572522839434,5.6852646,5.700922279871526
2227,S. aureus,RKSKEKIGKEFKRIVQRIKDF,1.278332668,21,4.721667332,2227,2227,train,4,4.732277062948546,4.662840249006681,4.631632103064408,4.8398739534466655,4.643819407697563,4.590533600479997,4.732434867985446,4.761312,4.721667332004528
2228,S. aureus,RKVAPALIKSFVFLFKFKKG,1.740807168,20,4.259192832,2228,2228,train,2,4.359087903241951,4.788814731386644,4.86387983204842,4.931239649207668,4.934038464665666,4.5694351162299975,4.72775479342366,4.4375496,4.259192832281872
2229,S. aureus,RKWIWRWFL,0.19919619,9,5.80080381,2229,2229,train,9,5.700790291925827,5.224839887893574,4.973847557006335,5.129391645318268,5.000502861934823,5.712113459850001,5.262804230127741,5.747942,5.800803809887636
2230,S. aureus,RKWKIKWYW,0.414973348,9,5.585026652,2230,2230,train,8,5.484960959371954,5.070586237232646,4.912666287446653,5.045021161749187,4.922348087570066,5.481240740700003,5.3061717456795225,5.576628,5.585026651943735
2231,S. aureus,RKWVAWRNR,1.69157185,9,4.30842815,2231,2231,train,3,4.40854129873435,4.253392741567055,4.633215683418359,4.2019792914618606,4.547209149716498,4.300333360829999,4.610178098015017,4.2869887,4.308428149860882
2232,S. aureus,RKWVKWRNR,1.371465449,9,4.628534551,2232,2232,train,4,4.728582254351984,4.638166316948691,4.659956318389895,4.613338335328434,4.591484370892608,4.610613687059993,4.625783382189956,4.562929,4.628534550978422
2233,S. aureus,RKWVWWRNR,1.062166281,9,4.937833719,2233,2233,train,5,4.837937552837272,4.7435542839824425,4.757292378324878,4.751658830271527,4.754009464736707,4.995943099300006,4.925949431668394,4.9680476,4.937833719023994
2234,S. aureus,RKWVYWRNR,1.36017217,9,4.63982783,2234,2234,train,4,4.732277062910382,4.924675218231487,4.749951666104706,4.898233806259222,4.71784221628846,4.714285902320002,4.7964040352221105,4.569112,4.6398278299734015
2235,S. aureus,RKWWRWIKW,0.397940009,9,5.602059991,2235,2235,train,8,5.502223294732737,5.848903688516656,4.939381158924435,5.728730606567783,4.997639729297209,5.577936806879997,5.411277710440709,5.6137657,5.602059990961397
2238,S. aureus,RLARIVVIRVAG,1.677897156,12,4.322102844,2238,2238,train,3,4.421948114929482,4.98594518132966,4.72780659040247,4.988819624895496,4.817761126567367,4.440337961620008,4.44249383848915,4.322524,4.322102844019154
2240,S. aureus,RLARIVVIRVRR,0.725009157,12,5.274990843,2240,2240,train,7,5.174756962054325,5.5263552599539985,4.832957117612615,5.602972449122582,4.980314323694251,5.246711384950004,5.155812404065504,5.308654,5.274990843162422
2241,S. aureus,RLARIVVIRWAR,0.724441444,12,5.275558556,2241,2241,train,7,5.175480350446936,5.286606566308147,4.826592146910709,5.2200571294091995,4.964099868604999,5.202002341740005,5.201959692371679,5.268984,5.275558555854708
2242,S. aureus,RLARRVVIRVAR,1.633559906,12,4.366440094,2242,2242,train,3,4.466275452117731,4.835542220884241,4.758784373845423,4.916392401621551,4.749778381402549,4.458578613989997,4.672281406608374,4.400863,4.366440094232767
2243,S. aureus,RLGTALPALLKTLLAGLNG,1.230448921,19,4.769551079,2243,2243,train,4,4.732277062910382,5.291762444750047,4.646926880656175,5.276424984971438,4.601300041550754,4.733122705009997,4.671508587108281,4.7153234,4.76955107902972
2244,S. aureus,RLKKIGKVLKWI,1.982271233,12,4.017728767,2244,2244,train,1,4.117551452687039,4.109302659764618,4.823412900175839,4.091857759073842,4.879985500706707,4.328542765069996,4.823229828165552,4.079887,4.01772876694598
2245,S. aureus,RLKKWMQKVIDRFGG,2.10720997,15,3.89279003,2245,2245,train,1,3.9929562906834573,4.470101008603404,4.669840591697673,4.268911544784223,4.589306486536212,4.069656356870002,4.422486518205411,3.9331558,3.892790030194311
2246,S. aureus,RLKLLLLLRL,0.805949963,10,5.194050037,2246,2246,train,6,5.093512689573896,4.699115504218622,4.9438500943640635,4.744415764903774,4.986782615382384,5.111534695630004,5.030673834157696,5.159969,5.194050034111596
2247,S. aureus,RLKLLLLLRLK,1.337609113,11,4.662390887,2247,2247,train,4,4.728949908028185,4.360678197833173,4.9215600061452625,4.506686950364725,4.969205866727373,4.818840181130004,5.06989050088062,4.7162914,4.662390887879638
2248,S. aureus,RLKLLLLLRW,0.480265665,10,5.519734335,2248,2248,train,8,5.419555195391617,4.903663310396299,4.972209564636638,4.844776587500493,5.036904760102381,5.417151881240003,5.196903639317126,5.500076,5.519734334750568
2249,S. aureus,RLKLLLLRL,1.148166821,9,4.851833179,2249,2249,train,5,4.792389620421467,4.609376174216132,4.88306379068764,4.619420000099297,4.876140683395947,4.728218834899996,4.597977825803564,4.850382,4.851833180217336
2251,S. aureus,RLKLLLRL,2.09676287,8,3.90323713,2251,2251,train,1,4.003406847961809,4.371886147705969,4.875264569817522,4.450259357564055,4.911277379962019,4.185910637559997,4.4944485648098915,3.9884963,3.9032371320592723
2252,S. aureus,RLKLLLRLK,1.482419838,9,4.517580162,2252,2252,train,3,4.6175639389024425,4.197664168295939,4.84417180048371,4.206149877713809,4.877680470257049,4.43811071286,4.6309181471952465,4.487476,4.517580160860308
2253,S. aureus,RLKLLRL,2.147601311,7,3.852398689,2253,2253,train,1,3.952553184127424,4.490034066761174,4.759254636445135,4.551976563190026,4.673299809191477,4.022019925199998,4.209983045360353,3.8526735,3.8523986882168444
2254,S. aureus,RLKRWWKFL,0.380211242,9,5.619788758,2254,2254,train,8,5.519677537337508,4.95505744118978,4.910337740459726,5.04602968625808,4.975044738160722,5.439074418550007,5.217407376102303,5.526922,5.619788757860548
2255,S. aureus,RLLFRKIRRLKR,1.888387673,12,4.111612327,2255,2255,train,2,4.21171718347425,4.790346721035627,4.834363467298906,4.855896136078919,4.875302151315574,4.340594660949995,4.989443270795954,4.30738,4.111612327298816
2257,S. aureus,RLLRKFFRKLKKSV,1.421339233,14,4.578660767,2257,2257,train,4,4.678649614549842,4.678474472873546,4.83695243739043,4.725736286871051,4.898588432214838,4.566472321019992,4.782232938667842,4.6013174,4.578660766818868
2258,S. aureus,RLLRPLLQLLKQKLR,0.422877438,15,5.577122562,2258,2258,train,8,5.477289902030955,5.294918006860581,4.838630478296677,5.349550043806639,4.881207486728316,5.32043594412,5.012109346620312,5.507548,5.577122561986096
2259,S. aureus,RLLRRLLRRLLRRLLRRLLR,1.124639278,20,4.875360722,2259,2259,train,5,4.775237031001088,5.47621785156246,5.067521082550634,5.438221681328295,5.207934740374069,4.937662342669996,5.007819108632379,4.8814716,4.875360722529998
2260,S. aureus,RLPRPRPRPLPFPRPG,2.698970004,16,3.301029996,2260,2260,train,0,3.400888654951154,3.7138887143704347,4.445491475941569,3.7234155655846495,4.373368848914882,3.590630538630005,3.8912715454565237,3.2862048,3.301029996069387
2261,S. aureus,RLPWRWPRRPWRR,1.990093258,13,4.009906742,2261,2261,train,1,4.109742100117133,4.886688911640964,4.7357447939803485,4.968493684053575,4.867469074025066,4.445917142629998,4.555372097095748,4.1855555,4.009906742481446
2262,S. aureus,RLRKAVRLIK,1.0,10,5.0,2262,2262,train,6,4.900163250910359,4.347565151638622,4.743560150221074,4.315709149223132,4.754331119574752,4.90409291969,4.686883055809249,4.9735622,4.999999999811404
2267,S. aureus,RLSRIVVIRVSR,0.43956175,12,5.56043825,2267,2267,train,8,5.460605805411619,5.289389827395926,4.726608825244043,5.351655588291637,4.883511916281796,5.262764350540001,5.024586474759102,5.5139623,5.560438249931718
2268,S. aureus,RLTYKPRTVTYTRGR,1.62283548,15,4.37716452,2268,2268,train,3,4.477317585067546,4.367604420852194,4.638972133113374,4.289947990021508,4.630430053057879,4.492506812490004,4.5123312523332535,4.417964,4.377164519971
2269,S. aureus,RLWKRWWIR,1.836239497,9,4.163760503,2269,2269,train,2,4.263667092834321,4.591457360727573,4.908019975052365,4.635469213515122,4.946382548917213,4.508639675959998,4.987237280625632,4.38549,4.163760503404079
2270,S. aureus,RLWLAIGRG,1.329058719,9,4.670941281,2270,2270,train,4,4.732277062910382,4.3293295139368215,4.6299822975532265,4.366352896570674,4.6207717215843545,4.4900574833100055,4.425181067201553,4.6018815,4.670941280943847
2273,S. aureus,RLWLAWKRR,0.669006781,9,5.330993219,2273,2273,train,7,5.2311535695051825,5.40985314677652,4.810318515064728,5.270083813764251,4.845914962295754,5.226959855989995,4.945511463566516,5.1958723,5.330993218925117
2275,S. aureus,RLWRIVVIRVKR,-0.045757491,12,6.045757491,2275,2275,train,9,5.945638771472706,5.751982805201032,4.920146714939483,5.682597847584654,5.096927422811131,5.819909576350007,5.428597615336505,5.9303994,6.045757490195518
2276,S. aureus,RLWRRWRRWLR,0.636822098,11,5.363177902,2276,2276,train,7,5.263340373397215,4.830932515215107,4.932894680443467,4.859970901191414,5.041813382069195,5.317046613200003,5.214524898451305,5.3497353,5.363177901920796
2277,S. aureus,RLWRRWRRWRR,0.669006781,11,5.330993219,2277,2277,train,7,5.231091892109917,5.029559217789123,4.8742542949080985,4.955424220890544,4.959678082187787,5.248180341289997,5.076480369842655,5.2912617,5.330993219588112
2278,S. aureus,RLWWKIWLK,0.146128036,9,5.853871964,2278,2278,train,9,5.753952791231026,4.836976441049776,4.980189775365657,4.797840361757513,5.0570883285244115,5.509978491770002,5.2718319163210765,5.7562227,5.8538719635185785
2279,S. aureus,RLWWWWRRK,0.322219295,9,5.677780705,2279,2279,train,9,5.5779407453817065,5.317023746361871,4.966072757427466,5.299768989662141,5.068913254902472,5.628930052049997,5.275115009756733,5.6669135,5.677780704993166
2281,S. aureus,RLYRRLYR,1.243038049,8,4.756961951,2281,2281,train,4,4.732277500557957,5.325483348604827,4.833183136500935,5.4366080370659695,4.794422835192414,4.593831556009997,4.488276836622731,4.7145066,4.756961951051072
2282,S. aureus,RLYRRLYRRLYRRLYR,0.041392685,16,5.958607315,2282,2282,train,9,5.858538680021995,5.4220748791048905,5.028876502519379,5.355832092853821,5.089483669349209,5.558883447989997,5.024985233655582,5.8299074,5.958607314856563
2283,S. aureus,RLYRRRFVVGR,0.903089987,11,5.096910013,2283,2283,train,6,4.9970307244300765,4.50610042538373,4.7733950983946905,4.572817805152192,4.762092560317505,4.939739386690004,4.720491273127266,5.0642915,5.096910012756216
2284,S. aureus,RPKHPIKHQGLPQEVLNENLLRF,2.0,23,4.0,2284,2284,train,1,4.099987336930477,4.084624035479512,4.437083574995746,4.1700140387299705,4.211182755436712,4.377577545789999,4.462292745087319,4.040745,4.000000000043129
2285,S. aureus,RPKPQQFFGLM,2.569082147,11,3.430917853,2285,2285,train,0,3.530742077920782,3.883981803045124,4.417390493537479,3.9274660997927127,4.138327150515783,3.810541629639999,4.2053065009623,3.5040345,3.4309178530195106
2286,S. aureus,RPPQFTRAQWFAIQHISLN,1.0,19,5.0,2286,2286,train,6,4.900166240277544,4.903127758235905,4.6778075353745585,4.878921335511581,4.528224925567398,4.82675652287,4.813961683653105,4.91877,4.999999999972529
2287,S. aureus,RPRPNYRPRPIYRP,0.626234356,14,5.373765644,2287,2287,train,7,5.273664572780896,5.37939277018769,4.542349220284828,5.3957570516462265,4.416054569857278,4.893500320550002,4.343878628120551,5.2635317,5.373765643947008
2288,S. aureus,RPRRRATTRRRITTGTRRRR,1.875061263,20,4.124938737,2288,2288,train,2,4.224806045917098,4.679668462546611,4.6744945091050365,4.534444071594991,4.660650206111461,4.341443644279996,4.489131073295734,4.1422515,4.1249387369699315
2289,S. aureus,RPWAGNGSVHRYTVLSPRLKTQ,0.383815366,22,5.616184634,2289,2289,train,8,5.5160705295242085,5.431022290219415,4.755779760499932,5.171361873254955,4.783139763012502,5.2735457337899945,4.866566698481059,5.5707507,5.616184633925771
2290,S. aureus,RQIKIWFQNRRLKWKK,1.806179974,16,4.193820026,2290,2290,train,2,4.293843357863799,4.247629037896245,4.854159566804446,4.248307092590639,4.890800342962062,4.372172500760007,4.606152921056723,4.268867,4.193820025998919
2291,S. aureus,RQIRIWFQNRRMRWRR,1.204119983,16,4.795880017,2291,2291,train,4,4.732277062848739,4.647935984605516,4.888495869974156,4.718607970588296,4.930435589540691,4.66807041745,4.553231606509498,4.6873484,4.79588001698632
2292,S. aureus,RQRRVVIWW,0.431363764,9,5.568636236,2292,2292,train,8,5.468813776912066,5.3300938265149185,4.894306055451015,5.405154937594833,4.905476120149383,5.4003159387899915,5.099038336912237,5.5497427,5.568636235954061
2293,S. aureus,RQRVEELSKFSKKGAAARRRK,1.639474436,21,4.360525564,2293,2293,train,3,4.460472687937411,4.327949418162763,4.520923228720644,4.4932028419238375,4.488814991249876,4.532614131079999,4.602628594723767,4.373074,4.36052556402539
2294,S. aureus,RQRWLWLW,1.160640406,8,4.839359594,2294,2294,train,5,4.739235902988522,5.087966046540144,4.952586215516291,4.9718257312484475,4.984815248517356,4.897300545599992,4.99937799939245,4.881265,4.839359594000611
2295,S. aureus,RQWQSKIRRT,2.477121255,10,3.522878745,2295,2295,train,0,3.622906541200625,3.0668376767645604,4.534069920749879,3.1353124364269145,4.410644766635156,3.759039008090004,3.934223478975091,3.5432343,3.522878744982182
2296,S. aureus,RRAAVVLIVIRR,0.888560376,12,5.111439624,2296,2296,train,6,5.011541949325933,5.260822994184103,4.817541701230087,5.302308235791676,4.943901622017586,4.999523066600006,4.9445730704219,5.0874734,5.1114396239651745
2297,S. aureus,RRARIVVIRVAR,1.038339339,12,4.961660661,2297,2297,train,5,4.861784853037454,5.3164508046236465,4.758799001410132,5.351253472250406,4.8545018614442395,4.787082358539996,4.871136476957206,4.9139013,4.96166066080817
2298,S. aureus,RRFFFRFRRF,1.176091259,10,4.823908741,2298,2298,train,5,4.732277062910382,4.749417025969159,4.89632816176925,4.8884756800179785,4.940681592957603,4.992015844900006,5.118003781478294,4.8789043,4.823908740985142
2299,S. aureus,RRFKFIRWW,0.498981311,9,5.501018689,2299,2299,train,8,5.400843197706331,5.053136279199041,4.911667679790005,5.130952570821173,4.9465148531912515,5.493601783859998,5.357366822385441,5.5146217,5.50101868921864
2300,S. aureus,RRFPWWWPFRR,0.374182075,11,5.625817925,2300,2300,train,9,5.525983006094766,5.307229740806634,4.904065044808176,5.390272942337261,5.016037863749532,5.589924946919995,5.360302777385403,5.630882,5.625817925005423
2301,S. aureus,RRFWHRAH,2.0,8,4.0,2301,2301,train,1,4.099432960161501,3.9709170793577546,4.6209463014649765,3.913121888347554,4.528246214368013,4.114207273450001,4.566426658127403,4.027435,4.000000000010338
2302,S. aureus,RRIIIRWRRI,1.051152522,10,4.948847478,2302,2302,train,5,4.848280437931803,5.058299924231575,4.862314581764314,4.948857699629283,4.882944493873586,5.064029305100001,5.042680939085972,5.015763,4.9488474780086165
2303,S. aureus,RRIIRKIIHII,1.14544208,11,4.85455792,2303,2303,train,5,4.754402632624964,4.683057647113801,4.87071176618349,4.71746459124424,4.8895421756859525,4.913862779929994,5.010880080697182,4.8467417,4.854557920293656
2304,S. aureus,RRIIRKIIHIIK,1.108183351,12,4.891816649,2304,2304,train,5,4.791939518339723,5.055064181421634,4.861695811578035,5.098243979261245,4.892794830159965,4.879452282390006,4.961763858654151,4.918388,4.8918166485591605
2305,S. aureus,RRIIRKIIHIIKK,1.07387007,13,4.92612993,2305,2305,train,5,4.826240250332872,5.1081752303062,4.857920533668255,5.118283645484758,4.896209679436276,4.9545117058400026,4.962800193943518,4.9466877,4.9261299301004575
2306,S. aureus,RRIRPRP,2.698970004,7,3.301029996,2306,2306,train,0,3.400875198416732,3.3369842767469233,4.341030174089817,3.4673749640262956,4.213659950090762,3.548798406430004,3.735267639694944,3.333546,3.3010299960172937
2307,S. aureus,RRIRPRPPRLPRP,2.10720997,13,3.89279003,2307,2307,train,1,3.993018905622573,4.086015390005727,4.43349094414317,4.1333172859624385,4.320704558371178,3.9282099147900023,4.142442700673634,3.9012642,3.892790029483571
2308,S. aureus,RRIRPRPPRLPRPRP,2.496929648,15,3.503070352,2308,2308,train,0,3.6033907590382066,4.199643286871539,4.441054914590479,4.127589349407982,4.356728329118957,3.812239991320004,4.046289988473368,3.6629126,3.503070352730034
2311,S. aureus,RRIRPRPPRLPRPRPRPLPFPRPG,0.414973348,24,5.585026652,2311,2311,train,8,5.4849623343598335,4.338348008389872,4.635756669089133,4.171303777428198,4.710731069062866,4.843382241200007,4.743229828049058,5.492129,5.585026651434596
2315,S. aureus,RRLLRRLRR,2.0,9,4.0,2315,2315,train,1,4.100103760619544,4.36751980184916,4.7289171911382555,4.405911495155302,4.67237038902024,4.224526299479999,4.466291126641901,4.0353823,4.000000000169044
2316,S. aureus,RRLRKKTRKRLKKIGKVLKWI,0.602059991,21,5.397940009,2316,2316,train,7,5.297478360985205,4.878461515209511,4.925999927280527,4.969591492075894,5.04050440445939,5.279354296280004,5.050283882470613,5.3287997,5.397940008534791
2317,S. aureus,RRLRRLLRRLLRRLRR,0.954242509,16,5.045757491,2317,2317,train,6,4.945893013380571,5.122692247967864,4.9214355246608505,5.125195281751261,5.018109092581047,4.922163898550004,4.890758509924171,5.0277534,5.045757490516377
2318,S. aureus,RRLTLRQLLGLGSRRRRRSR,0.495544338,20,5.504455662,2318,2318,train,8,5.40442081536405,5.163153510927134,4.7354263053623695,4.979095962661706,4.822797404995314,5.138926608209999,4.8355327957291925,5.4217043,5.5044556619213765
2319,S. aureus,RRPRPRPRPFFF,1.602059991,12,4.397940009,2319,2319,train,3,4.4981273272796285,4.206746944163478,4.511662887024852,4.234693369674962,4.443023723591086,4.4373659836200074,4.351483506184523,4.429506,4.39794000608369
2320,S. aureus,RRPRPRPRPFFFF,1.301029996,13,4.698970004,2320,2320,train,4,4.767552474436016,4.511090644769095,4.602336923383377,4.403220727047053,4.592351496892966,4.751594444509996,4.492542607321041,4.728131,4.698970005436961
2321,S. aureus,RRPRPRPRPFFFFF,1.0,14,5.0,2321,2321,train,6,4.89989225185698,4.405395254907723,4.676761297196129,4.5758095108135475,4.69313693265792,4.97686121774,4.800211067443811,4.9587708,5.000000001527912
2322,S. aureus,RRPRPRPRPWWW,1.602059991,12,4.397940009,2322,2322,train,3,4.498049685430867,4.258683842744655,4.553962834486278,4.244150840294955,4.557742366559362,4.442473007910007,4.4587863442966595,4.439426,4.397940012205256
2323,S. aureus,RRPRPRPRPWWWW,0.91805797,13,5.08194203,2323,2323,train,6,4.981569567202389,4.363084029202878,4.654568638225012,4.275581525385567,4.717305018887183,4.924721198499996,4.730103420198336,4.97295,5.081942026816539
2324,S. aureus,RRPWRWPRWPWRR,1.371801381,13,4.628198619,2324,2324,train,4,4.728289980592212,5.272759471006395,4.776904006810247,5.294295424167696,4.895069925766818,4.702753244219996,4.720017775185814,4.691782,4.628198618734389
2325,S. aureus,RRPWRWPWWPWRR,1.189210888,13,4.810789112,2325,2325,train,5,4.732272827252882,5.4031053588735904,4.875558105691346,5.552140054073763,5.062501916840832,4.919683640820002,5.243155242775266,4.985573,4.81078911220217
2326,S. aureus,RRRIKIRWY,1.362113828,9,4.637886172,2326,2326,train,4,4.732277062910382,4.481294308245628,4.817178907770965,4.362053236610866,4.785951602797045,4.760671320429994,4.941048494175444,4.6809173,4.637886172008208
2327,S. aureus,RRRRRFRRVIRRIRLPKYLTINTE,0.903089987,24,5.096910013,2327,2327,train,6,4.99674583775386,5.415385519741777,4.908431962703015,5.591039747060916,4.8847224470318205,4.924144992760005,4.9668245425873225,5.0906315,5.096910013001585
2328,S. aureus,RRRRRRRRRRRRRRRWWW,1.414973348,18,4.585026652,2328,2328,train,4,4.685010544324228,4.972081018721965,4.897682055010028,4.992090281871528,4.899766295045706,4.707563634670002,4.743812411659423,4.6123567,4.585026652026157
2329,S. aureus,RRRRRRRWWWRRRRRRRR,0.954242509,18,5.045757491,2329,2329,train,6,4.945892230788086,5.332409696172398,4.912982487695104,5.305213452971234,4.98842300701338,5.001156810210004,5.046490435562967,5.048685,5.045757491010098
2330,S. aureus,RRRRWWW,1.187488511,7,4.812511489,2330,2330,train,5,4.732186045140065,4.97276882898072,4.842362082104907,4.987062966144729,4.819709931315542,4.754032135069993,4.61121258882411,4.8067594,4.8125114888611815
2331,S. aureus,RRRRWWWW,1.495226158,8,4.504773842,2331,2331,train,3,4.604352724545521,5.034209103649125,4.9324260547816685,5.140710716032791,4.98896254720681,4.733163149370004,5.004782985181608,4.561171,4.504773842218389
2332,S. aureus,RRRWLWLW,0.895677727,8,5.104322273,2332,2332,train,6,5.004487411647654,4.745149619187474,4.9762665122744325,4.771495159787005,5.047611651532234,5.105866704569993,4.992188361823124,5.0904937,5.104322273059576
2333,S. aureus,RRRWWKLMM,0.740362689,9,5.259637311,2333,2333,train,7,5.159515326876573,5.532924184051554,4.896899208311593,5.544331048753732,4.868581510413857,5.295997152400004,5.171011288683213,5.310325,5.25963731094317
2334,S. aureus,RRRYIGRYVRFWK,1.100370545,13,4.899629455,2334,2334,train,5,4.799733161848284,4.855697557862669,4.882684176039775,4.8109379882421,4.912701725118657,4.996673800120004,5.000947002281855,4.9098935,4.899629454973535
2337,S. aureus,RRWKIVVIRWRR,-0.031513151,12,6.031513151,2337,2337,train,9,5.931388993015632,5.688338284884695,4.91636672952891,5.844715115898431,5.11120131348164,5.7606250033400075,5.411765556694596,5.865375,6.031513150737855
2338,S. aureus,RRWPLKPKKWPLI,0.861851009,13,5.138148991,2338,2338,train,6,5.038229511833757,5.317110501925341,4.702319291944206,5.2576844279638495,4.730189848403502,5.201349139529994,5.174896315054865,5.241929,5.138148991212559
2339,S. aureus,RRWPLKPWKKPLI,0.560821014,13,5.439178986,2339,2339,train,8,5.339295283981096,5.128748383558828,4.693458644622041,5.070641983691309,4.739251853695627,5.33693956895,5.143368011283511,5.36489,5.439178985763518
2340,S. aureus,RRWPLLPWKWPLI,0.550080045,13,5.449919955,2340,2340,train,8,5.350086134254683,5.795843774758685,4.844612222019462,5.778111350971077,4.936249890990842,5.46532182954,5.323406755452057,5.4600835,5.449919955069392
2341,S. aureus,RRWPWWPWKWPLI,-0.08728742,13,6.08728742,2341,2341,train,9,5.987248223256145,5.723005566097001,4.940392814580986,5.700459859059422,5.091996608610789,5.902506842460003,5.410643675471791,5.93054,6.0872874197159454
2344,S. aureus,RRWRIVVIRVRR,0.415070791,12,5.584929209,2344,2344,train,8,5.484871323612697,5.935435486878576,4.893050019083583,5.931589394017106,5.071757083323346,5.5662066262000005,5.385774308485711,5.6219645,5.584929210076628
2345,S. aureus,RRWRRWRRWRR,0.823908741,11,5.176091259,2345,2345,train,6,5.075925834564174,4.810570988829157,4.8147874519667,4.779031864840707,4.805688180728964,5.097686872439993,4.740782524406298,5.155508,5.176091258418778
2346,S. aureus,RRWRVIVKW,0.113943352,9,5.886056648,2346,2346,train,9,5.7861809731941065,5.723937037938182,4.902758991098647,5.571026678578262,5.144329562781781,5.648457997300004,5.354235321076655,5.8553085,5.88605664783577
2347,S. aureus,RRWSFRVSYRGFSYRKSR,1.125899372,18,4.874100628,2347,2347,train,5,4.7739722470637,4.592184158616572,4.82356692611147,4.434260356243194,4.88142423567853,4.905516284920002,4.829394894417599,4.8739586,4.874100627974524
2348,S. aureus,RRWVAWRNR,1.982271233,9,4.017728767,2348,2348,train,1,4.117913036986782,4.2670681048967944,4.640481875988521,4.249650267118235,4.55555389233908,4.268192523209999,4.550271319724712,4.067237,4.01772876711356
2349,S. aureus,RRWVIWRR,1.115110334,8,4.884889666,2349,2349,train,5,4.78483424107824,5.403501812105858,4.842609548158647,5.2715159238959215,4.850965576441036,4.861823569319997,4.935554999080026,4.958006,4.8848896659390455
2350,S. aureus,RRWVRRVRRWVRRVVRVVRRWVRR,0.22183507,24,5.77816493,2350,2350,train,9,5.678339431952677,6.010321741334193,5.177952598022932,5.9995716905087235,5.394752097595294,5.54853086233,5.480929405942013,5.726505,5.7781649298696225
2351,S. aureus,RRWWHWWRR,1.053078443,9,4.946921557,2351,2351,train,5,4.84710031115557,5.154222037060301,4.908859622773197,5.086917908266033,4.995405867754659,5.056697149899998,5.344382824964785,5.0171046,4.946921557025699
2352,S. aureus,RRWWKWWRK,0.698970004,9,5.301029996,2352,2352,train,7,5.201009123197984,5.18527169300277,4.895305382582051,5.043414689024169,4.97193394965153,5.354559141260007,5.379834611918984,5.3927784,5.30102999706752
2353,S. aureus,RRWWKWWWR,-0.15490196,9,6.15490196,2353,2353,train,9,6.055039048517102,5.475439700000455,4.986463217569393,5.5027191091629675,5.080860915108767,5.8675028854499995,5.430662148680395,6.0892515,6.154901959809563
2357,S. aureus,RRWWRWVVW,0.113943352,9,5.886056648,2357,2357,train,9,5.786223447993329,5.670079123613606,5.0092259432412005,5.582237607522483,5.083461580057211,5.766551636580005,5.416632597131773,5.8789964,5.886056647897734
2360,S. aureus,RRWWWRWRRW,0.875061263,10,5.124938737,2360,2360,train,6,5.024881745951832,5.3131400836428,4.965542422688089,5.3586767883406745,5.045943024065107,5.098552536399995,5.298101883167055,5.131433,5.124938737300318
2361,S. aureus,RRWYRWAWRMR,0.462679535,11,5.537320465,2361,2361,train,8,5.437011863752913,4.8820911902414315,4.90840795092018,4.877962007145003,4.941314209156348,5.362529167679997,5.022843930384481,5.458437,5.537320464946902
2363,S. aureus,RRWYRWWRRRWYRWWR,1.301029996,16,4.698970004,2363,2363,train,4,4.732277062910382,5.0054966844898665,5.132452861339623,5.024631747118947,5.278289723736131,4.875004306099995,5.19433114891965,4.777106,4.698970003993549
2364,S. aureus,RRYHWRIYI,0.491361694,9,5.508638306,2364,2364,train,8,5.408736404746724,4.881312774659817,4.88541957600989,4.83255163438602,4.835639531620265,5.207783534320004,5.02331018941163,5.413732,5.508638305916798
2365,S. aureus,RSARAGLQFPVGRIHRHLK,0.477121255,19,5.522878745,2365,2365,train,8,5.422309898175601,5.070800917897361,4.682900853520575,5.1482487713287455,4.699873681651142,5.258103383830003,4.781621282385045,5.4249096,5.522878744972636
2366,S. aureus,RSITRPVLVRRRWRVRPVF,1.861262834,19,4.138737166,2366,2366,train,2,4.238621493068719,4.407307004301303,4.897793248562024,4.407090437548494,4.968920064709853,4.495235876889998,4.649280410797944,4.2802825,4.138737166016496
2367,S. aureus,RSTEDIIKSISGGGFLNAMNA,1.467439569,21,4.532560431,2367,2367,train,3,4.63248714100863,4.905507477376739,4.4990242926932575,4.962740437117102,4.332652695472917,4.508574665439997,4.323964559624699,4.519103,4.5325604310006495
2368,S. aureus,RTKKWIVWI,1.441744909,9,4.558255091,2368,2368,train,4,4.658424205620465,5.173470315729286,4.864623204077139,5.058032972439971,5.044663990539721,4.758879796169993,4.937688931491611,4.593594,4.558255091006653
2369,S. aureus,RVKRVWPLVIRTVIA,1.113943352,15,4.886056648,2369,2369,train,5,4.785881972326184,4.838559354380357,4.877680843078786,4.863871391158347,4.900350120014015,5.038626350490003,5.095073226062174,4.8800364,4.886056647995516
2371,S. aureus,RVMFKWA,0.931275363,7,5.068724637,2371,2371,train,6,4.968602430213268,5.088435611517718,4.806718262167072,5.149080289741074,4.763902139512993,4.759074990460002,4.562624649778828,5.078597,5.06872463692131
2372,S. aureus,RVVRPVVQGVKEKVR,1.563362181,15,4.436637819,2372,2372,train,3,4.536805037225993,4.509844198596787,4.692200549491757,4.4490239427394584,4.589931088417397,4.464137874239998,4.344514602445362,4.400417,4.436637819064705
2373,S. aureus,RVVRPVVQGVKQKVR,1.56360677,15,4.43639323,2373,2373,train,3,4.536566810446892,4.93544641936408,4.746931573917908,4.923788244890827,4.75167649154595,4.462809218040004,4.477787051706808,4.4596105,4.4363932300247635
2376,S. aureus,RVVRQWPIGRVVRRVVRRVVR,-0.421967677,21,6.421967677,2376,2376,train,9,6.322008157706401,6.3145377262035725,5.004334957798515,6.092044564276443,5.127412648739675,6.28134985423,5.636925419019086,6.3938503,6.421967676480562
2377,S. aureus,RVVRQWPIGRVVRRVVRRVVRF,-0.144478606,22,6.144478606,2377,2377,train,9,6.044365055548644,6.039434805868319,5.051209071980891,6.172155678121019,5.196899612303394,6.118722032620001,5.861630347719218,6.1487117,6.144478606299982
2378,S. aureus,RVVRQWPIGRVVRRVVRRVVRL,-0.139149883,22,6.139149883,2378,2378,train,9,6.039294402066388,5.802230230976388,5.042579977920429,6.147075667332388,5.181590338990403,6.136746390239998,5.7708192102134275,6.1469226,6.139149883205116
2379,S. aureus,RVVRQWPIGRVVRRVVRRVVRY,-0.146962521,22,6.146962521,2379,2379,train,9,6.047061978544597,6.123404521510832,5.0538311469038515,6.1332054707448656,5.189017854841889,6.1499189561499925,5.831490343044212,6.1408477,6.146962521057661
2380,S. aureus,RWFKIQLQIRRWKNKK,1.204119983,16,4.795880017,2380,2380,train,4,4.730151021158751,4.815717243821751,4.847986734497465,4.810852485866783,4.881515410927214,4.699264577,4.831044957709453,4.719089,4.795880016875756
2381,S. aureus,RWFKIQMQIRRWKNKK,1.806179974,16,4.193820026,2381,2381,train,2,4.2936418480917915,3.845222103675676,4.851083534832792,3.9917938663031536,4.871759957201878,4.265590879080006,4.5565619403499324,4.21232,4.193820025949334
2382,S. aureus,RWFRIQLQIRRWRNRR,1.204119983,16,4.795880017,2382,2382,train,4,4.732277062910332,5.108708513467056,4.879478562823069,5.060182779625316,4.930444384099317,4.7910612862000015,4.865135765202699,4.8396893,4.795880017051304
2383,S. aureus,RWGKWFKKATHVGKHVGKAALTAYL,1.350671471,25,4.649328529,2383,2383,train,4,4.732277062910382,4.6260838515382074,4.879392878937974,4.750453609316803,4.9682625795003075,4.85126579869,4.940788178443727,4.6868873,4.649328529069628
2384,S. aureus,RWKIFKKIPKFLHSAKKF,0.77815125,18,5.22184875,2384,2384,train,7,5.121701502924582,5.25079687443362,4.850955953371642,5.433498889529789,4.9449918543264095,5.272572522749998,5.210493762564472,5.254824,5.2218487504077045
2385,S. aureus,RWKKWWRWL,0.442273751,9,5.557726249,2385,2385,train,8,5.457898023029615,5.112563088971206,4.955314233783153,5.127987194648639,5.047438957022839,5.482883914529997,5.3936433558525305,5.5250125,5.557726248967362
2386,S. aureus,RWKLLLLLRL,0.17923567,10,5.82076433,2386,2386,train,9,5.7208980576763375,4.931569442305483,4.971898728886583,4.955947085445855,5.032489011950839,5.672731115629993,5.273245627605637,5.699909,5.820764329440307
2387,S. aureus,RWKRWWRLL,0.93314951,9,5.06685049,2387,2387,train,6,4.967020824082379,5.189422649911154,4.9377431865400085,5.180043184445318,5.016043528627509,5.167156727539996,5.326861632654923,5.1393127,5.066850490441238
2388,S. aureus,RWKRWWRRKK,0.77815125,10,5.22184875,2388,2388,train,7,5.121957016945214,4.66687590471066,4.776340443220774,4.666690967692665,4.762085175695707,5.088859843509996,4.97244346937275,5.2197027,5.221848750353737
2389,S. aureus,RWKRWWRWI,0.610024608,9,5.389975392,2389,2389,train,7,5.289839978100265,5.479098997921863,4.970333035648813,5.489157160460906,5.076041778074961,5.337091836149997,5.410399640537752,5.3924494,5.389975391860584
2390,S. aureus,RWLKKRRWKYYVPP,1.510310732,14,4.489689268,2390,2390,train,3,4.5896156489566255,4.360312407401627,4.896929319364243,4.374788647210853,4.905786821716472,4.663466751510003,4.735572452328801,4.5210447,4.489689267993677
2391,S. aureus,RWLLKLGHHGR,1.806179974,11,4.193820026,2391,2391,train,2,4.293650162604003,4.239614394288486,4.605433585966234,4.124635696223562,4.646689674416426,4.3124298425100065,4.717787345798552,4.246098,4.193820026010534
2392,S. aureus,RWLLKLGHHGRAPP,2.10720997,14,3.89279003,2392,2392,train,1,3.9927307071623455,4.367426085362797,4.573860577972868,4.4434781451396,4.572205366878171,4.2090932763,4.349257546038884,3.9860425,3.8927900303811978
2393,S. aureus,RWRRKWWWW,-0.15490196,9,6.15490196,2393,2393,train,9,6.055035685613595,5.35417848429732,4.985077255813264,5.488510168790332,5.089408224344981,5.839398539,5.375164284485142,6.0573134,6.154901959428445
2394,S. aureus,RWRRLLKKLHHLLH,0.923921262,14,5.076078738,2394,2394,train,6,4.976244452019036,4.947967626464068,4.880455477484641,5.189099081209019,4.944747359201347,5.149735959679995,5.214018032900855,5.1825504,5.07607873826593
2395,S. aureus,RWRRWKWWL,0.132903353,9,5.867096647,2395,2395,train,9,5.76702067833792,5.736229088682181,4.940902375455339,5.562697518882274,4.999137525621689,5.742800019579997,5.473968789460441,5.8750167,5.867096646753157
2396,S. aureus,RWRRWRRWRRWR,0.775479778,12,5.224520222,2396,2396,train,7,5.124354708802124,4.982251267260728,4.885392687967385,5.085905600844551,4.965520284707068,5.191293264370006,5.087984310440632,5.2350492,5.224520222320665
2397,S. aureus,RWRWRWF,1.428736789,7,4.571263211,2397,2397,train,4,4.671398543422967,4.913345120443171,4.916626466431862,4.965630529441377,4.961213014698289,4.636661230529992,4.904792040522222,4.581101,4.57126321096557
2398,S. aureus,RWRWRWFGGGFIKHFIHRF,1.091849711,19,4.908150289,2398,2398,train,5,4.807681644488466,4.717811885970845,5.020620228743637,4.647814998354447,5.123110486019428,4.907130270399996,4.921678910692863,4.908027,4.9081502890723305
2399,S. aureus,RWRWRWFSATFIKHFIHRF,1.368051898,19,4.631948102,2399,2399,train,4,4.7322770587148435,4.888253357837711,5.020676637855123,4.856713679279883,5.1295457302242315,4.746589719980007,4.897840258415477,4.6741476,4.631948101970537
2400,S. aureus,RWRWRWFSGGFIKHFIHRF,1.08684388,19,4.91315612,2400,2400,train,5,4.812980773615714,5.162850323631522,5.02538214384604,5.112729512729915,5.126869641329593,4.874144338989998,4.918360653548682,4.8917856,4.913156119966876
2401,S. aureus,RWRWRWK,1.439332694,7,4.560667306,2401,2401,train,4,4.660842281920075,4.582044348225301,4.831252239796073,4.553357587231423,4.8184710378737945,4.586773436890008,4.627870572076856,4.5682807,4.560667305663782
2402,S. aureus,RWRWRWRW,0.900367129,8,5.099632871,2402,2402,train,6,4.99964700562157,5.318643342780895,4.933343934467126,5.354235666951713,5.03243153802612,5.123238490699996,5.123083633864938,5.117533,5.099632871243527
2403,S. aureus,RWRWRWRWRW,0.556302501,10,5.443697499,2403,2403,train,8,5.3435639788676434,5.441517817220991,4.992427886622286,5.440416485060531,5.12714864735486,5.361317635679995,5.235839158265402,5.435833,5.443697498704202
2404,S. aureus,RWRWWWRVY,0.51851394,9,5.48148606,2404,2404,train,8,5.381649310910359,5.281346380951616,5.044114186578496,5.2542431141687755,5.135184389253895,5.419983313680002,5.4187462378398425,5.4731236,5.481486059976592
2405,S. aureus,RWSVYAYVRVRGVLVRYRRSW,1.722491811,21,4.277508189,2405,2405,train,2,4.377642400735919,4.423258366738238,5.04299774151825,4.363097771843222,5.15888991682103,4.536974102340002,4.905242149298957,4.369401,4.277508189011228
2406,S. aureus,RWWIRIRWH,0.113943352,9,5.886056648,2406,2406,train,9,5.78591569788243,5.0672548619892455,4.917825951985741,5.0336252771448855,4.970702305270033,5.606854177130004,5.201108795316691,5.7986474,5.886056647895554
2407,S. aureus,RWWKIWVIRWWR,0.630960402,12,5.369039598,2407,2407,train,7,5.269054834132013,5.502236539689676,5.072564374592688,5.536309893826715,5.176939931256995,5.4544678593999905,5.314811741983392,5.380311,5.369039598258324
2408,S. aureus,RWWLRRIW,1.096910013,8,4.903089987,2408,2408,train,5,4.803028458836028,4.739145865901172,4.9179902944758265,4.655232718832765,4.922712398724498,4.863651189729993,5.061029006268121,4.9095345,4.903089987253117
2409,S. aureus,RWWRKIWKW,0.342422681,9,5.657577319,2409,2409,train,9,5.557398254375439,5.2278835252461695,4.946281712575663,5.192234266239089,5.027840248779336,5.552990605149995,5.270574086772923,5.578583,5.657577318516895
2410,S. aureus,RWWRRWWRWWRRWWRR,0.698970004,16,5.301029996,2410,2410,train,7,5.200965113468054,5.498075385073442,5.153863688746715,5.544880671502115,5.354912396919772,5.368316123910003,5.245762610956102,5.2974186,5.301029997388149
2413,S. aureus,RWWRWWRRWW,1.713524406,10,4.286475594,2413,2413,train,2,4.386581844263343,5.4291246503229225,5.063445338325004,5.539105026434121,5.206198223195932,4.515861634810005,4.8984096116658025,4.3846755,4.286475594204319
2414,S. aureus,RWWRWWRRWWRR,0.666309623,12,5.333690377,2414,2414,train,7,5.23355241862572,5.462703916556855,5.034759620295053,5.533312644163097,5.176265385914702,5.323570771329995,5.284182713116903,5.3295393,5.3336903752571345
2415,S. aureus,RWWRWWRRWWRWWR,1.72427587,14,4.27572413,2415,2415,train,2,4.37563023560473,5.655974260952133,5.164424971796469,5.672773466567987,5.367580033220368,4.5017320502700064,5.061456919532011,4.307612,4.275724130797194
2416,S. aureus,RWWRWWRRWWW,1.66984781,11,4.33015219,2416,2416,train,3,4.430335575670568,5.439603684812118,5.115286040807087,5.506580551513983,5.271988292735438,4.513065776169997,4.7980912555596,4.3697515,4.330152190793432
2418,S. aureus,RWWVAWRNR,1.973127854,9,4.026872146,2418,2418,train,1,4.127005654780865,4.681630032113435,4.748737463177166,4.704310127993811,4.769382128558013,4.387790687830003,4.7519043329498425,4.235243,4.0268721460341155
2419,S. aureus,RYRRKKKMKKALQYIKLLKE,2.544068044,20,3.455931956,2419,2419,train,0,3.555986751929679,4.003608095891256,4.872174159910356,3.9679828723170756,4.792877700546379,3.873837852619995,4.411528909182006,3.5601199,3.455931956058328
2421,S. aureus,SADQTGMNKAALSPIRFISKSV,1.935232929,22,4.064767071,2421,2421,train,2,4.164756927431242,4.523696926203092,4.51541040646682,4.444856257039676,4.423502867461495,4.150098698480004,4.239153280087771,4.071759,4.064767070988649
2422,S. aureus,SAVGRHGRRFGLRKHRKH,1.369215857,18,4.630784143,2422,2422,train,4,4.7309614105925215,5.127295310070979,4.607063324881504,5.2484194728438975,4.584121015159147,4.720700996710005,4.797465545526894,4.719117,4.630784143100864
2423,S. aureus,SAVGRHLRRFGLRKHRKH,0.972202838,18,5.027797162,2423,2423,train,6,4.9276613908876605,5.101265058137694,4.697424102674832,5.067122385674527,4.73544557724873,4.995264539950006,4.859405967379831,5.0486856,5.02779716200031
2424,S. aureus,SAVGRHLRRFLLRKHRKH,0.495544338,18,5.504455662,2424,2424,train,8,5.404018270893217,5.213094881806053,4.770435305182135,5.350457376106387,4.820841671729232,5.33734869045,4.953152355149395,5.485955,5.504455662137761
2425,S. aureus,SAVLRHLRRFLLRKHRKH,0.193124598,18,5.806875402,2425,2425,train,9,5.706752901434479,4.963561259596938,4.843815083035376,5.027753223536658,4.9075628520606775,5.549572260829998,5.109049901326538,5.619301,5.806875401594868
2426,S. aureus,SAVWRHWRRFWLRKHRKH,0.795880017,18,5.204119983,2426,2426,train,6,5.1042916375119445,5.157872304235594,4.907892385108937,5.100870222199253,5.011183513478712,5.282793250720002,5.198085274846234,5.272428,5.204119983220252
2427,S. aureus,SAVWRRWRRFWLRKRRKR,0.795880017,18,5.204119983,2427,2427,train,6,5.104020707342851,5.60847063085431,4.93209754397603,5.410250823907483,5.054948902793546,5.22462324662,5.223912306276926,5.2441053,5.204119983783277
2428,S. aureus,SAVWRWRRFWLRKRK,0.495544338,15,5.504455662,2428,2428,train,8,5.404556964981562,5.418212207630046,4.886073094929494,5.197656641558881,4.96935476563205,5.33629014187,5.184107617958145,5.382725,5.504455661352588
2430,S. aureus,SFVFKLASKVVPSVFSALTR,2.069068809,20,3.930931191,2430,2430,train,1,4.031096781275021,4.441094579693361,4.823131344320421,4.491401474695985,4.738162628749766,4.086305775790006,4.408944657374269,3.977743,3.9309311910707287
2431,S. aureus,SGIQPEQHSS,2.0,10,4.0,2431,2431,train,1,4.09953101100904,3.969239264536993,4.0345274173334,3.9226314659564445,3.8094084403212483,3.7827430043799986,3.842272616988632,4.0005774,3.999999999959931
2432,S. aureus,SGKLWWRRKK,1.698970004,10,4.301029996,2432,2432,train,2,4.400927835042156,4.995517461362674,4.654765166820431,5.077177236371189,4.606323146518662,4.490671078520004,4.719134754974752,4.329379,4.301029996131739
2433,S. aureus,SGKLYYRRKK,2.0,10,4.0,2433,2433,train,1,4.09982027622335,3.929365600220735,4.633241011271618,3.8535948978874757,4.522927533854415,4.2121565082400005,4.427626383639373,4.084971,3.999999999974746
2434,S. aureus,SGKRWWRRKK,1.698970004,10,4.301029996,2434,2434,train,2,4.400983959599302,4.7987925839601075,4.591471348477791,4.898172768122911,4.519819582355272,4.3770549000300045,4.558469156752116,4.274661,4.301029995874676
2436,S. aureus,SHHWLWLW,1.234959093,8,4.765040907,2436,2436,train,4,4.732277062910382,4.772652632923277,4.856889166241736,4.756270334968127,4.87230463192622,4.780274753940007,4.760852034204489,4.767298,4.76504090696086
2437,S. aureus,SHKWLWLW,0.93728677,8,5.06271323,2437,2437,train,6,4.962611919309522,5.154387276525814,4.867584716832187,5.138738325441814,4.901503519438305,4.987629912609995,4.831728126185723,5.0310893,5.062713229968594
2438,S. aureus,SIKILKIYFIQGKRHWSF,1.725613697,18,4.274386303,2438,2438,train,2,4.374557778146776,4.643545738132468,4.922646389943333,4.828384988900822,4.979882900758123,4.536289005790006,4.860833749288863,4.4045753,4.274386303017529
2439,S. aureus,SILGKLWKGVKSIF,0.6775231,14,5.3224769,2439,2439,train,7,5.222409978172821,4.885568963521222,4.734419018306556,4.826927460240685,4.788552988064495,5.157292610700006,4.886643993612726,5.2392144,5.322476899863152
2440,S. aureus,SILPTIVSFLSKFL,1.380211242,14,4.619788758,2440,2440,train,4,4.71995533540762,4.671568899230226,4.789872574014332,4.62042783434446,4.917795906168954,4.617922473850005,4.7731360618466185,4.6201553,4.619788757964758
2441,S. aureus,SILPTIVSFLTKFL,1.397940009,14,4.602059991,2441,2441,train,4,4.70215220435794,4.5814472526873145,4.839198880152225,4.543383845561251,4.951545336695806,4.580230737699993,4.743617062935802,4.580453,4.602059991021447
2442,S. aureus,SILPTIVTFLSKFL,1.397940009,14,4.602059991,2442,2442,train,4,4.70215130754524,5.071893714684494,4.792476795523237,4.986819375239715,4.919423461309416,4.632462456519994,4.756249257698604,4.626283,4.602059990986918
2444,S. aureus,SKSWLWLW,0.956524899,8,5.043475101,2444,2444,train,6,4.943585073720181,4.871986099179707,4.809272100787984,4.929040077001981,4.855614767622118,4.771626223570006,4.579864827921572,4.969356,5.04347510099128
2448,S. aureus,SKVLRHLRRFLHRAHRKL,0.369215857,18,5.630784143,2448,2448,train,9,5.530949958131167,5.095147821488328,4.8531401555370355,5.180474920789885,4.929920848206981,5.4685587785200065,5.077587463496993,5.5951257,5.6307841429727015
2449,S. aureus,SKVWRHW,2.0,7,4.0,2449,2449,train,1,4.100092580876451,4.289236696059512,4.677133480943054,4.346442095563683,4.58577791845485,4.122487638340001,4.339710818735232,4.0017896,3.999999999971847
2450,S. aureus,SKVWRHWRRFW,0.795880017,11,5.204119983,2450,2450,train,6,5.104229481667527,5.222500108739494,4.854937616190893,5.250139992742191,4.9261648829246365,5.099232591689998,5.0952630546500295,5.1103334,5.204119982968393
2451,S. aureus,SKVWRHWRRFWHR,0.495544338,13,5.504455662,2451,2451,train,8,5.404439554154094,4.920312578642426,4.850128344756647,4.918266579999115,4.919673611395221,5.212037116319999,5.094664467000505,5.399258,5.504455661994972
2452,S. aureus,SKVWRHWRRFWHRAHRKK,0.586587305,18,5.413412695,2452,2452,train,8,5.313236376787547,4.971898961651435,4.87497866793189,5.134169302443535,4.972838189433764,5.308455973789995,5.013972844311359,5.3753996,5.413412695093339
2453,S. aureus,SKVWRHWRRFWHRAHRLH,0.495544338,18,5.504455662,2453,2453,train,8,5.404512443780701,5.303387304316672,4.912202380051458,5.178754591744305,5.020922198719282,5.332311270860001,5.187132908263105,5.466522,5.504455661848556
2455,S. aureus,SLLSLIRKLIT,1.342422681,11,4.657577319,2455,2455,train,4,4.732277062910382,4.875987469903234,4.709434956954176,4.809401742298912,4.718748480349943,4.646653886539998,4.580489098255701,4.62911,4.657577318924988
2456,S. aureus,SLSRFLRFLKIVYRRAF,1.096910013,17,4.903089987,2456,2456,train,5,4.80291656433574,5.025092528257367,4.919208720723233,4.888816511916263,5.089471429597677,4.957714331069995,4.989758948645336,4.9042706,4.903089987157901
2457,S. aureus,SLSRFLSFLKIVYPPAF,1.401110426,17,4.598889574,2457,2457,train,4,4.698757925740017,4.9004385487293485,4.819404085993194,4.8217327492190325,4.9454522334750655,4.615859553829999,4.742546105755797,4.6139812,4.59888957406456
2458,S. aureus,SLWETIKNAGKGFIQNILDKIR,0.567026366,22,5.432973634,2458,2458,train,8,5.332797640052215,5.339101389046522,4.560280466053108,5.260401309706944,4.542304258399085,5.173164175610003,4.760095010340981,5.349547,5.432973634036139
2459,S. aureus,SLWETIKNAGKGFIQNLDKIR,0.586277288,21,5.413722712,2459,2459,train,8,5.313707410311426,5.078377107952073,4.490190185267055,5.094806350547282,4.468619582201184,5.195101894329996,4.7468615898454685,5.3927855,5.4137227119424685
2460,S. aureus,SMLSVLKNLGKVGLGFVA,2.301029996,18,3.698970004,2460,2460,train,0,3.798852645195842,4.328836679891664,4.696032508475434,4.319996494939309,4.712512004819482,4.082077693339995,4.509048898351067,3.7613115,3.6989700040216826
2461,S. aureus,SMLSVLKNLGKVGLGFVAAKIAKQA,2.0,25,4.0,2461,2461,train,1,4.100163398428329,4.8151659969913085,4.788988349432378,4.885453787240754,4.844864290990381,4.1760682495,4.444475689009698,4.0366507,4.000000000246324
2462,S. aureus,SPEEARVKILTAIPEMREEDLSEE,2.0,24,4.0,2462,2462,train,1,4.100190759220924,4.05421425427946,4.384095028554521,4.155140515956691,4.32777002985257,4.260988538889999,4.242068693455816,4.0457478,3.999999999988757
2463,S. aureus,SPGRPRPFPGRPKPIFRPR,2.0,19,4.0,2463,2463,train,1,4.099652544887,4.188722400127301,4.525080236396429,4.121077368672148,4.458065165931818,3.9859734573500005,4.108113988965552,3.9912794,3.9999999999057865
2464,S. aureus,SPRRRTPSPRRRRSQSPRRR,2.0,20,4.0,2464,2464,train,1,4.099896331894926,4.185488743733522,4.554648999678076,4.266224358278024,4.646259802759491,4.18682540663,4.480856562454235,4.0625,3.9999999999604747
2465,S. aureus,SRSEKAGLQFPVGRIGRMLKK,0.823908741,21,5.176091259,2465,2465,train,6,5.07597524444151,4.6920195343282955,4.622360915488394,4.738265644389725,4.6175797342571405,4.954280032809994,4.483955232315901,5.0702877,5.176091258963849
2466,S. aureus,SRWPSPGRPRPFPG,2.0,14,4.0,2466,2466,train,1,4.09995957266467,3.7509344238084337,4.452651580851764,3.861193246956754,4.315523833426721,4.06401558842,4.133126539928716,3.9669054,4.000000000019844
2467,S. aureus,SRWPSPGRPRPFPGRPKPIF,2.0,20,4.0,2467,2467,train,1,4.100171939482118,4.229406371612127,4.600332168937654,4.293582222302961,4.62971117810481,4.0974949315,4.220622242865398,3.9907572,3.9999999998860165
2468,S. aureus,SRWPSPGRPRPFPGRPKPIFRPR,2.0,23,4.0,2468,2468,train,1,4.099858539753006,4.116699387346907,4.650651192384307,4.346225095615512,4.718308365622599,4.12250268365,4.413217952899536,4.024105,4.00000000034989
2469,S. aureus,SSMKLSFRARAYGFRGPGPQL,1.633263735,21,4.366736265,2469,2469,train,3,4.466562009436928,3.9001816415766557,4.658597872374503,3.8449901971054565,4.612966742976415,4.353169941199995,4.214852334668703,4.359859,4.366736264981535
2470,S. aureus,STIGKLVKWIIKTVNKFTKK,0.681241237,20,5.318758763,2470,2470,train,7,5.218438345123217,4.989746933109654,4.860253087979622,5.0522036406647235,4.900360305069082,5.191690790460002,4.9819765290564035,5.3313456,5.318758762978671
2471,S. aureus,STVLTSKYR,0.301029996,9,5.698970004,2471,2471,train,9,5.5988295062421995,5.2731074874835615,4.577387174395061,5.2653297756911295,4.420981775888856,5.190049798399994,4.947584066650838,5.636478,5.698970003930734
2472,S. aureus,SVAGRAQGM,1.960589401,9,4.039410599,2472,2472,train,1,4.139584179446892,3.2426392071667762,4.294617371895999,3.2392775307271213,4.051570759551273,3.9815790619800038,3.9671943171192425,4.0568414,4.039410598958808
2473,S. aureus,SVKKFWGGVKAIFKGARKGLK,1.204119983,21,4.795880017,2473,2473,train,4,4.733675102951096,4.856259912890032,4.7706352731691695,4.89051757877475,4.849474580545019,4.840328165260002,4.876983881674456,4.83467,4.795880017033684
2474,S. aureus,SVPSVGAVLFFKRAAVMKLI,2.079118658,20,3.920881342,2474,2474,train,1,4.020791986635466,4.685959788111892,4.880405292419856,4.790450646509986,4.892766360043172,4.270055953629994,4.495910128493889,3.9936652,3.9208813420633275
2475,S. aureus,SWFKHKSK,1.059147548,8,4.940852452,2475,2475,train,5,4.841028965755341,4.476017389977136,4.508125213623555,4.311389081160848,4.46541386392585,4.738088761510002,4.575149399810116,4.8996897,4.940852451943083
2476,S. aureus,SWFKTKSK,1.199293917,8,4.800706083,2476,2476,train,5,4.732277062910382,4.855101401362238,4.493368073040696,4.840181325504781,4.442755771539042,4.656000083460004,4.455291572135625,4.800725,4.800706082977934
2477,S. aureus,SWKSMAKKLKEYMEKLKQRA,1.74723839,20,4.25276161,2477,2477,train,2,4.352879591086072,4.540853303063393,4.653524503899398,4.659008626144588,4.5901660035589344,4.479948003399997,4.374268084340188,4.3114123,4.25276160996884
2478,S. aureus,TESYFVFSVGM,2.127871881,11,3.872128119,2478,2478,train,1,3.972224305724617,4.1226832764152705,4.494535059007963,4.038238233803605,4.421954811381261,4.038670554640004,4.212598216582269,3.909133,3.8721281189482184
2479,S. aureus,THIHMNARLLIRSPFTDPQL,2.035192598,20,3.964807402,2479,2479,train,1,4.064238554211551,3.662180194367025,4.562741273554628,3.5640891004910755,4.312401023756931,4.135645198150004,4.521408220934378,4.0459037,3.964807401998692
2480,S. aureus,THSWLWLW,1.947582841,8,4.052417159,2480,2480,train,2,4.152588813347295,4.458034906941066,4.847661245118684,4.520440599416246,4.864094753966518,4.243594618810003,4.441823050466206,4.0831122,4.052417158962224
2482,S. aureus,TIAMRAINNYRWRSKNQNTFLR,0.176091259,22,5.823908741,2482,2482,train,9,5.723925244605377,5.312245326713644,4.835553930228661,5.130362253922643,4.839413810415339,5.333607659810006,5.085218060319693,5.716118,5.823908740975499
2483,S. aureus,TKKTKLTEEEKNRL,0.361727836,14,5.638272164,2483,2483,train,9,5.538293097405638,5.282568346573281,4.364582454853061,5.22817376841982,4.037646774085129,5.160428517949999,4.97396132123347,5.5570054,5.63827216393904
2484,S. aureus,TKPTLLGLPLGAGPAAGPGKR,0.903089987,21,5.096910013,2484,2484,train,6,4.996979297116724,4.427700232659663,4.45526434933834,4.543593191566777,4.423292908888713,4.896908108290005,4.406746479136702,5.0597377,5.096910012898378
2485,S. aureus,TLKQFAKGVGKWLVK,1.768765206,15,4.231234794,2485,2485,train,2,4.331058661636055,4.254578698757488,4.731612100171697,4.529442512142159,4.746371625496399,4.405374936829995,4.829194988930412,4.3117375,4.231234794025523
2486,S. aureus,TLLKKVLKAAA,0.477121255,11,5.522878745,2486,2486,train,8,5.422717679583817,4.790011405038946,4.631477347689728,4.751033377885277,4.548794080989294,5.249041172850005,4.575773130155679,5.4149833,5.522878744732527
2487,S. aureus,TLLKKVLKAAAKAALNAVLVGANA,1.027081194,24,4.972918806,2487,2487,train,5,4.872786374867224,4.718097572422925,4.732777672945472,4.7380028180912115,4.699610658002035,4.812768934739997,4.669746875065435,4.959797,4.972918805789123
2488,S. aureus,TMSLRFWRWKVR,1.730631944,12,4.269368056,2488,2488,train,2,4.369218559606036,4.861645932316836,4.8231488068532675,4.8448834357020925,4.86042639718062,4.542969723050003,4.8280342601029975,4.2993717,4.2693680560078375
2489,S. aureus,TPFKISIHL,1.152727708,9,4.847272292,2489,2489,train,5,4.747376052619541,4.929021613175998,4.686953007178675,4.979615517799108,4.591230897322662,4.744478645040006,4.545056429335575,4.8273506,4.847272291976863
2490,S. aureus,TPFKLSLHL,1.303242706,9,4.696757294,2490,2490,train,4,4.732277062910382,5.037249550236065,4.613147247267808,5.059934712955778,4.544420301454305,4.7334897240500045,4.60145575819158,4.7052426,4.696757293997759
2491,S. aureus,TRKRLKKIGKVLKWI,1.505149978,15,4.494850022,2491,2491,train,3,4.594680781112219,4.366491524257153,4.818764959559836,4.434695296607297,4.858048719258337,4.595633982929994,4.880738651773057,4.5485044,4.494850022441456
2492,S. aureus,TRSRWRRFIRGAGRFARRYGWRIA,1.622552704,24,4.377447296,2492,2492,train,3,4.477271572971587,4.595745039648879,4.88721648971379,4.732351579892407,5.073433615085974,4.512003847760006,4.745623137284731,4.4298005,4.377447296146485
2493,S. aureus,TRSSRAGLQFPVGRVHR,2.123995578,17,3.876004422,2493,2493,train,1,3.976053674187012,4.276215546305651,4.591035465454296,4.176713011594778,4.554249025930224,4.063719860289997,4.21440728236163,3.9614034,3.876004422016193
2494,S. aureus,TRSSRAGLQFPVGRVHRLLRK,1.282219325,21,4.717780675,2494,2494,train,4,4.731533633440263,4.6827825267939485,4.745816938677387,4.672742997744495,4.780285124073757,4.746858418969995,4.934967454322239,4.750766,4.717780675012832
2495,S. aureus,TSFLNELNKYNEKKFI,0.620608674,16,5.379391326,2495,2495,train,7,5.279245459501167,4.7975077432094295,4.441101979221,4.6520942151077165,4.24806469863698,4.942183074540003,4.603367292892553,5.3401723,5.379391325963735
2496,S. aureus,TWLKKRRWKKVKPP,1.538705308,14,4.461294692,2496,2496,train,3,4.561492744363208,4.839721611354624,4.730640711636355,4.893942806661144,4.7282883566067335,4.635959065330005,4.458318879198369,4.4431844,4.461294692093952
2497,S. aureus,TWLPAVIKIQAHWRGYRQRKIYL,0.204119983,23,5.795880017,2497,2497,train,9,5.695975905433767,5.4547235114177015,4.984181640181455,5.291643759559387,5.08641264956612,5.532531376029999,5.466917471252545,5.7441483,5.79588001693152
2498,S. aureus,VALNENLLR,3.096910013,9,2.903089987,2498,2498,train,0,3.0032600696911054,3.0195739712604146,4.218830652618241,2.977879528069523,3.7804012939160665,2.9516812676499957,2.8873098749073325,2.895159,2.9030899871305453
2499,S. aureus,VANENLLR,3.397940009,8,2.602059991,2499,2499,train,0,2.7019555215539897,2.6085927091516052,4.088514685761015,2.60027089165171,3.566122240636517,2.7094630750299995,2.827078989724372,2.6411166,2.602059991006674
2500,S. aureus,VDKGRYLEAPTPPRPIYNRN,1.301029996,20,4.698970004,2500,2500,train,4,4.732277062910382,4.692886454170741,4.438419065311243,4.719664444162355,4.368833261968254,4.623952410569995,4.586367774182793,4.7219124,4.698970004023091
2501,S. aureus,VDKGSYLPRPTPTPRYRPIYNRN,1.301029996,23,4.698970004,2501,2501,train,4,4.732277062910382,5.003956689719744,4.673468259091447,4.991947323466469,4.6780677423171575,4.741464059819994,4.797491526775251,4.7339215,4.698970003983786
2502,S. aureus,VDKGSYLPRPTPYSPRPPIYNRN,1.301029996,23,4.698970004,2502,2502,train,4,4.732277062910382,4.685609045230247,4.655465112774437,4.7426776653878076,4.646190811836783,4.694409684279994,4.582618534531636,4.7127013,4.698970004020368
2503,S. aureus,VDKPDYRPRPRPPNM,2.176091259,15,3.823908741,2503,2503,train,0,3.923339894175591,3.8239087409972536,4.223003968549621,3.8240475347087672,4.042207863311851,3.9737815589400047,4.181060259331337,3.8646016,3.8239087409340855
2504,S. aureus,VDKPPYLPRPRPPRRIYNR,0.621458588,19,5.378541412,2504,2504,train,7,5.278120294545521,4.677327973335475,4.582734477380645,4.75724370854749,4.579233554400277,5.01753363671,4.619054126346574,5.2308106,5.378541411917412
2505,S. aureus,VDNANDLLSKVKKDKSD,0.916876777,17,5.083123223,2505,2505,train,6,4.983230787150889,4.612738043047874,4.129976952089019,4.460742336460493,4.105682916580699,4.900393310539991,4.508933032627687,4.9998264,5.0831232229464876
2506,S. aureus,VFLGNIVSMGKKI,2.15312283,13,3.84687717,2506,2506,train,1,3.9470109999985743,4.035351291438019,4.704782008759355,4.043690274001877,4.805489079540496,4.323982590940005,4.542077493692539,3.946512,3.846877169982131
2509,S. aureus,VFRLKKWMQKVIDRFGG,1.505149978,17,4.494850022,2509,2509,train,3,4.594673349515412,4.237876753704608,4.7764421046088295,4.298730566737064,4.7328500091727115,4.581995945529996,4.70929765987799,4.5039234,4.49485002190536
2510,S. aureus,VGALAVVVWKWKWKW,0.397940009,15,5.602059991,2510,2510,train,8,5.501786206837949,5.279951405200098,4.945584026422017,5.199275595058245,5.0166828325799075,5.510817000799996,5.273951873658557,5.5072575,5.602059989802599
2511,S. aureus,VGALAVVVWKWKWLW,0.698970004,15,5.301029996,2511,2511,train,7,5.200853705013413,5.299022834325271,4.984721697729868,5.273174904485894,5.060228713835259,5.339771787890004,5.231984440903193,5.4011064,5.301029996956167
2512,S. aureus,VGALAVVVWKWLWKW,0.698970004,15,5.301029996,2512,2512,train,7,5.200956300386439,5.1941944525026855,4.985844363321244,5.1597595143892105,5.063162312928593,5.352892133250004,5.218157926263503,5.337092,5.301029996922006
2513,S. aureus,VGALAVVVWKWLWLW,0.397940009,15,5.602059991,2513,2513,train,8,5.502168620865195,5.145235939811311,5.024618081260865,5.109745639748547,5.106703329136829,5.481116352229995,5.178048845818104,5.5070486,5.6020599909301385
2514,S. aureus,VGALAVVVWLWLWKW,0.397940009,15,5.602059991,2514,2514,train,8,5.502215085414174,5.21459172164715,5.022065571219234,5.127079542545329,5.1000334523708775,5.494327162299992,5.18708111994747,5.5735655,5.602059990388525
2515,S. aureus,VGALAVVVWLWLWLW,0.397940009,15,5.602059991,2515,2515,train,8,5.502241699664985,4.902883873793382,5.061386087085942,4.844309157595412,5.1294712411722605,5.308808806769991,5.113404919272197,5.5494323,5.602059990750847
2516,S. aureus,VGALAVVVWRWRWRW,0.397940009,15,5.602059991,2516,2516,train,8,5.502194610635799,5.3337241575872,4.974925690762527,5.264961014897518,5.067741658525351,5.529929334799993,5.303920819389002,5.597843,5.60205999086119
2517,S. aureus,VGKTWIKVIRGIGKSKIKWQ,0.447158031,20,5.552841969,2517,2517,train,8,5.452488155196601,5.223926385262133,4.810421963150233,5.22018216978712,4.8842458290704664,5.301502902709999,4.947166307251574,5.535161,5.552841968905751
2518,S. aureus,VGRIHRHLK,1.079181246,9,4.920818754,2518,2518,train,5,4.82064449826732,4.639357575857372,4.6257438472540215,4.7879653989605995,4.542362015321712,4.599072816269998,4.316393889476516,4.857872,4.920818753976601
2519,S. aureus,VGVGGGFGR,2.191171701,9,3.808828299,2519,2519,train,0,3.9089162791808088,4.3621460642890995,4.486642069138817,4.290296588858684,4.326102672764147,3.931807329650005,4.074911337451812,3.813931,3.8088282989589897
2520,S. aureus,VIDKAKMESLGITSRDTT,1.200741275,18,4.799258725,2520,2520,train,5,4.732277062910382,4.431777530002424,4.279021399684825,4.541854829156238,4.192709926890389,4.637738198530003,4.6133003071140415,4.8041844,4.799258724951525
2522,S. aureus,VINENLLR,3.096910013,8,2.903089987,2522,2522,train,0,3.003209882294498,3.522555827767592,4.235385145913936,3.6121627383202055,3.8095776105232675,2.9048619720699946,2.9404751664133015,2.876149,2.9030899870113944
2523,S. aureus,VIPIVSGLLSSLL,0.579621152,13,5.420378848,2523,2523,train,8,5.320536835357499,4.994434262319101,4.739593084094233,5.072051713565165,4.808170673769019,5.049931869809998,4.986988487038102,5.383094,5.42037884790495
2524,S. aureus,VIRRRRILAAVV,2.2451077,12,3.7548923,2524,2524,train,0,3.855061414620465,4.693549509187072,4.820810961942433,4.787535001893729,4.838869097911918,4.105113674769997,4.667448366669304,3.816538,3.754892300039604
2525,S. aureus,VKGSWSKKFEVIA,2.0,13,4.0,2525,2525,train,1,4.100163798125378,3.7604119361905934,4.450537052318239,3.9104272435355187,4.37234300636507,4.166654799350001,4.213360827008594,4.023862,3.999999999967615
2526,S. aureus,VKKFPWWWPFLKK,0.747098253,13,5.252901747,2526,2526,train,7,5.152965095584724,5.229843340394257,4.94960453531346,5.184235224735255,5.079802039496645,5.406693174940004,5.31725181480955,5.413624,5.252901747444415
2527,S. aureus,VKKLVYPLKVKLYP,0.948680972,14,5.051319028,2527,2527,train,6,4.951645451232896,4.778333572474746,4.880899916745349,4.7505482732003195,4.858270335981191,5.022118157540006,4.977283678051517,5.036512,5.051319027981178
2528,S. aureus,VKKVYPLKVKLYP,0.404782329,13,5.595217671,2528,2528,train,8,5.495396022150475,4.846626410100747,4.8283453152696065,4.882759143314998,4.794897012044201,5.25493333826,4.905501357468183,5.4733486,5.595217670851953
2540,S. aureus,VKLVKYPKLKVKLYP,1.245957757,15,4.754042243,2540,2540,train,4,4.732277062882752,5.203809691897051,4.874988549074773,5.011754306332047,4.861964145589268,4.808398096770002,4.894486108356267,4.7872334,4.754042243055809
2542,S. aureus,VKLYPKVKLYP,1.074531201,11,4.925468799,2542,2542,train,5,4.825562240782402,5.035338683605881,4.807916114728557,4.962064045354892,4.774328121124926,4.876071118319993,4.872464030285657,4.897935,4.925468798947584
2545,S. aureus,VKRFKKFFRKFKKSV,1.704772772,15,4.295227228,2545,2545,train,2,4.395110890099182,4.872582118290193,4.852610441310777,4.867498842445227,4.940339174924441,4.499296396089995,4.702459551084592,4.32253,4.295227227770161
2546,S. aureus,VKRFKKFFRKLKKS,1.554653469,14,4.445346531,2546,2546,train,3,4.54534117749575,4.276951668832521,4.796864799158464,4.404678241750109,4.865737366130746,4.4608088595299975,4.776587090694911,4.4763775,4.445346531243491
2547,S. aureus,VKRFKKFFRKLKKSVK,1.497444502,16,4.502555498,2547,2547,train,3,4.602532665202187,4.512348618968918,4.848230332277845,4.671824447450132,4.940906601229914,4.499700541799997,4.732691717081206,4.462829,4.502555497312698
2548,S. aureus,VKRFKKFFRKLKKSVKK,1.471323859,17,4.528676141,2548,2548,train,3,4.628411374561022,4.5167258350751185,4.853003021232413,4.554770157616433,4.94686097697658,4.613175266530003,4.762079386638045,4.52847,4.5286761417251435
2549,S. aureus,VKRFKKFFRKLKKSVKKL,1.4561311,18,4.5438689,2549,2549,train,3,4.644015037626886,4.8825538800626616,4.898014102178585,4.919836021791098,5.006595298987821,4.691126437500004,4.86661249447024,4.624442,4.543868899941192
2550,S. aureus,VKRWKKFWRKWKKWW,0.313852767,15,5.686147233,2550,2550,train,9,5.586312669823882,5.255808463354741,5.016099069894646,5.341871828004731,5.1684443293746245,5.561561378509998,5.319482181970923,5.7052226,5.686147233010688
2551,S. aureus,VKRWKKWRWKWKKWV,-0.279871987,15,6.279871987,2551,2551,train,9,6.180198027524448,4.938393271869105,4.975629226363663,5.013903377989672,5.07557601700968,5.680590913969995,5.25032674702899,6.0894732,6.279871985832981
2552,S. aureus,VKRWKKWWRKLKKSV,1.68686134,15,4.31313866,2552,2552,train,3,4.413039681880826,4.732166314634709,4.878340210544926,4.7203102300154915,4.980111207334699,4.491989967039996,4.685757805294398,4.401774,4.3131386602760005
2553,S. aureus,VKWRWKKWRWKWKWKV,1.617093313,16,4.382906687,2553,2553,train,3,4.482967581788529,5.214553967505495,5.039037479382903,5.317664068356253,5.156904898704731,4.644200394499999,5.1209569234909535,4.468666,4.382906688355254
2554,S. aureus,VKWRWKWKWRWKWKWKV,1.584834302,17,4.415165698,2554,2554,train,3,4.514988380157798,5.498601938669728,5.123671978469106,5.529323436956635,5.312486831374162,4.647176085470003,4.969761015663527,4.4352593,4.415165697722581
2555,S. aureus,VLHTGYRKFLHRSKRFFHLR,1.62181401,20,4.37818599,2555,2555,train,3,4.4780387428953645,4.150989859629283,4.923364306587814,4.1891144830308145,5.022325432615558,4.725387622070003,4.947269130778092,4.487465,4.37818598998675
2556,S. aureus,VLIKTRLFIKRK,0.84509804,12,5.15490196,2556,2556,train,6,5.0547277042673215,4.751940982526898,4.834493940029418,4.757158845956436,4.85643219145985,5.172710153280002,5.151846459826872,5.136228,5.154901959786679
2557,S. aureus,VLNANLLR,3.096910013,8,2.903089987,2557,2557,train,0,3.0032106984898337,4.031443852263568,4.513233707961302,4.083347487275289,4.324343272083616,3.1694639327599945,3.555293675568113,2.9474459,2.903089987029357
2558,S. aureus,VLNDNLLR,3.397940009,8,2.602059991,2558,2558,train,0,2.7022375319120666,3.179164027313225,4.270913515763884,3.258224733841659,4.043840968574742,2.7393444879300004,2.943349747945295,2.7095423,2.602059990984657
2559,S. aureus,VLNEALLR,3.096910013,8,2.903089987,2559,2559,train,0,3.0032059967954248,3.6945119242487614,4.261844268186793,3.8013635014388747,4.068991633239289,2.9313720240599945,3.0020310124102076,2.8928757,2.9030899870066618
2560,S. aureus,VLNENAAR,3.096910013,8,2.903089987,2560,2560,train,0,3.0032254868985406,3.1119143880399323,3.981561657576239,3.171908407109945,3.432579228716461,2.9321033993899954,2.9995495256040807,2.9138186,2.9030899870185682
2561,S. aureus,VLNENALR,2.971971276,8,3.028028724,2561,2561,train,0,3.1278536129519656,3.067615658096781,4.086507052504776,3.2408110231286082,3.499016692058114,2.9721293539899984,2.8434692773943975,2.9203238,3.0280287239694146
2562,S. aureus,VLNENARL,3.038918066,8,2.961081934,2562,2562,train,0,3.0612161457347,2.428273265557334,4.110485287953161,2.411536385400453,3.543494405530521,3.001698529019998,2.941602047082825,2.9862916,2.961081933952139
2563,S. aureus,VLNENLAA,2.870403905,8,3.129596095,2563,2563,train,0,3.2295654203112596,3.1089994251853805,4.049892973346448,3.1716658516169147,3.4196626755584307,3.0323079708900003,2.923422179474248,3.0857012,3.12959609495376
2564,S. aureus,VLNENLAR,3.038918066,8,2.961081934,2564,2564,train,0,3.061052996876943,2.6766756447374402,4.088602451149266,2.6002772421048146,3.518166708507487,2.938054679349997,2.8125931453996276,2.9176502,2.9610819339685905
2565,S. aureus,VLNENLL,3.096910013,7,2.903089987,2565,2565,train,0,3.002924474740138,2.818172829465798,4.114052382809587,2.8770069250334283,3.5214460861348105,2.9142959410799945,2.9352846643668173,2.8975267,2.903089986962518
2566,S. aureus,VLNENLLA,3.096910013,8,2.903089987,2566,2566,train,0,3.0032616544860105,3.2252039244628046,4.154545816980814,3.1135984615848096,3.6220817016600253,2.923557355739995,2.8282718081446365,2.9225042,2.903089987085005
2567,S. aureus,VLNENLLH,3.096910013,8,2.903089987,2567,2567,train,0,3.003216802819253,3.244961425625543,4.175556506745783,3.1980944844881254,3.6843869335373096,2.918968583779994,2.9688425980889295,2.9327807,2.9030899870123896
2568,S. aureus,VLNENLLK,3.096910013,8,2.903089987,2568,2568,train,0,3.0031935171392306,2.587544572025022,4.177497459858207,2.4865912176311014,3.69070948153981,2.901688243769994,2.9323390725785745,2.8688264,2.903089987032663
2569,S. aureus,VLNENLLR,3.149932625,8,2.850067375,2569,2569,train,0,2.9503523543525128,2.578925989724487,4.193624640792522,2.599607827200108,3.7215508600436964,2.8677545946199983,2.898475316674463,2.82887,2.8500673748755014
2570,S. aureus,VLNENLRR,3.096910013,8,2.903089987,2570,2570,train,0,3.0032643247039763,2.7594760049972042,4.147907540061632,2.6631980972597007,3.6343754482859962,2.9863414431499966,3.005288561778729,2.8984134,2.903089987054141
2571,S. aureus,VLNNLLR,3.006679928,7,2.993320072,2571,2571,train,0,3.093484463703713,3.4181067136273455,4.667018514497688,3.4641051879773466,4.493197847784695,3.30198679582,3.8175565789383787,2.9961574,2.9933200719741593
2572,S. aureus,VLPKVMAHMK,2.0,10,4.0,2572,2572,train,1,4.100164056016654,3.8748539434042506,4.677750858421291,3.9488409105380935,4.607233013038504,4.10667142636,4.188623589160123,3.9911494,4.0000000000349765
2573,S. aureus,VLPLISMALGKLL,1.77815125,13,4.22184875,2573,2573,train,2,4.3216833970108866,4.32925336108511,4.709927869004588,4.3498124023240266,4.693436123540557,4.452964308209996,4.658824473151793,4.285148,4.221848750062485
2574,S. aureus,VLPLVGNLLNDLLGK,1.801918983,15,4.198081017,2574,2574,train,2,4.29821575678794,3.7231061748882848,4.473362491430508,3.887524049959741,4.354483509097605,4.292038519019996,4.313739996438532,4.173768,4.198081017003135
2577,S. aureus,VNWKKILG,2.0,8,4.0,2577,2577,train,1,4.100103472937612,4.173541765088677,4.680057125299341,4.1285509725625635,4.590077155817562,4.043341828670001,3.88644231014151,3.9976897,3.9999999999419256
2578,S. aureus,VNWKKILGKI,2.0,10,4.0,2578,2578,train,1,4.100102687644541,4.315961645154782,4.700712833070369,4.300251873401303,4.664392684806228,4.154568339369999,4.350569369223547,4.017641,4.000000000019827
2589,S. aureus,VQLRIRVRVIRK,0.892811124,12,5.107188876,2589,2589,train,6,5.007078401603277,5.254547127914501,4.8489055953467375,5.107492261501669,4.878383022526918,5.092502542660003,4.949623522539062,5.152147,5.107188876003278
2590,S. aureus,VQRWLIVWRIRK,0.480689663,12,5.519310337,2590,2590,train,8,5.419252453570454,5.503117800522821,4.948613675727601,5.431574462520068,5.1508537154381635,5.500923369129995,5.385768239079148,5.479766,5.519310337008767
2592,S. aureus,VQWRIRIAVIRK,1.017192874,12,4.982807126,2592,2592,train,5,4.883175257469511,5.2258769202424205,4.846859413125013,5.184622705438792,4.873464224555766,5.072890862190007,5.104097341534028,5.002858,4.982807125962689
2593,S. aureus,VQWRIRVAVIRK,1.021172092,12,4.978827908,2593,2593,train,5,4.878666804958318,5.129492286348308,4.840830805134241,5.078661716255531,4.86330304523706,5.049746770160009,5.049747129121361,4.9970083,4.978827908043073
2595,S. aureus,VRLIVAVRIWRR,0.512321088,12,5.487678912,2595,2595,train,8,5.387111871931227,5.587102180236745,4.914995459808381,5.517009017571843,5.114485486086558,5.456721906279994,5.37875086732634,5.4858637,5.4876789119285565
2596,S. aureus,VRLRIRVAVIRA,1.2451077,12,4.7548923,2596,2596,train,4,4.7344094302981645,4.510315904026605,4.805141183248468,4.580794646197726,4.812927317412298,4.803709855229997,4.840014811966244,4.779053,4.754892300282889
2598,S. aureus,VRLRIRVAVRRA,0.913400602,12,5.086599398,2598,2598,train,6,4.986762755059767,4.427259206505374,4.767524343758744,4.583637708146965,4.778741200326189,4.947679515159993,4.812699806578021,5.024854,5.086599397821274
2599,S. aureus,VRLRIRVRVIRK,0.383488763,12,5.616511237,2599,2599,train,8,5.516366064672747,4.941370822503984,4.864895100616131,5.01021198844738,4.918941166531386,5.350554539680001,4.957701393276197,5.5455976,5.616511236604468
2600,S. aureus,VRLWIRVAVIRA,1.537062046,12,4.462937954,2600,2600,train,3,4.562884324245433,4.7220699547426905,4.869630104685228,4.811318523821909,4.89213393608686,4.6712644885199985,5.067435488725042,4.5331974,4.462937954215166
2601,S. aureus,VRRFAWWWAFLRR,0.431756069,13,5.568243931,2601,2601,train,8,5.468316722241029,5.342058980484038,4.9645236828758685,5.315043843290514,5.06972898011721,5.445620879489997,5.302585356267295,5.5238943,5.568243930964326
2602,S. aureus,VRRFAWWWPFLRR,0.328776901,13,5.671223099,2602,2602,train,9,5.571046999100629,5.321655625130073,4.973692464298109,5.279490905224084,5.0840419470675124,5.6259717498699935,5.426272601010042,5.6322985,5.671223098967067
2603,S. aureus,VRRFGWWWGFLRR,0.943541435,13,5.056458565,2603,2603,train,6,4.956032042539082,5.117614288980489,4.955459177097977,5.160231606912552,5.056780360732732,5.145150224410006,5.2494984597040615,5.1538253,5.056458565025396
2604,S. aureus,VRRFPAAAPFLRR,1.61393086,13,4.38606914,2604,2604,train,3,4.486478849745843,4.557713077339932,4.652352197087725,4.495823806847876,4.651856949382959,4.473853738410001,4.538193910153596,4.4015455,4.3860691399900995
2605,S. aureus,VRRFPFFFPFLRR,0.526477485,13,5.473522515,2605,2605,train,8,5.373688349752243,5.133804202511907,4.94370574404501,5.252126673453772,5.01678343681392,5.486066103400005,5.182468345721384,5.437185,5.473522515098924
2606,S. aureus,VRRFPWWWAFLRR,0.425686914,13,5.574313086,2606,2606,train,8,5.4741803949170995,5.034029805868225,4.973601042018681,5.0192801312327315,5.116030138350187,5.5223780713899995,5.3088815986244,5.518087,5.574313085911917
2607,S. aureus,VRRFPWWWPFLRR,0.118671411,13,5.881328589,2607,2607,train,9,5.781163164563971,5.6000888980077015,4.982890500849766,5.586730794189851,5.130687185079683,5.72163133276,5.457971668553046,5.770431,5.881328588730787
2608,S. aureus,VRRFPYYYPFLRR,1.037833343,13,4.962166657,2608,2608,train,5,4.862273933586185,5.026281085911262,4.94800165345055,4.99936858770548,4.959140302895403,5.0121016400000045,4.9621768022604265,4.985334,4.96216665693428
2609,S. aureus,VRRVRKWVRRVLKLV,0.944482672,15,5.055517328,2609,2609,train,6,4.955254752453903,4.873815162288295,4.964464166632184,4.988222657012657,5.045143462894173,5.119120251300003,5.153078132877904,5.0900536,5.055517328134629
2610,S. aureus,VRRYPWWWPYLRR,0.41245668,13,5.58754332,2610,2610,train,8,5.4877084586476546,5.446786267832074,4.992662307887043,5.507752933537163,5.110388828714341,5.440074616220004,5.4169238080077085,5.566224,5.587543319966114
2612,S. aureus,VRVKVRVKVRVK,1.62978299,12,4.37021701,2612,2612,train,3,4.4703945707528625,4.799292856586498,4.848423430218433,4.799380486200773,4.911329271821038,4.560785445599994,4.7742563854431666,4.3950295,4.37021701007488
2613,S. aureus,VRWRIRVAVIRA,0.90458886,12,5.09541114,2613,2613,train,6,4.995279537485813,5.043693146173912,4.833209068610423,4.961829452571819,4.861051773753526,4.942418033150004,5.06668493321147,5.088636,5.095411139695923
2614,S. aureus,VTRRRHGV,2.008716805,8,3.991283195,2614,2614,train,1,4.091108704845949,3.4283000528324905,4.505066984546878,3.3379464317705505,4.327544667644364,3.9879147453499972,3.746884143535576,3.9723704,3.9912831949484473
2615,S. aureus,VVKFSYRKGSPAPQKN,2.04429472,16,3.95570528,2615,2615,train,1,4.0555789371270805,4.590411188777838,4.49233792240281,4.648645685606718,4.329392729701186,4.190785938530002,4.487347505272372,3.995369,3.9557052800258345
2616,S. aureus,VWLSALKFIGKHLAKHQLSKL,0.491361694,21,5.508638306,2616,2616,train,8,5.408737295962053,5.482636567531204,4.831860500281756,5.6011652657275866,4.907405620280249,5.279878619530007,5.138134980189466,5.3776617,5.508638305962736
2618,S. aureus,VWRHWRRFW,1.397940009,9,4.602059991,2618,2618,train,4,4.702114786931779,5.042737239794974,4.942739691410283,5.0914957868443205,5.041333902951567,4.773345871509993,5.108795713895188,4.7337418,4.60205999101132
2619,S. aureus,VWRHWRRFWH,1.096910013,10,4.903089987,2619,2619,train,5,4.803074284275234,5.0008433344883585,4.915723073321918,5.009113551295969,5.004084217822864,4.916730393489994,5.1480486668030485,4.924876,4.903089986993056
2621,S. aureus,VWRKWRRFW,0.795880017,9,5.204119983,2621,2621,train,6,5.104003173216275,4.990575468001891,4.94774412374425,5.032624016156535,5.0557147209570665,5.164833468759998,5.127107937431631,5.1149006,5.204119982136583
2622,S. aureus,VWRKWRRFWKR,0.795880017,11,5.204119983,2622,2622,train,6,5.104020131802369,4.925760259925233,4.910850989487391,5.160870252645523,5.007527102588435,5.275692788029999,5.3517581593707515,5.26225,5.204119983770189
2623,S. aureus,VWRRWRRFW,1.096910013,9,4.903089987,2623,2623,train,5,4.802589138233328,5.07149695332462,4.957932172364932,5.122252954998456,5.071694465780215,4.986492398669993,5.095098398629278,4.9646854,4.903089988041929
2624,S. aureus,VWRRWRRFWRR,0.495544338,11,5.504455662,2624,2624,train,8,5.404299556000846,5.1601878950165725,4.930070184549986,5.189602601626422,5.03837686891679,5.427121484939999,5.383686571532756,5.471067,5.504455661211972
2625,S. aureus,WALRLYLVY,2.0,9,4.0,2625,2625,train,1,4.100166377193528,4.094562476056326,4.977499261640143,4.229792148703389,4.963406678713052,4.261990395419999,4.525780924813078,4.0232115,4.000000000014271
2627,S. aureus,WFKKIPKFLHLAKKF,0.494850022,15,5.505149978,2627,2627,train,8,5.405286435325349,5.22279013707287,4.878623973698955,5.217942227733307,4.954127281415109,5.498501547970005,5.23300562371626,5.4915204,5.505149977611923
2628,S. aureus,WFKKIPKFLHLLKKF,0.494850022,15,5.505149978,2628,2628,train,8,5.405131748880286,5.346775652189412,4.940596248130347,5.529345824296378,5.03127123420313,5.504712829690004,5.306315670319518,5.505585,5.505149980481548
2629,S. aureus,WFKKLLKKALRLWKKVL,0.657809275,17,5.342190725,2629,2629,train,7,5.242391077848891,5.198952329890067,4.99178115372888,5.2032270459907615,5.093218828966446,5.332373713780007,5.286481657507173,5.380019,5.34219072454578
2630,S. aureus,WFKMRWWGR,0.462397998,9,5.537602002,2630,2630,train,8,5.437500706195989,5.138796762737333,4.843101160717338,5.189420015942173,4.866310608051982,5.2419553284899925,4.9283196033862735,5.459037,5.537602001930602
2631,S. aureus,WFWKLLWKALRLWWKVL,0.527803578,17,5.472196422,2631,2631,train,8,5.372380515121904,5.567418300443752,5.1675494461934335,5.523643724710269,5.326767467866355,5.387126642100006,5.41967115561655,5.4474607,5.472196421820228
2632,S. aureus,WFWKWWRRRRR,0.230448921,11,5.769551079,2632,2632,train,9,5.669728186650883,5.418423177261704,4.948606693275666,5.5306086996293535,5.064348828032452,5.6665240231900045,5.512881406472517,5.7097373,5.769551078999613
2633,S. aureus,WGEAFSAGVHRLANGGNG,1.852174904,18,4.147825096,2633,2633,train,2,4.2479735810515615,3.8309224988286825,4.41156028561681,3.8564105705048752,4.322144638122811,4.229951406870003,4.3902893604795885,4.174963,4.14782509598764
2634,S. aureus,WGIHRILKYGKPS,0.903089987,13,5.096910013,2634,2634,train,6,4.996894929919599,4.982484792529385,4.6965345352888335,4.787340608404235,4.767758922956657,4.974895744740007,4.964463967934879,5.0179486,5.09691001296242
2635,S. aureus,WGIRDILKYGKPS,1.176091259,13,4.823908741,2635,2635,train,5,4.732277135105188,5.327794589124,4.539982626011376,5.029463908753146,4.571281054463473,4.849753913640008,4.810599397737644,4.868518,4.823908740979862
2636,S. aureus,WGIRRILKYGKRS,0.602059991,13,5.397940009,2636,2636,train,7,5.2976515842623915,5.23074439669869,4.730874175109381,5.309967834926635,4.8419088618639785,5.241817915660006,5.136513638663515,5.343948,5.397940009038149
2637,S. aureus,WGRAFRRGVRRLARGGRR,1.429375405,18,4.570624595,2637,2637,train,4,4.670788197482425,5.093346461839013,4.688093273144047,4.978488291193035,4.766945000689128,4.604831953830005,4.879828688176945,4.5449734,4.570624594997829
2638,S. aureus,WGRAFRRLVRRLARGLRR,1.332236415,18,4.667763585,2638,2638,train,4,4.73227697239918,5.17418907826963,4.818883052017023,4.985706763963959,4.932178610495809,4.783774955909996,5.0718814558709004,4.751857,4.6677635850573855
2639,S. aureus,WGRAFSAGVHRLANGGNG,1.84565606,18,4.15434394,2639,2639,train,2,4.2544967386458445,4.3822155814579,4.563280380493201,4.406446019181149,4.4921601847354555,4.220393456569997,4.476568225805154,4.1499047,4.154343940016312
2640,S. aureus,WGRAFSRGVRRLARGGRG,1.678123662,18,4.321876338,2640,2640,train,3,4.421977564623239,4.671532581151894,4.603817259794175,4.723183200659547,4.66660238735906,4.512326705619997,4.650319955417099,4.351985,4.321876338024821
2641,S. aureus,WHWRIRKKLR,2.0,10,4.0,2641,2641,train,1,4.100176942251215,4.441879915289751,4.824761859972777,4.408053743919791,4.89067710486209,4.35837342579,4.873265034542711,4.073958,4.000000000083725
2642,S. aureus,WHWTWLPKKKRKV,2.397940009,13,3.602059991,2642,2642,train,0,3.7022151960023963,4.30595188198266,4.786674978203708,4.314598612565763,4.852842286752106,4.131770654629996,4.898372240027273,3.815154,3.6020599912978852
2643,S. aureus,WHWTWLPRRRK,1.193124598,11,4.806875402,2643,2643,train,5,4.732277035691843,4.36709597899476,4.749823515449626,4.406850960355194,4.811738101160575,4.804054365280001,5.040327777856099,4.8121157,4.806875401821232
2644,S. aureus,WHWTWLRIRKKLR,0.799340549,13,5.200659451,2644,2644,train,6,5.100685536148778,4.77942238536843,4.920981876589113,4.597362382545007,5.015938600402337,5.104594746859997,5.126278464520563,5.137952,5.200659450882746
2645,S. aureus,WKIVFWWRR,0.146128036,9,5.853871964,2645,2645,train,9,5.75397561104851,5.579769524270159,4.9988282393314805,5.5440120647077125,5.2822597337293615,5.66398363898,5.4076153765450865,5.793565,5.853871963905997
2646,S. aureus,WKKAWKPGAKKWAK,2.028028724,14,3.971971276,2646,2646,train,1,4.071853530825699,4.343242109811582,4.611417064062431,4.366475422223283,4.514884634977436,4.109026401789998,4.483438460511163,4.0539923,3.9719712761000787
2647,S. aureus,WKKILSKIKKLLK,0.495544338,13,5.504455662,2647,2647,train,8,5.404559483801887,5.064761874651246,4.789527422321434,5.067952978362621,4.852489773450425,5.415629625910001,5.210126298959389,5.507977,5.504455662239344
2648,S. aureus,WKKIPKFLHLAKKF,0.494850022,14,5.505149978,2648,2648,train,8,5.405130750854093,5.159115274100325,4.822608700672706,5.115555333571894,4.876881612509923,5.430388233700004,5.143669228462678,5.4757833,5.505149977148666
2649,S. aureus,WKKIPKFLHLLKKF,0.494850022,14,5.505149978,2649,2649,train,8,5.404626992731584,5.658780926441937,4.888745190041412,5.37663779299461,4.966971051672699,5.497007357340003,5.223130783811721,5.518839,5.505149978310631
2650,S. aureus,WKKIWKPGIKKWIK,1.726998728,14,4.273001272,2650,2650,train,2,4.37316744829377,5.022579571810343,4.8329829739693375,5.221261353097933,4.88474108881099,4.488621292299995,4.7734488322895325,4.373915,4.273001272353339
2651,S. aureus,WKKIWSKIKKLLK,0.495544338,13,5.504455662,2651,2651,train,8,5.404319468830108,5.20067813673308,4.837778497622516,5.202751872462574,4.905192541472324,5.476489122170001,5.239732321984192,5.5487895,5.5044556619823535
2652,S. aureus,WKKKWLWL,1.703526007,8,4.296473993,2652,2652,train,2,4.396532851803966,5.003750489180212,4.922205817473418,5.009055832866528,4.9768136364364235,4.612974806120002,4.761214975795142,4.370061,4.29647399309628
2656,S. aureus,WKKWWKKW,1.795880017,8,4.204119983,2656,2656,train,2,4.303947705952854,4.791944775292155,4.869720178394728,4.819006466993016,4.925068673034311,4.381709535729999,4.6455471252365825,4.252713,4.204119983955384
2657,S. aureus,WKKWWKKWWK,1.193124598,10,4.806875402,2657,2657,train,5,4.759695087537313,5.288187171442065,4.919946261762405,5.051616435998388,4.999282170817534,4.997484389740002,5.175827638514179,4.8983865,4.806875403775455
2658,S. aureus,WKKWWKKWWKWWKKWWKK,0.602059991,18,5.397940009,2658,2658,train,7,5.297928951575453,5.172404982000831,5.142155643231018,5.259080112021999,5.327469817761445,5.375222750470008,5.130388682479633,5.3924108,5.397940008898912
2659,S. aureus,WKKWWKRRW,0.011814798,9,5.988185202,2659,2659,train,9,5.8882890377444355,5.182030519898719,4.840466692688716,5.063810814839891,4.8636169769918025,5.654053604770001,5.1577621504482485,5.875815,5.988185200510598
2660,S. aureus,WKKWWKWWKKWWKK,0.397940009,14,5.602059991,2660,2660,train,8,5.5022253864529596,4.9573692333545525,5.0384086175450795,5.094966170495079,5.192423933153862,5.467289044109995,5.430277914398377,5.5890965,5.602059990996816
2661,S. aureus,WKLFKKIPKFLHLAKKF,0.494850022,17,5.505149978,2661,2661,train,8,5.404972280941761,5.338089223821278,4.925857844902293,5.433224985749241,5.012263081328735,5.496734599750006,5.363532758572807,5.4996524,5.505149973642239
2662,S. aureus,WKRLVAASAKKK,0.858330877,12,5.141669123,2662,2662,train,6,5.041859882220924,4.338497446366368,4.557824744257116,4.203657124003152,4.271093915565268,4.968178718369993,4.6733878677284215,5.101146,5.14166912280384
2663,S. aureus,WKRWWKKWR,0.43778353,9,5.56221647,2663,2663,train,8,5.462380998434098,5.412663953727498,4.872460833597351,5.469887472989766,4.947219773303145,5.537730437930001,5.155060453851817,5.59264,5.562216470599579
2664,S. aureus,WKSDVRRWRSRY,2.0,12,4.0,2664,2664,train,1,4.099829053479606,4.5348112047231135,4.466460268829002,4.531018161727998,4.4782540404994045,4.2102592555600005,4.311311908259707,4.069507,4.000000000051549
2665,S. aureus,WKSYVRRW,2.0,8,4.0,2665,2665,train,1,4.0999839333261034,3.984734654475928,4.781585835093335,4.068756236251272,4.794245571865311,4.13246140608,4.289976734735074,4.0183015,3.99999999998797
2666,S. aureus,WKSYVRRWR,1.806179974,9,4.193820026,2666,2666,train,2,4.293923638541293,4.400299275184978,4.777101081269511,4.360370859113167,4.797857209974845,4.381222212130009,4.532933226824867,4.2443223,4.193820025969722
2667,S. aureus,WKSYVRRWRS,2.0,10,4.0,2667,2667,train,1,4.099921794447545,3.8985889392219493,4.712638931525406,3.8192978018015613,4.72539748089466,4.19086252545,4.354108201440524,4.057861,4.000000000046568
2668,S. aureus,WKSYVRRWRSRY,1.505149978,12,4.494850022,2668,2668,train,3,4.595139190527688,4.237742486888468,4.768068549940758,4.376147703474476,4.806625386993542,4.521285936699996,4.640619040238536,4.5186763,4.4948500220278165
2669,S. aureus,WKTLLKKVLKAAA,0.954242509,13,5.045757491,2669,2669,train,6,4.9458234995744474,5.218434747267242,4.7191115991469355,5.02121471500582,4.6937048077496675,4.991086248290005,4.858851973905577,5.0204816,5.045757491124468
2670,S. aureus,WKWKPGKWKW,1.380211242,10,4.619788758,2670,2670,train,4,4.719906845131776,4.624572730207558,4.704229967747783,4.629726837893676,4.7126890088634195,4.645850171030008,4.6447609482644765,4.607771,4.619788758325692
2671,S. aureus,WKWKWKPGKWKWKW,0.602059991,14,5.397940009,2671,2671,train,7,5.297763479489259,5.087323102756995,4.874177615028851,5.231071443923685,4.966785837044659,5.236571879520004,5.065562643936664,5.3613353,5.397940008358428
2672,S. aureus,WKWKWKWKPGKWKWKWKW,0.477121255,18,5.522878745,2672,2672,train,8,5.422976497923425,5.803457861323838,5.018439583599962,5.625472152142649,5.174855943408778,5.378054702300006,5.149392351619577,5.4864154,5.522878745015957
2673,S. aureus,WKWKWKWKWKPGKWKWKWKWKW,1.301029996,22,4.698970004,2673,2673,train,4,4.732277063121262,5.254384680826109,5.149689818608213,5.336994932765704,5.375585893417249,4.921462448689997,5.087159864681718,4.7193556,4.698970004032403
2674,S. aureus,WKWLKKWIK,1.096910013,9,4.903089987,2674,2674,train,5,4.802915848612667,5.008745607426884,4.89855609128231,5.012227549711148,4.965748606827019,4.978651936609993,5.0173150411551415,4.9295115,4.903089987173842
2675,S. aureus,WKWRVRVTI,0.431363764,9,5.568636236,2675,2675,train,8,5.468813850814373,5.204567755368171,4.8717508934768,5.137630677210368,4.918295234658999,5.258472235269993,4.777246538246527,5.519097,5.568636235931714
2676,S. aureus,WKWWKKWWKK,0.698970004,10,5.301029996,2676,2676,train,7,5.200868914034227,4.894564823817678,4.919642739794703,4.911476459212318,4.998489047935623,5.253346807160004,5.205733493330935,5.2325387,5.301029992860727
2677,S. aureus,WLGALFKVASK,1.913827383,11,4.086172617,2677,2677,train,2,4.1858640159933005,4.113660957664241,4.585736857470524,4.137516851501912,4.333202908003841,4.128883900839996,4.129398997708027,4.073842,4.086172616824843
2678,S. aureus,WLGSALKIGAKLLPSVVGLFKKKKQ,0.903089987,25,5.096910013,2678,2678,train,6,4.996776492260128,5.412667496849099,4.873882455137224,5.377133592262493,4.974367072990539,5.122914650020006,5.002418152257749,5.1316743,5.096910013012589
2679,S. aureus,WLLKRWKKLL,1.380211242,10,4.619788758,2679,2679,train,4,4.719959910863563,5.5071636607475245,4.91789214525786,5.53013118193556,4.970297770594109,4.816783444970007,5.129672820969171,4.700235,4.619788758604653
2682,S. aureus,WLRRIGKGVKIIGGAALDHL,1.46899925,20,4.53100075,2682,2682,train,3,4.630837470151838,4.479966501475439,4.615242262402864,4.508489485569733,4.608607091292919,4.627712728189995,4.704770547920603,4.6064615,4.531000749944978
2683,S. aureus,WLRRIKAWLRR,1.220510399,11,4.779489601,2683,2683,train,4,4.732467955076007,4.959586551916257,4.850606493364244,4.9698640342722795,4.905318162085092,4.911021361140007,5.014285668487472,4.8252373,4.779489601232106
2684,S. aureus,WLRRIKAWLRRIKA,0.538390911,14,5.461609089,2684,2684,train,8,5.361772984520858,5.158612370851467,4.866496227508831,5.167154978749423,4.92628644954657,5.302928326209993,5.164461622015444,5.3551764,5.4616090887761635
2685,S. aureus,WMQKVIDRFGG,2.10720997,11,3.89279003,2685,2685,train,1,3.9929552478074832,3.728307125025962,4.567238527835721,3.757889237333921,4.454708532644913,4.0877775124200015,4.0103014618387025,3.8963587,3.892790029908692
2686,S. aureus,WPSPGRPRPFPGRPKPIFRPR,2.0,21,4.0,2686,2686,train,1,4.099899196276022,4.134487519548524,4.619570656495933,4.0581495864318144,4.673919910474342,4.25278396682,4.439615093945571,4.058103,3.999999999926456
2689,S. aureus,WRKAWRPGAKRWAK,1.873126764,14,4.126873236,2689,2689,train,2,4.226759131524117,4.098570780826483,4.636062481608906,4.224931909622902,4.552995357172517,4.1676019222399985,4.530616233484181,4.1010942,4.126873235986866
2690,S. aureus,WRKFWKYLK,-0.096910013,9,6.096910013,2690,2690,train,9,5.99704447304261,5.8147803480838505,4.914523234366918,5.825578999687587,4.967505532235335,5.826588916250002,5.283506459633917,5.9787493,6.096910012943242
2691,S. aureus,WRKIWRPGIKRWIK,1.505149978,14,4.494850022,2691,2691,train,3,4.594948705782048,4.906385675175461,4.857478458977551,5.175573284504923,4.922460027413801,4.612172429679994,4.867291900007985,4.5108232,4.494850022223203
2692,S. aureus,WRKLWRGGLKRWLK,0.970036777,14,5.029963223,2692,2692,train,6,4.929847208441509,4.43089482255098,4.826085777873834,4.662478939337024,4.908803988425911,5.013524760109994,4.903515817788856,5.0211945,5.029963223048532
2695,S. aureus,WRKWRKRWWWRKWRKRWW,0.84509804,18,5.15490196,2695,2695,train,6,5.055067098677782,5.41015994726353,5.11559165314329,5.254884089488383,5.279873612275399,5.240457940200005,5.34141034497597,5.2233357,5.154901960570872
2696,S. aureus,WRNGRWWRNGRWWRNGRW,0.301029996,18,5.698970004,2696,2696,train,9,5.598855796704411,5.2787720039317465,4.825276010171842,5.295659852728715,4.898618050555345,5.514698708799996,5.099145463312307,5.626093,5.698970003905331
2697,S. aureus,WRPGRWWRPGRW,0.84509804,12,5.15490196,2697,2697,train,6,5.054768163794273,5.0979294368546295,4.665228376687715,4.988201067118313,4.7070637546056044,5.014006604570005,4.991093608794553,5.1293015,5.154901960034246
2698,S. aureus,WRPGRWWRPGRWWRPGRW,0.301029996,18,5.698970004,2698,2698,train,9,5.598928645191934,5.225947497013495,4.815663661704095,5.1215854602393875,4.936825309663877,5.446993163879995,5.19810113341613,5.6571193,5.698970003898453
2699,S. aureus,WRPGRWWRPGRWWRPGRWWRPGRW,0.477121255,24,5.522878745,2699,2699,train,8,5.4230541673628565,6.009055955338427,4.962808155570955,5.910656201224519,5.13719775215824,5.369719279750004,5.364464747643777,5.512008,5.522878744883961
2700,S. aureus,WRRRRRRRR,1.342671961,9,4.657328039,2700,2700,train,4,4.735889347580199,4.980045241838087,4.602938576447854,5.004138053207753,4.5640714590794556,4.7181346783099976,4.644271810611965,4.721694,4.657328039891919
2701,S. aureus,WRRRYRRWRRRRRWRRRPRR,0.193124598,20,5.806875402,2701,2701,train,9,5.70726214702292,5.58458364073496,4.939463067899672,5.664839331666424,5.079799348099424,5.30999115419,5.260029784710044,5.7582855,5.80687540191928
2702,S. aureus,WRRWWRRWWRWWRRWWRR,0.903089987,18,5.096910013,2702,2702,train,6,4.996851003991149,5.567007959972177,5.210855899148562,5.586584035705336,5.434884997556332,5.302477298890006,5.377689491879929,5.159349,5.096910016088403
2703,S. aureus,WRRWWRWWRRWWRR,-0.301029996,14,6.301029996,2703,2703,train,9,6.200966241923348,5.383263169043318,5.097749132227378,5.451256273590836,5.28614272645755,5.907230242810005,5.579290008765358,6.1403503,6.3010299887187236
2704,S. aureus,WRWKWRWK,1.671515722,8,4.328484278,2704,2704,train,3,4.428414670204085,5.078700121922915,4.911540967582709,5.098923021773632,5.011749134368348,4.5633912448600045,4.9820240867068,4.3581824,4.32848427841013
2705,S. aureus,WRWWKIWKR,0.162433055,9,5.837566945,2705,2705,train,9,5.737452631084873,5.9087146430390245,4.950019055358681,5.875328921994206,5.049775090034316,5.711098152569999,5.29987965367084,5.7608514,5.837566944456959
2706,S. aureus,WRWWRRWWRR,0.397940009,10,5.602059991,2706,2706,train,8,5.502139104685309,5.340682372283943,4.968628838841579,5.321446102516796,5.07591230506281,5.487090761119995,5.270485397850993,5.5538673,5.602059993701831
2707,S. aureus,WWHSWWSTW,1.962904297,9,4.037095703,2707,2707,train,1,4.137270660286412,4.528730778125317,4.851433793741125,4.482694388814395,4.9099331308714245,4.334933299109996,4.360215262799528,4.048477,4.0370957029745105
2708,S. aureus,WWKDWWERW,2.529406009,9,3.470593991,2708,2708,train,0,3.5704582135359497,3.80329842078837,4.544848622980443,3.8418331311494596,4.526224784767763,3.917770774509995,3.9804301205680646,3.5659897,3.4705939909834473
2709,S. aureus,WWKKWWKK,1.447158031,8,4.552841969,2709,2709,train,4,4.652710444585194,4.290239185206179,4.848802760861594,4.299639997556172,4.870410084064043,4.616828413919997,4.6449661676817025,4.545381,4.552841969027883
2710,S. aureus,WWKRWKKLRRIFLML,0.26746166,15,5.73253834,2710,2710,train,9,5.632703478697125,5.0973746690744335,5.069322257354388,5.091036468705827,5.196229375299446,5.575185016420006,5.431982116583067,5.6367216,5.732538340050341
2711,S. aureus,WWKRWKRIRRIFMMV,0.562101976,15,5.437898024,2711,2711,train,8,5.337722710173313,5.337397055788212,5.079519569383185,5.290875129259805,5.2027999440246155,5.411354274779998,5.300099350559755,5.4410214,5.437898023947652
2712,S. aureus,WWKWWKRLRRLFLLV,0.864332406,15,5.135667594,2712,2712,train,6,5.03549101870065,5.123982271076121,5.136440367284554,5.246747637422377,5.307485612796226,5.180416735999996,5.343827950918284,5.2016234,5.135667594195059
2713,S. aureus,WWRLRRIW,1.096910013,8,4.903089987,2713,2713,train,5,4.803055140947672,4.775071518134631,4.95919614425963,4.811580675703435,5.044076166976588,4.895897216269994,4.996238614696815,4.9160376,4.903089987129084
2714,S. aureus,WWRRRRRRRR,0.739419662,10,5.260580338,2714,2714,train,7,5.160625734426058,5.131427281118211,4.714944765864428,5.128515410801873,4.7216380878269,5.192104029060002,4.885807188053035,5.226406,5.260580336804929
2715,S. aureus,WWRRWWRR,0.903089987,8,5.096910013,2715,2715,train,6,4.996733913095866,4.722624039425007,4.891713885306776,4.714522635217868,4.937339649398051,5.157293843860004,4.972820895741362,5.1190715,5.096910013450698
2716,S. aureus,WWSYVRRWRSR,0.903089987,11,5.096910013,2716,2716,train,6,4.9970958531336445,4.184938110860824,4.812525627598626,4.107986130145787,4.876635115613503,4.947647035840006,4.884274950038781,4.9658184,5.096910012946973
2717,S. aureus,WWSYWWTQW,1.942015054,9,4.057984946,2717,2717,train,2,4.158083935961658,4.6106801685615215,4.977305288892543,4.6912264422359184,4.991898780784519,4.275814822249995,4.497059243955929,4.0845795,4.057984945947597
2718,S. aureus,WWVAARAARR,1.301029996,10,4.698970004,2718,2718,train,4,4.732277062910382,4.419381441596907,4.656551235428157,4.479424651337547,4.622223303702352,4.653271809509997,4.590119460314624,4.6599402,4.698970003984703
2719,S. aureus,WWWLKKIW,1.096910013,8,4.903089987,2719,2719,train,5,4.803255577189211,5.2405961504492655,5.022192132180261,5.236767088071768,5.099413444979732,4.986969417559993,5.093163925093973,4.933929,4.9030899871490705
2721,S. aureus,WWWLRKIW,0.794720352,8,5.205279648,2721,2721,train,7,5.10545741956329,4.901511901684675,5.031020158325042,4.865158811366963,5.111181651528259,5.105932958869992,5.074674454510818,5.1400237,5.205279647815224
2722,S. aureus,WWWLRRIR,1.096910013,8,4.903089987,2722,2722,train,5,4.803250470585871,5.08689951436338,4.961993666010128,5.083691233775621,5.051386275466492,4.967703339729993,4.998159382390868,4.931535,4.903089987001703
2724,S. aureus,WWWLRRRW,0.491361694,8,5.508638306,2724,2724,train,8,5.408803705408509,5.016973061816735,4.9832262342487565,4.977959169312455,5.07573020805257,5.398510565650002,5.179062490815714,5.449203,5.508638305679952
2726,S. aureus,WWWRRRIW,1.096910013,8,4.903089987,2726,2726,train,5,4.802974195011456,5.277618658782033,4.967362640322404,5.173807991403391,5.034277592850992,5.026423223849995,5.019132650609462,4.9427624,4.903089987033618
2727,S. aureus,WWWRRRRRRRR,0.738468166,11,5.261531834,2727,2727,train,7,5.161414079075579,5.209702412785689,4.810428437683572,5.216029321146154,4.854036216405871,5.216467072779997,5.078307926394503,5.2770014,5.2615318337996975
2728,S. aureus,WWWWRRRRRRRR,0.650541042,12,5.349458958,2728,2728,train,7,5.249576789039472,5.437605182286808,4.894739701816107,5.452385888099136,4.999072157506473,5.316049105410006,5.3202624074546625,5.3813066,5.349458958847233
2729,S. aureus,WWYNWWQDW,2.531783509,9,3.468216491,2729,2729,train,0,3.5680509406497185,3.8925962960023717,4.655030227314095,3.9038527851518277,4.60852445982441,3.7610270846600025,3.9424290771680637,3.5037842,3.4682164909483535
2730,S. aureus,YKFRWRIYI,0.462397998,9,5.537602002,2730,2730,train,8,5.437133013009039,5.445993958745772,4.980365130719766,5.421487722237271,5.0091259734552676,5.450428326149993,5.34755144166748,5.560839,5.537602001975282
2731,S. aureus,YKLLKKLLKKLKKLLKKL,1.126873236,18,4.873126764,2731,2731,train,5,4.772959207105036,4.993332235223195,4.970528295646744,4.938273595782544,5.0472219388019095,4.8440651761600035,4.9519048306987505,4.846833,4.8731267639758835
2738,S. aureus,YKLLKWLLLKLKALLEKL,1.430456347,18,4.569543653,2738,2738,train,4,4.66971072572763,5.111697757800888,4.911205468167363,5.2387869599392705,4.870828424440109,4.799889560419998,5.1582854701891785,4.6231127,4.569543653122979
2739,S. aureus,YKWKIRFKR,0.612783857,9,5.387216143,2739,2739,train,7,5.2871020396271025,5.412165692887928,4.813422262070204,5.159466946951493,4.819996642096095,5.123116536929997,4.849024785093529,5.369232,5.387216142920628
2740,S. aureus,YPELQQDLIARLL,0.712148839,13,5.287851161,2740,2740,train,7,5.187906333029673,4.580775970594098,4.3194570243293375,4.491963750248523,4.267039996256524,5.122594005549998,4.7662899967576315,5.2623634,5.287851160946453
2741,S. aureus,YPLKVKYPKLKV,2.329265833,12,3.670734167,2741,2741,train,0,3.77059673454918,4.205480462328819,4.753652794745747,4.372730659958175,4.702651343761348,3.797778354209997,4.430850348002436,3.713032,3.6707341671492872
2742,S. aureus,YPLPFIP,1.169527792,7,4.830472208,2742,2742,train,5,4.732277062910382,4.40264175410446,4.640090516579303,4.395187088613099,4.5127467552978215,4.539991869700002,4.479031318624424,4.8122134,4.830472207940787
2743,S. aureus,YPVKLKYPKVKL,2.254201153,12,3.745798847,2743,2743,train,0,3.8455644000978215,3.852895729595116,4.779044890801252,4.008401617574697,4.715840830636764,3.8253621920900014,4.063096769776936,3.7281926,3.7457988469558403
2744,S. aureus,YQWQRRMRKL,2.488550717,10,3.511449283,2744,2744,train,0,3.611569912569202,3.8091598706705385,4.800641460133285,3.826781032521375,4.7633437039414614,3.8719239491799966,4.353736889776819,3.5542095,3.511449282957513
2745,S. aureus,YRLRVKWKW,0.988588034,9,5.011411966,2745,2745,train,6,4.911513022156979,4.598199162413206,4.908125202161821,4.513774085274448,4.959169504934488,4.989138722810006,5.088876278336713,4.999468,5.011411966073183
2746,S. aureus,YRWARWWRR,0.541924787,9,5.458075213,2746,2746,train,8,5.358035351711608,4.734693949011308,4.856290838993628,4.633412346670056,4.891211799613417,5.172237020219991,4.989027140874504,5.3593216,5.45807521286744
2747,S. aureus,YRWWRWARRW,1.72427587,10,4.27572413,2747,2747,train,2,4.375848322432413,4.716444619905059,4.937182630027838,4.837068879673132,5.013417801275985,4.5734829883300065,5.094878591835957,4.3722444,4.275724130269851
2748,S. aureus,YRWWRWARRWYRWWRWARRW,1.72427587,20,4.27572413,2748,2748,train,2,4.375843190831553,5.183256798216252,5.2148557506684465,5.119249503761873,5.429041060729238,4.501075718370008,5.125859009783625,4.292126,4.275724129911907
2749,S. aureus,YSKSLPLSVLNP,1.60723838,12,4.39276162,2749,2749,train,3,4.492606899075969,4.08072948301191,4.501656833767757,4.173069785847176,4.371967631558509,4.400504164529996,4.198464571691985,4.3352723,4.392761619942993
2750,S. aureus,YSLQMGATAIKQVKKLFKKKGG,0.819543936,22,5.180456064,2750,2750,train,6,5.080199818593741,5.668932564362405,4.770216115193381,5.463843759409729,4.803512256889809,4.966532368009998,4.881098483065406,5.0629406,5.18045606396465
2751,S. aureus,YVLAKRKRAIFI,2.301029996,12,3.698970004,2751,2751,train,0,3.7987936684386803,4.001268828009353,4.837799507347602,4.212483561687247,4.858142504478082,3.966346540749995,4.464060262947821,3.7025242,3.69897000407358
2753,S. aureus,YVLLKRKRLIFI,2.301029996,12,3.698970004,2753,2753,train,0,3.7987940032100287,4.362426128133451,4.988198431974045,4.521847278219339,5.050452333024225,4.152175385189995,4.837896711368962,3.8217888,3.6989700040430504
2755,S. aureus,YVPPVQKPHPNGPKFPTFP,2.124830149,19,3.875169851,2755,2755,train,1,3.9753443529526864,4.088423129367655,4.668923935847045,4.002156533318106,4.604083673478988,3.985269660820004,4.078935538505009,3.914554,3.875169850993254
2756,S. aureus,YWKKWKKLRRIFMLV,0.58177279,15,5.41822721,2756,2756,train,8,5.318328273946209,4.663599950577129,5.051372769475614,4.6138398499209305,5.15160309349108,5.378697743040001,5.289243071552915,5.4201083,5.4182272099130895
